source_table,case_submitter_id,timing_field,value,numeric_days
clinical.tsv,TCGA-FE-A236,cases.days_to_consent,967,967.0
clinical.tsv,TCGA-FE-A232,cases.days_to_consent,488,488.0
clinical.tsv,TCGA-FE-A231,cases.days_to_consent,-18,-18.0
clinical.tsv,TCGA-FE-A237,cases.days_to_consent,52,52.0
clinical.tsv,TCGA-FE-A230,cases.days_to_consent,672,672.0
clinical.tsv,TCGA-FE-A235,cases.days_to_consent,19,19.0
clinical.tsv,TCGA-FE-A238,cases.days_to_consent,58,58.0
clinical.tsv,TCGA-FE-A234,cases.days_to_consent,381,381.0
clinical.tsv,TCGA-FE-A233,cases.days_to_consent,579,579.0
clinical.tsv,TCGA-FE-A239,cases.days_to_consent,16,16.0
clinical.tsv,TCGA-FE-A23A,cases.days_to_consent,109,109.0
clinical.tsv,TCGA-DJ-A2Q9,cases.days_to_consent,74,74.0
clinical.tsv,TCGA-DE-A3KN,cases.days_to_consent,13,13.0
clinical.tsv,TCGA-ET-A3DO,cases.days_to_consent,17,17.0
clinical.tsv,TCGA-DJ-A2Q5,cases.days_to_consent,47,47.0
clinical.tsv,TCGA-EL-A3ZH,cases.days_to_consent,-12,-12.0
clinical.tsv,TCGA-DO-A1JZ,cases.days_to_consent,86,86.0
clinical.tsv,TCGA-ET-A39J,cases.days_to_consent,30,30.0
clinical.tsv,TCGA-DJ-A3VM,cases.days_to_consent,170,170.0
clinical.tsv,TCGA-MK-A4N9,cases.days_to_consent,48,48.0
clinical.tsv,TCGA-DJ-A4UP,cases.days_to_consent,79,79.0
clinical.tsv,TCGA-DJ-A4UQ,cases.days_to_consent,54,54.0
clinical.tsv,TCGA-EL-A3ZG,cases.days_to_consent,-22,-22.0
clinical.tsv,TCGA-DJ-A3V9,cases.days_to_consent,4,4.0
clinical.tsv,TCGA-EL-A3ZQ,cases.days_to_consent,-22,-22.0
clinical.tsv,TCGA-DJ-A3V4,cases.days_to_consent,77,77.0
clinical.tsv,TCGA-DJ-A3UQ,cases.days_to_consent,48,48.0
clinical.tsv,TCGA-DJ-A2PT,cases.days_to_consent,40,40.0
clinical.tsv,TCGA-IM-A3EB,cases.days_to_consent,48,48.0
clinical.tsv,TCGA-DE-A0XZ,cases.days_to_consent,30,30.0
clinical.tsv,TCGA-ET-A3DW,cases.days_to_consent,-3,-3.0
clinical.tsv,TCGA-ET-A39P,cases.days_to_consent,72,72.0
clinical.tsv,TCGA-DJ-A3UU,cases.days_to_consent,239,239.0
clinical.tsv,TCGA-FY-A3ON,cases.days_to_consent,46,46.0
clinical.tsv,TCGA-DE-A4MB,cases.days_to_consent,44,44.0
clinical.tsv,TCGA-EL-A4JW,cases.days_to_consent,-4,-4.0
clinical.tsv,TCGA-EL-A4K6,cases.days_to_consent,-113,-113.0
clinical.tsv,TCGA-EM-A2OV,cases.days_to_consent,83,83.0
clinical.tsv,TCGA-E3-A3DZ,cases.days_to_consent,-54,-54.0
clinical.tsv,TCGA-FY-A4B4,cases.days_to_consent,35,35.0
clinical.tsv,TCGA-E3-A3E3,cases.days_to_consent,-256,-256.0
clinical.tsv,TCGA-EL-A3T3,cases.days_to_consent,-22,-22.0
clinical.tsv,TCGA-EM-A22O,cases.days_to_consent,-20,-20.0
clinical.tsv,TCGA-FY-A4B0,cases.days_to_consent,0,0.0
clinical.tsv,TCGA-ET-A39K,cases.days_to_consent,10,10.0
clinical.tsv,TCGA-EL-A4JV,cases.days_to_consent,-27,-27.0
clinical.tsv,TCGA-DJ-A3V6,cases.days_to_consent,64,64.0
clinical.tsv,TCGA-FK-A3S3,cases.days_to_consent,77,77.0
clinical.tsv,TCGA-FE-A22Z,cases.days_to_consent,770,770.0
clinical.tsv,TCGA-FK-A4UB,cases.days_to_consent,43,43.0
clinical.tsv,TCGA-FY-A3W9,cases.days_to_consent,23,23.0
clinical.tsv,TCGA-DE-A69K,cases.days_to_consent,6,6.0
clinical.tsv,TCGA-DE-A4MC,cases.days_to_consent,16,16.0
clinical.tsv,TCGA-DE-A4M9,cases.days_to_consent,-8,-8.0
clinical.tsv,TCGA-DJ-A4V5,cases.days_to_consent,48,48.0
clinical.tsv,TCGA-ET-A39N,cases.days_to_consent,-19,-19.0
clinical.tsv,TCGA-DE-A4MA,cases.days_to_consent,43,43.0
clinical.tsv,TCGA-EL-A4K9,cases.days_to_consent,-15,-15.0
clinical.tsv,TCGA-DJ-A13U,cases.days_to_consent,70,70.0
clinical.tsv,TCGA-DJ-A3V7,cases.days_to_consent,49,49.0
clinical.tsv,TCGA-EL-A3T6,cases.days_to_consent,-42,-42.0
clinical.tsv,TCGA-E3-A3E5,cases.days_to_consent,-20,-20.0
clinical.tsv,TCGA-IM-A41Z,cases.days_to_consent,1,1.0
clinical.tsv,TCGA-DJ-A3VK,cases.days_to_consent,240,240.0
clinical.tsv,TCGA-EL-A3ZR,cases.days_to_consent,-8,-8.0
clinical.tsv,TCGA-DJ-A4UW,cases.days_to_consent,50,50.0
clinical.tsv,TCGA-L6-A4EP,cases.days_to_consent,-3,-3.0
clinical.tsv,TCGA-DE-A69J,cases.days_to_consent,25,25.0
clinical.tsv,TCGA-DJ-A2PS,cases.days_to_consent,38,38.0
clinical.tsv,TCGA-EL-A3TB,cases.days_to_consent,-23,-23.0
clinical.tsv,TCGA-E8-A419,cases.days_to_consent,-1,-1.0
clinical.tsv,TCGA-DJ-A3V8,cases.days_to_consent,23,23.0
clinical.tsv,TCGA-DE-A4M8,cases.days_to_consent,11,11.0
clinical.tsv,TCGA-DJ-A3VF,cases.days_to_consent,50,50.0
clinical.tsv,TCGA-DJ-A2Q3,cases.days_to_consent,39,39.0
clinical.tsv,TCGA-DJ-A2Q6,cases.days_to_consent,38,38.0
clinical.tsv,TCGA-FK-A3SE,cases.days_to_consent,56,56.0
clinical.tsv,TCGA-ET-A3DV,cases.days_to_consent,0,0.0
clinical.tsv,TCGA-L6-A4EU,cases.days_to_consent,-27,-27.0
clinical.tsv,TCGA-DJ-A2QB,cases.days_to_consent,34,34.0
clinical.tsv,TCGA-DO-A1K0,cases.days_to_consent,71,71.0
clinical.tsv,TCGA-ET-A3DU,cases.days_to_consent,-54,-54.0
clinical.tsv,TCGA-DJ-A4UR,cases.days_to_consent,48,48.0
clinical.tsv,TCGA-ET-A3BS,cases.days_to_consent,65,65.0
clinical.tsv,TCGA-EL-A3GW,cases.days_to_consent,-1,-1.0
clinical.tsv,TCGA-DE-A4MD,cases.days_to_consent,42,42.0
clinical.tsv,TCGA-DJ-A2PW,cases.days_to_consent,10,10.0
clinical.tsv,TCGA-L6-A4EQ,cases.days_to_consent,66,66.0
clinical.tsv,TCGA-DJ-A3UO,cases.days_to_consent,28,28.0
clinical.tsv,TCGA-ET-A3BT,cases.days_to_consent,11,11.0
clinical.tsv,TCGA-DJ-A3VD,cases.days_to_consent,21,21.0
clinical.tsv,TCGA-MK-A4N6,cases.days_to_consent,21,21.0
clinical.tsv,TCGA-EL-A3H4,cases.days_to_consent,-1,-1.0
clinical.tsv,TCGA-L6-A4ET,cases.days_to_consent,-28,-28.0
clinical.tsv,TCGA-DJ-A2Q1,cases.days_to_consent,29,29.0
clinical.tsv,TCGA-FK-A3SH,cases.days_to_consent,125,125.0
clinical.tsv,TCGA-DJ-A3VJ,cases.days_to_consent,111,111.0
clinical.tsv,TCGA-E3-A3E2,cases.days_to_consent,31,31.0
clinical.tsv,TCGA-MK-A4N7,cases.days_to_consent,314,314.0
clinical.tsv,TCGA-DJ-A1QO,cases.days_to_consent,10,10.0
clinical.tsv,TCGA-E8-A3X7,cases.days_to_consent,-1,-1.0
clinical.tsv,TCGA-DJ-A1QH,cases.days_to_consent,24,24.0
clinical.tsv,TCGA-J8-A3O1,cases.days_to_consent,-7,-7.0
clinical.tsv,TCGA-EL-A3N3,cases.days_to_consent,-1,-1.0
clinical.tsv,TCGA-J8-A3YF,cases.days_to_consent,-1,-1.0
clinical.tsv,TCGA-FY-A3NP,cases.days_to_consent,18,18.0
clinical.tsv,TCGA-J8-A3O2,cases.days_to_consent,-9,-9.0
clinical.tsv,TCGA-FE-A3PB,cases.days_to_consent,1046,1046.0
clinical.tsv,TCGA-FE-A3PA,cases.days_to_consent,1,1.0
clinical.tsv,TCGA-EL-A4KI,cases.days_to_consent,-30,-30.0
clinical.tsv,TCGA-MK-A84Z,cases.days_to_consent,-5,-5.0
clinical.tsv,TCGA-EL-A3GS,cases.days_to_consent,-1,-1.0
clinical.tsv,TCGA-ET-A40R,cases.days_to_consent,35,35.0
clinical.tsv,TCGA-DJ-A3UP,cases.days_to_consent,70,70.0
clinical.tsv,TCGA-EL-A4K4,cases.days_to_consent,-12,-12.0
clinical.tsv,TCGA-EL-A3N2,cases.days_to_consent,-160,-160.0
clinical.tsv,TCGA-IM-A4EB,cases.days_to_consent,58,58.0
clinical.tsv,TCGA-EL-A3ZK,cases.days_to_consent,-29,-29.0
clinical.tsv,TCGA-DJ-A13R,cases.days_to_consent,-44,-44.0
clinical.tsv,TCGA-FY-A40L,cases.days_to_consent,47,47.0
clinical.tsv,TCGA-EL-A3H5,cases.days_to_consent,0,0.0
clinical.tsv,TCGA-J8-A3NZ,cases.days_to_consent,-1,-1.0
clinical.tsv,TCGA-EL-A3CN,cases.days_to_consent,0,0.0
clinical.tsv,TCGA-BJ-A3PU,cases.days_to_consent,0,0.0
clinical.tsv,TCGA-IM-A41Y,cases.days_to_consent,0,0.0
clinical.tsv,TCGA-FY-A3RA,cases.days_to_consent,53,53.0
clinical.tsv,TCGA-EL-A3D4,cases.days_to_consent,-1,-1.0
clinical.tsv,TCGA-EL-A4KH,cases.days_to_consent,-36,-36.0
clinical.tsv,TCGA-DE-A0Y2,cases.days_to_consent,-3,-3.0
clinical.tsv,TCGA-ET-A40Q,cases.days_to_consent,61,61.0
clinical.tsv,TCGA-FY-A40M,cases.days_to_consent,21,21.0
clinical.tsv,TCGA-EL-A3MY,cases.days_to_consent,,
clinical.tsv,TCGA-DE-A2OL,cases.days_to_consent,-7,-7.0
clinical.tsv,TCGA-ET-A2N5,cases.days_to_consent,-33,-33.0
clinical.tsv,TCGA-EL-A3GX,cases.days_to_consent,-2,-2.0
clinical.tsv,TCGA-EL-A3T0,cases.days_to_consent,-75,-75.0
clinical.tsv,TCGA-FY-A40K,cases.days_to_consent,0,0.0
clinical.tsv,TCGA-ET-A3BP,cases.days_to_consent,23,23.0
clinical.tsv,TCGA-EL-A3T8,cases.days_to_consent,-15,-15.0
clinical.tsv,TCGA-DJ-A13V,cases.days_to_consent,54,54.0
clinical.tsv,TCGA-BJ-A45C,cases.days_to_consent,19,19.0
clinical.tsv,TCGA-EL-A3ZS,cases.days_to_consent,-9,-9.0
clinical.tsv,TCGA-EL-A3GR,cases.days_to_consent,-22,-22.0
clinical.tsv,TCGA-DJ-A3VB,cases.days_to_consent,50,50.0
clinical.tsv,TCGA-BJ-A28X,cases.days_to_consent,77,77.0
clinical.tsv,TCGA-EL-A4KD,cases.days_to_consent,-31,-31.0
clinical.tsv,TCGA-DJ-A3V0,cases.days_to_consent,180,180.0
clinical.tsv,TCGA-EL-A3D1,cases.days_to_consent,-13,-13.0
clinical.tsv,TCGA-H2-A3RI,cases.days_to_consent,58,58.0
clinical.tsv,TCGA-DE-A0Y3,cases.days_to_consent,-6,-6.0
clinical.tsv,TCGA-BJ-A45I,cases.days_to_consent,14,14.0
clinical.tsv,TCGA-FY-A3R8,cases.days_to_consent,22,22.0
clinical.tsv,TCGA-FY-A3I4,cases.days_to_consent,34,34.0
clinical.tsv,TCGA-FY-A3YR,cases.days_to_consent,34,34.0
clinical.tsv,TCGA-EL-A3TA,cases.days_to_consent,-30,-30.0
clinical.tsv,TCGA-EL-A3GU,cases.days_to_consent,-17,-17.0
clinical.tsv,TCGA-EL-A3ZL,cases.days_to_consent,-17,-17.0
clinical.tsv,TCGA-ET-A2N1,cases.days_to_consent,-102,-102.0
clinical.tsv,TCGA-EL-A3GV,cases.days_to_consent,-14,-14.0
clinical.tsv,TCGA-EL-A3D5,cases.days_to_consent,-3,-3.0
clinical.tsv,TCGA-EL-A3ZP,cases.days_to_consent,-9,-9.0
clinical.tsv,TCGA-DJ-A2PQ,cases.days_to_consent,75,75.0
clinical.tsv,TCGA-E8-A2JQ,cases.days_to_consent,0,0.0
clinical.tsv,TCGA-EL-A3CV,cases.days_to_consent,-15,-15.0
clinical.tsv,TCGA-EM-A1YC,cases.days_to_consent,-105,-105.0
clinical.tsv,TCGA-BJ-A4O8,cases.days_to_consent,24,24.0
clinical.tsv,TCGA-EM-A4FM,cases.days_to_consent,-80,-80.0
clinical.tsv,TCGA-EL-A3GY,cases.days_to_consent,-4,-4.0
clinical.tsv,TCGA-EL-A3D6,cases.days_to_consent,0,0.0
clinical.tsv,TCGA-ET-A2N0,cases.days_to_consent,36,36.0
clinical.tsv,TCGA-EL-A3CM,cases.days_to_consent,,
clinical.tsv,TCGA-EM-A3O3,cases.days_to_consent,-55,-55.0
clinical.tsv,TCGA-CE-A481,cases.days_to_consent,3,3.0
clinical.tsv,TCGA-ET-A25K,cases.days_to_consent,23,23.0
clinical.tsv,TCGA-EL-A3GZ,cases.days_to_consent,-6,-6.0
clinical.tsv,TCGA-EL-A3ZO,cases.days_to_consent,-13,-13.0
clinical.tsv,TCGA-BJ-A290,cases.days_to_consent,65,65.0
clinical.tsv,TCGA-ET-A25L,cases.days_to_consent,3,3.0
clinical.tsv,TCGA-KS-A4IC,cases.days_to_consent,0,0.0
clinical.tsv,TCGA-J8-A3YD,cases.days_to_consent,-13,-13.0
clinical.tsv,TCGA-EM-A4FQ,cases.days_to_consent,-42,-42.0
clinical.tsv,TCGA-KS-A4I9,cases.days_to_consent,36,36.0
clinical.tsv,TCGA-EL-A3D0,cases.days_to_consent,-1,-1.0
clinical.tsv,TCGA-EL-A3ZT,cases.days_to_consent,-20,-20.0
clinical.tsv,TCGA-EM-A3AI,cases.days_to_consent,147,147.0
clinical.tsv,TCGA-BJ-A28Z,cases.days_to_consent,0,0.0
clinical.tsv,TCGA-KS-A4I1,cases.days_to_consent,87,87.0
clinical.tsv,TCGA-EM-A3AR,cases.days_to_consent,-10,-10.0
clinical.tsv,TCGA-EM-A2CS,cases.days_to_consent,-1,-1.0
clinical.tsv,TCGA-ET-A4KN,cases.days_to_consent,0,0.0
clinical.tsv,TCGA-EL-A3H2,cases.days_to_consent,,
clinical.tsv,TCGA-BJ-A45H,cases.days_to_consent,39,39.0
clinical.tsv,TCGA-ET-A25M,cases.days_to_consent,21,21.0
clinical.tsv,TCGA-H2-A422,cases.days_to_consent,0,0.0
clinical.tsv,TCGA-EM-A2OX,cases.days_to_consent,-108,-108.0
clinical.tsv,TCGA-J8-A3YG,cases.days_to_consent,7,7.0
clinical.tsv,TCGA-DJ-A2Q2,cases.days_to_consent,21,21.0
clinical.tsv,TCGA-CE-A482,cases.days_to_consent,2,2.0
clinical.tsv,TCGA-FE-A3PC,cases.days_to_consent,1140,1140.0
clinical.tsv,TCGA-BJ-A45G,cases.days_to_consent,-17,-17.0
clinical.tsv,TCGA-ET-A25O,cases.days_to_consent,31,31.0
clinical.tsv,TCGA-J8-A3YE,cases.days_to_consent,0,0.0
clinical.tsv,TCGA-EL-A3CZ,cases.days_to_consent,-6,-6.0
clinical.tsv,TCGA-KS-A4IB,cases.days_to_consent,48,48.0
clinical.tsv,TCGA-E3-A3DY,cases.days_to_consent,78,78.0
clinical.tsv,TCGA-KS-A4I7,cases.days_to_consent,40,40.0
clinical.tsv,TCGA-ET-A25G,cases.days_to_consent,24,24.0
clinical.tsv,TCGA-KS-A4I5,cases.days_to_consent,96,96.0
clinical.tsv,TCGA-ET-A39M,cases.days_to_consent,-34,-34.0
clinical.tsv,TCGA-EL-A3MX,cases.days_to_consent,,
clinical.tsv,TCGA-ET-A2MY,cases.days_to_consent,62,62.0
clinical.tsv,TCGA-ET-A25N,cases.days_to_consent,-50,-50.0
clinical.tsv,TCGA-EL-A3MZ,cases.days_to_consent,,
clinical.tsv,TCGA-KS-A4I3,cases.days_to_consent,16,16.0
clinical.tsv,TCGA-EL-A3CO,cases.days_to_consent,,
clinical.tsv,TCGA-H2-A3RH,cases.days_to_consent,38,38.0
clinical.tsv,TCGA-EL-A3ZM,cases.days_to_consent,-69,-69.0
clinical.tsv,TCGA-BJ-A18Z,cases.days_to_consent,0,0.0
clinical.tsv,TCGA-EM-A22P,cases.days_to_consent,-13,-13.0
clinical.tsv,TCGA-H2-A2K9,cases.days_to_consent,56,56.0
clinical.tsv,TCGA-E8-A44M,cases.days_to_consent,3,3.0
clinical.tsv,TCGA-BJ-A0Z3,cases.days_to_consent,-5,-5.0
clinical.tsv,TCGA-EM-A3O6,cases.days_to_consent,-111,-111.0
clinical.tsv,TCGA-FE-A3PD,cases.days_to_consent,566,566.0
clinical.tsv,TCGA-FY-A40N,cases.days_to_consent,27,27.0
clinical.tsv,TCGA-EM-A4FH,cases.days_to_consent,81,81.0
clinical.tsv,TCGA-KS-A41L,cases.days_to_consent,179,179.0
clinical.tsv,TCGA-E8-A242,cases.days_to_consent,35,35.0
clinical.tsv,TCGA-EM-A4FU,cases.days_to_consent,823,823.0
clinical.tsv,TCGA-EM-A1YA,cases.days_to_consent,135,135.0
clinical.tsv,TCGA-ET-A2MX,cases.days_to_consent,73,73.0
clinical.tsv,TCGA-EM-A3AN,cases.days_to_consent,-34,-34.0
clinical.tsv,TCGA-EM-A2CU,cases.days_to_consent,-50,-50.0
clinical.tsv,TCGA-BJ-A45J,cases.days_to_consent,8,8.0
clinical.tsv,TCGA-EL-A3CU,cases.days_to_consent,0,0.0
clinical.tsv,TCGA-EM-A2P0,cases.days_to_consent,-13,-13.0
clinical.tsv,TCGA-E3-A3E1,cases.days_to_consent,49,49.0
clinical.tsv,TCGA-KS-A4ID,cases.days_to_consent,0,0.0
clinical.tsv,TCGA-EL-A3T2,cases.days_to_consent,-29,-29.0
clinical.tsv,TCGA-EL-A3CS,cases.days_to_consent,,
clinical.tsv,TCGA-EL-A3H1,cases.days_to_consent,,
clinical.tsv,TCGA-EM-A4FR,cases.days_to_consent,-62,-62.0
clinical.tsv,TCGA-KS-A41F,cases.days_to_consent,0,0.0
clinical.tsv,TCGA-EM-A22M,cases.days_to_consent,-58,-58.0
clinical.tsv,TCGA-EM-A2P1,cases.days_to_consent,-15,-15.0
clinical.tsv,TCGA-J8-A3YH,cases.days_to_consent,-4,-4.0
clinical.tsv,TCGA-BJ-A0ZE,cases.days_to_consent,0,0.0
clinical.tsv,TCGA-EM-A1YB,cases.days_to_consent,21,21.0
clinical.tsv,TCGA-EM-A4FF,cases.days_to_consent,1852,1852.0
clinical.tsv,TCGA-EM-A2P2,cases.days_to_consent,-13,-13.0
clinical.tsv,TCGA-ET-A3BV,cases.days_to_consent,35,35.0
clinical.tsv,TCGA-BJ-A2N7,cases.days_to_consent,-15,-15.0
clinical.tsv,TCGA-IM-A3ED,cases.days_to_consent,34,34.0
clinical.tsv,TCGA-EM-A2OY,cases.days_to_consent,18,18.0
clinical.tsv,TCGA-EM-A3ST,cases.days_to_consent,-15,-15.0
clinical.tsv,TCGA-EM-A3AJ,cases.days_to_consent,-9,-9.0
clinical.tsv,TCGA-FY-A3R9,cases.days_to_consent,3,3.0
clinical.tsv,TCGA-BJ-A0ZB,cases.days_to_consent,16,16.0
clinical.tsv,TCGA-EM-A4FO,cases.days_to_consent,-20,-20.0
clinical.tsv,TCGA-H2-A26U,cases.days_to_consent,0,0.0
clinical.tsv,TCGA-EL-A3MW,cases.days_to_consent,-58,-58.0
clinical.tsv,TCGA-EM-A4FN,cases.days_to_consent,-14,-14.0
clinical.tsv,TCGA-J8-A4HW,cases.days_to_consent,1,1.0
clinical.tsv,TCGA-EM-A3SU,cases.days_to_consent,-16,-16.0
clinical.tsv,TCGA-EM-A3FQ,cases.days_to_consent,-50,-50.0
clinical.tsv,TCGA-EM-A2CO,cases.days_to_consent,10,10.0
clinical.tsv,TCGA-BJ-A190,cases.days_to_consent,-8,-8.0
clinical.tsv,TCGA-EM-A3FK,cases.days_to_consent,9,9.0
clinical.tsv,TCGA-EM-A3SX,cases.days_to_consent,-30,-30.0
clinical.tsv,TCGA-EM-A3AO,cases.days_to_consent,-13,-13.0
clinical.tsv,TCGA-KS-A41J,cases.days_to_consent,0,0.0
clinical.tsv,TCGA-BJ-A191,cases.days_to_consent,-20,-20.0
clinical.tsv,TCGA-BJ-A3PT,cases.days_to_consent,60,60.0
clinical.tsv,TCGA-EM-A2CM,cases.days_to_consent,77,77.0
clinical.tsv,TCGA-EM-A3FR,cases.days_to_consent,-20,-20.0
clinical.tsv,TCGA-EM-A3O9,cases.days_to_consent,-56,-56.0
clinical.tsv,TCGA-EM-A3O7,cases.days_to_consent,-115,-115.0
clinical.tsv,TCGA-ET-A2N4,cases.days_to_consent,9,9.0
clinical.tsv,TCGA-EM-A2CN,cases.days_to_consent,-22,-22.0
clinical.tsv,TCGA-BJ-A0ZA,cases.days_to_consent,28,28.0
clinical.tsv,TCGA-E3-A3E0,cases.days_to_consent,107,107.0
clinical.tsv,TCGA-BJ-A0Z0,cases.days_to_consent,-20,-20.0
clinical.tsv,TCGA-KS-A41I,cases.days_to_consent,37,37.0
clinical.tsv,TCGA-EM-A2CK,cases.days_to_consent,-40,-40.0
clinical.tsv,TCGA-DJ-A3V5,cases.days_to_consent,49,49.0
clinical.tsv,TCGA-GE-A2C6,cases.days_to_consent,13,13.0
clinical.tsv,TCGA-H2-A421,cases.days_to_consent,0,0.0
clinical.tsv,TCGA-EM-A3FM,cases.days_to_consent,-56,-56.0
clinical.tsv,TCGA-BJ-A18Y,cases.days_to_consent,27,27.0
clinical.tsv,TCGA-EM-A3FO,cases.days_to_consent,-10,-10.0
clinical.tsv,TCGA-EM-A3FP,cases.days_to_consent,-69,-69.0
clinical.tsv,TCGA-EM-A22J,cases.days_to_consent,-13,-13.0
clinical.tsv,TCGA-EM-A3FJ,cases.days_to_consent,260,260.0
clinical.tsv,TCGA-EM-A3FL,cases.days_to_consent,-126,-126.0
clinical.tsv,TCGA-BJ-A45F,cases.days_to_consent,-49,-49.0
clinical.tsv,TCGA-EM-A22K,cases.days_to_consent,-13,-13.0
clinical.tsv,TCGA-BJ-A2P4,cases.days_to_consent,-1,-1.0
clinical.tsv,TCGA-EM-A22I,cases.days_to_consent,-8,-8.0
clinical.tsv,TCGA-BJ-A0Z5,cases.days_to_consent,15,15.0
clinical.tsv,TCGA-ET-A25I,cases.days_to_consent,0,0.0
clinical.tsv,TCGA-EM-A1CW,cases.days_to_consent,140,140.0
clinical.tsv,TCGA-EL-A3CP,cases.days_to_consent,-1,-1.0
clinical.tsv,TCGA-ET-A25J,cases.days_to_consent,38,38.0
clinical.tsv,TCGA-EM-A22Q,cases.days_to_consent,-101,-101.0
clinical.tsv,TCGA-ET-A2N3,cases.days_to_consent,66,66.0
clinical.tsv,TCGA-QD-A8IV,cases.days_to_consent,-16,-16.0
clinical.tsv,TCGA-EM-A22N,cases.days_to_consent,6,6.0
clinical.tsv,TCGA-EM-A1YE,cases.days_to_consent,-67,-67.0
clinical.tsv,TCGA-FY-A4B3,cases.days_to_consent,14,14.0
clinical.tsv,TCGA-DJ-A3UY,cases.days_to_consent,34,34.0
clinical.tsv,TCGA-EL-A4K0,cases.days_to_consent,-24,-24.0
clinical.tsv,TCGA-ET-A25R,cases.days_to_consent,50,50.0
clinical.tsv,TCGA-ET-A25P,cases.days_to_consent,-48,-48.0
clinical.tsv,TCGA-DJ-A2PU,cases.days_to_consent,33,33.0
clinical.tsv,TCGA-CE-A3MD,cases.days_to_consent,3,3.0
clinical.tsv,TCGA-DJ-A3VI,cases.days_to_consent,45,45.0
clinical.tsv,TCGA-ET-A3DP,cases.days_to_consent,21,21.0
clinical.tsv,TCGA-BJ-A2N9,cases.days_to_consent,-13,-13.0
clinical.tsv,TCGA-EL-A3ZN,cases.days_to_consent,-42,-42.0
clinical.tsv,TCGA-DE-A7U5,cases.days_to_consent,47,47.0
clinical.tsv,TCGA-E8-A414,cases.days_to_consent,-5,-5.0
clinical.tsv,TCGA-EM-A1CT,cases.days_to_consent,24,24.0
clinical.tsv,TCGA-ET-A40T,cases.days_to_consent,31,31.0
clinical.tsv,TCGA-ET-A3BW,cases.days_to_consent,-47,-47.0
clinical.tsv,TCGA-DJ-A2PR,cases.days_to_consent,14,14.0
clinical.tsv,TCGA-ET-A39I,cases.days_to_consent,0,0.0
clinical.tsv,TCGA-EL-A3H3,cases.days_to_consent,-1,-1.0
clinical.tsv,TCGA-DJ-A13W,cases.days_to_consent,5,5.0
clinical.tsv,TCGA-EL-A4JZ,cases.days_to_consent,-3,-3.0
clinical.tsv,TCGA-ET-A3BU,cases.days_to_consent,4,4.0
clinical.tsv,TCGA-E8-A433,cases.days_to_consent,-5,-5.0
clinical.tsv,TCGA-EM-A1CU,cases.days_to_consent,89,89.0
clinical.tsv,TCGA-EL-A3GQ,cases.days_to_consent,-1,-1.0
clinical.tsv,TCGA-ET-A2MZ,cases.days_to_consent,30,30.0
clinical.tsv,TCGA-J8-A3O0,cases.days_to_consent,-1,-1.0
clinical.tsv,TCGA-FY-A3WA,cases.days_to_consent,23,23.0
clinical.tsv,TCGA-ET-A3DS,cases.days_to_consent,-26,-26.0
clinical.tsv,TCGA-DJ-A3UW,cases.days_to_consent,1278,1278.0
clinical.tsv,TCGA-DJ-A2PV,cases.days_to_consent,25,25.0
clinical.tsv,TCGA-FK-A3SD,cases.days_to_consent,0,0.0
clinical.tsv,TCGA-DJ-A3V3,cases.days_to_consent,310,310.0
clinical.tsv,TCGA-DJ-A3UN,cases.days_to_consent,74,74.0
clinical.tsv,TCGA-EL-A4JX,cases.days_to_consent,-64,-64.0
clinical.tsv,TCGA-DJ-A3US,cases.days_to_consent,81,81.0
clinical.tsv,TCGA-DJ-A13O,cases.days_to_consent,71,71.0
clinical.tsv,TCGA-DJ-A4UL,cases.days_to_consent,43,43.0
clinical.tsv,TCGA-ET-A39T,cases.days_to_consent,46,46.0
clinical.tsv,TCGA-DJ-A2Q7,cases.days_to_consent,62,62.0
clinical.tsv,TCGA-DJ-A3V2,cases.days_to_consent,35,35.0
clinical.tsv,TCGA-ET-A40P,cases.days_to_consent,89,89.0
clinical.tsv,TCGA-CE-A483,cases.days_to_consent,3,3.0
clinical.tsv,TCGA-IM-A3U2,cases.days_to_consent,0,0.0
clinical.tsv,TCGA-E8-A416,cases.days_to_consent,10,10.0
clinical.tsv,TCGA-BJ-A0Z9,cases.days_to_consent,6,6.0
clinical.tsv,TCGA-FK-A3SB,cases.days_to_consent,48,48.0
clinical.tsv,TCGA-ET-A3BX,cases.days_to_consent,63,63.0
clinical.tsv,TCGA-DJ-A2Q0,cases.days_to_consent,11,11.0
clinical.tsv,TCGA-BJ-A0ZF,cases.days_to_consent,-14,-14.0
clinical.tsv,TCGA-FY-A3R6,cases.days_to_consent,23,23.0
clinical.tsv,TCGA-EL-A3CX,cases.days_to_consent,-27,-27.0
clinical.tsv,TCGA-E8-A417,cases.days_to_consent,-4,-4.0
clinical.tsv,TCGA-EL-A3T1,cases.days_to_consent,-54,-54.0
clinical.tsv,TCGA-E8-A2EA,cases.days_to_consent,-1,-1.0
clinical.tsv,TCGA-ET-A39R,cases.days_to_consent,-25,-25.0
clinical.tsv,TCGA-CE-A485,cases.days_to_consent,3,3.0
clinical.tsv,TCGA-DJ-A3UT,cases.days_to_consent,0,0.0
clinical.tsv,TCGA-ET-A3DT,cases.days_to_consent,-47,-47.0
clinical.tsv,TCGA-ET-A3DR,cases.days_to_consent,23,23.0
clinical.tsv,TCGA-CE-A13K,cases.days_to_consent,16,16.0
clinical.tsv,TCGA-DJ-A2PX,cases.days_to_consent,40,40.0
clinical.tsv,TCGA-DJ-A3UX,cases.days_to_consent,170,170.0
clinical.tsv,TCGA-EL-A4K2,cases.days_to_consent,-36,-36.0
clinical.tsv,TCGA-E8-A44K,cases.days_to_consent,5,5.0
clinical.tsv,TCGA-BJ-A3F0,cases.days_to_consent,-7,-7.0
clinical.tsv,TCGA-E8-A432,cases.days_to_consent,8,8.0
clinical.tsv,TCGA-EL-A3GO,cases.days_to_consent,-17,-17.0
clinical.tsv,TCGA-EL-A4K1,cases.days_to_consent,-20,-20.0
clinical.tsv,TCGA-DJ-A3UZ,cases.days_to_consent,119,119.0
clinical.tsv,TCGA-EL-A3CY,cases.days_to_consent,-1,-1.0
clinical.tsv,TCGA-DJ-A4UT,cases.days_to_consent,32,32.0
clinical.tsv,TCGA-DJ-A2QA,cases.days_to_consent,126,126.0
clinical.tsv,TCGA-DJ-A4V4,cases.days_to_consent,33,33.0
clinical.tsv,TCGA-DJ-A13M,cases.days_to_consent,43,43.0
clinical.tsv,TCGA-BJ-A3EZ,cases.days_to_consent,-3,-3.0
clinical.tsv,TCGA-DJ-A3VG,cases.days_to_consent,253,253.0
clinical.tsv,TCGA-ET-A3BO,cases.days_to_consent,35,35.0
clinical.tsv,TCGA-E8-A415,cases.days_to_consent,-5,-5.0
clinical.tsv,TCGA-DJ-A3UR,cases.days_to_consent,249,249.0
clinical.tsv,TCGA-ET-A40S,cases.days_to_consent,66,66.0
clinical.tsv,TCGA-DJ-A13P,cases.days_to_consent,3999,3999.0
clinical.tsv,TCGA-DJ-A3VL,cases.days_to_consent,267,267.0
clinical.tsv,TCGA-DJ-A1QG,cases.days_to_consent,8,8.0
clinical.tsv,TCGA-ET-A39O,cases.days_to_consent,42,42.0
clinical.tsv,TCGA-DJ-A3UM,cases.days_to_consent,161,161.0
clinical.tsv,TCGA-E8-A413,cases.days_to_consent,4,4.0
clinical.tsv,TCGA-DJ-A3UK,cases.days_to_consent,32,32.0
clinical.tsv,TCGA-DJ-A1QD,cases.days_to_consent,128,128.0
clinical.tsv,TCGA-EL-A4K7,cases.days_to_consent,-1,-1.0
clinical.tsv,TCGA-EL-A4KG,cases.days_to_consent,-59,-59.0
clinical.tsv,TCGA-IM-A3U3,cases.days_to_consent,0,0.0
clinical.tsv,TCGA-EL-A3GP,cases.days_to_consent,-1,-1.0
clinical.tsv,TCGA-CE-A3ME,cases.days_to_consent,4,4.0
clinical.tsv,TCGA-E8-A436,cases.days_to_consent,28,28.0
clinical.tsv,TCGA-DJ-A3VE,cases.days_to_consent,9,9.0
clinical.tsv,TCGA-4C-A93U,cases.days_to_consent,0,0.0
clinical.tsv,TCGA-IM-A420,cases.days_to_consent,0,0.0
clinical.tsv,TCGA-CE-A484,cases.days_to_consent,3,3.0
clinical.tsv,TCGA-E8-A418,cases.days_to_consent,-1,-1.0
clinical.tsv,TCGA-E8-A434,cases.days_to_consent,-3,-3.0
clinical.tsv,TCGA-DJ-A2Q4,cases.days_to_consent,43,43.0
clinical.tsv,TCGA-E8-A438,cases.days_to_consent,47,47.0
clinical.tsv,TCGA-DJ-A3UV,cases.days_to_consent,178,178.0
clinical.tsv,TCGA-ET-A3DQ,cases.days_to_consent,0,0.0
clinical.tsv,TCGA-BJ-A0Z2,cases.days_to_consent,-13,-13.0
clinical.tsv,TCGA-BJ-A2NA,cases.days_to_consent,29,29.0
clinical.tsv,TCGA-EL-A3H8,cases.days_to_consent,0,0.0
clinical.tsv,TCGA-EL-A3H7,cases.days_to_consent,-18,-18.0
clinical.tsv,TCGA-BJ-A3PR,cases.days_to_consent,43,43.0
clinical.tsv,TCGA-DJ-A2PY,cases.days_to_consent,34,34.0
clinical.tsv,TCGA-DJ-A4V0,cases.days_to_consent,38,38.0
clinical.tsv,TCGA-EL-A3CW,cases.days_to_consent,,
clinical.tsv,TCGA-DJ-A2PP,cases.days_to_consent,1,1.0
clinical.tsv,TCGA-DJ-A13T,cases.days_to_consent,591,591.0
clinical.tsv,TCGA-E8-A437,cases.days_to_consent,214,214.0
clinical.tsv,TCGA-DJ-A2QC,cases.days_to_consent,53,53.0
clinical.tsv,TCGA-DJ-A1QN,cases.days_to_consent,70,70.0
clinical.tsv,TCGA-EL-A3CR,cases.days_to_consent,,
clinical.tsv,TCGA-DJ-A3VA,cases.days_to_consent,91,91.0
clinical.tsv,TCGA-ET-A4KQ,cases.days_to_consent,-165,-165.0
clinical.tsv,TCGA-J8-A4HY,cases.days_to_consent,-11,-11.0
clinical.tsv,TCGA-DJ-A1QM,cases.days_to_consent,0,0.0
clinical.tsv,TCGA-BJ-A45E,cases.days_to_consent,-38,-38.0
clinical.tsv,TCGA-DJ-A1QI,cases.days_to_consent,-7,-7.0
clinical.tsv,TCGA-ET-A3BN,cases.days_to_consent,42,42.0
clinical.tsv,TCGA-EL-A3CT,cases.days_to_consent,,
clinical.tsv,TCGA-BJ-A28R,cases.days_to_consent,23,23.0
clinical.tsv,TCGA-FY-A3TY,cases.days_to_consent,8,8.0
clinical.tsv,TCGA-BJ-A28S,cases.days_to_consent,-12,-12.0
clinical.tsv,TCGA-DJ-A2PZ,cases.days_to_consent,28,28.0
clinical.tsv,TCGA-EL-A3CL,cases.days_to_consent,,
clinical.tsv,TCGA-BJ-A2N8,cases.days_to_consent,-15,-15.0
clinical.tsv,TCGA-DO-A2HM,cases.days_to_consent,-1,-1.0
clinical.tsv,TCGA-FK-A3SG,cases.days_to_consent,21,21.0
clinical.tsv,TCGA-BJ-A0ZJ,cases.days_to_consent,19,19.0
clinical.tsv,TCGA-DJ-A13S,cases.days_to_consent,85,85.0
clinical.tsv,TCGA-DJ-A1QQ,cases.days_to_consent,55,55.0
clinical.tsv,TCGA-BJ-A0ZG,cases.days_to_consent,-15,-15.0
clinical.tsv,TCGA-BJ-A28W,cases.days_to_consent,27,27.0
clinical.tsv,TCGA-BJ-A28T,cases.days_to_consent,-12,-12.0
clinical.tsv,TCGA-EL-A3T7,cases.days_to_consent,-13,-13.0
clinical.tsv,TCGA-BJ-A192,cases.days_to_consent,77,77.0
clinical.tsv,TCGA-BJ-A28V,cases.days_to_consent,-229,-229.0
clinical.tsv,TCGA-FY-A3BL,cases.days_to_consent,35,35.0
clinical.tsv,TCGA-DJ-A13L,cases.days_to_consent,2,2.0
clinical.tsv,TCGA-BJ-A4O9,cases.days_to_consent,13,13.0
clinical.tsv,TCGA-BJ-A291,cases.days_to_consent,9,9.0
clinical.tsv,TCGA-DJ-A2PO,cases.days_to_consent,54,54.0
clinical.tsv,TCGA-DJ-A4V2,cases.days_to_consent,54,54.0
clinical.tsv,TCGA-DJ-A1QE,cases.days_to_consent,2848,2848.0
clinical.tsv,TCGA-ET-A39S,cases.days_to_consent,0,0.0
clinical.tsv,TCGA-DJ-A1QL,cases.days_to_consent,25,25.0
clinical.tsv,TCGA-BJ-A45D,cases.days_to_consent,-20,-20.0
clinical.tsv,TCGA-BJ-A0YZ,cases.days_to_consent,202,202.0
clinical.tsv,TCGA-FY-A3NM,cases.days_to_consent,30,30.0
clinical.tsv,TCGA-DJ-A2Q8,cases.days_to_consent,28,28.0
clinical.tsv,TCGA-DJ-A2PN,cases.days_to_consent,106,106.0
clinical.tsv,TCGA-EM-A3AL,cases.days_to_consent,-98,-98.0
clinical.tsv,TCGA-EM-A4FK,cases.days_to_consent,-13,-13.0
clinical.tsv,TCGA-EM-A3SZ,cases.days_to_consent,-88,-88.0
clinical.tsv,TCGA-EM-A3AP,cases.days_to_consent,-113,-113.0
clinical.tsv,TCGA-EM-A2OZ,cases.days_to_consent,-12,-12.0
clinical.tsv,TCGA-EM-A2CR,cases.days_to_consent,-113,-113.0
clinical.tsv,TCGA-EM-A3OA,cases.days_to_consent,-15,-15.0
clinical.tsv,TCGA-EM-A2CL,cases.days_to_consent,64,64.0
clinical.tsv,TCGA-EM-A2CP,cases.days_to_consent,-49,-49.0
clinical.tsv,TCGA-DJ-A13X,cases.days_to_consent,55,55.0
clinical.tsv,TCGA-EM-A3AK,cases.days_to_consent,-12,-12.0
clinical.tsv,TCGA-EM-A3FN,cases.days_to_consent,-158,-158.0
clinical.tsv,TCGA-J8-A42S,cases.days_to_consent,-42,-42.0
clinical.tsv,TCGA-EM-A4FV,cases.days_to_consent,-29,-29.0
clinical.tsv,TCGA-BJ-A0ZC,cases.days_to_consent,-11,-11.0
clinical.tsv,TCGA-EM-A2CQ,cases.days_to_consent,-101,-101.0
clinical.tsv,TCGA-CE-A27D,cases.days_to_consent,3,3.0
clinical.tsv,TCGA-FY-A76V,cases.days_to_consent,51,51.0
clinical.tsv,TCGA-BJ-A0ZH,cases.days_to_consent,11,11.0
clinical.tsv,TCGA-EL-A3T9,cases.days_to_consent,,
clinical.tsv,TCGA-BJ-A45K,cases.days_to_consent,0,0.0
clinical.tsv,TCGA-EM-A3OB,cases.days_to_consent,-34,-34.0
clinical.tsv,TCGA-EM-A3SY,cases.days_to_consent,-152,-152.0
clinical.tsv,TCGA-EM-A3O8,cases.days_to_consent,-55,-55.0
clinical.tsv,TCGA-EM-A2OW,cases.days_to_consent,31,31.0
clinical.tsv,TCGA-FY-A3R7,cases.days_to_consent,0,0.0
clinical.tsv,TCGA-EM-A2CT,cases.days_to_consent,-24,-24.0
clinical.tsv,TCGA-EM-A2P3,cases.days_to_consent,-16,-16.0
clinical.tsv,TCGA-EM-A4G1,cases.days_to_consent,-68,-68.0
clinical.tsv,TCGA-ET-A39L,cases.days_to_consent,25,25.0
clinical.tsv,TCGA-EM-A2CJ,cases.days_to_consent,21,21.0
clinical.tsv,TCGA-EM-A3AQ,cases.days_to_consent,-68,-68.0
clinical.tsv,TCGA-DJ-A1QF,cases.days_to_consent,563,563.0
clinical.tsv,TCGA-ET-A3BQ,cases.days_to_consent,18,18.0
clinical.tsv,TCGA-EM-A1CV,cases.days_to_consent,-37,-37.0
clinical.tsv,TCGA-EM-A1YD,cases.days_to_consent,-133,-133.0
clinical.tsv,TCGA-EM-A22L,cases.days_to_consent,-116,-116.0
clinical.tsv,TCGA-EM-A1CS,cases.days_to_consent,456,456.0
clinical.tsv,TCGA-FY-A3I5,cases.days_to_consent,37,37.0
clinical.tsv,TCGA-FY-A3NN,cases.days_to_consent,0,0.0
clinical.tsv,TCGA-FY-A2QD,cases.days_to_consent,38,38.0
clinical.tsv,TCGA-FE-A236,cases.days_to_lost_to_followup,,
clinical.tsv,TCGA-FE-A232,cases.days_to_lost_to_followup,,
clinical.tsv,TCGA-FE-A231,cases.days_to_lost_to_followup,,
clinical.tsv,TCGA-FE-A237,cases.days_to_lost_to_followup,,
clinical.tsv,TCGA-FE-A230,cases.days_to_lost_to_followup,,
clinical.tsv,TCGA-FE-A235,cases.days_to_lost_to_followup,,
clinical.tsv,TCGA-FE-A238,cases.days_to_lost_to_followup,,
clinical.tsv,TCGA-FE-A234,cases.days_to_lost_to_followup,,
clinical.tsv,TCGA-FE-A233,cases.days_to_lost_to_followup,,
clinical.tsv,TCGA-FE-A239,cases.days_to_lost_to_followup,,
clinical.tsv,TCGA-FE-A23A,cases.days_to_lost_to_followup,,
clinical.tsv,TCGA-DJ-A2Q9,cases.days_to_lost_to_followup,,
clinical.tsv,TCGA-DE-A3KN,cases.days_to_lost_to_followup,,
clinical.tsv,TCGA-ET-A3DO,cases.days_to_lost_to_followup,,
clinical.tsv,TCGA-DJ-A2Q5,cases.days_to_lost_to_followup,,
clinical.tsv,TCGA-EL-A3ZH,cases.days_to_lost_to_followup,,
clinical.tsv,TCGA-DO-A1JZ,cases.days_to_lost_to_followup,,
clinical.tsv,TCGA-ET-A39J,cases.days_to_lost_to_followup,,
clinical.tsv,TCGA-DJ-A3VM,cases.days_to_lost_to_followup,,
clinical.tsv,TCGA-MK-A4N9,cases.days_to_lost_to_followup,,
clinical.tsv,TCGA-DJ-A4UP,cases.days_to_lost_to_followup,,
clinical.tsv,TCGA-DJ-A4UQ,cases.days_to_lost_to_followup,,
clinical.tsv,TCGA-EL-A3ZG,cases.days_to_lost_to_followup,,
clinical.tsv,TCGA-DJ-A3V9,cases.days_to_lost_to_followup,,
clinical.tsv,TCGA-EL-A3ZQ,cases.days_to_lost_to_followup,,
clinical.tsv,TCGA-DJ-A3V4,cases.days_to_lost_to_followup,,
clinical.tsv,TCGA-DJ-A3UQ,cases.days_to_lost_to_followup,,
clinical.tsv,TCGA-DJ-A2PT,cases.days_to_lost_to_followup,,
clinical.tsv,TCGA-IM-A3EB,cases.days_to_lost_to_followup,,
clinical.tsv,TCGA-DE-A0XZ,cases.days_to_lost_to_followup,,
clinical.tsv,TCGA-ET-A3DW,cases.days_to_lost_to_followup,,
clinical.tsv,TCGA-ET-A39P,cases.days_to_lost_to_followup,,
clinical.tsv,TCGA-DJ-A3UU,cases.days_to_lost_to_followup,,
clinical.tsv,TCGA-FY-A3ON,cases.days_to_lost_to_followup,,
clinical.tsv,TCGA-DE-A4MB,cases.days_to_lost_to_followup,,
clinical.tsv,TCGA-EL-A4JW,cases.days_to_lost_to_followup,,
clinical.tsv,TCGA-EL-A4K6,cases.days_to_lost_to_followup,,
clinical.tsv,TCGA-EM-A2OV,cases.days_to_lost_to_followup,,
clinical.tsv,TCGA-E3-A3DZ,cases.days_to_lost_to_followup,,
clinical.tsv,TCGA-FY-A4B4,cases.days_to_lost_to_followup,,
clinical.tsv,TCGA-E3-A3E3,cases.days_to_lost_to_followup,,
clinical.tsv,TCGA-EL-A3T3,cases.days_to_lost_to_followup,,
clinical.tsv,TCGA-EM-A22O,cases.days_to_lost_to_followup,,
clinical.tsv,TCGA-FY-A4B0,cases.days_to_lost_to_followup,,
clinical.tsv,TCGA-ET-A39K,cases.days_to_lost_to_followup,,
clinical.tsv,TCGA-EL-A4JV,cases.days_to_lost_to_followup,,
clinical.tsv,TCGA-DJ-A3V6,cases.days_to_lost_to_followup,,
clinical.tsv,TCGA-FK-A3S3,cases.days_to_lost_to_followup,,
clinical.tsv,TCGA-FE-A22Z,cases.days_to_lost_to_followup,,
clinical.tsv,TCGA-FK-A4UB,cases.days_to_lost_to_followup,,
clinical.tsv,TCGA-FY-A3W9,cases.days_to_lost_to_followup,,
clinical.tsv,TCGA-DE-A69K,cases.days_to_lost_to_followup,,
clinical.tsv,TCGA-DE-A4MC,cases.days_to_lost_to_followup,,
clinical.tsv,TCGA-DE-A4M9,cases.days_to_lost_to_followup,,
clinical.tsv,TCGA-DJ-A4V5,cases.days_to_lost_to_followup,,
clinical.tsv,TCGA-ET-A39N,cases.days_to_lost_to_followup,,
clinical.tsv,TCGA-DE-A4MA,cases.days_to_lost_to_followup,,
clinical.tsv,TCGA-EL-A4K9,cases.days_to_lost_to_followup,,
clinical.tsv,TCGA-DJ-A13U,cases.days_to_lost_to_followup,,
clinical.tsv,TCGA-DJ-A3V7,cases.days_to_lost_to_followup,,
clinical.tsv,TCGA-EL-A3T6,cases.days_to_lost_to_followup,,
clinical.tsv,TCGA-E3-A3E5,cases.days_to_lost_to_followup,,
clinical.tsv,TCGA-IM-A41Z,cases.days_to_lost_to_followup,,
clinical.tsv,TCGA-DJ-A3VK,cases.days_to_lost_to_followup,,
clinical.tsv,TCGA-EL-A3ZR,cases.days_to_lost_to_followup,,
clinical.tsv,TCGA-DJ-A4UW,cases.days_to_lost_to_followup,,
clinical.tsv,TCGA-L6-A4EP,cases.days_to_lost_to_followup,,
clinical.tsv,TCGA-DE-A69J,cases.days_to_lost_to_followup,,
clinical.tsv,TCGA-DJ-A2PS,cases.days_to_lost_to_followup,,
clinical.tsv,TCGA-EL-A3TB,cases.days_to_lost_to_followup,,
clinical.tsv,TCGA-E8-A419,cases.days_to_lost_to_followup,,
clinical.tsv,TCGA-DJ-A3V8,cases.days_to_lost_to_followup,,
clinical.tsv,TCGA-DE-A4M8,cases.days_to_lost_to_followup,,
clinical.tsv,TCGA-DJ-A3VF,cases.days_to_lost_to_followup,,
clinical.tsv,TCGA-DJ-A2Q3,cases.days_to_lost_to_followup,,
clinical.tsv,TCGA-DJ-A2Q6,cases.days_to_lost_to_followup,,
clinical.tsv,TCGA-FK-A3SE,cases.days_to_lost_to_followup,,
clinical.tsv,TCGA-ET-A3DV,cases.days_to_lost_to_followup,,
clinical.tsv,TCGA-L6-A4EU,cases.days_to_lost_to_followup,,
clinical.tsv,TCGA-DJ-A2QB,cases.days_to_lost_to_followup,,
clinical.tsv,TCGA-DO-A1K0,cases.days_to_lost_to_followup,,
clinical.tsv,TCGA-ET-A3DU,cases.days_to_lost_to_followup,,
clinical.tsv,TCGA-DJ-A4UR,cases.days_to_lost_to_followup,,
clinical.tsv,TCGA-ET-A3BS,cases.days_to_lost_to_followup,,
clinical.tsv,TCGA-EL-A3GW,cases.days_to_lost_to_followup,,
clinical.tsv,TCGA-DE-A4MD,cases.days_to_lost_to_followup,,
clinical.tsv,TCGA-DJ-A2PW,cases.days_to_lost_to_followup,,
clinical.tsv,TCGA-L6-A4EQ,cases.days_to_lost_to_followup,,
clinical.tsv,TCGA-DJ-A3UO,cases.days_to_lost_to_followup,,
clinical.tsv,TCGA-ET-A3BT,cases.days_to_lost_to_followup,,
clinical.tsv,TCGA-DJ-A3VD,cases.days_to_lost_to_followup,,
clinical.tsv,TCGA-MK-A4N6,cases.days_to_lost_to_followup,,
clinical.tsv,TCGA-EL-A3H4,cases.days_to_lost_to_followup,,
clinical.tsv,TCGA-L6-A4ET,cases.days_to_lost_to_followup,,
clinical.tsv,TCGA-DJ-A2Q1,cases.days_to_lost_to_followup,,
clinical.tsv,TCGA-FK-A3SH,cases.days_to_lost_to_followup,,
clinical.tsv,TCGA-DJ-A3VJ,cases.days_to_lost_to_followup,,
clinical.tsv,TCGA-E3-A3E2,cases.days_to_lost_to_followup,,
clinical.tsv,TCGA-MK-A4N7,cases.days_to_lost_to_followup,,
clinical.tsv,TCGA-DJ-A1QO,cases.days_to_lost_to_followup,,
clinical.tsv,TCGA-E8-A3X7,cases.days_to_lost_to_followup,,
clinical.tsv,TCGA-DJ-A1QH,cases.days_to_lost_to_followup,,
clinical.tsv,TCGA-J8-A3O1,cases.days_to_lost_to_followup,,
clinical.tsv,TCGA-EL-A3N3,cases.days_to_lost_to_followup,,
clinical.tsv,TCGA-J8-A3YF,cases.days_to_lost_to_followup,,
clinical.tsv,TCGA-FY-A3NP,cases.days_to_lost_to_followup,,
clinical.tsv,TCGA-J8-A3O2,cases.days_to_lost_to_followup,,
clinical.tsv,TCGA-FE-A3PB,cases.days_to_lost_to_followup,,
clinical.tsv,TCGA-FE-A3PA,cases.days_to_lost_to_followup,,
clinical.tsv,TCGA-EL-A4KI,cases.days_to_lost_to_followup,,
clinical.tsv,TCGA-MK-A84Z,cases.days_to_lost_to_followup,,
clinical.tsv,TCGA-EL-A3GS,cases.days_to_lost_to_followup,,
clinical.tsv,TCGA-ET-A40R,cases.days_to_lost_to_followup,,
clinical.tsv,TCGA-DJ-A3UP,cases.days_to_lost_to_followup,,
clinical.tsv,TCGA-EL-A4K4,cases.days_to_lost_to_followup,,
clinical.tsv,TCGA-EL-A3N2,cases.days_to_lost_to_followup,,
clinical.tsv,TCGA-IM-A4EB,cases.days_to_lost_to_followup,,
clinical.tsv,TCGA-EL-A3ZK,cases.days_to_lost_to_followup,,
clinical.tsv,TCGA-DJ-A13R,cases.days_to_lost_to_followup,,
clinical.tsv,TCGA-FY-A40L,cases.days_to_lost_to_followup,,
clinical.tsv,TCGA-EL-A3H5,cases.days_to_lost_to_followup,,
clinical.tsv,TCGA-J8-A3NZ,cases.days_to_lost_to_followup,,
clinical.tsv,TCGA-EL-A3CN,cases.days_to_lost_to_followup,,
clinical.tsv,TCGA-BJ-A3PU,cases.days_to_lost_to_followup,,
clinical.tsv,TCGA-IM-A41Y,cases.days_to_lost_to_followup,,
clinical.tsv,TCGA-FY-A3RA,cases.days_to_lost_to_followup,,
clinical.tsv,TCGA-EL-A3D4,cases.days_to_lost_to_followup,,
clinical.tsv,TCGA-EL-A4KH,cases.days_to_lost_to_followup,,
clinical.tsv,TCGA-DE-A0Y2,cases.days_to_lost_to_followup,,
clinical.tsv,TCGA-ET-A40Q,cases.days_to_lost_to_followup,,
clinical.tsv,TCGA-FY-A40M,cases.days_to_lost_to_followup,,
clinical.tsv,TCGA-EL-A3MY,cases.days_to_lost_to_followup,,
clinical.tsv,TCGA-DE-A2OL,cases.days_to_lost_to_followup,,
clinical.tsv,TCGA-ET-A2N5,cases.days_to_lost_to_followup,,
clinical.tsv,TCGA-EL-A3GX,cases.days_to_lost_to_followup,,
clinical.tsv,TCGA-EL-A3T0,cases.days_to_lost_to_followup,,
clinical.tsv,TCGA-FY-A40K,cases.days_to_lost_to_followup,,
clinical.tsv,TCGA-ET-A3BP,cases.days_to_lost_to_followup,,
clinical.tsv,TCGA-EL-A3T8,cases.days_to_lost_to_followup,,
clinical.tsv,TCGA-DJ-A13V,cases.days_to_lost_to_followup,,
clinical.tsv,TCGA-BJ-A45C,cases.days_to_lost_to_followup,,
clinical.tsv,TCGA-EL-A3ZS,cases.days_to_lost_to_followup,,
clinical.tsv,TCGA-EL-A3GR,cases.days_to_lost_to_followup,,
clinical.tsv,TCGA-DJ-A3VB,cases.days_to_lost_to_followup,,
clinical.tsv,TCGA-BJ-A28X,cases.days_to_lost_to_followup,,
clinical.tsv,TCGA-EL-A4KD,cases.days_to_lost_to_followup,,
clinical.tsv,TCGA-DJ-A3V0,cases.days_to_lost_to_followup,,
clinical.tsv,TCGA-EL-A3D1,cases.days_to_lost_to_followup,,
clinical.tsv,TCGA-H2-A3RI,cases.days_to_lost_to_followup,,
clinical.tsv,TCGA-DE-A0Y3,cases.days_to_lost_to_followup,,
clinical.tsv,TCGA-BJ-A45I,cases.days_to_lost_to_followup,,
clinical.tsv,TCGA-FY-A3R8,cases.days_to_lost_to_followup,,
clinical.tsv,TCGA-FY-A3I4,cases.days_to_lost_to_followup,,
clinical.tsv,TCGA-FY-A3YR,cases.days_to_lost_to_followup,,
clinical.tsv,TCGA-EL-A3TA,cases.days_to_lost_to_followup,,
clinical.tsv,TCGA-EL-A3GU,cases.days_to_lost_to_followup,,
clinical.tsv,TCGA-EL-A3ZL,cases.days_to_lost_to_followup,,
clinical.tsv,TCGA-ET-A2N1,cases.days_to_lost_to_followup,,
clinical.tsv,TCGA-EL-A3GV,cases.days_to_lost_to_followup,,
clinical.tsv,TCGA-EL-A3D5,cases.days_to_lost_to_followup,,
clinical.tsv,TCGA-EL-A3ZP,cases.days_to_lost_to_followup,,
clinical.tsv,TCGA-DJ-A2PQ,cases.days_to_lost_to_followup,,
clinical.tsv,TCGA-E8-A2JQ,cases.days_to_lost_to_followup,,
clinical.tsv,TCGA-EL-A3CV,cases.days_to_lost_to_followup,,
clinical.tsv,TCGA-EM-A1YC,cases.days_to_lost_to_followup,,
clinical.tsv,TCGA-BJ-A4O8,cases.days_to_lost_to_followup,,
clinical.tsv,TCGA-EM-A4FM,cases.days_to_lost_to_followup,,
clinical.tsv,TCGA-EL-A3GY,cases.days_to_lost_to_followup,,
clinical.tsv,TCGA-EL-A3D6,cases.days_to_lost_to_followup,,
clinical.tsv,TCGA-ET-A2N0,cases.days_to_lost_to_followup,,
clinical.tsv,TCGA-EL-A3CM,cases.days_to_lost_to_followup,,
clinical.tsv,TCGA-EM-A3O3,cases.days_to_lost_to_followup,,
clinical.tsv,TCGA-CE-A481,cases.days_to_lost_to_followup,,
clinical.tsv,TCGA-ET-A25K,cases.days_to_lost_to_followup,,
clinical.tsv,TCGA-EL-A3GZ,cases.days_to_lost_to_followup,,
clinical.tsv,TCGA-EL-A3ZO,cases.days_to_lost_to_followup,,
clinical.tsv,TCGA-BJ-A290,cases.days_to_lost_to_followup,,
clinical.tsv,TCGA-ET-A25L,cases.days_to_lost_to_followup,,
clinical.tsv,TCGA-KS-A4IC,cases.days_to_lost_to_followup,,
clinical.tsv,TCGA-J8-A3YD,cases.days_to_lost_to_followup,,
clinical.tsv,TCGA-EM-A4FQ,cases.days_to_lost_to_followup,,
clinical.tsv,TCGA-KS-A4I9,cases.days_to_lost_to_followup,,
clinical.tsv,TCGA-EL-A3D0,cases.days_to_lost_to_followup,,
clinical.tsv,TCGA-EL-A3ZT,cases.days_to_lost_to_followup,,
clinical.tsv,TCGA-EM-A3AI,cases.days_to_lost_to_followup,,
clinical.tsv,TCGA-BJ-A28Z,cases.days_to_lost_to_followup,,
clinical.tsv,TCGA-KS-A4I1,cases.days_to_lost_to_followup,,
clinical.tsv,TCGA-EM-A3AR,cases.days_to_lost_to_followup,,
clinical.tsv,TCGA-EM-A2CS,cases.days_to_lost_to_followup,,
clinical.tsv,TCGA-ET-A4KN,cases.days_to_lost_to_followup,,
clinical.tsv,TCGA-EL-A3H2,cases.days_to_lost_to_followup,,
clinical.tsv,TCGA-BJ-A45H,cases.days_to_lost_to_followup,,
clinical.tsv,TCGA-ET-A25M,cases.days_to_lost_to_followup,,
clinical.tsv,TCGA-H2-A422,cases.days_to_lost_to_followup,,
clinical.tsv,TCGA-EM-A2OX,cases.days_to_lost_to_followup,,
clinical.tsv,TCGA-J8-A3YG,cases.days_to_lost_to_followup,,
clinical.tsv,TCGA-DJ-A2Q2,cases.days_to_lost_to_followup,,
clinical.tsv,TCGA-CE-A482,cases.days_to_lost_to_followup,,
clinical.tsv,TCGA-FE-A3PC,cases.days_to_lost_to_followup,,
clinical.tsv,TCGA-BJ-A45G,cases.days_to_lost_to_followup,,
clinical.tsv,TCGA-ET-A25O,cases.days_to_lost_to_followup,,
clinical.tsv,TCGA-J8-A3YE,cases.days_to_lost_to_followup,,
clinical.tsv,TCGA-EL-A3CZ,cases.days_to_lost_to_followup,,
clinical.tsv,TCGA-KS-A4IB,cases.days_to_lost_to_followup,,
clinical.tsv,TCGA-E3-A3DY,cases.days_to_lost_to_followup,,
clinical.tsv,TCGA-KS-A4I7,cases.days_to_lost_to_followup,,
clinical.tsv,TCGA-ET-A25G,cases.days_to_lost_to_followup,,
clinical.tsv,TCGA-KS-A4I5,cases.days_to_lost_to_followup,,
clinical.tsv,TCGA-ET-A39M,cases.days_to_lost_to_followup,,
clinical.tsv,TCGA-EL-A3MX,cases.days_to_lost_to_followup,,
clinical.tsv,TCGA-ET-A2MY,cases.days_to_lost_to_followup,,
clinical.tsv,TCGA-ET-A25N,cases.days_to_lost_to_followup,,
clinical.tsv,TCGA-EL-A3MZ,cases.days_to_lost_to_followup,,
clinical.tsv,TCGA-KS-A4I3,cases.days_to_lost_to_followup,,
clinical.tsv,TCGA-EL-A3CO,cases.days_to_lost_to_followup,,
clinical.tsv,TCGA-H2-A3RH,cases.days_to_lost_to_followup,,
clinical.tsv,TCGA-EL-A3ZM,cases.days_to_lost_to_followup,,
clinical.tsv,TCGA-BJ-A18Z,cases.days_to_lost_to_followup,,
clinical.tsv,TCGA-EM-A22P,cases.days_to_lost_to_followup,,
clinical.tsv,TCGA-H2-A2K9,cases.days_to_lost_to_followup,,
clinical.tsv,TCGA-E8-A44M,cases.days_to_lost_to_followup,,
clinical.tsv,TCGA-BJ-A0Z3,cases.days_to_lost_to_followup,,
clinical.tsv,TCGA-EM-A3O6,cases.days_to_lost_to_followup,,
clinical.tsv,TCGA-FE-A3PD,cases.days_to_lost_to_followup,,
clinical.tsv,TCGA-FY-A40N,cases.days_to_lost_to_followup,,
clinical.tsv,TCGA-EM-A4FH,cases.days_to_lost_to_followup,,
clinical.tsv,TCGA-KS-A41L,cases.days_to_lost_to_followup,,
clinical.tsv,TCGA-E8-A242,cases.days_to_lost_to_followup,,
clinical.tsv,TCGA-EM-A4FU,cases.days_to_lost_to_followup,,
clinical.tsv,TCGA-EM-A1YA,cases.days_to_lost_to_followup,,
clinical.tsv,TCGA-ET-A2MX,cases.days_to_lost_to_followup,,
clinical.tsv,TCGA-EM-A3AN,cases.days_to_lost_to_followup,,
clinical.tsv,TCGA-EM-A2CU,cases.days_to_lost_to_followup,,
clinical.tsv,TCGA-BJ-A45J,cases.days_to_lost_to_followup,,
clinical.tsv,TCGA-EL-A3CU,cases.days_to_lost_to_followup,,
clinical.tsv,TCGA-EM-A2P0,cases.days_to_lost_to_followup,,
clinical.tsv,TCGA-E3-A3E1,cases.days_to_lost_to_followup,,
clinical.tsv,TCGA-KS-A4ID,cases.days_to_lost_to_followup,,
clinical.tsv,TCGA-EL-A3T2,cases.days_to_lost_to_followup,,
clinical.tsv,TCGA-EL-A3CS,cases.days_to_lost_to_followup,,
clinical.tsv,TCGA-EL-A3H1,cases.days_to_lost_to_followup,,
clinical.tsv,TCGA-EM-A4FR,cases.days_to_lost_to_followup,,
clinical.tsv,TCGA-KS-A41F,cases.days_to_lost_to_followup,,
clinical.tsv,TCGA-EM-A22M,cases.days_to_lost_to_followup,,
clinical.tsv,TCGA-EM-A2P1,cases.days_to_lost_to_followup,,
clinical.tsv,TCGA-J8-A3YH,cases.days_to_lost_to_followup,,
clinical.tsv,TCGA-BJ-A0ZE,cases.days_to_lost_to_followup,,
clinical.tsv,TCGA-EM-A1YB,cases.days_to_lost_to_followup,,
clinical.tsv,TCGA-EM-A4FF,cases.days_to_lost_to_followup,,
clinical.tsv,TCGA-EM-A2P2,cases.days_to_lost_to_followup,,
clinical.tsv,TCGA-ET-A3BV,cases.days_to_lost_to_followup,,
clinical.tsv,TCGA-BJ-A2N7,cases.days_to_lost_to_followup,,
clinical.tsv,TCGA-IM-A3ED,cases.days_to_lost_to_followup,,
clinical.tsv,TCGA-EM-A2OY,cases.days_to_lost_to_followup,,
clinical.tsv,TCGA-EM-A3ST,cases.days_to_lost_to_followup,,
clinical.tsv,TCGA-EM-A3AJ,cases.days_to_lost_to_followup,,
clinical.tsv,TCGA-FY-A3R9,cases.days_to_lost_to_followup,,
clinical.tsv,TCGA-BJ-A0ZB,cases.days_to_lost_to_followup,,
clinical.tsv,TCGA-EM-A4FO,cases.days_to_lost_to_followup,,
clinical.tsv,TCGA-H2-A26U,cases.days_to_lost_to_followup,,
clinical.tsv,TCGA-EL-A3MW,cases.days_to_lost_to_followup,,
clinical.tsv,TCGA-EM-A4FN,cases.days_to_lost_to_followup,,
clinical.tsv,TCGA-J8-A4HW,cases.days_to_lost_to_followup,,
clinical.tsv,TCGA-EM-A3SU,cases.days_to_lost_to_followup,,
clinical.tsv,TCGA-EM-A3FQ,cases.days_to_lost_to_followup,,
clinical.tsv,TCGA-EM-A2CO,cases.days_to_lost_to_followup,,
clinical.tsv,TCGA-BJ-A190,cases.days_to_lost_to_followup,,
clinical.tsv,TCGA-EM-A3FK,cases.days_to_lost_to_followup,,
clinical.tsv,TCGA-EM-A3SX,cases.days_to_lost_to_followup,,
clinical.tsv,TCGA-EM-A3AO,cases.days_to_lost_to_followup,,
clinical.tsv,TCGA-KS-A41J,cases.days_to_lost_to_followup,,
clinical.tsv,TCGA-BJ-A191,cases.days_to_lost_to_followup,,
clinical.tsv,TCGA-BJ-A3PT,cases.days_to_lost_to_followup,,
clinical.tsv,TCGA-EM-A2CM,cases.days_to_lost_to_followup,,
clinical.tsv,TCGA-EM-A3FR,cases.days_to_lost_to_followup,,
clinical.tsv,TCGA-EM-A3O9,cases.days_to_lost_to_followup,,
clinical.tsv,TCGA-EM-A3O7,cases.days_to_lost_to_followup,,
clinical.tsv,TCGA-ET-A2N4,cases.days_to_lost_to_followup,,
clinical.tsv,TCGA-EM-A2CN,cases.days_to_lost_to_followup,,
clinical.tsv,TCGA-BJ-A0ZA,cases.days_to_lost_to_followup,,
clinical.tsv,TCGA-E3-A3E0,cases.days_to_lost_to_followup,,
clinical.tsv,TCGA-BJ-A0Z0,cases.days_to_lost_to_followup,,
clinical.tsv,TCGA-KS-A41I,cases.days_to_lost_to_followup,,
clinical.tsv,TCGA-EM-A2CK,cases.days_to_lost_to_followup,,
clinical.tsv,TCGA-DJ-A3V5,cases.days_to_lost_to_followup,,
clinical.tsv,TCGA-GE-A2C6,cases.days_to_lost_to_followup,,
clinical.tsv,TCGA-H2-A421,cases.days_to_lost_to_followup,,
clinical.tsv,TCGA-EM-A3FM,cases.days_to_lost_to_followup,,
clinical.tsv,TCGA-BJ-A18Y,cases.days_to_lost_to_followup,,
clinical.tsv,TCGA-EM-A3FO,cases.days_to_lost_to_followup,,
clinical.tsv,TCGA-EM-A3FP,cases.days_to_lost_to_followup,,
clinical.tsv,TCGA-EM-A22J,cases.days_to_lost_to_followup,,
clinical.tsv,TCGA-EM-A3FJ,cases.days_to_lost_to_followup,,
clinical.tsv,TCGA-EM-A3FL,cases.days_to_lost_to_followup,,
clinical.tsv,TCGA-BJ-A45F,cases.days_to_lost_to_followup,,
clinical.tsv,TCGA-EM-A22K,cases.days_to_lost_to_followup,,
clinical.tsv,TCGA-BJ-A2P4,cases.days_to_lost_to_followup,,
clinical.tsv,TCGA-EM-A22I,cases.days_to_lost_to_followup,,
clinical.tsv,TCGA-BJ-A0Z5,cases.days_to_lost_to_followup,,
clinical.tsv,TCGA-ET-A25I,cases.days_to_lost_to_followup,,
clinical.tsv,TCGA-EM-A1CW,cases.days_to_lost_to_followup,,
clinical.tsv,TCGA-EL-A3CP,cases.days_to_lost_to_followup,,
clinical.tsv,TCGA-ET-A25J,cases.days_to_lost_to_followup,,
clinical.tsv,TCGA-EM-A22Q,cases.days_to_lost_to_followup,,
clinical.tsv,TCGA-ET-A2N3,cases.days_to_lost_to_followup,,
clinical.tsv,TCGA-QD-A8IV,cases.days_to_lost_to_followup,,
clinical.tsv,TCGA-EM-A22N,cases.days_to_lost_to_followup,,
clinical.tsv,TCGA-EM-A1YE,cases.days_to_lost_to_followup,,
clinical.tsv,TCGA-FY-A4B3,cases.days_to_lost_to_followup,,
clinical.tsv,TCGA-DJ-A3UY,cases.days_to_lost_to_followup,,
clinical.tsv,TCGA-EL-A4K0,cases.days_to_lost_to_followup,,
clinical.tsv,TCGA-ET-A25R,cases.days_to_lost_to_followup,,
clinical.tsv,TCGA-ET-A25P,cases.days_to_lost_to_followup,,
clinical.tsv,TCGA-DJ-A2PU,cases.days_to_lost_to_followup,,
clinical.tsv,TCGA-CE-A3MD,cases.days_to_lost_to_followup,,
clinical.tsv,TCGA-DJ-A3VI,cases.days_to_lost_to_followup,,
clinical.tsv,TCGA-ET-A3DP,cases.days_to_lost_to_followup,,
clinical.tsv,TCGA-BJ-A2N9,cases.days_to_lost_to_followup,,
clinical.tsv,TCGA-EL-A3ZN,cases.days_to_lost_to_followup,,
clinical.tsv,TCGA-DE-A7U5,cases.days_to_lost_to_followup,,
clinical.tsv,TCGA-E8-A414,cases.days_to_lost_to_followup,,
clinical.tsv,TCGA-EM-A1CT,cases.days_to_lost_to_followup,,
clinical.tsv,TCGA-ET-A40T,cases.days_to_lost_to_followup,,
clinical.tsv,TCGA-ET-A3BW,cases.days_to_lost_to_followup,,
clinical.tsv,TCGA-DJ-A2PR,cases.days_to_lost_to_followup,,
clinical.tsv,TCGA-ET-A39I,cases.days_to_lost_to_followup,,
clinical.tsv,TCGA-EL-A3H3,cases.days_to_lost_to_followup,,
clinical.tsv,TCGA-DJ-A13W,cases.days_to_lost_to_followup,,
clinical.tsv,TCGA-EL-A4JZ,cases.days_to_lost_to_followup,,
clinical.tsv,TCGA-ET-A3BU,cases.days_to_lost_to_followup,,
clinical.tsv,TCGA-E8-A433,cases.days_to_lost_to_followup,,
clinical.tsv,TCGA-EM-A1CU,cases.days_to_lost_to_followup,,
clinical.tsv,TCGA-EL-A3GQ,cases.days_to_lost_to_followup,,
clinical.tsv,TCGA-ET-A2MZ,cases.days_to_lost_to_followup,,
clinical.tsv,TCGA-J8-A3O0,cases.days_to_lost_to_followup,,
clinical.tsv,TCGA-FY-A3WA,cases.days_to_lost_to_followup,,
clinical.tsv,TCGA-ET-A3DS,cases.days_to_lost_to_followup,,
clinical.tsv,TCGA-DJ-A3UW,cases.days_to_lost_to_followup,,
clinical.tsv,TCGA-DJ-A2PV,cases.days_to_lost_to_followup,,
clinical.tsv,TCGA-FK-A3SD,cases.days_to_lost_to_followup,,
clinical.tsv,TCGA-DJ-A3V3,cases.days_to_lost_to_followup,,
clinical.tsv,TCGA-DJ-A3UN,cases.days_to_lost_to_followup,,
clinical.tsv,TCGA-EL-A4JX,cases.days_to_lost_to_followup,,
clinical.tsv,TCGA-DJ-A3US,cases.days_to_lost_to_followup,,
clinical.tsv,TCGA-DJ-A13O,cases.days_to_lost_to_followup,,
clinical.tsv,TCGA-DJ-A4UL,cases.days_to_lost_to_followup,,
clinical.tsv,TCGA-ET-A39T,cases.days_to_lost_to_followup,,
clinical.tsv,TCGA-DJ-A2Q7,cases.days_to_lost_to_followup,,
clinical.tsv,TCGA-DJ-A3V2,cases.days_to_lost_to_followup,,
clinical.tsv,TCGA-ET-A40P,cases.days_to_lost_to_followup,,
clinical.tsv,TCGA-CE-A483,cases.days_to_lost_to_followup,,
clinical.tsv,TCGA-IM-A3U2,cases.days_to_lost_to_followup,,
clinical.tsv,TCGA-E8-A416,cases.days_to_lost_to_followup,,
clinical.tsv,TCGA-BJ-A0Z9,cases.days_to_lost_to_followup,,
clinical.tsv,TCGA-FK-A3SB,cases.days_to_lost_to_followup,,
clinical.tsv,TCGA-ET-A3BX,cases.days_to_lost_to_followup,,
clinical.tsv,TCGA-DJ-A2Q0,cases.days_to_lost_to_followup,,
clinical.tsv,TCGA-BJ-A0ZF,cases.days_to_lost_to_followup,,
clinical.tsv,TCGA-FY-A3R6,cases.days_to_lost_to_followup,,
clinical.tsv,TCGA-EL-A3CX,cases.days_to_lost_to_followup,,
clinical.tsv,TCGA-E8-A417,cases.days_to_lost_to_followup,,
clinical.tsv,TCGA-EL-A3T1,cases.days_to_lost_to_followup,,
clinical.tsv,TCGA-E8-A2EA,cases.days_to_lost_to_followup,,
clinical.tsv,TCGA-ET-A39R,cases.days_to_lost_to_followup,,
clinical.tsv,TCGA-CE-A485,cases.days_to_lost_to_followup,,
clinical.tsv,TCGA-DJ-A3UT,cases.days_to_lost_to_followup,,
clinical.tsv,TCGA-ET-A3DT,cases.days_to_lost_to_followup,,
clinical.tsv,TCGA-ET-A3DR,cases.days_to_lost_to_followup,,
clinical.tsv,TCGA-CE-A13K,cases.days_to_lost_to_followup,,
clinical.tsv,TCGA-DJ-A2PX,cases.days_to_lost_to_followup,,
clinical.tsv,TCGA-DJ-A3UX,cases.days_to_lost_to_followup,,
clinical.tsv,TCGA-EL-A4K2,cases.days_to_lost_to_followup,,
clinical.tsv,TCGA-E8-A44K,cases.days_to_lost_to_followup,,
clinical.tsv,TCGA-BJ-A3F0,cases.days_to_lost_to_followup,,
clinical.tsv,TCGA-E8-A432,cases.days_to_lost_to_followup,,
clinical.tsv,TCGA-EL-A3GO,cases.days_to_lost_to_followup,,
clinical.tsv,TCGA-EL-A4K1,cases.days_to_lost_to_followup,,
clinical.tsv,TCGA-DJ-A3UZ,cases.days_to_lost_to_followup,,
clinical.tsv,TCGA-EL-A3CY,cases.days_to_lost_to_followup,,
clinical.tsv,TCGA-DJ-A4UT,cases.days_to_lost_to_followup,,
clinical.tsv,TCGA-DJ-A2QA,cases.days_to_lost_to_followup,,
clinical.tsv,TCGA-DJ-A4V4,cases.days_to_lost_to_followup,,
clinical.tsv,TCGA-DJ-A13M,cases.days_to_lost_to_followup,,
clinical.tsv,TCGA-BJ-A3EZ,cases.days_to_lost_to_followup,,
clinical.tsv,TCGA-DJ-A3VG,cases.days_to_lost_to_followup,,
clinical.tsv,TCGA-ET-A3BO,cases.days_to_lost_to_followup,,
clinical.tsv,TCGA-E8-A415,cases.days_to_lost_to_followup,,
clinical.tsv,TCGA-DJ-A3UR,cases.days_to_lost_to_followup,,
clinical.tsv,TCGA-ET-A40S,cases.days_to_lost_to_followup,,
clinical.tsv,TCGA-DJ-A13P,cases.days_to_lost_to_followup,,
clinical.tsv,TCGA-DJ-A3VL,cases.days_to_lost_to_followup,,
clinical.tsv,TCGA-DJ-A1QG,cases.days_to_lost_to_followup,,
clinical.tsv,TCGA-ET-A39O,cases.days_to_lost_to_followup,,
clinical.tsv,TCGA-DJ-A3UM,cases.days_to_lost_to_followup,,
clinical.tsv,TCGA-E8-A413,cases.days_to_lost_to_followup,,
clinical.tsv,TCGA-DJ-A3UK,cases.days_to_lost_to_followup,,
clinical.tsv,TCGA-DJ-A1QD,cases.days_to_lost_to_followup,,
clinical.tsv,TCGA-EL-A4K7,cases.days_to_lost_to_followup,,
clinical.tsv,TCGA-EL-A4KG,cases.days_to_lost_to_followup,,
clinical.tsv,TCGA-IM-A3U3,cases.days_to_lost_to_followup,,
clinical.tsv,TCGA-EL-A3GP,cases.days_to_lost_to_followup,,
clinical.tsv,TCGA-CE-A3ME,cases.days_to_lost_to_followup,,
clinical.tsv,TCGA-E8-A436,cases.days_to_lost_to_followup,,
clinical.tsv,TCGA-DJ-A3VE,cases.days_to_lost_to_followup,,
clinical.tsv,TCGA-4C-A93U,cases.days_to_lost_to_followup,,
clinical.tsv,TCGA-IM-A420,cases.days_to_lost_to_followup,,
clinical.tsv,TCGA-CE-A484,cases.days_to_lost_to_followup,,
clinical.tsv,TCGA-E8-A418,cases.days_to_lost_to_followup,,
clinical.tsv,TCGA-E8-A434,cases.days_to_lost_to_followup,,
clinical.tsv,TCGA-DJ-A2Q4,cases.days_to_lost_to_followup,,
clinical.tsv,TCGA-E8-A438,cases.days_to_lost_to_followup,,
clinical.tsv,TCGA-DJ-A3UV,cases.days_to_lost_to_followup,,
clinical.tsv,TCGA-ET-A3DQ,cases.days_to_lost_to_followup,,
clinical.tsv,TCGA-BJ-A0Z2,cases.days_to_lost_to_followup,,
clinical.tsv,TCGA-BJ-A2NA,cases.days_to_lost_to_followup,,
clinical.tsv,TCGA-EL-A3H8,cases.days_to_lost_to_followup,,
clinical.tsv,TCGA-EL-A3H7,cases.days_to_lost_to_followup,,
clinical.tsv,TCGA-BJ-A3PR,cases.days_to_lost_to_followup,,
clinical.tsv,TCGA-DJ-A2PY,cases.days_to_lost_to_followup,,
clinical.tsv,TCGA-DJ-A4V0,cases.days_to_lost_to_followup,,
clinical.tsv,TCGA-EL-A3CW,cases.days_to_lost_to_followup,,
clinical.tsv,TCGA-DJ-A2PP,cases.days_to_lost_to_followup,,
clinical.tsv,TCGA-DJ-A13T,cases.days_to_lost_to_followup,,
clinical.tsv,TCGA-E8-A437,cases.days_to_lost_to_followup,,
clinical.tsv,TCGA-DJ-A2QC,cases.days_to_lost_to_followup,,
clinical.tsv,TCGA-DJ-A1QN,cases.days_to_lost_to_followup,,
clinical.tsv,TCGA-EL-A3CR,cases.days_to_lost_to_followup,,
clinical.tsv,TCGA-DJ-A3VA,cases.days_to_lost_to_followup,,
clinical.tsv,TCGA-ET-A4KQ,cases.days_to_lost_to_followup,,
clinical.tsv,TCGA-J8-A4HY,cases.days_to_lost_to_followup,,
clinical.tsv,TCGA-DJ-A1QM,cases.days_to_lost_to_followup,,
clinical.tsv,TCGA-BJ-A45E,cases.days_to_lost_to_followup,,
clinical.tsv,TCGA-DJ-A1QI,cases.days_to_lost_to_followup,,
clinical.tsv,TCGA-ET-A3BN,cases.days_to_lost_to_followup,,
clinical.tsv,TCGA-EL-A3CT,cases.days_to_lost_to_followup,,
clinical.tsv,TCGA-BJ-A28R,cases.days_to_lost_to_followup,,
clinical.tsv,TCGA-FY-A3TY,cases.days_to_lost_to_followup,,
clinical.tsv,TCGA-BJ-A28S,cases.days_to_lost_to_followup,,
clinical.tsv,TCGA-DJ-A2PZ,cases.days_to_lost_to_followup,,
clinical.tsv,TCGA-EL-A3CL,cases.days_to_lost_to_followup,,
clinical.tsv,TCGA-BJ-A2N8,cases.days_to_lost_to_followup,,
clinical.tsv,TCGA-DO-A2HM,cases.days_to_lost_to_followup,,
clinical.tsv,TCGA-FK-A3SG,cases.days_to_lost_to_followup,,
clinical.tsv,TCGA-BJ-A0ZJ,cases.days_to_lost_to_followup,,
clinical.tsv,TCGA-DJ-A13S,cases.days_to_lost_to_followup,,
clinical.tsv,TCGA-DJ-A1QQ,cases.days_to_lost_to_followup,,
clinical.tsv,TCGA-BJ-A0ZG,cases.days_to_lost_to_followup,,
clinical.tsv,TCGA-BJ-A28W,cases.days_to_lost_to_followup,,
clinical.tsv,TCGA-BJ-A28T,cases.days_to_lost_to_followup,,
clinical.tsv,TCGA-EL-A3T7,cases.days_to_lost_to_followup,,
clinical.tsv,TCGA-BJ-A192,cases.days_to_lost_to_followup,,
clinical.tsv,TCGA-BJ-A28V,cases.days_to_lost_to_followup,,
clinical.tsv,TCGA-FY-A3BL,cases.days_to_lost_to_followup,,
clinical.tsv,TCGA-DJ-A13L,cases.days_to_lost_to_followup,,
clinical.tsv,TCGA-BJ-A4O9,cases.days_to_lost_to_followup,,
clinical.tsv,TCGA-BJ-A291,cases.days_to_lost_to_followup,,
clinical.tsv,TCGA-DJ-A2PO,cases.days_to_lost_to_followup,,
clinical.tsv,TCGA-DJ-A4V2,cases.days_to_lost_to_followup,,
clinical.tsv,TCGA-DJ-A1QE,cases.days_to_lost_to_followup,,
clinical.tsv,TCGA-ET-A39S,cases.days_to_lost_to_followup,,
clinical.tsv,TCGA-DJ-A1QL,cases.days_to_lost_to_followup,,
clinical.tsv,TCGA-BJ-A45D,cases.days_to_lost_to_followup,,
clinical.tsv,TCGA-BJ-A0YZ,cases.days_to_lost_to_followup,,
clinical.tsv,TCGA-FY-A3NM,cases.days_to_lost_to_followup,,
clinical.tsv,TCGA-DJ-A2Q8,cases.days_to_lost_to_followup,,
clinical.tsv,TCGA-DJ-A2PN,cases.days_to_lost_to_followup,,
clinical.tsv,TCGA-EM-A3AL,cases.days_to_lost_to_followup,,
clinical.tsv,TCGA-EM-A4FK,cases.days_to_lost_to_followup,,
clinical.tsv,TCGA-EM-A3SZ,cases.days_to_lost_to_followup,,
clinical.tsv,TCGA-EM-A3AP,cases.days_to_lost_to_followup,,
clinical.tsv,TCGA-EM-A2OZ,cases.days_to_lost_to_followup,,
clinical.tsv,TCGA-EM-A2CR,cases.days_to_lost_to_followup,,
clinical.tsv,TCGA-EM-A3OA,cases.days_to_lost_to_followup,,
clinical.tsv,TCGA-EM-A2CL,cases.days_to_lost_to_followup,,
clinical.tsv,TCGA-EM-A2CP,cases.days_to_lost_to_followup,,
clinical.tsv,TCGA-DJ-A13X,cases.days_to_lost_to_followup,,
clinical.tsv,TCGA-EM-A3AK,cases.days_to_lost_to_followup,,
clinical.tsv,TCGA-EM-A3FN,cases.days_to_lost_to_followup,,
clinical.tsv,TCGA-J8-A42S,cases.days_to_lost_to_followup,,
clinical.tsv,TCGA-EM-A4FV,cases.days_to_lost_to_followup,,
clinical.tsv,TCGA-BJ-A0ZC,cases.days_to_lost_to_followup,,
clinical.tsv,TCGA-EM-A2CQ,cases.days_to_lost_to_followup,,
clinical.tsv,TCGA-CE-A27D,cases.days_to_lost_to_followup,,
clinical.tsv,TCGA-FY-A76V,cases.days_to_lost_to_followup,,
clinical.tsv,TCGA-BJ-A0ZH,cases.days_to_lost_to_followup,,
clinical.tsv,TCGA-EL-A3T9,cases.days_to_lost_to_followup,,
clinical.tsv,TCGA-BJ-A45K,cases.days_to_lost_to_followup,,
clinical.tsv,TCGA-EM-A3OB,cases.days_to_lost_to_followup,,
clinical.tsv,TCGA-EM-A3SY,cases.days_to_lost_to_followup,,
clinical.tsv,TCGA-EM-A3O8,cases.days_to_lost_to_followup,,
clinical.tsv,TCGA-EM-A2OW,cases.days_to_lost_to_followup,,
clinical.tsv,TCGA-FY-A3R7,cases.days_to_lost_to_followup,,
clinical.tsv,TCGA-EM-A2CT,cases.days_to_lost_to_followup,,
clinical.tsv,TCGA-EM-A2P3,cases.days_to_lost_to_followup,,
clinical.tsv,TCGA-EM-A4G1,cases.days_to_lost_to_followup,,
clinical.tsv,TCGA-ET-A39L,cases.days_to_lost_to_followup,,
clinical.tsv,TCGA-EM-A2CJ,cases.days_to_lost_to_followup,,
clinical.tsv,TCGA-EM-A3AQ,cases.days_to_lost_to_followup,,
clinical.tsv,TCGA-DJ-A1QF,cases.days_to_lost_to_followup,,
clinical.tsv,TCGA-ET-A3BQ,cases.days_to_lost_to_followup,,
clinical.tsv,TCGA-EM-A1CV,cases.days_to_lost_to_followup,,
clinical.tsv,TCGA-EM-A1YD,cases.days_to_lost_to_followup,,
clinical.tsv,TCGA-EM-A22L,cases.days_to_lost_to_followup,,
clinical.tsv,TCGA-EM-A1CS,cases.days_to_lost_to_followup,,
clinical.tsv,TCGA-FY-A3I5,cases.days_to_lost_to_followup,,
clinical.tsv,TCGA-FY-A3NN,cases.days_to_lost_to_followup,,
clinical.tsv,TCGA-FY-A2QD,cases.days_to_lost_to_followup,,
clinical.tsv,TCGA-FE-A236,cases.index_date,Diagnosis,
clinical.tsv,TCGA-FE-A232,cases.index_date,Diagnosis,
clinical.tsv,TCGA-FE-A231,cases.index_date,Diagnosis,
clinical.tsv,TCGA-FE-A237,cases.index_date,Diagnosis,
clinical.tsv,TCGA-FE-A230,cases.index_date,Diagnosis,
clinical.tsv,TCGA-FE-A235,cases.index_date,Diagnosis,
clinical.tsv,TCGA-FE-A238,cases.index_date,Diagnosis,
clinical.tsv,TCGA-FE-A234,cases.index_date,Diagnosis,
clinical.tsv,TCGA-FE-A233,cases.index_date,Diagnosis,
clinical.tsv,TCGA-FE-A239,cases.index_date,Diagnosis,
clinical.tsv,TCGA-FE-A23A,cases.index_date,Diagnosis,
clinical.tsv,TCGA-DJ-A2Q9,cases.index_date,Diagnosis,
clinical.tsv,TCGA-DE-A3KN,cases.index_date,Diagnosis,
clinical.tsv,TCGA-ET-A3DO,cases.index_date,Diagnosis,
clinical.tsv,TCGA-DJ-A2Q5,cases.index_date,Diagnosis,
clinical.tsv,TCGA-EL-A3ZH,cases.index_date,Diagnosis,
clinical.tsv,TCGA-DO-A1JZ,cases.index_date,Diagnosis,
clinical.tsv,TCGA-ET-A39J,cases.index_date,Diagnosis,
clinical.tsv,TCGA-DJ-A3VM,cases.index_date,Diagnosis,
clinical.tsv,TCGA-MK-A4N9,cases.index_date,Diagnosis,
clinical.tsv,TCGA-DJ-A4UP,cases.index_date,Diagnosis,
clinical.tsv,TCGA-DJ-A4UQ,cases.index_date,Diagnosis,
clinical.tsv,TCGA-EL-A3ZG,cases.index_date,Diagnosis,
clinical.tsv,TCGA-DJ-A3V9,cases.index_date,Diagnosis,
clinical.tsv,TCGA-EL-A3ZQ,cases.index_date,Diagnosis,
clinical.tsv,TCGA-DJ-A3V4,cases.index_date,Diagnosis,
clinical.tsv,TCGA-DJ-A3UQ,cases.index_date,Diagnosis,
clinical.tsv,TCGA-DJ-A2PT,cases.index_date,Diagnosis,
clinical.tsv,TCGA-IM-A3EB,cases.index_date,Diagnosis,
clinical.tsv,TCGA-DE-A0XZ,cases.index_date,Diagnosis,
clinical.tsv,TCGA-ET-A3DW,cases.index_date,Diagnosis,
clinical.tsv,TCGA-ET-A39P,cases.index_date,Diagnosis,
clinical.tsv,TCGA-DJ-A3UU,cases.index_date,Diagnosis,
clinical.tsv,TCGA-FY-A3ON,cases.index_date,Diagnosis,
clinical.tsv,TCGA-DE-A4MB,cases.index_date,Diagnosis,
clinical.tsv,TCGA-EL-A4JW,cases.index_date,Diagnosis,
clinical.tsv,TCGA-EL-A4K6,cases.index_date,Diagnosis,
clinical.tsv,TCGA-EM-A2OV,cases.index_date,Diagnosis,
clinical.tsv,TCGA-E3-A3DZ,cases.index_date,Diagnosis,
clinical.tsv,TCGA-FY-A4B4,cases.index_date,Diagnosis,
clinical.tsv,TCGA-E3-A3E3,cases.index_date,Diagnosis,
clinical.tsv,TCGA-EL-A3T3,cases.index_date,Diagnosis,
clinical.tsv,TCGA-EM-A22O,cases.index_date,Diagnosis,
clinical.tsv,TCGA-FY-A4B0,cases.index_date,Diagnosis,
clinical.tsv,TCGA-ET-A39K,cases.index_date,Diagnosis,
clinical.tsv,TCGA-EL-A4JV,cases.index_date,Diagnosis,
clinical.tsv,TCGA-DJ-A3V6,cases.index_date,Diagnosis,
clinical.tsv,TCGA-FK-A3S3,cases.index_date,Diagnosis,
clinical.tsv,TCGA-FE-A22Z,cases.index_date,Diagnosis,
clinical.tsv,TCGA-FK-A4UB,cases.index_date,Diagnosis,
clinical.tsv,TCGA-FY-A3W9,cases.index_date,Diagnosis,
clinical.tsv,TCGA-DE-A69K,cases.index_date,Diagnosis,
clinical.tsv,TCGA-DE-A4MC,cases.index_date,Diagnosis,
clinical.tsv,TCGA-DE-A4M9,cases.index_date,Diagnosis,
clinical.tsv,TCGA-DJ-A4V5,cases.index_date,Diagnosis,
clinical.tsv,TCGA-ET-A39N,cases.index_date,Diagnosis,
clinical.tsv,TCGA-DE-A4MA,cases.index_date,Diagnosis,
clinical.tsv,TCGA-EL-A4K9,cases.index_date,Diagnosis,
clinical.tsv,TCGA-DJ-A13U,cases.index_date,Diagnosis,
clinical.tsv,TCGA-DJ-A3V7,cases.index_date,Diagnosis,
clinical.tsv,TCGA-EL-A3T6,cases.index_date,Diagnosis,
clinical.tsv,TCGA-E3-A3E5,cases.index_date,Diagnosis,
clinical.tsv,TCGA-IM-A41Z,cases.index_date,Diagnosis,
clinical.tsv,TCGA-DJ-A3VK,cases.index_date,Diagnosis,
clinical.tsv,TCGA-EL-A3ZR,cases.index_date,Diagnosis,
clinical.tsv,TCGA-DJ-A4UW,cases.index_date,Diagnosis,
clinical.tsv,TCGA-L6-A4EP,cases.index_date,Diagnosis,
clinical.tsv,TCGA-DE-A69J,cases.index_date,Diagnosis,
clinical.tsv,TCGA-DJ-A2PS,cases.index_date,Diagnosis,
clinical.tsv,TCGA-EL-A3TB,cases.index_date,Diagnosis,
clinical.tsv,TCGA-E8-A419,cases.index_date,Diagnosis,
clinical.tsv,TCGA-DJ-A3V8,cases.index_date,Diagnosis,
clinical.tsv,TCGA-DE-A4M8,cases.index_date,Diagnosis,
clinical.tsv,TCGA-DJ-A3VF,cases.index_date,Diagnosis,
clinical.tsv,TCGA-DJ-A2Q3,cases.index_date,Diagnosis,
clinical.tsv,TCGA-DJ-A2Q6,cases.index_date,Diagnosis,
clinical.tsv,TCGA-FK-A3SE,cases.index_date,Diagnosis,
clinical.tsv,TCGA-ET-A3DV,cases.index_date,Diagnosis,
clinical.tsv,TCGA-L6-A4EU,cases.index_date,Diagnosis,
clinical.tsv,TCGA-DJ-A2QB,cases.index_date,Diagnosis,
clinical.tsv,TCGA-DO-A1K0,cases.index_date,Diagnosis,
clinical.tsv,TCGA-ET-A3DU,cases.index_date,Diagnosis,
clinical.tsv,TCGA-DJ-A4UR,cases.index_date,Diagnosis,
clinical.tsv,TCGA-ET-A3BS,cases.index_date,Diagnosis,
clinical.tsv,TCGA-EL-A3GW,cases.index_date,Diagnosis,
clinical.tsv,TCGA-DE-A4MD,cases.index_date,Diagnosis,
clinical.tsv,TCGA-DJ-A2PW,cases.index_date,Diagnosis,
clinical.tsv,TCGA-L6-A4EQ,cases.index_date,Diagnosis,
clinical.tsv,TCGA-DJ-A3UO,cases.index_date,Diagnosis,
clinical.tsv,TCGA-ET-A3BT,cases.index_date,Diagnosis,
clinical.tsv,TCGA-DJ-A3VD,cases.index_date,Diagnosis,
clinical.tsv,TCGA-MK-A4N6,cases.index_date,Diagnosis,
clinical.tsv,TCGA-EL-A3H4,cases.index_date,Diagnosis,
clinical.tsv,TCGA-L6-A4ET,cases.index_date,Diagnosis,
clinical.tsv,TCGA-DJ-A2Q1,cases.index_date,Diagnosis,
clinical.tsv,TCGA-FK-A3SH,cases.index_date,Diagnosis,
clinical.tsv,TCGA-DJ-A3VJ,cases.index_date,Diagnosis,
clinical.tsv,TCGA-E3-A3E2,cases.index_date,Diagnosis,
clinical.tsv,TCGA-MK-A4N7,cases.index_date,Diagnosis,
clinical.tsv,TCGA-DJ-A1QO,cases.index_date,Diagnosis,
clinical.tsv,TCGA-E8-A3X7,cases.index_date,Diagnosis,
clinical.tsv,TCGA-DJ-A1QH,cases.index_date,Diagnosis,
clinical.tsv,TCGA-J8-A3O1,cases.index_date,Diagnosis,
clinical.tsv,TCGA-EL-A3N3,cases.index_date,Diagnosis,
clinical.tsv,TCGA-J8-A3YF,cases.index_date,Diagnosis,
clinical.tsv,TCGA-FY-A3NP,cases.index_date,Diagnosis,
clinical.tsv,TCGA-J8-A3O2,cases.index_date,Diagnosis,
clinical.tsv,TCGA-FE-A3PB,cases.index_date,Diagnosis,
clinical.tsv,TCGA-FE-A3PA,cases.index_date,Diagnosis,
clinical.tsv,TCGA-EL-A4KI,cases.index_date,Diagnosis,
clinical.tsv,TCGA-MK-A84Z,cases.index_date,Diagnosis,
clinical.tsv,TCGA-EL-A3GS,cases.index_date,Diagnosis,
clinical.tsv,TCGA-ET-A40R,cases.index_date,Diagnosis,
clinical.tsv,TCGA-DJ-A3UP,cases.index_date,Diagnosis,
clinical.tsv,TCGA-EL-A4K4,cases.index_date,Diagnosis,
clinical.tsv,TCGA-EL-A3N2,cases.index_date,Diagnosis,
clinical.tsv,TCGA-IM-A4EB,cases.index_date,Diagnosis,
clinical.tsv,TCGA-EL-A3ZK,cases.index_date,Diagnosis,
clinical.tsv,TCGA-DJ-A13R,cases.index_date,Diagnosis,
clinical.tsv,TCGA-FY-A40L,cases.index_date,Diagnosis,
clinical.tsv,TCGA-EL-A3H5,cases.index_date,Diagnosis,
clinical.tsv,TCGA-J8-A3NZ,cases.index_date,Diagnosis,
clinical.tsv,TCGA-EL-A3CN,cases.index_date,Diagnosis,
clinical.tsv,TCGA-BJ-A3PU,cases.index_date,Diagnosis,
clinical.tsv,TCGA-IM-A41Y,cases.index_date,Diagnosis,
clinical.tsv,TCGA-FY-A3RA,cases.index_date,Diagnosis,
clinical.tsv,TCGA-EL-A3D4,cases.index_date,Diagnosis,
clinical.tsv,TCGA-EL-A4KH,cases.index_date,Diagnosis,
clinical.tsv,TCGA-DE-A0Y2,cases.index_date,Diagnosis,
clinical.tsv,TCGA-ET-A40Q,cases.index_date,Diagnosis,
clinical.tsv,TCGA-FY-A40M,cases.index_date,Diagnosis,
clinical.tsv,TCGA-EL-A3MY,cases.index_date,Diagnosis,
clinical.tsv,TCGA-DE-A2OL,cases.index_date,Diagnosis,
clinical.tsv,TCGA-ET-A2N5,cases.index_date,Diagnosis,
clinical.tsv,TCGA-EL-A3GX,cases.index_date,Diagnosis,
clinical.tsv,TCGA-EL-A3T0,cases.index_date,Diagnosis,
clinical.tsv,TCGA-FY-A40K,cases.index_date,Diagnosis,
clinical.tsv,TCGA-ET-A3BP,cases.index_date,Diagnosis,
clinical.tsv,TCGA-EL-A3T8,cases.index_date,Diagnosis,
clinical.tsv,TCGA-DJ-A13V,cases.index_date,Diagnosis,
clinical.tsv,TCGA-BJ-A45C,cases.index_date,Diagnosis,
clinical.tsv,TCGA-EL-A3ZS,cases.index_date,Diagnosis,
clinical.tsv,TCGA-EL-A3GR,cases.index_date,Diagnosis,
clinical.tsv,TCGA-DJ-A3VB,cases.index_date,Diagnosis,
clinical.tsv,TCGA-BJ-A28X,cases.index_date,Diagnosis,
clinical.tsv,TCGA-EL-A4KD,cases.index_date,Diagnosis,
clinical.tsv,TCGA-DJ-A3V0,cases.index_date,Diagnosis,
clinical.tsv,TCGA-EL-A3D1,cases.index_date,Diagnosis,
clinical.tsv,TCGA-H2-A3RI,cases.index_date,Diagnosis,
clinical.tsv,TCGA-DE-A0Y3,cases.index_date,Diagnosis,
clinical.tsv,TCGA-BJ-A45I,cases.index_date,Diagnosis,
clinical.tsv,TCGA-FY-A3R8,cases.index_date,Diagnosis,
clinical.tsv,TCGA-FY-A3I4,cases.index_date,Diagnosis,
clinical.tsv,TCGA-FY-A3YR,cases.index_date,Diagnosis,
clinical.tsv,TCGA-EL-A3TA,cases.index_date,Diagnosis,
clinical.tsv,TCGA-EL-A3GU,cases.index_date,Diagnosis,
clinical.tsv,TCGA-EL-A3ZL,cases.index_date,Diagnosis,
clinical.tsv,TCGA-ET-A2N1,cases.index_date,Diagnosis,
clinical.tsv,TCGA-EL-A3GV,cases.index_date,Diagnosis,
clinical.tsv,TCGA-EL-A3D5,cases.index_date,Diagnosis,
clinical.tsv,TCGA-EL-A3ZP,cases.index_date,Diagnosis,
clinical.tsv,TCGA-DJ-A2PQ,cases.index_date,Diagnosis,
clinical.tsv,TCGA-E8-A2JQ,cases.index_date,Diagnosis,
clinical.tsv,TCGA-EL-A3CV,cases.index_date,Diagnosis,
clinical.tsv,TCGA-EM-A1YC,cases.index_date,Diagnosis,
clinical.tsv,TCGA-BJ-A4O8,cases.index_date,Diagnosis,
clinical.tsv,TCGA-EM-A4FM,cases.index_date,Diagnosis,
clinical.tsv,TCGA-EL-A3GY,cases.index_date,Diagnosis,
clinical.tsv,TCGA-EL-A3D6,cases.index_date,Diagnosis,
clinical.tsv,TCGA-ET-A2N0,cases.index_date,Diagnosis,
clinical.tsv,TCGA-EL-A3CM,cases.index_date,Diagnosis,
clinical.tsv,TCGA-EM-A3O3,cases.index_date,Diagnosis,
clinical.tsv,TCGA-CE-A481,cases.index_date,Diagnosis,
clinical.tsv,TCGA-ET-A25K,cases.index_date,Diagnosis,
clinical.tsv,TCGA-EL-A3GZ,cases.index_date,Diagnosis,
clinical.tsv,TCGA-EL-A3ZO,cases.index_date,Diagnosis,
clinical.tsv,TCGA-BJ-A290,cases.index_date,Diagnosis,
clinical.tsv,TCGA-ET-A25L,cases.index_date,Diagnosis,
clinical.tsv,TCGA-KS-A4IC,cases.index_date,Diagnosis,
clinical.tsv,TCGA-J8-A3YD,cases.index_date,Diagnosis,
clinical.tsv,TCGA-EM-A4FQ,cases.index_date,Diagnosis,
clinical.tsv,TCGA-KS-A4I9,cases.index_date,Diagnosis,
clinical.tsv,TCGA-EL-A3D0,cases.index_date,Diagnosis,
clinical.tsv,TCGA-EL-A3ZT,cases.index_date,Diagnosis,
clinical.tsv,TCGA-EM-A3AI,cases.index_date,Diagnosis,
clinical.tsv,TCGA-BJ-A28Z,cases.index_date,Diagnosis,
clinical.tsv,TCGA-KS-A4I1,cases.index_date,Diagnosis,
clinical.tsv,TCGA-EM-A3AR,cases.index_date,Diagnosis,
clinical.tsv,TCGA-EM-A2CS,cases.index_date,Diagnosis,
clinical.tsv,TCGA-ET-A4KN,cases.index_date,Diagnosis,
clinical.tsv,TCGA-EL-A3H2,cases.index_date,Diagnosis,
clinical.tsv,TCGA-BJ-A45H,cases.index_date,Diagnosis,
clinical.tsv,TCGA-ET-A25M,cases.index_date,Diagnosis,
clinical.tsv,TCGA-H2-A422,cases.index_date,Diagnosis,
clinical.tsv,TCGA-EM-A2OX,cases.index_date,Diagnosis,
clinical.tsv,TCGA-J8-A3YG,cases.index_date,Diagnosis,
clinical.tsv,TCGA-DJ-A2Q2,cases.index_date,Diagnosis,
clinical.tsv,TCGA-CE-A482,cases.index_date,Diagnosis,
clinical.tsv,TCGA-FE-A3PC,cases.index_date,Diagnosis,
clinical.tsv,TCGA-BJ-A45G,cases.index_date,Diagnosis,
clinical.tsv,TCGA-ET-A25O,cases.index_date,Diagnosis,
clinical.tsv,TCGA-J8-A3YE,cases.index_date,Diagnosis,
clinical.tsv,TCGA-EL-A3CZ,cases.index_date,Diagnosis,
clinical.tsv,TCGA-KS-A4IB,cases.index_date,Diagnosis,
clinical.tsv,TCGA-E3-A3DY,cases.index_date,Diagnosis,
clinical.tsv,TCGA-KS-A4I7,cases.index_date,Diagnosis,
clinical.tsv,TCGA-ET-A25G,cases.index_date,Diagnosis,
clinical.tsv,TCGA-KS-A4I5,cases.index_date,Diagnosis,
clinical.tsv,TCGA-ET-A39M,cases.index_date,Diagnosis,
clinical.tsv,TCGA-EL-A3MX,cases.index_date,Diagnosis,
clinical.tsv,TCGA-ET-A2MY,cases.index_date,Diagnosis,
clinical.tsv,TCGA-ET-A25N,cases.index_date,Diagnosis,
clinical.tsv,TCGA-EL-A3MZ,cases.index_date,Diagnosis,
clinical.tsv,TCGA-KS-A4I3,cases.index_date,Diagnosis,
clinical.tsv,TCGA-EL-A3CO,cases.index_date,Diagnosis,
clinical.tsv,TCGA-H2-A3RH,cases.index_date,Diagnosis,
clinical.tsv,TCGA-EL-A3ZM,cases.index_date,Diagnosis,
clinical.tsv,TCGA-BJ-A18Z,cases.index_date,Diagnosis,
clinical.tsv,TCGA-EM-A22P,cases.index_date,Diagnosis,
clinical.tsv,TCGA-H2-A2K9,cases.index_date,Diagnosis,
clinical.tsv,TCGA-E8-A44M,cases.index_date,Diagnosis,
clinical.tsv,TCGA-BJ-A0Z3,cases.index_date,Diagnosis,
clinical.tsv,TCGA-EM-A3O6,cases.index_date,Diagnosis,
clinical.tsv,TCGA-FE-A3PD,cases.index_date,Diagnosis,
clinical.tsv,TCGA-FY-A40N,cases.index_date,Diagnosis,
clinical.tsv,TCGA-EM-A4FH,cases.index_date,Diagnosis,
clinical.tsv,TCGA-KS-A41L,cases.index_date,Diagnosis,
clinical.tsv,TCGA-E8-A242,cases.index_date,Diagnosis,
clinical.tsv,TCGA-EM-A4FU,cases.index_date,Diagnosis,
clinical.tsv,TCGA-EM-A1YA,cases.index_date,Diagnosis,
clinical.tsv,TCGA-ET-A2MX,cases.index_date,Diagnosis,
clinical.tsv,TCGA-EM-A3AN,cases.index_date,Diagnosis,
clinical.tsv,TCGA-EM-A2CU,cases.index_date,Diagnosis,
clinical.tsv,TCGA-BJ-A45J,cases.index_date,Diagnosis,
clinical.tsv,TCGA-EL-A3CU,cases.index_date,Diagnosis,
clinical.tsv,TCGA-EM-A2P0,cases.index_date,Diagnosis,
clinical.tsv,TCGA-E3-A3E1,cases.index_date,Diagnosis,
clinical.tsv,TCGA-KS-A4ID,cases.index_date,Diagnosis,
clinical.tsv,TCGA-EL-A3T2,cases.index_date,Diagnosis,
clinical.tsv,TCGA-EL-A3CS,cases.index_date,Diagnosis,
clinical.tsv,TCGA-EL-A3H1,cases.index_date,Diagnosis,
clinical.tsv,TCGA-EM-A4FR,cases.index_date,Diagnosis,
clinical.tsv,TCGA-KS-A41F,cases.index_date,Diagnosis,
clinical.tsv,TCGA-EM-A22M,cases.index_date,Diagnosis,
clinical.tsv,TCGA-EM-A2P1,cases.index_date,Diagnosis,
clinical.tsv,TCGA-J8-A3YH,cases.index_date,Diagnosis,
clinical.tsv,TCGA-BJ-A0ZE,cases.index_date,Diagnosis,
clinical.tsv,TCGA-EM-A1YB,cases.index_date,Diagnosis,
clinical.tsv,TCGA-EM-A4FF,cases.index_date,Diagnosis,
clinical.tsv,TCGA-EM-A2P2,cases.index_date,Diagnosis,
clinical.tsv,TCGA-ET-A3BV,cases.index_date,Diagnosis,
clinical.tsv,TCGA-BJ-A2N7,cases.index_date,Diagnosis,
clinical.tsv,TCGA-IM-A3ED,cases.index_date,Diagnosis,
clinical.tsv,TCGA-EM-A2OY,cases.index_date,Diagnosis,
clinical.tsv,TCGA-EM-A3ST,cases.index_date,Diagnosis,
clinical.tsv,TCGA-EM-A3AJ,cases.index_date,Diagnosis,
clinical.tsv,TCGA-FY-A3R9,cases.index_date,Diagnosis,
clinical.tsv,TCGA-BJ-A0ZB,cases.index_date,Diagnosis,
clinical.tsv,TCGA-EM-A4FO,cases.index_date,Diagnosis,
clinical.tsv,TCGA-H2-A26U,cases.index_date,Diagnosis,
clinical.tsv,TCGA-EL-A3MW,cases.index_date,Diagnosis,
clinical.tsv,TCGA-EM-A4FN,cases.index_date,Diagnosis,
clinical.tsv,TCGA-J8-A4HW,cases.index_date,Diagnosis,
clinical.tsv,TCGA-EM-A3SU,cases.index_date,Diagnosis,
clinical.tsv,TCGA-EM-A3FQ,cases.index_date,Diagnosis,
clinical.tsv,TCGA-EM-A2CO,cases.index_date,Diagnosis,
clinical.tsv,TCGA-BJ-A190,cases.index_date,Diagnosis,
clinical.tsv,TCGA-EM-A3FK,cases.index_date,Diagnosis,
clinical.tsv,TCGA-EM-A3SX,cases.index_date,Diagnosis,
clinical.tsv,TCGA-EM-A3AO,cases.index_date,Diagnosis,
clinical.tsv,TCGA-KS-A41J,cases.index_date,Diagnosis,
clinical.tsv,TCGA-BJ-A191,cases.index_date,Diagnosis,
clinical.tsv,TCGA-BJ-A3PT,cases.index_date,Diagnosis,
clinical.tsv,TCGA-EM-A2CM,cases.index_date,Diagnosis,
clinical.tsv,TCGA-EM-A3FR,cases.index_date,Diagnosis,
clinical.tsv,TCGA-EM-A3O9,cases.index_date,Diagnosis,
clinical.tsv,TCGA-EM-A3O7,cases.index_date,Diagnosis,
clinical.tsv,TCGA-ET-A2N4,cases.index_date,Diagnosis,
clinical.tsv,TCGA-EM-A2CN,cases.index_date,Diagnosis,
clinical.tsv,TCGA-BJ-A0ZA,cases.index_date,Diagnosis,
clinical.tsv,TCGA-E3-A3E0,cases.index_date,Diagnosis,
clinical.tsv,TCGA-BJ-A0Z0,cases.index_date,Diagnosis,
clinical.tsv,TCGA-KS-A41I,cases.index_date,Diagnosis,
clinical.tsv,TCGA-EM-A2CK,cases.index_date,Diagnosis,
clinical.tsv,TCGA-DJ-A3V5,cases.index_date,Diagnosis,
clinical.tsv,TCGA-GE-A2C6,cases.index_date,Diagnosis,
clinical.tsv,TCGA-H2-A421,cases.index_date,Diagnosis,
clinical.tsv,TCGA-EM-A3FM,cases.index_date,Diagnosis,
clinical.tsv,TCGA-BJ-A18Y,cases.index_date,Diagnosis,
clinical.tsv,TCGA-EM-A3FO,cases.index_date,Diagnosis,
clinical.tsv,TCGA-EM-A3FP,cases.index_date,Diagnosis,
clinical.tsv,TCGA-EM-A22J,cases.index_date,Diagnosis,
clinical.tsv,TCGA-EM-A3FJ,cases.index_date,Diagnosis,
clinical.tsv,TCGA-EM-A3FL,cases.index_date,Diagnosis,
clinical.tsv,TCGA-BJ-A45F,cases.index_date,Diagnosis,
clinical.tsv,TCGA-EM-A22K,cases.index_date,Diagnosis,
clinical.tsv,TCGA-BJ-A2P4,cases.index_date,Diagnosis,
clinical.tsv,TCGA-EM-A22I,cases.index_date,Diagnosis,
clinical.tsv,TCGA-BJ-A0Z5,cases.index_date,Diagnosis,
clinical.tsv,TCGA-ET-A25I,cases.index_date,Diagnosis,
clinical.tsv,TCGA-EM-A1CW,cases.index_date,Diagnosis,
clinical.tsv,TCGA-EL-A3CP,cases.index_date,Diagnosis,
clinical.tsv,TCGA-ET-A25J,cases.index_date,Diagnosis,
clinical.tsv,TCGA-EM-A22Q,cases.index_date,Diagnosis,
clinical.tsv,TCGA-ET-A2N3,cases.index_date,Diagnosis,
clinical.tsv,TCGA-QD-A8IV,cases.index_date,Diagnosis,
clinical.tsv,TCGA-EM-A22N,cases.index_date,Diagnosis,
clinical.tsv,TCGA-EM-A1YE,cases.index_date,Diagnosis,
clinical.tsv,TCGA-FY-A4B3,cases.index_date,Diagnosis,
clinical.tsv,TCGA-DJ-A3UY,cases.index_date,Diagnosis,
clinical.tsv,TCGA-EL-A4K0,cases.index_date,Diagnosis,
clinical.tsv,TCGA-ET-A25R,cases.index_date,Diagnosis,
clinical.tsv,TCGA-ET-A25P,cases.index_date,Diagnosis,
clinical.tsv,TCGA-DJ-A2PU,cases.index_date,Diagnosis,
clinical.tsv,TCGA-CE-A3MD,cases.index_date,Diagnosis,
clinical.tsv,TCGA-DJ-A3VI,cases.index_date,Diagnosis,
clinical.tsv,TCGA-ET-A3DP,cases.index_date,Diagnosis,
clinical.tsv,TCGA-BJ-A2N9,cases.index_date,Diagnosis,
clinical.tsv,TCGA-EL-A3ZN,cases.index_date,Diagnosis,
clinical.tsv,TCGA-DE-A7U5,cases.index_date,Diagnosis,
clinical.tsv,TCGA-E8-A414,cases.index_date,Diagnosis,
clinical.tsv,TCGA-EM-A1CT,cases.index_date,Diagnosis,
clinical.tsv,TCGA-ET-A40T,cases.index_date,Diagnosis,
clinical.tsv,TCGA-ET-A3BW,cases.index_date,Diagnosis,
clinical.tsv,TCGA-DJ-A2PR,cases.index_date,Diagnosis,
clinical.tsv,TCGA-ET-A39I,cases.index_date,Diagnosis,
clinical.tsv,TCGA-EL-A3H3,cases.index_date,Diagnosis,
clinical.tsv,TCGA-DJ-A13W,cases.index_date,Diagnosis,
clinical.tsv,TCGA-EL-A4JZ,cases.index_date,Diagnosis,
clinical.tsv,TCGA-ET-A3BU,cases.index_date,Diagnosis,
clinical.tsv,TCGA-E8-A433,cases.index_date,Diagnosis,
clinical.tsv,TCGA-EM-A1CU,cases.index_date,Diagnosis,
clinical.tsv,TCGA-EL-A3GQ,cases.index_date,Diagnosis,
clinical.tsv,TCGA-ET-A2MZ,cases.index_date,Diagnosis,
clinical.tsv,TCGA-J8-A3O0,cases.index_date,Diagnosis,
clinical.tsv,TCGA-FY-A3WA,cases.index_date,Diagnosis,
clinical.tsv,TCGA-ET-A3DS,cases.index_date,Diagnosis,
clinical.tsv,TCGA-DJ-A3UW,cases.index_date,Diagnosis,
clinical.tsv,TCGA-DJ-A2PV,cases.index_date,Diagnosis,
clinical.tsv,TCGA-FK-A3SD,cases.index_date,Diagnosis,
clinical.tsv,TCGA-DJ-A3V3,cases.index_date,Diagnosis,
clinical.tsv,TCGA-DJ-A3UN,cases.index_date,Diagnosis,
clinical.tsv,TCGA-EL-A4JX,cases.index_date,Diagnosis,
clinical.tsv,TCGA-DJ-A3US,cases.index_date,Diagnosis,
clinical.tsv,TCGA-DJ-A13O,cases.index_date,Diagnosis,
clinical.tsv,TCGA-DJ-A4UL,cases.index_date,Diagnosis,
clinical.tsv,TCGA-ET-A39T,cases.index_date,Diagnosis,
clinical.tsv,TCGA-DJ-A2Q7,cases.index_date,Diagnosis,
clinical.tsv,TCGA-DJ-A3V2,cases.index_date,Diagnosis,
clinical.tsv,TCGA-ET-A40P,cases.index_date,Diagnosis,
clinical.tsv,TCGA-CE-A483,cases.index_date,Diagnosis,
clinical.tsv,TCGA-IM-A3U2,cases.index_date,Diagnosis,
clinical.tsv,TCGA-E8-A416,cases.index_date,Diagnosis,
clinical.tsv,TCGA-BJ-A0Z9,cases.index_date,Diagnosis,
clinical.tsv,TCGA-FK-A3SB,cases.index_date,Diagnosis,
clinical.tsv,TCGA-ET-A3BX,cases.index_date,Diagnosis,
clinical.tsv,TCGA-DJ-A2Q0,cases.index_date,Diagnosis,
clinical.tsv,TCGA-BJ-A0ZF,cases.index_date,Diagnosis,
clinical.tsv,TCGA-FY-A3R6,cases.index_date,Diagnosis,
clinical.tsv,TCGA-EL-A3CX,cases.index_date,Diagnosis,
clinical.tsv,TCGA-E8-A417,cases.index_date,Diagnosis,
clinical.tsv,TCGA-EL-A3T1,cases.index_date,Diagnosis,
clinical.tsv,TCGA-E8-A2EA,cases.index_date,Diagnosis,
clinical.tsv,TCGA-ET-A39R,cases.index_date,Diagnosis,
clinical.tsv,TCGA-CE-A485,cases.index_date,Diagnosis,
clinical.tsv,TCGA-DJ-A3UT,cases.index_date,Diagnosis,
clinical.tsv,TCGA-ET-A3DT,cases.index_date,Diagnosis,
clinical.tsv,TCGA-ET-A3DR,cases.index_date,Diagnosis,
clinical.tsv,TCGA-CE-A13K,cases.index_date,Diagnosis,
clinical.tsv,TCGA-DJ-A2PX,cases.index_date,Diagnosis,
clinical.tsv,TCGA-DJ-A3UX,cases.index_date,Diagnosis,
clinical.tsv,TCGA-EL-A4K2,cases.index_date,Diagnosis,
clinical.tsv,TCGA-E8-A44K,cases.index_date,Diagnosis,
clinical.tsv,TCGA-BJ-A3F0,cases.index_date,Diagnosis,
clinical.tsv,TCGA-E8-A432,cases.index_date,Diagnosis,
clinical.tsv,TCGA-EL-A3GO,cases.index_date,Diagnosis,
clinical.tsv,TCGA-EL-A4K1,cases.index_date,Diagnosis,
clinical.tsv,TCGA-DJ-A3UZ,cases.index_date,Diagnosis,
clinical.tsv,TCGA-EL-A3CY,cases.index_date,Diagnosis,
clinical.tsv,TCGA-DJ-A4UT,cases.index_date,Diagnosis,
clinical.tsv,TCGA-DJ-A2QA,cases.index_date,Diagnosis,
clinical.tsv,TCGA-DJ-A4V4,cases.index_date,Diagnosis,
clinical.tsv,TCGA-DJ-A13M,cases.index_date,Diagnosis,
clinical.tsv,TCGA-BJ-A3EZ,cases.index_date,Diagnosis,
clinical.tsv,TCGA-DJ-A3VG,cases.index_date,Diagnosis,
clinical.tsv,TCGA-ET-A3BO,cases.index_date,Diagnosis,
clinical.tsv,TCGA-E8-A415,cases.index_date,Diagnosis,
clinical.tsv,TCGA-DJ-A3UR,cases.index_date,Diagnosis,
clinical.tsv,TCGA-ET-A40S,cases.index_date,Diagnosis,
clinical.tsv,TCGA-DJ-A13P,cases.index_date,Diagnosis,
clinical.tsv,TCGA-DJ-A3VL,cases.index_date,Diagnosis,
clinical.tsv,TCGA-DJ-A1QG,cases.index_date,Diagnosis,
clinical.tsv,TCGA-ET-A39O,cases.index_date,Diagnosis,
clinical.tsv,TCGA-DJ-A3UM,cases.index_date,Diagnosis,
clinical.tsv,TCGA-E8-A413,cases.index_date,Diagnosis,
clinical.tsv,TCGA-DJ-A3UK,cases.index_date,Diagnosis,
clinical.tsv,TCGA-DJ-A1QD,cases.index_date,Diagnosis,
clinical.tsv,TCGA-EL-A4K7,cases.index_date,Diagnosis,
clinical.tsv,TCGA-EL-A4KG,cases.index_date,Diagnosis,
clinical.tsv,TCGA-IM-A3U3,cases.index_date,Diagnosis,
clinical.tsv,TCGA-EL-A3GP,cases.index_date,Diagnosis,
clinical.tsv,TCGA-CE-A3ME,cases.index_date,Diagnosis,
clinical.tsv,TCGA-E8-A436,cases.index_date,Diagnosis,
clinical.tsv,TCGA-DJ-A3VE,cases.index_date,Diagnosis,
clinical.tsv,TCGA-4C-A93U,cases.index_date,Diagnosis,
clinical.tsv,TCGA-IM-A420,cases.index_date,Diagnosis,
clinical.tsv,TCGA-CE-A484,cases.index_date,Diagnosis,
clinical.tsv,TCGA-E8-A418,cases.index_date,Diagnosis,
clinical.tsv,TCGA-E8-A434,cases.index_date,Diagnosis,
clinical.tsv,TCGA-DJ-A2Q4,cases.index_date,Diagnosis,
clinical.tsv,TCGA-E8-A438,cases.index_date,Diagnosis,
clinical.tsv,TCGA-DJ-A3UV,cases.index_date,Diagnosis,
clinical.tsv,TCGA-ET-A3DQ,cases.index_date,Diagnosis,
clinical.tsv,TCGA-BJ-A0Z2,cases.index_date,Diagnosis,
clinical.tsv,TCGA-BJ-A2NA,cases.index_date,Diagnosis,
clinical.tsv,TCGA-EL-A3H8,cases.index_date,Diagnosis,
clinical.tsv,TCGA-EL-A3H7,cases.index_date,Diagnosis,
clinical.tsv,TCGA-BJ-A3PR,cases.index_date,Diagnosis,
clinical.tsv,TCGA-DJ-A2PY,cases.index_date,Diagnosis,
clinical.tsv,TCGA-DJ-A4V0,cases.index_date,Diagnosis,
clinical.tsv,TCGA-EL-A3CW,cases.index_date,Diagnosis,
clinical.tsv,TCGA-DJ-A2PP,cases.index_date,Diagnosis,
clinical.tsv,TCGA-DJ-A13T,cases.index_date,Diagnosis,
clinical.tsv,TCGA-E8-A437,cases.index_date,Diagnosis,
clinical.tsv,TCGA-DJ-A2QC,cases.index_date,Diagnosis,
clinical.tsv,TCGA-DJ-A1QN,cases.index_date,Diagnosis,
clinical.tsv,TCGA-EL-A3CR,cases.index_date,Diagnosis,
clinical.tsv,TCGA-DJ-A3VA,cases.index_date,Diagnosis,
clinical.tsv,TCGA-ET-A4KQ,cases.index_date,Diagnosis,
clinical.tsv,TCGA-J8-A4HY,cases.index_date,Diagnosis,
clinical.tsv,TCGA-DJ-A1QM,cases.index_date,Diagnosis,
clinical.tsv,TCGA-BJ-A45E,cases.index_date,Diagnosis,
clinical.tsv,TCGA-DJ-A1QI,cases.index_date,Diagnosis,
clinical.tsv,TCGA-ET-A3BN,cases.index_date,Diagnosis,
clinical.tsv,TCGA-EL-A3CT,cases.index_date,Diagnosis,
clinical.tsv,TCGA-BJ-A28R,cases.index_date,Diagnosis,
clinical.tsv,TCGA-FY-A3TY,cases.index_date,Diagnosis,
clinical.tsv,TCGA-BJ-A28S,cases.index_date,Diagnosis,
clinical.tsv,TCGA-DJ-A2PZ,cases.index_date,Diagnosis,
clinical.tsv,TCGA-EL-A3CL,cases.index_date,Diagnosis,
clinical.tsv,TCGA-BJ-A2N8,cases.index_date,Diagnosis,
clinical.tsv,TCGA-DO-A2HM,cases.index_date,Diagnosis,
clinical.tsv,TCGA-FK-A3SG,cases.index_date,Diagnosis,
clinical.tsv,TCGA-BJ-A0ZJ,cases.index_date,Diagnosis,
clinical.tsv,TCGA-DJ-A13S,cases.index_date,Diagnosis,
clinical.tsv,TCGA-DJ-A1QQ,cases.index_date,Diagnosis,
clinical.tsv,TCGA-BJ-A0ZG,cases.index_date,Diagnosis,
clinical.tsv,TCGA-BJ-A28W,cases.index_date,Diagnosis,
clinical.tsv,TCGA-BJ-A28T,cases.index_date,Diagnosis,
clinical.tsv,TCGA-EL-A3T7,cases.index_date,Diagnosis,
clinical.tsv,TCGA-BJ-A192,cases.index_date,Diagnosis,
clinical.tsv,TCGA-BJ-A28V,cases.index_date,Diagnosis,
clinical.tsv,TCGA-FY-A3BL,cases.index_date,Diagnosis,
clinical.tsv,TCGA-DJ-A13L,cases.index_date,Diagnosis,
clinical.tsv,TCGA-BJ-A4O9,cases.index_date,Diagnosis,
clinical.tsv,TCGA-BJ-A291,cases.index_date,Diagnosis,
clinical.tsv,TCGA-DJ-A2PO,cases.index_date,Diagnosis,
clinical.tsv,TCGA-DJ-A4V2,cases.index_date,Diagnosis,
clinical.tsv,TCGA-DJ-A1QE,cases.index_date,Diagnosis,
clinical.tsv,TCGA-ET-A39S,cases.index_date,Diagnosis,
clinical.tsv,TCGA-DJ-A1QL,cases.index_date,Diagnosis,
clinical.tsv,TCGA-BJ-A45D,cases.index_date,Diagnosis,
clinical.tsv,TCGA-BJ-A0YZ,cases.index_date,Diagnosis,
clinical.tsv,TCGA-FY-A3NM,cases.index_date,Diagnosis,
clinical.tsv,TCGA-DJ-A2Q8,cases.index_date,Diagnosis,
clinical.tsv,TCGA-DJ-A2PN,cases.index_date,Diagnosis,
clinical.tsv,TCGA-EM-A3AL,cases.index_date,Diagnosis,
clinical.tsv,TCGA-EM-A4FK,cases.index_date,Diagnosis,
clinical.tsv,TCGA-EM-A3SZ,cases.index_date,Diagnosis,
clinical.tsv,TCGA-EM-A3AP,cases.index_date,Diagnosis,
clinical.tsv,TCGA-EM-A2OZ,cases.index_date,Diagnosis,
clinical.tsv,TCGA-EM-A2CR,cases.index_date,Diagnosis,
clinical.tsv,TCGA-EM-A3OA,cases.index_date,Diagnosis,
clinical.tsv,TCGA-EM-A2CL,cases.index_date,Diagnosis,
clinical.tsv,TCGA-EM-A2CP,cases.index_date,Diagnosis,
clinical.tsv,TCGA-DJ-A13X,cases.index_date,Diagnosis,
clinical.tsv,TCGA-EM-A3AK,cases.index_date,Diagnosis,
clinical.tsv,TCGA-EM-A3FN,cases.index_date,Diagnosis,
clinical.tsv,TCGA-J8-A42S,cases.index_date,Diagnosis,
clinical.tsv,TCGA-EM-A4FV,cases.index_date,Diagnosis,
clinical.tsv,TCGA-BJ-A0ZC,cases.index_date,Diagnosis,
clinical.tsv,TCGA-EM-A2CQ,cases.index_date,Diagnosis,
clinical.tsv,TCGA-CE-A27D,cases.index_date,Diagnosis,
clinical.tsv,TCGA-FY-A76V,cases.index_date,Diagnosis,
clinical.tsv,TCGA-BJ-A0ZH,cases.index_date,Diagnosis,
clinical.tsv,TCGA-EL-A3T9,cases.index_date,Diagnosis,
clinical.tsv,TCGA-BJ-A45K,cases.index_date,Diagnosis,
clinical.tsv,TCGA-EM-A3OB,cases.index_date,Diagnosis,
clinical.tsv,TCGA-EM-A3SY,cases.index_date,Diagnosis,
clinical.tsv,TCGA-EM-A3O8,cases.index_date,Diagnosis,
clinical.tsv,TCGA-EM-A2OW,cases.index_date,Diagnosis,
clinical.tsv,TCGA-FY-A3R7,cases.index_date,Diagnosis,
clinical.tsv,TCGA-EM-A2CT,cases.index_date,Diagnosis,
clinical.tsv,TCGA-EM-A2P3,cases.index_date,Diagnosis,
clinical.tsv,TCGA-EM-A4G1,cases.index_date,Diagnosis,
clinical.tsv,TCGA-ET-A39L,cases.index_date,Diagnosis,
clinical.tsv,TCGA-EM-A2CJ,cases.index_date,Diagnosis,
clinical.tsv,TCGA-EM-A3AQ,cases.index_date,Diagnosis,
clinical.tsv,TCGA-DJ-A1QF,cases.index_date,Diagnosis,
clinical.tsv,TCGA-ET-A3BQ,cases.index_date,Diagnosis,
clinical.tsv,TCGA-EM-A1CV,cases.index_date,Diagnosis,
clinical.tsv,TCGA-EM-A1YD,cases.index_date,Diagnosis,
clinical.tsv,TCGA-EM-A22L,cases.index_date,Diagnosis,
clinical.tsv,TCGA-EM-A1CS,cases.index_date,Diagnosis,
clinical.tsv,TCGA-FY-A3I5,cases.index_date,Diagnosis,
clinical.tsv,TCGA-FY-A3NN,cases.index_date,Diagnosis,
clinical.tsv,TCGA-FY-A2QD,cases.index_date,Diagnosis,
clinical.tsv,TCGA-FE-A236,demographic.days_to_birth,-12348,-12348.0
clinical.tsv,TCGA-FE-A232,demographic.days_to_birth,-16280,-16280.0
clinical.tsv,TCGA-FE-A231,demographic.days_to_birth,-25703,-25703.0
clinical.tsv,TCGA-FE-A237,demographic.days_to_birth,-7207,-7207.0
clinical.tsv,TCGA-FE-A230,demographic.days_to_birth,-10999,-10999.0
clinical.tsv,TCGA-FE-A235,demographic.days_to_birth,-9859,-9859.0
clinical.tsv,TCGA-FE-A238,demographic.days_to_birth,-13159,-13159.0
clinical.tsv,TCGA-FE-A234,demographic.days_to_birth,-9724,-9724.0
clinical.tsv,TCGA-FE-A233,demographic.days_to_birth,-6770,-6770.0
clinical.tsv,TCGA-FE-A239,demographic.days_to_birth,-30259,-30259.0
clinical.tsv,TCGA-FE-A23A,demographic.days_to_birth,-10177,-10177.0
clinical.tsv,TCGA-DJ-A2Q9,demographic.days_to_birth,-23951,-23951.0
clinical.tsv,TCGA-DE-A3KN,demographic.days_to_birth,-18098,-18098.0
clinical.tsv,TCGA-ET-A3DO,demographic.days_to_birth,-12158,-12158.0
clinical.tsv,TCGA-DJ-A2Q5,demographic.days_to_birth,-18727,-18727.0
clinical.tsv,TCGA-EL-A3ZH,demographic.days_to_birth,-15685,-15685.0
clinical.tsv,TCGA-DO-A1JZ,demographic.days_to_birth,-8551,-8551.0
clinical.tsv,TCGA-ET-A39J,demographic.days_to_birth,-8491,-8491.0
clinical.tsv,TCGA-DJ-A3VM,demographic.days_to_birth,-24896,-24896.0
clinical.tsv,TCGA-MK-A4N9,demographic.days_to_birth,-15255,-15255.0
clinical.tsv,TCGA-DJ-A4UP,demographic.days_to_birth,-5655,-5655.0
clinical.tsv,TCGA-DJ-A4UQ,demographic.days_to_birth,-22097,-22097.0
clinical.tsv,TCGA-EL-A3ZG,demographic.days_to_birth,-5612,-5612.0
clinical.tsv,TCGA-DJ-A3V9,demographic.days_to_birth,-18399,-18399.0
clinical.tsv,TCGA-EL-A3ZQ,demographic.days_to_birth,-28783,-28783.0
clinical.tsv,TCGA-DJ-A3V4,demographic.days_to_birth,-22218,-22218.0
clinical.tsv,TCGA-DJ-A3UQ,demographic.days_to_birth,-16545,-16545.0
clinical.tsv,TCGA-DJ-A2PT,demographic.days_to_birth,-25837,-25837.0
clinical.tsv,TCGA-IM-A3EB,demographic.days_to_birth,-11822,-11822.0
clinical.tsv,TCGA-DE-A0XZ,demographic.days_to_birth,-24020,-24020.0
clinical.tsv,TCGA-ET-A3DW,demographic.days_to_birth,-23603,-23603.0
clinical.tsv,TCGA-ET-A39P,demographic.days_to_birth,-26817,-26817.0
clinical.tsv,TCGA-DJ-A3UU,demographic.days_to_birth,-17919,-17919.0
clinical.tsv,TCGA-FY-A3ON,demographic.days_to_birth,-7403,-7403.0
clinical.tsv,TCGA-DE-A4MB,demographic.days_to_birth,-29011,-29011.0
clinical.tsv,TCGA-EL-A4JW,demographic.days_to_birth,-13928,-13928.0
clinical.tsv,TCGA-EL-A4K6,demographic.days_to_birth,-27416,-27416.0
clinical.tsv,TCGA-EM-A2OV,demographic.days_to_birth,-23656,-23656.0
clinical.tsv,TCGA-E3-A3DZ,demographic.days_to_birth,-20251,-20251.0
clinical.tsv,TCGA-FY-A4B4,demographic.days_to_birth,-22830,-22830.0
clinical.tsv,TCGA-E3-A3E3,demographic.days_to_birth,-18140,-18140.0
clinical.tsv,TCGA-EL-A3T3,demographic.days_to_birth,-23043,-23043.0
clinical.tsv,TCGA-EM-A22O,demographic.days_to_birth,-27758,-27758.0
clinical.tsv,TCGA-FY-A4B0,demographic.days_to_birth,-27946,-27946.0
clinical.tsv,TCGA-ET-A39K,demographic.days_to_birth,-17789,-17789.0
clinical.tsv,TCGA-EL-A4JV,demographic.days_to_birth,-15065,-15065.0
clinical.tsv,TCGA-DJ-A3V6,demographic.days_to_birth,-19870,-19870.0
clinical.tsv,TCGA-FK-A3S3,demographic.days_to_birth,-15853,-15853.0
clinical.tsv,TCGA-FE-A22Z,demographic.days_to_birth,-22286,-22286.0
clinical.tsv,TCGA-FK-A4UB,demographic.days_to_birth,-18792,-18792.0
clinical.tsv,TCGA-FY-A3W9,demographic.days_to_birth,-24136,-24136.0
clinical.tsv,TCGA-DE-A69K,demographic.days_to_birth,-21403,-21403.0
clinical.tsv,TCGA-DE-A4MC,demographic.days_to_birth,-15996,-15996.0
clinical.tsv,TCGA-DE-A4M9,demographic.days_to_birth,-10384,-10384.0
clinical.tsv,TCGA-DJ-A4V5,demographic.days_to_birth,-20108,-20108.0
clinical.tsv,TCGA-ET-A39N,demographic.days_to_birth,-12904,-12904.0
clinical.tsv,TCGA-DE-A4MA,demographic.days_to_birth,-19100,-19100.0
clinical.tsv,TCGA-EL-A4K9,demographic.days_to_birth,-24980,-24980.0
clinical.tsv,TCGA-DJ-A13U,demographic.days_to_birth,-22130,-22130.0
clinical.tsv,TCGA-DJ-A3V7,demographic.days_to_birth,-16257,-16257.0
clinical.tsv,TCGA-EL-A3T6,demographic.days_to_birth,-12777,-12777.0
clinical.tsv,TCGA-E3-A3E5,demographic.days_to_birth,-20993,-20993.0
clinical.tsv,TCGA-IM-A41Z,demographic.days_to_birth,-13704,-13704.0
clinical.tsv,TCGA-DJ-A3VK,demographic.days_to_birth,-23255,-23255.0
clinical.tsv,TCGA-EL-A3ZR,demographic.days_to_birth,-16852,-16852.0
clinical.tsv,TCGA-DJ-A4UW,demographic.days_to_birth,-12563,-12563.0
clinical.tsv,TCGA-L6-A4EP,demographic.days_to_birth,-15292,-15292.0
clinical.tsv,TCGA-DE-A69J,demographic.days_to_birth,-12493,-12493.0
clinical.tsv,TCGA-DJ-A2PS,demographic.days_to_birth,-14916,-14916.0
clinical.tsv,TCGA-EL-A3TB,demographic.days_to_birth,-17195,-17195.0
clinical.tsv,TCGA-E8-A419,demographic.days_to_birth,-11306,-11306.0
clinical.tsv,TCGA-DJ-A3V8,demographic.days_to_birth,-10398,-10398.0
clinical.tsv,TCGA-DE-A4M8,demographic.days_to_birth,-22357,-22357.0
clinical.tsv,TCGA-DJ-A3VF,demographic.days_to_birth,-22234,-22234.0
clinical.tsv,TCGA-DJ-A2Q3,demographic.days_to_birth,-22637,-22637.0
clinical.tsv,TCGA-DJ-A2Q6,demographic.days_to_birth,-14193,-14193.0
clinical.tsv,TCGA-FK-A3SE,demographic.days_to_birth,-11472,-11472.0
clinical.tsv,TCGA-ET-A3DV,demographic.days_to_birth,-24905,-24905.0
clinical.tsv,TCGA-L6-A4EU,demographic.days_to_birth,-21192,-21192.0
clinical.tsv,TCGA-DJ-A2QB,demographic.days_to_birth,-19601,-19601.0
clinical.tsv,TCGA-DO-A1K0,demographic.days_to_birth,-11216,-11216.0
clinical.tsv,TCGA-ET-A3DU,demographic.days_to_birth,-7869,-7869.0
clinical.tsv,TCGA-DJ-A4UR,demographic.days_to_birth,-13463,-13463.0
clinical.tsv,TCGA-ET-A3BS,demographic.days_to_birth,-15421,-15421.0
clinical.tsv,TCGA-EL-A3GW,demographic.days_to_birth,-13670,-13670.0
clinical.tsv,TCGA-DE-A4MD,demographic.days_to_birth,-26179,-26179.0
clinical.tsv,TCGA-DJ-A2PW,demographic.days_to_birth,-23987,-23987.0
clinical.tsv,TCGA-L6-A4EQ,demographic.days_to_birth,-17351,-17351.0
clinical.tsv,TCGA-DJ-A3UO,demographic.days_to_birth,-23292,-23292.0
clinical.tsv,TCGA-ET-A3BT,demographic.days_to_birth,-22108,-22108.0
clinical.tsv,TCGA-DJ-A3VD,demographic.days_to_birth,-12019,-12019.0
clinical.tsv,TCGA-MK-A4N6,demographic.days_to_birth,-12904,-12904.0
clinical.tsv,TCGA-EL-A3H4,demographic.days_to_birth,-16944,-16944.0
clinical.tsv,TCGA-L6-A4ET,demographic.days_to_birth,-17978,-17978.0
clinical.tsv,TCGA-DJ-A2Q1,demographic.days_to_birth,-16371,-16371.0
clinical.tsv,TCGA-FK-A3SH,demographic.days_to_birth,-18609,-18609.0
clinical.tsv,TCGA-DJ-A3VJ,demographic.days_to_birth,-8341,-8341.0
clinical.tsv,TCGA-E3-A3E2,demographic.days_to_birth,-12714,-12714.0
clinical.tsv,TCGA-MK-A4N7,demographic.days_to_birth,-7570,-7570.0
clinical.tsv,TCGA-DJ-A1QO,demographic.days_to_birth,-25232,-25232.0
clinical.tsv,TCGA-E8-A3X7,demographic.days_to_birth,-20983,-20983.0
clinical.tsv,TCGA-DJ-A1QH,demographic.days_to_birth,-21184,-21184.0
clinical.tsv,TCGA-J8-A3O1,demographic.days_to_birth,-12113,-12113.0
clinical.tsv,TCGA-EL-A3N3,demographic.days_to_birth,-19513,-19513.0
clinical.tsv,TCGA-J8-A3YF,demographic.days_to_birth,-30661,-30661.0
clinical.tsv,TCGA-FY-A3NP,demographic.days_to_birth,-25462,-25462.0
clinical.tsv,TCGA-J8-A3O2,demographic.days_to_birth,-14339,-14339.0
clinical.tsv,TCGA-FE-A3PB,demographic.days_to_birth,-12136,-12136.0
clinical.tsv,TCGA-FE-A3PA,demographic.days_to_birth,-6068,-6068.0
clinical.tsv,TCGA-EL-A4KI,demographic.days_to_birth,-23182,-23182.0
clinical.tsv,TCGA-MK-A84Z,demographic.days_to_birth,-27185,-27185.0
clinical.tsv,TCGA-EL-A3GS,demographic.days_to_birth,-13542,-13542.0
clinical.tsv,TCGA-ET-A40R,demographic.days_to_birth,-8963,-8963.0
clinical.tsv,TCGA-DJ-A3UP,demographic.days_to_birth,-13899,-13899.0
clinical.tsv,TCGA-EL-A4K4,demographic.days_to_birth,-12368,-12368.0
clinical.tsv,TCGA-EL-A3N2,demographic.days_to_birth,-8989,-8989.0
clinical.tsv,TCGA-IM-A4EB,demographic.days_to_birth,-13635,-13635.0
clinical.tsv,TCGA-EL-A3ZK,demographic.days_to_birth,-15121,-15121.0
clinical.tsv,TCGA-DJ-A13R,demographic.days_to_birth,-18354,-18354.0
clinical.tsv,TCGA-FY-A40L,demographic.days_to_birth,-20243,-20243.0
clinical.tsv,TCGA-EL-A3H5,demographic.days_to_birth,-20926,-20926.0
clinical.tsv,TCGA-J8-A3NZ,demographic.days_to_birth,-19058,-19058.0
clinical.tsv,TCGA-EL-A3CN,demographic.days_to_birth,-17456,-17456.0
clinical.tsv,TCGA-BJ-A3PU,demographic.days_to_birth,-19007,-19007.0
clinical.tsv,TCGA-IM-A41Y,demographic.days_to_birth,-15694,-15694.0
clinical.tsv,TCGA-FY-A3RA,demographic.days_to_birth,-7900,-7900.0
clinical.tsv,TCGA-EL-A3D4,demographic.days_to_birth,-22923,-22923.0
clinical.tsv,TCGA-EL-A4KH,demographic.days_to_birth,-13275,-13275.0
clinical.tsv,TCGA-DE-A0Y2,demographic.days_to_birth,-11227,-11227.0
clinical.tsv,TCGA-ET-A40Q,demographic.days_to_birth,-14136,-14136.0
clinical.tsv,TCGA-FY-A40M,demographic.days_to_birth,-18722,-18722.0
clinical.tsv,TCGA-EL-A3MY,demographic.days_to_birth,-29706,-29706.0
clinical.tsv,TCGA-DE-A2OL,demographic.days_to_birth,-16253,-16253.0
clinical.tsv,TCGA-ET-A2N5,demographic.days_to_birth,-17137,-17137.0
clinical.tsv,TCGA-EL-A3GX,demographic.days_to_birth,-15212,-15212.0
clinical.tsv,TCGA-EL-A3T0,demographic.days_to_birth,-16798,-16798.0
clinical.tsv,TCGA-FY-A40K,demographic.days_to_birth,-17092,-17092.0
clinical.tsv,TCGA-ET-A3BP,demographic.days_to_birth,-12594,-12594.0
clinical.tsv,TCGA-EL-A3T8,demographic.days_to_birth,-13290,-13290.0
clinical.tsv,TCGA-DJ-A13V,demographic.days_to_birth,-7915,-7915.0
clinical.tsv,TCGA-BJ-A45C,demographic.days_to_birth,-28490,-28490.0
clinical.tsv,TCGA-EL-A3ZS,demographic.days_to_birth,-8076,-8076.0
clinical.tsv,TCGA-EL-A3GR,demographic.days_to_birth,-11598,-11598.0
clinical.tsv,TCGA-DJ-A3VB,demographic.days_to_birth,-19248,-19248.0
clinical.tsv,TCGA-BJ-A28X,demographic.days_to_birth,-11735,-11735.0
clinical.tsv,TCGA-EL-A4KD,demographic.days_to_birth,-15291,-15291.0
clinical.tsv,TCGA-DJ-A3V0,demographic.days_to_birth,-20496,-20496.0
clinical.tsv,TCGA-EL-A3D1,demographic.days_to_birth,-14245,-14245.0
clinical.tsv,TCGA-H2-A3RI,demographic.days_to_birth,-10956,-10956.0
clinical.tsv,TCGA-DE-A0Y3,demographic.days_to_birth,-22239,-22239.0
clinical.tsv,TCGA-BJ-A45I,demographic.days_to_birth,-18767,-18767.0
clinical.tsv,TCGA-FY-A3R8,demographic.days_to_birth,-22824,-22824.0
clinical.tsv,TCGA-FY-A3I4,demographic.days_to_birth,-12677,-12677.0
clinical.tsv,TCGA-FY-A3YR,demographic.days_to_birth,-23395,-23395.0
clinical.tsv,TCGA-EL-A3TA,demographic.days_to_birth,-15366,-15366.0
clinical.tsv,TCGA-EL-A3GU,demographic.days_to_birth,-26632,-26632.0
clinical.tsv,TCGA-EL-A3ZL,demographic.days_to_birth,-12649,-12649.0
clinical.tsv,TCGA-ET-A2N1,demographic.days_to_birth,-17272,-17272.0
clinical.tsv,TCGA-EL-A3GV,demographic.days_to_birth,-23787,-23787.0
clinical.tsv,TCGA-EL-A3D5,demographic.days_to_birth,-16217,-16217.0
clinical.tsv,TCGA-EL-A3ZP,demographic.days_to_birth,-7101,-7101.0
clinical.tsv,TCGA-DJ-A2PQ,demographic.days_to_birth,-9664,-9664.0
clinical.tsv,TCGA-E8-A2JQ,demographic.days_to_birth,-6684,-6684.0
clinical.tsv,TCGA-EL-A3CV,demographic.days_to_birth,-14785,-14785.0
clinical.tsv,TCGA-EM-A1YC,demographic.days_to_birth,-26143,-26143.0
clinical.tsv,TCGA-BJ-A4O8,demographic.days_to_birth,-17430,-17430.0
clinical.tsv,TCGA-EM-A4FM,demographic.days_to_birth,-21595,-21595.0
clinical.tsv,TCGA-EL-A3GY,demographic.days_to_birth,-14814,-14814.0
clinical.tsv,TCGA-EL-A3D6,demographic.days_to_birth,-18640,-18640.0
clinical.tsv,TCGA-ET-A2N0,demographic.days_to_birth,-18692,-18692.0
clinical.tsv,TCGA-EL-A3CM,demographic.days_to_birth,-23406,-23406.0
clinical.tsv,TCGA-EM-A3O3,demographic.days_to_birth,-30500,-30500.0
clinical.tsv,TCGA-CE-A481,demographic.days_to_birth,-15268,-15268.0
clinical.tsv,TCGA-ET-A25K,demographic.days_to_birth,-13351,-13351.0
clinical.tsv,TCGA-EL-A3GZ,demographic.days_to_birth,-12665,-12665.0
clinical.tsv,TCGA-EL-A3ZO,demographic.days_to_birth,-28924,-28924.0
clinical.tsv,TCGA-BJ-A290,demographic.days_to_birth,-25803,-25803.0
clinical.tsv,TCGA-ET-A25L,demographic.days_to_birth,-19159,-19159.0
clinical.tsv,TCGA-KS-A4IC,demographic.days_to_birth,-16671,-16671.0
clinical.tsv,TCGA-J8-A3YD,demographic.days_to_birth,-17416,-17416.0
clinical.tsv,TCGA-EM-A4FQ,demographic.days_to_birth,-15534,-15534.0
clinical.tsv,TCGA-KS-A4I9,demographic.days_to_birth,-16961,-16961.0
clinical.tsv,TCGA-EL-A3D0,demographic.days_to_birth,-22622,-22622.0
clinical.tsv,TCGA-EL-A3ZT,demographic.days_to_birth,-13103,-13103.0
clinical.tsv,TCGA-EM-A3AI,demographic.days_to_birth,-24820,-24820.0
clinical.tsv,TCGA-BJ-A28Z,demographic.days_to_birth,-16912,-16912.0
clinical.tsv,TCGA-KS-A4I1,demographic.days_to_birth,-13538,-13538.0
clinical.tsv,TCGA-EM-A3AR,demographic.days_to_birth,-15313,-15313.0
clinical.tsv,TCGA-EM-A2CS,demographic.days_to_birth,-18990,-18990.0
clinical.tsv,TCGA-ET-A4KN,demographic.days_to_birth,-18889,-18889.0
clinical.tsv,TCGA-EL-A3H2,demographic.days_to_birth,-21266,-21266.0
clinical.tsv,TCGA-BJ-A45H,demographic.days_to_birth,-16541,-16541.0
clinical.tsv,TCGA-ET-A25M,demographic.days_to_birth,-12085,-12085.0
clinical.tsv,TCGA-H2-A422,demographic.days_to_birth,-14721,-14721.0
clinical.tsv,TCGA-EM-A2OX,demographic.days_to_birth,-16911,-16911.0
clinical.tsv,TCGA-J8-A3YG,demographic.days_to_birth,-19785,-19785.0
clinical.tsv,TCGA-DJ-A2Q2,demographic.days_to_birth,-20951,-20951.0
clinical.tsv,TCGA-CE-A482,demographic.days_to_birth,-10192,-10192.0
clinical.tsv,TCGA-FE-A3PC,demographic.days_to_birth,-13817,-13817.0
clinical.tsv,TCGA-BJ-A45G,demographic.days_to_birth,-17831,-17831.0
clinical.tsv,TCGA-ET-A25O,demographic.days_to_birth,-12924,-12924.0
clinical.tsv,TCGA-J8-A3YE,demographic.days_to_birth,-11446,-11446.0
clinical.tsv,TCGA-EL-A3CZ,demographic.days_to_birth,-13718,-13718.0
clinical.tsv,TCGA-KS-A4IB,demographic.days_to_birth,-15157,-15157.0
clinical.tsv,TCGA-E3-A3DY,demographic.days_to_birth,-13860,-13860.0
clinical.tsv,TCGA-KS-A4I7,demographic.days_to_birth,-22398,-22398.0
clinical.tsv,TCGA-ET-A25G,demographic.days_to_birth,-20816,-20816.0
clinical.tsv,TCGA-KS-A4I5,demographic.days_to_birth,-17963,-17963.0
clinical.tsv,TCGA-ET-A39M,demographic.days_to_birth,-12441,-12441.0
clinical.tsv,TCGA-EL-A3MX,demographic.days_to_birth,-24178,-24178.0
clinical.tsv,TCGA-ET-A2MY,demographic.days_to_birth,-26406,-26406.0
clinical.tsv,TCGA-ET-A25N,demographic.days_to_birth,-10229,-10229.0
clinical.tsv,TCGA-EL-A3MZ,demographic.days_to_birth,-24208,-24208.0
clinical.tsv,TCGA-KS-A4I3,demographic.days_to_birth,-14992,-14992.0
clinical.tsv,TCGA-EL-A3CO,demographic.days_to_birth,-32146,-32146.0
clinical.tsv,TCGA-H2-A3RH,demographic.days_to_birth,-15068,-15068.0
clinical.tsv,TCGA-EL-A3ZM,demographic.days_to_birth,-21987,-21987.0
clinical.tsv,TCGA-BJ-A18Z,demographic.days_to_birth,-21519,-21519.0
clinical.tsv,TCGA-EM-A22P,demographic.days_to_birth,-23723,-23723.0
clinical.tsv,TCGA-H2-A2K9,demographic.days_to_birth,-9221,-9221.0
clinical.tsv,TCGA-E8-A44M,demographic.days_to_birth,-8523,-8523.0
clinical.tsv,TCGA-BJ-A0Z3,demographic.days_to_birth,-12295,-12295.0
clinical.tsv,TCGA-EM-A3O6,demographic.days_to_birth,-19856,-19856.0
clinical.tsv,TCGA-FE-A3PD,demographic.days_to_birth,-6386,-6386.0
clinical.tsv,TCGA-FY-A40N,demographic.days_to_birth,-20320,-20320.0
clinical.tsv,TCGA-EM-A4FH,demographic.days_to_birth,-25500,-25500.0
clinical.tsv,TCGA-KS-A41L,demographic.days_to_birth,-14440,-14440.0
clinical.tsv,TCGA-E8-A242,demographic.days_to_birth,-20472,-20472.0
clinical.tsv,TCGA-EM-A4FU,demographic.days_to_birth,-12912,-12912.0
clinical.tsv,TCGA-EM-A1YA,demographic.days_to_birth,-27224,-27224.0
clinical.tsv,TCGA-ET-A2MX,demographic.days_to_birth,-10044,-10044.0
clinical.tsv,TCGA-EM-A3AN,demographic.days_to_birth,-13188,-13188.0
clinical.tsv,TCGA-EM-A2CU,demographic.days_to_birth,-17231,-17231.0
clinical.tsv,TCGA-BJ-A45J,demographic.days_to_birth,-14510,-14510.0
clinical.tsv,TCGA-EL-A3CU,demographic.days_to_birth,-25881,-25881.0
clinical.tsv,TCGA-EM-A2P0,demographic.days_to_birth,-12127,-12127.0
clinical.tsv,TCGA-E3-A3E1,demographic.days_to_birth,-16895,-16895.0
clinical.tsv,TCGA-KS-A4ID,demographic.days_to_birth,-20413,-20413.0
clinical.tsv,TCGA-EL-A3T2,demographic.days_to_birth,-20403,-20403.0
clinical.tsv,TCGA-EL-A3CS,demographic.days_to_birth,-22993,-22993.0
clinical.tsv,TCGA-EL-A3H1,demographic.days_to_birth,-24328,-24328.0
clinical.tsv,TCGA-EM-A4FR,demographic.days_to_birth,-10316,-10316.0
clinical.tsv,TCGA-KS-A41F,demographic.days_to_birth,-13545,-13545.0
clinical.tsv,TCGA-EM-A22M,demographic.days_to_birth,-19059,-19059.0
clinical.tsv,TCGA-EM-A2P1,demographic.days_to_birth,-12320,-12320.0
clinical.tsv,TCGA-J8-A3YH,demographic.days_to_birth,-14470,-14470.0
clinical.tsv,TCGA-BJ-A0ZE,demographic.days_to_birth,-23250,-23250.0
clinical.tsv,TCGA-EM-A1YB,demographic.days_to_birth,-26852,-26852.0
clinical.tsv,TCGA-EM-A4FF,demographic.days_to_birth,-14796,-14796.0
clinical.tsv,TCGA-EM-A2P2,demographic.days_to_birth,-16895,-16895.0
clinical.tsv,TCGA-ET-A3BV,demographic.days_to_birth,-17441,-17441.0
clinical.tsv,TCGA-BJ-A2N7,demographic.days_to_birth,-11188,-11188.0
clinical.tsv,TCGA-IM-A3ED,demographic.days_to_birth,-21278,-21278.0
clinical.tsv,TCGA-EM-A2OY,demographic.days_to_birth,-17075,-17075.0
clinical.tsv,TCGA-EM-A3ST,demographic.days_to_birth,-22990,-22990.0
clinical.tsv,TCGA-EM-A3AJ,demographic.days_to_birth,-14399,-14399.0
clinical.tsv,TCGA-FY-A3R9,demographic.days_to_birth,-24215,-24215.0
clinical.tsv,TCGA-BJ-A0ZB,demographic.days_to_birth,-24415,-24415.0
clinical.tsv,TCGA-EM-A4FO,demographic.days_to_birth,-26589,-26589.0
clinical.tsv,TCGA-H2-A26U,demographic.days_to_birth,-19927,-19927.0
clinical.tsv,TCGA-EL-A3MW,demographic.days_to_birth,-20186,-20186.0
clinical.tsv,TCGA-EM-A4FN,demographic.days_to_birth,-18185,-18185.0
clinical.tsv,TCGA-J8-A4HW,demographic.days_to_birth,-21587,-21587.0
clinical.tsv,TCGA-EM-A3SU,demographic.days_to_birth,-15768,-15768.0
clinical.tsv,TCGA-EM-A3FQ,demographic.days_to_birth,-7176,-7176.0
clinical.tsv,TCGA-EM-A2CO,demographic.days_to_birth,-28424,-28424.0
clinical.tsv,TCGA-BJ-A190,demographic.days_to_birth,-20407,-20407.0
clinical.tsv,TCGA-EM-A3FK,demographic.days_to_birth,-10992,-10992.0
clinical.tsv,TCGA-EM-A3SX,demographic.days_to_birth,-10447,-10447.0
clinical.tsv,TCGA-EM-A3AO,demographic.days_to_birth,-22347,-22347.0
clinical.tsv,TCGA-KS-A41J,demographic.days_to_birth,-10411,-10411.0
clinical.tsv,TCGA-BJ-A191,demographic.days_to_birth,-18162,-18162.0
clinical.tsv,TCGA-BJ-A3PT,demographic.days_to_birth,-18903,-18903.0
clinical.tsv,TCGA-EM-A2CM,demographic.days_to_birth,-22726,-22726.0
clinical.tsv,TCGA-EM-A3FR,demographic.days_to_birth,-20349,-20349.0
clinical.tsv,TCGA-EM-A3O9,demographic.days_to_birth,-14783,-14783.0
clinical.tsv,TCGA-EM-A3O7,demographic.days_to_birth,-16842,-16842.0
clinical.tsv,TCGA-ET-A2N4,demographic.days_to_birth,-19671,-19671.0
clinical.tsv,TCGA-EM-A2CN,demographic.days_to_birth,-22817,-22817.0
clinical.tsv,TCGA-BJ-A0ZA,demographic.days_to_birth,-24528,-24528.0
clinical.tsv,TCGA-E3-A3E0,demographic.days_to_birth,-12645,-12645.0
clinical.tsv,TCGA-BJ-A0Z0,demographic.days_to_birth,-20361,-20361.0
clinical.tsv,TCGA-KS-A41I,demographic.days_to_birth,-17196,-17196.0
clinical.tsv,TCGA-EM-A2CK,demographic.days_to_birth,-10485,-10485.0
clinical.tsv,TCGA-DJ-A3V5,demographic.days_to_birth,-27918,-27918.0
clinical.tsv,TCGA-GE-A2C6,demographic.days_to_birth,-12068,-12068.0
clinical.tsv,TCGA-H2-A421,demographic.days_to_birth,-12657,-12657.0
clinical.tsv,TCGA-EM-A3FM,demographic.days_to_birth,-20938,-20938.0
clinical.tsv,TCGA-BJ-A18Y,demographic.days_to_birth,-10832,-10832.0
clinical.tsv,TCGA-EM-A3FO,demographic.days_to_birth,-14864,-14864.0
clinical.tsv,TCGA-EM-A3FP,demographic.days_to_birth,-26158,-26158.0
clinical.tsv,TCGA-EM-A22J,demographic.days_to_birth,-20539,-20539.0
clinical.tsv,TCGA-EM-A3FJ,demographic.days_to_birth,-9042,-9042.0
clinical.tsv,TCGA-EM-A3FL,demographic.days_to_birth,-23183,-23183.0
clinical.tsv,TCGA-BJ-A45F,demographic.days_to_birth,-21713,-21713.0
clinical.tsv,TCGA-EM-A22K,demographic.days_to_birth,-16890,-16890.0
clinical.tsv,TCGA-BJ-A2P4,demographic.days_to_birth,-10602,-10602.0
clinical.tsv,TCGA-EM-A22I,demographic.days_to_birth,-19003,-19003.0
clinical.tsv,TCGA-BJ-A0Z5,demographic.days_to_birth,-21369,-21369.0
clinical.tsv,TCGA-ET-A25I,demographic.days_to_birth,-13786,-13786.0
clinical.tsv,TCGA-EM-A1CW,demographic.days_to_birth,-14263,-14263.0
clinical.tsv,TCGA-EL-A3CP,demographic.days_to_birth,-18298,-18298.0
clinical.tsv,TCGA-ET-A25J,demographic.days_to_birth,-14843,-14843.0
clinical.tsv,TCGA-EM-A22Q,demographic.days_to_birth,-13341,-13341.0
clinical.tsv,TCGA-ET-A2N3,demographic.days_to_birth,-12603,-12603.0
clinical.tsv,TCGA-QD-A8IV,demographic.days_to_birth,-18288,-18288.0
clinical.tsv,TCGA-EM-A22N,demographic.days_to_birth,-25035,-25035.0
clinical.tsv,TCGA-EM-A1YE,demographic.days_to_birth,-17297,-17297.0
clinical.tsv,TCGA-FY-A4B3,demographic.days_to_birth,-18969,-18969.0
clinical.tsv,TCGA-DJ-A3UY,demographic.days_to_birth,-12004,-12004.0
clinical.tsv,TCGA-EL-A4K0,demographic.days_to_birth,-20042,-20042.0
clinical.tsv,TCGA-ET-A25R,demographic.days_to_birth,-18863,-18863.0
clinical.tsv,TCGA-ET-A25P,demographic.days_to_birth,-8787,-8787.0
clinical.tsv,TCGA-DJ-A2PU,demographic.days_to_birth,-18998,-18998.0
clinical.tsv,TCGA-CE-A3MD,demographic.days_to_birth,-11399,-11399.0
clinical.tsv,TCGA-DJ-A3VI,demographic.days_to_birth,-19053,-19053.0
clinical.tsv,TCGA-ET-A3DP,demographic.days_to_birth,-15876,-15876.0
clinical.tsv,TCGA-BJ-A2N9,demographic.days_to_birth,-15411,-15411.0
clinical.tsv,TCGA-EL-A3ZN,demographic.days_to_birth,-10266,-10266.0
clinical.tsv,TCGA-DE-A7U5,demographic.days_to_birth,-13411,-13411.0
clinical.tsv,TCGA-E8-A414,demographic.days_to_birth,-16754,-16754.0
clinical.tsv,TCGA-EM-A1CT,demographic.days_to_birth,-27944,-27944.0
clinical.tsv,TCGA-ET-A40T,demographic.days_to_birth,-9531,-9531.0
clinical.tsv,TCGA-ET-A3BW,demographic.days_to_birth,-11032,-11032.0
clinical.tsv,TCGA-DJ-A2PR,demographic.days_to_birth,-9914,-9914.0
clinical.tsv,TCGA-ET-A39I,demographic.days_to_birth,-30349,-30349.0
clinical.tsv,TCGA-EL-A3H3,demographic.days_to_birth,-7000,-7000.0
clinical.tsv,TCGA-DJ-A13W,demographic.days_to_birth,-16558,-16558.0
clinical.tsv,TCGA-EL-A4JZ,demographic.days_to_birth,-20290,-20290.0
clinical.tsv,TCGA-ET-A3BU,demographic.days_to_birth,-10510,-10510.0
clinical.tsv,TCGA-E8-A433,demographic.days_to_birth,-9145,-9145.0
clinical.tsv,TCGA-EM-A1CU,demographic.days_to_birth,-11470,-11470.0
clinical.tsv,TCGA-EL-A3GQ,demographic.days_to_birth,-26478,-26478.0
clinical.tsv,TCGA-ET-A2MZ,demographic.days_to_birth,-14408,-14408.0
clinical.tsv,TCGA-J8-A3O0,demographic.days_to_birth,-14214,-14214.0
clinical.tsv,TCGA-FY-A3WA,demographic.days_to_birth,-18993,-18993.0
clinical.tsv,TCGA-ET-A3DS,demographic.days_to_birth,-12252,-12252.0
clinical.tsv,TCGA-DJ-A3UW,demographic.days_to_birth,-18487,-18487.0
clinical.tsv,TCGA-DJ-A2PV,demographic.days_to_birth,-19547,-19547.0
clinical.tsv,TCGA-FK-A3SD,demographic.days_to_birth,-22560,-22560.0
clinical.tsv,TCGA-DJ-A3V3,demographic.days_to_birth,-20997,-20997.0
clinical.tsv,TCGA-DJ-A3UN,demographic.days_to_birth,-18871,-18871.0
clinical.tsv,TCGA-EL-A4JX,demographic.days_to_birth,-11465,-11465.0
clinical.tsv,TCGA-DJ-A3US,demographic.days_to_birth,-13634,-13634.0
clinical.tsv,TCGA-DJ-A13O,demographic.days_to_birth,-20779,-20779.0
clinical.tsv,TCGA-DJ-A4UL,demographic.days_to_birth,-24939,-24939.0
clinical.tsv,TCGA-ET-A39T,demographic.days_to_birth,-20164,-20164.0
clinical.tsv,TCGA-DJ-A2Q7,demographic.days_to_birth,-19193,-19193.0
clinical.tsv,TCGA-DJ-A3V2,demographic.days_to_birth,-16382,-16382.0
clinical.tsv,TCGA-ET-A40P,demographic.days_to_birth,-11843,-11843.0
clinical.tsv,TCGA-CE-A483,demographic.days_to_birth,-12768,-12768.0
clinical.tsv,TCGA-IM-A3U2,demographic.days_to_birth,-32682,-32682.0
clinical.tsv,TCGA-E8-A416,demographic.days_to_birth,-18932,-18932.0
clinical.tsv,TCGA-BJ-A0Z9,demographic.days_to_birth,-21061,-21061.0
clinical.tsv,TCGA-FK-A3SB,demographic.days_to_birth,-10293,-10293.0
clinical.tsv,TCGA-ET-A3BX,demographic.days_to_birth,-8791,-8791.0
clinical.tsv,TCGA-DJ-A2Q0,demographic.days_to_birth,-20973,-20973.0
clinical.tsv,TCGA-BJ-A0ZF,demographic.days_to_birth,-19978,-19978.0
clinical.tsv,TCGA-FY-A3R6,demographic.days_to_birth,-21009,-21009.0
clinical.tsv,TCGA-EL-A3CX,demographic.days_to_birth,-8344,-8344.0
clinical.tsv,TCGA-E8-A417,demographic.days_to_birth,-14019,-14019.0
clinical.tsv,TCGA-EL-A3T1,demographic.days_to_birth,-14025,-14025.0
clinical.tsv,TCGA-E8-A2EA,demographic.days_to_birth,-19159,-19159.0
clinical.tsv,TCGA-ET-A39R,demographic.days_to_birth,-8828,-8828.0
clinical.tsv,TCGA-CE-A485,demographic.days_to_birth,-11997,-11997.0
clinical.tsv,TCGA-DJ-A3UT,demographic.days_to_birth,-15767,-15767.0
clinical.tsv,TCGA-ET-A3DT,demographic.days_to_birth,-8761,-8761.0
clinical.tsv,TCGA-ET-A3DR,demographic.days_to_birth,-15404,-15404.0
clinical.tsv,TCGA-CE-A13K,demographic.days_to_birth,-11122,-11122.0
clinical.tsv,TCGA-DJ-A2PX,demographic.days_to_birth,-20088,-20088.0
clinical.tsv,TCGA-DJ-A3UX,demographic.days_to_birth,-17124,-17124.0
clinical.tsv,TCGA-EL-A4K2,demographic.days_to_birth,-15962,-15962.0
clinical.tsv,TCGA-E8-A44K,demographic.days_to_birth,-18472,-18472.0
clinical.tsv,TCGA-BJ-A3F0,demographic.days_to_birth,-23545,-23545.0
clinical.tsv,TCGA-E8-A432,demographic.days_to_birth,-20874,-20874.0
clinical.tsv,TCGA-EL-A3GO,demographic.days_to_birth,-11604,-11604.0
clinical.tsv,TCGA-EL-A4K1,demographic.days_to_birth,-24846,-24846.0
clinical.tsv,TCGA-DJ-A3UZ,demographic.days_to_birth,-25846,-25846.0
clinical.tsv,TCGA-EL-A3CY,demographic.days_to_birth,-10423,-10423.0
clinical.tsv,TCGA-DJ-A4UT,demographic.days_to_birth,-11813,-11813.0
clinical.tsv,TCGA-DJ-A2QA,demographic.days_to_birth,-20784,-20784.0
clinical.tsv,TCGA-DJ-A4V4,demographic.days_to_birth,-17878,-17878.0
clinical.tsv,TCGA-DJ-A13M,demographic.days_to_birth,-10530,-10530.0
clinical.tsv,TCGA-BJ-A3EZ,demographic.days_to_birth,-18882,-18882.0
clinical.tsv,TCGA-DJ-A3VG,demographic.days_to_birth,-14970,-14970.0
clinical.tsv,TCGA-ET-A3BO,demographic.days_to_birth,-16110,-16110.0
clinical.tsv,TCGA-E8-A415,demographic.days_to_birth,-14288,-14288.0
clinical.tsv,TCGA-DJ-A3UR,demographic.days_to_birth,-18808,-18808.0
clinical.tsv,TCGA-ET-A40S,demographic.days_to_birth,-22733,-22733.0
clinical.tsv,TCGA-DJ-A13P,demographic.days_to_birth,-19297,-19297.0
clinical.tsv,TCGA-DJ-A3VL,demographic.days_to_birth,-14219,-14219.0
clinical.tsv,TCGA-DJ-A1QG,demographic.days_to_birth,-22859,-22859.0
clinical.tsv,TCGA-ET-A39O,demographic.days_to_birth,-14295,-14295.0
clinical.tsv,TCGA-DJ-A3UM,demographic.days_to_birth,-16573,-16573.0
clinical.tsv,TCGA-E8-A413,demographic.days_to_birth,-13909,-13909.0
clinical.tsv,TCGA-DJ-A3UK,demographic.days_to_birth,-13145,-13145.0
clinical.tsv,TCGA-DJ-A1QD,demographic.days_to_birth,-7460,-7460.0
clinical.tsv,TCGA-EL-A4K7,demographic.days_to_birth,-27306,-27306.0
clinical.tsv,TCGA-EL-A4KG,demographic.days_to_birth,-12978,-12978.0
clinical.tsv,TCGA-IM-A3U3,demographic.days_to_birth,-20117,-20117.0
clinical.tsv,TCGA-EL-A3GP,demographic.days_to_birth,-25696,-25696.0
clinical.tsv,TCGA-CE-A3ME,demographic.days_to_birth,-18714,-18714.0
clinical.tsv,TCGA-E8-A436,demographic.days_to_birth,-19640,-19640.0
clinical.tsv,TCGA-DJ-A3VE,demographic.days_to_birth,-18417,-18417.0
clinical.tsv,TCGA-4C-A93U,demographic.days_to_birth,-27348,-27348.0
clinical.tsv,TCGA-IM-A420,demographic.days_to_birth,-14332,-14332.0
clinical.tsv,TCGA-CE-A484,demographic.days_to_birth,-13815,-13815.0
clinical.tsv,TCGA-E8-A418,demographic.days_to_birth,-27737,-27737.0
clinical.tsv,TCGA-E8-A434,demographic.days_to_birth,-20492,-20492.0
clinical.tsv,TCGA-DJ-A2Q4,demographic.days_to_birth,-19689,-19689.0
clinical.tsv,TCGA-E8-A438,demographic.days_to_birth,-8752,-8752.0
clinical.tsv,TCGA-DJ-A3UV,demographic.days_to_birth,-6850,-6850.0
clinical.tsv,TCGA-ET-A3DQ,demographic.days_to_birth,-15871,-15871.0
clinical.tsv,TCGA-BJ-A0Z2,demographic.days_to_birth,-21008,-21008.0
clinical.tsv,TCGA-BJ-A2NA,demographic.days_to_birth,-28147,-28147.0
clinical.tsv,TCGA-EL-A3H8,demographic.days_to_birth,-12992,-12992.0
clinical.tsv,TCGA-EL-A3H7,demographic.days_to_birth,-13407,-13407.0
clinical.tsv,TCGA-BJ-A3PR,demographic.days_to_birth,-25565,-25565.0
clinical.tsv,TCGA-DJ-A2PY,demographic.days_to_birth,-17056,-17056.0
clinical.tsv,TCGA-DJ-A4V0,demographic.days_to_birth,-13168,-13168.0
clinical.tsv,TCGA-EL-A3CW,demographic.days_to_birth,-31934,-31934.0
clinical.tsv,TCGA-DJ-A2PP,demographic.days_to_birth,-17410,-17410.0
clinical.tsv,TCGA-DJ-A13T,demographic.days_to_birth,-13668,-13668.0
clinical.tsv,TCGA-E8-A437,demographic.days_to_birth,-21073,-21073.0
clinical.tsv,TCGA-DJ-A2QC,demographic.days_to_birth,-25690,-25690.0
clinical.tsv,TCGA-DJ-A1QN,demographic.days_to_birth,-15343,-15343.0
clinical.tsv,TCGA-EL-A3CR,demographic.days_to_birth,-28785,-28785.0
clinical.tsv,TCGA-DJ-A3VA,demographic.days_to_birth,-14495,-14495.0
clinical.tsv,TCGA-ET-A4KQ,demographic.days_to_birth,-16685,-16685.0
clinical.tsv,TCGA-J8-A4HY,demographic.days_to_birth,-25106,-25106.0
clinical.tsv,TCGA-DJ-A1QM,demographic.days_to_birth,-15418,-15418.0
clinical.tsv,TCGA-BJ-A45E,demographic.days_to_birth,-17115,-17115.0
clinical.tsv,TCGA-DJ-A1QI,demographic.days_to_birth,-23072,-23072.0
clinical.tsv,TCGA-ET-A3BN,demographic.days_to_birth,-12122,-12122.0
clinical.tsv,TCGA-EL-A3CT,demographic.days_to_birth,-28597,-28597.0
clinical.tsv,TCGA-BJ-A28R,demographic.days_to_birth,-14044,-14044.0
clinical.tsv,TCGA-FY-A3TY,demographic.days_to_birth,-22556,-22556.0
clinical.tsv,TCGA-BJ-A28S,demographic.days_to_birth,-29143,-29143.0
clinical.tsv,TCGA-DJ-A2PZ,demographic.days_to_birth,-23332,-23332.0
clinical.tsv,TCGA-EL-A3CL,demographic.days_to_birth,-25761,-25761.0
clinical.tsv,TCGA-BJ-A2N8,demographic.days_to_birth,-11024,-11024.0
clinical.tsv,TCGA-DO-A2HM,demographic.days_to_birth,-18068,-18068.0
clinical.tsv,TCGA-FK-A3SG,demographic.days_to_birth,-7710,-7710.0
clinical.tsv,TCGA-BJ-A0ZJ,demographic.days_to_birth,-13149,-13149.0
clinical.tsv,TCGA-DJ-A13S,demographic.days_to_birth,-7099,-7099.0
clinical.tsv,TCGA-DJ-A1QQ,demographic.days_to_birth,-15949,-15949.0
clinical.tsv,TCGA-BJ-A0ZG,demographic.days_to_birth,-29375,-29375.0
clinical.tsv,TCGA-BJ-A28W,demographic.days_to_birth,-11999,-11999.0
clinical.tsv,TCGA-BJ-A28T,demographic.days_to_birth,-12698,-12698.0
clinical.tsv,TCGA-EL-A3T7,demographic.days_to_birth,-17302,-17302.0
clinical.tsv,TCGA-BJ-A192,demographic.days_to_birth,-19878,-19878.0
clinical.tsv,TCGA-BJ-A28V,demographic.days_to_birth,-29508,-29508.0
clinical.tsv,TCGA-FY-A3BL,demographic.days_to_birth,-10667,-10667.0
clinical.tsv,TCGA-DJ-A13L,demographic.days_to_birth,-31388,-31388.0
clinical.tsv,TCGA-BJ-A4O9,demographic.days_to_birth,-18938,-18938.0
clinical.tsv,TCGA-BJ-A291,demographic.days_to_birth,-20682,-20682.0
clinical.tsv,TCGA-DJ-A2PO,demographic.days_to_birth,-20058,-20058.0
clinical.tsv,TCGA-DJ-A4V2,demographic.days_to_birth,-14126,-14126.0
clinical.tsv,TCGA-DJ-A1QE,demographic.days_to_birth,-22645,-22645.0
clinical.tsv,TCGA-ET-A39S,demographic.days_to_birth,-10000,-10000.0
clinical.tsv,TCGA-DJ-A1QL,demographic.days_to_birth,-25713,-25713.0
clinical.tsv,TCGA-BJ-A45D,demographic.days_to_birth,-13335,-13335.0
clinical.tsv,TCGA-BJ-A0YZ,demographic.days_to_birth,-24102,-24102.0
clinical.tsv,TCGA-FY-A3NM,demographic.days_to_birth,-17734,-17734.0
clinical.tsv,TCGA-DJ-A2Q8,demographic.days_to_birth,-17438,-17438.0
clinical.tsv,TCGA-DJ-A2PN,demographic.days_to_birth,-25690,-25690.0
clinical.tsv,TCGA-EM-A3AL,demographic.days_to_birth,-16439,-16439.0
clinical.tsv,TCGA-EM-A4FK,demographic.days_to_birth,-12383,-12383.0
clinical.tsv,TCGA-EM-A3SZ,demographic.days_to_birth,-15659,-15659.0
clinical.tsv,TCGA-EM-A3AP,demographic.days_to_birth,-11592,-11592.0
clinical.tsv,TCGA-EM-A2OZ,demographic.days_to_birth,-24195,-24195.0
clinical.tsv,TCGA-EM-A2CR,demographic.days_to_birth,-16807,-16807.0
clinical.tsv,TCGA-EM-A3OA,demographic.days_to_birth,-20284,-20284.0
clinical.tsv,TCGA-EM-A2CL,demographic.days_to_birth,-11649,-11649.0
clinical.tsv,TCGA-EM-A2CP,demographic.days_to_birth,-9759,-9759.0
clinical.tsv,TCGA-DJ-A13X,demographic.days_to_birth,-18689,-18689.0
clinical.tsv,TCGA-EM-A3AK,demographic.days_to_birth,-22911,-22911.0
clinical.tsv,TCGA-EM-A3FN,demographic.days_to_birth,-15655,-15655.0
clinical.tsv,TCGA-J8-A42S,demographic.days_to_birth,-16609,-16609.0
clinical.tsv,TCGA-EM-A4FV,demographic.days_to_birth,-23627,-23627.0
clinical.tsv,TCGA-BJ-A0ZC,demographic.days_to_birth,-20282,-20282.0
clinical.tsv,TCGA-EM-A2CQ,demographic.days_to_birth,-14776,-14776.0
clinical.tsv,TCGA-CE-A27D,demographic.days_to_birth,-10536,-10536.0
clinical.tsv,TCGA-FY-A76V,demographic.days_to_birth,-19872,-19872.0
clinical.tsv,TCGA-BJ-A0ZH,demographic.days_to_birth,-19114,-19114.0
clinical.tsv,TCGA-EL-A3T9,demographic.days_to_birth,-25484,-25484.0
clinical.tsv,TCGA-BJ-A45K,demographic.days_to_birth,-12138,-12138.0
clinical.tsv,TCGA-EM-A3OB,demographic.days_to_birth,-12282,-12282.0
clinical.tsv,TCGA-EM-A3SY,demographic.days_to_birth,-13461,-13461.0
clinical.tsv,TCGA-EM-A3O8,demographic.days_to_birth,-12405,-12405.0
clinical.tsv,TCGA-EM-A2OW,demographic.days_to_birth,-13761,-13761.0
clinical.tsv,TCGA-FY-A3R7,demographic.days_to_birth,-18403,-18403.0
clinical.tsv,TCGA-EM-A2CT,demographic.days_to_birth,-7558,-7558.0
clinical.tsv,TCGA-EM-A2P3,demographic.days_to_birth,-17495,-17495.0
clinical.tsv,TCGA-EM-A4G1,demographic.days_to_birth,-9844,-9844.0
clinical.tsv,TCGA-ET-A39L,demographic.days_to_birth,-7636,-7636.0
clinical.tsv,TCGA-EM-A2CJ,demographic.days_to_birth,-18168,-18168.0
clinical.tsv,TCGA-EM-A3AQ,demographic.days_to_birth,-31198,-31198.0
clinical.tsv,TCGA-DJ-A1QF,demographic.days_to_birth,-22310,-22310.0
clinical.tsv,TCGA-ET-A3BQ,demographic.days_to_birth,-10034,-10034.0
clinical.tsv,TCGA-EM-A1CV,demographic.days_to_birth,-11932,-11932.0
clinical.tsv,TCGA-EM-A1YD,demographic.days_to_birth,-19366,-19366.0
clinical.tsv,TCGA-EM-A22L,demographic.days_to_birth,-12092,-12092.0
clinical.tsv,TCGA-EM-A1CS,demographic.days_to_birth,-20284,-20284.0
clinical.tsv,TCGA-FY-A3I5,demographic.days_to_birth,-23654,-23654.0
clinical.tsv,TCGA-FY-A3NN,demographic.days_to_birth,-17613,-17613.0
clinical.tsv,TCGA-FY-A2QD,demographic.days_to_birth,-22491,-22491.0
clinical.tsv,TCGA-FE-A236,demographic.days_to_death,,
clinical.tsv,TCGA-FE-A232,demographic.days_to_death,,
clinical.tsv,TCGA-FE-A231,demographic.days_to_death,,
clinical.tsv,TCGA-FE-A237,demographic.days_to_death,,
clinical.tsv,TCGA-FE-A230,demographic.days_to_death,,
clinical.tsv,TCGA-FE-A235,demographic.days_to_death,,
clinical.tsv,TCGA-FE-A238,demographic.days_to_death,,
clinical.tsv,TCGA-FE-A234,demographic.days_to_death,,
clinical.tsv,TCGA-FE-A233,demographic.days_to_death,,
clinical.tsv,TCGA-FE-A239,demographic.days_to_death,1023,1023.0
clinical.tsv,TCGA-FE-A23A,demographic.days_to_death,,
clinical.tsv,TCGA-DJ-A2Q9,demographic.days_to_death,,
clinical.tsv,TCGA-DE-A3KN,demographic.days_to_death,,
clinical.tsv,TCGA-ET-A3DO,demographic.days_to_death,,
clinical.tsv,TCGA-DJ-A2Q5,demographic.days_to_death,,
clinical.tsv,TCGA-EL-A3ZH,demographic.days_to_death,,
clinical.tsv,TCGA-DO-A1JZ,demographic.days_to_death,,
clinical.tsv,TCGA-ET-A39J,demographic.days_to_death,,
clinical.tsv,TCGA-DJ-A3VM,demographic.days_to_death,,
clinical.tsv,TCGA-MK-A4N9,demographic.days_to_death,,
clinical.tsv,TCGA-DJ-A4UP,demographic.days_to_death,,
clinical.tsv,TCGA-DJ-A4UQ,demographic.days_to_death,,
clinical.tsv,TCGA-EL-A3ZG,demographic.days_to_death,,
clinical.tsv,TCGA-DJ-A3V9,demographic.days_to_death,,
clinical.tsv,TCGA-EL-A3ZQ,demographic.days_to_death,,
clinical.tsv,TCGA-DJ-A3V4,demographic.days_to_death,,
clinical.tsv,TCGA-DJ-A3UQ,demographic.days_to_death,,
clinical.tsv,TCGA-DJ-A2PT,demographic.days_to_death,,
clinical.tsv,TCGA-IM-A3EB,demographic.days_to_death,,
clinical.tsv,TCGA-DE-A0XZ,demographic.days_to_death,,
clinical.tsv,TCGA-ET-A3DW,demographic.days_to_death,,
clinical.tsv,TCGA-ET-A39P,demographic.days_to_death,,
clinical.tsv,TCGA-DJ-A3UU,demographic.days_to_death,,
clinical.tsv,TCGA-FY-A3ON,demographic.days_to_death,,
clinical.tsv,TCGA-DE-A4MB,demographic.days_to_death,,
clinical.tsv,TCGA-EL-A4JW,demographic.days_to_death,,
clinical.tsv,TCGA-EL-A4K6,demographic.days_to_death,,
clinical.tsv,TCGA-EM-A2OV,demographic.days_to_death,,
clinical.tsv,TCGA-E3-A3DZ,demographic.days_to_death,,
clinical.tsv,TCGA-FY-A4B4,demographic.days_to_death,,
clinical.tsv,TCGA-E3-A3E3,demographic.days_to_death,,
clinical.tsv,TCGA-EL-A3T3,demographic.days_to_death,,
clinical.tsv,TCGA-EM-A22O,demographic.days_to_death,,
clinical.tsv,TCGA-FY-A4B0,demographic.days_to_death,,
clinical.tsv,TCGA-ET-A39K,demographic.days_to_death,,
clinical.tsv,TCGA-EL-A4JV,demographic.days_to_death,,
clinical.tsv,TCGA-DJ-A3V6,demographic.days_to_death,,
clinical.tsv,TCGA-FK-A3S3,demographic.days_to_death,,
clinical.tsv,TCGA-FE-A22Z,demographic.days_to_death,,
clinical.tsv,TCGA-FK-A4UB,demographic.days_to_death,,
clinical.tsv,TCGA-FY-A3W9,demographic.days_to_death,,
clinical.tsv,TCGA-DE-A69K,demographic.days_to_death,,
clinical.tsv,TCGA-DE-A4MC,demographic.days_to_death,,
clinical.tsv,TCGA-DE-A4M9,demographic.days_to_death,,
clinical.tsv,TCGA-DJ-A4V5,demographic.days_to_death,,
clinical.tsv,TCGA-ET-A39N,demographic.days_to_death,,
clinical.tsv,TCGA-DE-A4MA,demographic.days_to_death,,
clinical.tsv,TCGA-EL-A4K9,demographic.days_to_death,,
clinical.tsv,TCGA-DJ-A13U,demographic.days_to_death,,
clinical.tsv,TCGA-DJ-A3V7,demographic.days_to_death,,
clinical.tsv,TCGA-EL-A3T6,demographic.days_to_death,,
clinical.tsv,TCGA-E3-A3E5,demographic.days_to_death,,
clinical.tsv,TCGA-IM-A41Z,demographic.days_to_death,,
clinical.tsv,TCGA-DJ-A3VK,demographic.days_to_death,,
clinical.tsv,TCGA-EL-A3ZR,demographic.days_to_death,,
clinical.tsv,TCGA-DJ-A4UW,demographic.days_to_death,,
clinical.tsv,TCGA-L6-A4EP,demographic.days_to_death,,
clinical.tsv,TCGA-DE-A69J,demographic.days_to_death,,
clinical.tsv,TCGA-DJ-A2PS,demographic.days_to_death,,
clinical.tsv,TCGA-EL-A3TB,demographic.days_to_death,,
clinical.tsv,TCGA-E8-A419,demographic.days_to_death,,
clinical.tsv,TCGA-DJ-A3V8,demographic.days_to_death,,
clinical.tsv,TCGA-DE-A4M8,demographic.days_to_death,,
clinical.tsv,TCGA-DJ-A3VF,demographic.days_to_death,,
clinical.tsv,TCGA-DJ-A2Q3,demographic.days_to_death,,
clinical.tsv,TCGA-DJ-A2Q6,demographic.days_to_death,,
clinical.tsv,TCGA-FK-A3SE,demographic.days_to_death,,
clinical.tsv,TCGA-ET-A3DV,demographic.days_to_death,,
clinical.tsv,TCGA-L6-A4EU,demographic.days_to_death,,
clinical.tsv,TCGA-DJ-A2QB,demographic.days_to_death,,
clinical.tsv,TCGA-DO-A1K0,demographic.days_to_death,,
clinical.tsv,TCGA-ET-A3DU,demographic.days_to_death,,
clinical.tsv,TCGA-DJ-A4UR,demographic.days_to_death,,
clinical.tsv,TCGA-ET-A3BS,demographic.days_to_death,,
clinical.tsv,TCGA-EL-A3GW,demographic.days_to_death,,
clinical.tsv,TCGA-DE-A4MD,demographic.days_to_death,,
clinical.tsv,TCGA-DJ-A2PW,demographic.days_to_death,,
clinical.tsv,TCGA-L6-A4EQ,demographic.days_to_death,,
clinical.tsv,TCGA-DJ-A3UO,demographic.days_to_death,,
clinical.tsv,TCGA-ET-A3BT,demographic.days_to_death,,
clinical.tsv,TCGA-DJ-A3VD,demographic.days_to_death,,
clinical.tsv,TCGA-MK-A4N6,demographic.days_to_death,,
clinical.tsv,TCGA-EL-A3H4,demographic.days_to_death,,
clinical.tsv,TCGA-L6-A4ET,demographic.days_to_death,,
clinical.tsv,TCGA-DJ-A2Q1,demographic.days_to_death,,
clinical.tsv,TCGA-FK-A3SH,demographic.days_to_death,,
clinical.tsv,TCGA-DJ-A3VJ,demographic.days_to_death,,
clinical.tsv,TCGA-E3-A3E2,demographic.days_to_death,,
clinical.tsv,TCGA-MK-A4N7,demographic.days_to_death,,
clinical.tsv,TCGA-DJ-A1QO,demographic.days_to_death,,
clinical.tsv,TCGA-E8-A3X7,demographic.days_to_death,,
clinical.tsv,TCGA-DJ-A1QH,demographic.days_to_death,,
clinical.tsv,TCGA-J8-A3O1,demographic.days_to_death,,
clinical.tsv,TCGA-EL-A3N3,demographic.days_to_death,,
clinical.tsv,TCGA-J8-A3YF,demographic.days_to_death,,
clinical.tsv,TCGA-FY-A3NP,demographic.days_to_death,,
clinical.tsv,TCGA-J8-A3O2,demographic.days_to_death,,
clinical.tsv,TCGA-FE-A3PB,demographic.days_to_death,,
clinical.tsv,TCGA-FE-A3PA,demographic.days_to_death,,
clinical.tsv,TCGA-EL-A4KI,demographic.days_to_death,,
clinical.tsv,TCGA-MK-A84Z,demographic.days_to_death,,
clinical.tsv,TCGA-EL-A3GS,demographic.days_to_death,,
clinical.tsv,TCGA-ET-A40R,demographic.days_to_death,,
clinical.tsv,TCGA-DJ-A3UP,demographic.days_to_death,,
clinical.tsv,TCGA-EL-A4K4,demographic.days_to_death,,
clinical.tsv,TCGA-EL-A3N2,demographic.days_to_death,,
clinical.tsv,TCGA-IM-A4EB,demographic.days_to_death,,
clinical.tsv,TCGA-EL-A3ZK,demographic.days_to_death,,
clinical.tsv,TCGA-DJ-A13R,demographic.days_to_death,,
clinical.tsv,TCGA-FY-A40L,demographic.days_to_death,,
clinical.tsv,TCGA-EL-A3H5,demographic.days_to_death,,
clinical.tsv,TCGA-J8-A3NZ,demographic.days_to_death,,
clinical.tsv,TCGA-EL-A3CN,demographic.days_to_death,,
clinical.tsv,TCGA-BJ-A3PU,demographic.days_to_death,,
clinical.tsv,TCGA-IM-A41Y,demographic.days_to_death,,
clinical.tsv,TCGA-FY-A3RA,demographic.days_to_death,,
clinical.tsv,TCGA-EL-A3D4,demographic.days_to_death,,
clinical.tsv,TCGA-EL-A4KH,demographic.days_to_death,,
clinical.tsv,TCGA-DE-A0Y2,demographic.days_to_death,,
clinical.tsv,TCGA-ET-A40Q,demographic.days_to_death,,
clinical.tsv,TCGA-FY-A40M,demographic.days_to_death,,
clinical.tsv,TCGA-EL-A3MY,demographic.days_to_death,533,533.0
clinical.tsv,TCGA-DE-A2OL,demographic.days_to_death,,
clinical.tsv,TCGA-ET-A2N5,demographic.days_to_death,,
clinical.tsv,TCGA-EL-A3GX,demographic.days_to_death,,
clinical.tsv,TCGA-EL-A3T0,demographic.days_to_death,,
clinical.tsv,TCGA-FY-A40K,demographic.days_to_death,,
clinical.tsv,TCGA-ET-A3BP,demographic.days_to_death,,
clinical.tsv,TCGA-EL-A3T8,demographic.days_to_death,,
clinical.tsv,TCGA-DJ-A13V,demographic.days_to_death,,
clinical.tsv,TCGA-BJ-A45C,demographic.days_to_death,243,243.0
clinical.tsv,TCGA-EL-A3ZS,demographic.days_to_death,,
clinical.tsv,TCGA-EL-A3GR,demographic.days_to_death,,
clinical.tsv,TCGA-DJ-A3VB,demographic.days_to_death,,
clinical.tsv,TCGA-BJ-A28X,demographic.days_to_death,,
clinical.tsv,TCGA-EL-A4KD,demographic.days_to_death,,
clinical.tsv,TCGA-DJ-A3V0,demographic.days_to_death,,
clinical.tsv,TCGA-EL-A3D1,demographic.days_to_death,,
clinical.tsv,TCGA-H2-A3RI,demographic.days_to_death,,
clinical.tsv,TCGA-DE-A0Y3,demographic.days_to_death,,
clinical.tsv,TCGA-BJ-A45I,demographic.days_to_death,,
clinical.tsv,TCGA-FY-A3R8,demographic.days_to_death,,
clinical.tsv,TCGA-FY-A3I4,demographic.days_to_death,,
clinical.tsv,TCGA-FY-A3YR,demographic.days_to_death,,
clinical.tsv,TCGA-EL-A3TA,demographic.days_to_death,,
clinical.tsv,TCGA-EL-A3GU,demographic.days_to_death,,
clinical.tsv,TCGA-EL-A3ZL,demographic.days_to_death,,
clinical.tsv,TCGA-ET-A2N1,demographic.days_to_death,,
clinical.tsv,TCGA-EL-A3GV,demographic.days_to_death,,
clinical.tsv,TCGA-EL-A3D5,demographic.days_to_death,,
clinical.tsv,TCGA-EL-A3ZP,demographic.days_to_death,,
clinical.tsv,TCGA-DJ-A2PQ,demographic.days_to_death,,
clinical.tsv,TCGA-E8-A2JQ,demographic.days_to_death,,
clinical.tsv,TCGA-EL-A3CV,demographic.days_to_death,,
clinical.tsv,TCGA-EM-A1YC,demographic.days_to_death,,
clinical.tsv,TCGA-BJ-A4O8,demographic.days_to_death,,
clinical.tsv,TCGA-EM-A4FM,demographic.days_to_death,,
clinical.tsv,TCGA-EL-A3GY,demographic.days_to_death,,
clinical.tsv,TCGA-EL-A3D6,demographic.days_to_death,,
clinical.tsv,TCGA-ET-A2N0,demographic.days_to_death,,
clinical.tsv,TCGA-EL-A3CM,demographic.days_to_death,813,813.0
clinical.tsv,TCGA-EM-A3O3,demographic.days_to_death,,
clinical.tsv,TCGA-CE-A481,demographic.days_to_death,,
clinical.tsv,TCGA-ET-A25K,demographic.days_to_death,,
clinical.tsv,TCGA-EL-A3GZ,demographic.days_to_death,,
clinical.tsv,TCGA-EL-A3ZO,demographic.days_to_death,,
clinical.tsv,TCGA-BJ-A290,demographic.days_to_death,,
clinical.tsv,TCGA-ET-A25L,demographic.days_to_death,,
clinical.tsv,TCGA-KS-A4IC,demographic.days_to_death,,
clinical.tsv,TCGA-J8-A3YD,demographic.days_to_death,,
clinical.tsv,TCGA-EM-A4FQ,demographic.days_to_death,,
clinical.tsv,TCGA-KS-A4I9,demographic.days_to_death,,
clinical.tsv,TCGA-EL-A3D0,demographic.days_to_death,,
clinical.tsv,TCGA-EL-A3ZT,demographic.days_to_death,,
clinical.tsv,TCGA-EM-A3AI,demographic.days_to_death,,
clinical.tsv,TCGA-BJ-A28Z,demographic.days_to_death,,
clinical.tsv,TCGA-KS-A4I1,demographic.days_to_death,,
clinical.tsv,TCGA-EM-A3AR,demographic.days_to_death,,
clinical.tsv,TCGA-EM-A2CS,demographic.days_to_death,,
clinical.tsv,TCGA-ET-A4KN,demographic.days_to_death,,
clinical.tsv,TCGA-EL-A3H2,demographic.days_to_death,1019,1019.0
clinical.tsv,TCGA-BJ-A45H,demographic.days_to_death,,
clinical.tsv,TCGA-ET-A25M,demographic.days_to_death,,
clinical.tsv,TCGA-H2-A422,demographic.days_to_death,,
clinical.tsv,TCGA-EM-A2OX,demographic.days_to_death,,
clinical.tsv,TCGA-J8-A3YG,demographic.days_to_death,,
clinical.tsv,TCGA-DJ-A2Q2,demographic.days_to_death,,
clinical.tsv,TCGA-CE-A482,demographic.days_to_death,,
clinical.tsv,TCGA-FE-A3PC,demographic.days_to_death,,
clinical.tsv,TCGA-BJ-A45G,demographic.days_to_death,,
clinical.tsv,TCGA-ET-A25O,demographic.days_to_death,,
clinical.tsv,TCGA-J8-A3YE,demographic.days_to_death,,
clinical.tsv,TCGA-EL-A3CZ,demographic.days_to_death,,
clinical.tsv,TCGA-KS-A4IB,demographic.days_to_death,,
clinical.tsv,TCGA-E3-A3DY,demographic.days_to_death,,
clinical.tsv,TCGA-KS-A4I7,demographic.days_to_death,,
clinical.tsv,TCGA-ET-A25G,demographic.days_to_death,,
clinical.tsv,TCGA-KS-A4I5,demographic.days_to_death,,
clinical.tsv,TCGA-ET-A39M,demographic.days_to_death,,
clinical.tsv,TCGA-EL-A3MX,demographic.days_to_death,1753,1753.0
clinical.tsv,TCGA-ET-A2MY,demographic.days_to_death,,
clinical.tsv,TCGA-ET-A25N,demographic.days_to_death,,
clinical.tsv,TCGA-EL-A3MZ,demographic.days_to_death,1597,1597.0
clinical.tsv,TCGA-KS-A4I3,demographic.days_to_death,,
clinical.tsv,TCGA-EL-A3CO,demographic.days_to_death,726,726.0
clinical.tsv,TCGA-H2-A3RH,demographic.days_to_death,,
clinical.tsv,TCGA-EL-A3ZM,demographic.days_to_death,,
clinical.tsv,TCGA-BJ-A18Z,demographic.days_to_death,,
clinical.tsv,TCGA-EM-A22P,demographic.days_to_death,,
clinical.tsv,TCGA-H2-A2K9,demographic.days_to_death,,
clinical.tsv,TCGA-E8-A44M,demographic.days_to_death,,
clinical.tsv,TCGA-BJ-A0Z3,demographic.days_to_death,,
clinical.tsv,TCGA-EM-A3O6,demographic.days_to_death,,
clinical.tsv,TCGA-FE-A3PD,demographic.days_to_death,,
clinical.tsv,TCGA-FY-A40N,demographic.days_to_death,,
clinical.tsv,TCGA-EM-A4FH,demographic.days_to_death,,
clinical.tsv,TCGA-KS-A41L,demographic.days_to_death,,
clinical.tsv,TCGA-E8-A242,demographic.days_to_death,,
clinical.tsv,TCGA-EM-A4FU,demographic.days_to_death,,
clinical.tsv,TCGA-EM-A1YA,demographic.days_to_death,,
clinical.tsv,TCGA-ET-A2MX,demographic.days_to_death,,
clinical.tsv,TCGA-EM-A3AN,demographic.days_to_death,,
clinical.tsv,TCGA-EM-A2CU,demographic.days_to_death,,
clinical.tsv,TCGA-BJ-A45J,demographic.days_to_death,,
clinical.tsv,TCGA-EL-A3CU,demographic.days_to_death,,
clinical.tsv,TCGA-EM-A2P0,demographic.days_to_death,,
clinical.tsv,TCGA-E3-A3E1,demographic.days_to_death,,
clinical.tsv,TCGA-KS-A4ID,demographic.days_to_death,,
clinical.tsv,TCGA-EL-A3T2,demographic.days_to_death,,
clinical.tsv,TCGA-EL-A3CS,demographic.days_to_death,1385,1385.0
clinical.tsv,TCGA-EL-A3H1,demographic.days_to_death,1500,1500.0
clinical.tsv,TCGA-EM-A4FR,demographic.days_to_death,,
clinical.tsv,TCGA-KS-A41F,demographic.days_to_death,,
clinical.tsv,TCGA-EM-A22M,demographic.days_to_death,,
clinical.tsv,TCGA-EM-A2P1,demographic.days_to_death,,
clinical.tsv,TCGA-J8-A3YH,demographic.days_to_death,,
clinical.tsv,TCGA-BJ-A0ZE,demographic.days_to_death,,
clinical.tsv,TCGA-EM-A1YB,demographic.days_to_death,,
clinical.tsv,TCGA-EM-A4FF,demographic.days_to_death,,
clinical.tsv,TCGA-EM-A2P2,demographic.days_to_death,,
clinical.tsv,TCGA-ET-A3BV,demographic.days_to_death,,
clinical.tsv,TCGA-BJ-A2N7,demographic.days_to_death,,
clinical.tsv,TCGA-IM-A3ED,demographic.days_to_death,,
clinical.tsv,TCGA-EM-A2OY,demographic.days_to_death,,
clinical.tsv,TCGA-EM-A3ST,demographic.days_to_death,,
clinical.tsv,TCGA-EM-A3AJ,demographic.days_to_death,,
clinical.tsv,TCGA-FY-A3R9,demographic.days_to_death,,
clinical.tsv,TCGA-BJ-A0ZB,demographic.days_to_death,,
clinical.tsv,TCGA-EM-A4FO,demographic.days_to_death,,
clinical.tsv,TCGA-H2-A26U,demographic.days_to_death,,
clinical.tsv,TCGA-EL-A3MW,demographic.days_to_death,,
clinical.tsv,TCGA-EM-A4FN,demographic.days_to_death,,
clinical.tsv,TCGA-J8-A4HW,demographic.days_to_death,,
clinical.tsv,TCGA-EM-A3SU,demographic.days_to_death,,
clinical.tsv,TCGA-EM-A3FQ,demographic.days_to_death,,
clinical.tsv,TCGA-EM-A2CO,demographic.days_to_death,,
clinical.tsv,TCGA-BJ-A190,demographic.days_to_death,,
clinical.tsv,TCGA-EM-A3FK,demographic.days_to_death,,
clinical.tsv,TCGA-EM-A3SX,demographic.days_to_death,,
clinical.tsv,TCGA-EM-A3AO,demographic.days_to_death,,
clinical.tsv,TCGA-KS-A41J,demographic.days_to_death,,
clinical.tsv,TCGA-BJ-A191,demographic.days_to_death,,
clinical.tsv,TCGA-BJ-A3PT,demographic.days_to_death,,
clinical.tsv,TCGA-EM-A2CM,demographic.days_to_death,,
clinical.tsv,TCGA-EM-A3FR,demographic.days_to_death,,
clinical.tsv,TCGA-EM-A3O9,demographic.days_to_death,,
clinical.tsv,TCGA-EM-A3O7,demographic.days_to_death,,
clinical.tsv,TCGA-ET-A2N4,demographic.days_to_death,,
clinical.tsv,TCGA-EM-A2CN,demographic.days_to_death,,
clinical.tsv,TCGA-BJ-A0ZA,demographic.days_to_death,,
clinical.tsv,TCGA-E3-A3E0,demographic.days_to_death,,
clinical.tsv,TCGA-BJ-A0Z0,demographic.days_to_death,,
clinical.tsv,TCGA-KS-A41I,demographic.days_to_death,,
clinical.tsv,TCGA-EM-A2CK,demographic.days_to_death,,
clinical.tsv,TCGA-DJ-A3V5,demographic.days_to_death,,
clinical.tsv,TCGA-GE-A2C6,demographic.days_to_death,,
clinical.tsv,TCGA-H2-A421,demographic.days_to_death,,
clinical.tsv,TCGA-EM-A3FM,demographic.days_to_death,,
clinical.tsv,TCGA-BJ-A18Y,demographic.days_to_death,,
clinical.tsv,TCGA-EM-A3FO,demographic.days_to_death,,
clinical.tsv,TCGA-EM-A3FP,demographic.days_to_death,,
clinical.tsv,TCGA-EM-A22J,demographic.days_to_death,,
clinical.tsv,TCGA-EM-A3FJ,demographic.days_to_death,,
clinical.tsv,TCGA-EM-A3FL,demographic.days_to_death,,
clinical.tsv,TCGA-BJ-A45F,demographic.days_to_death,,
clinical.tsv,TCGA-EM-A22K,demographic.days_to_death,,
clinical.tsv,TCGA-BJ-A2P4,demographic.days_to_death,,
clinical.tsv,TCGA-EM-A22I,demographic.days_to_death,,
clinical.tsv,TCGA-BJ-A0Z5,demographic.days_to_death,,
clinical.tsv,TCGA-ET-A25I,demographic.days_to_death,,
clinical.tsv,TCGA-EM-A1CW,demographic.days_to_death,,
clinical.tsv,TCGA-EL-A3CP,demographic.days_to_death,,
clinical.tsv,TCGA-ET-A25J,demographic.days_to_death,,
clinical.tsv,TCGA-EM-A22Q,demographic.days_to_death,,
clinical.tsv,TCGA-ET-A2N3,demographic.days_to_death,,
clinical.tsv,TCGA-QD-A8IV,demographic.days_to_death,,
clinical.tsv,TCGA-EM-A22N,demographic.days_to_death,,
clinical.tsv,TCGA-EM-A1YE,demographic.days_to_death,,
clinical.tsv,TCGA-FY-A4B3,demographic.days_to_death,,
clinical.tsv,TCGA-DJ-A3UY,demographic.days_to_death,,
clinical.tsv,TCGA-EL-A4K0,demographic.days_to_death,,
clinical.tsv,TCGA-ET-A25R,demographic.days_to_death,,
clinical.tsv,TCGA-ET-A25P,demographic.days_to_death,,
clinical.tsv,TCGA-DJ-A2PU,demographic.days_to_death,,
clinical.tsv,TCGA-CE-A3MD,demographic.days_to_death,,
clinical.tsv,TCGA-DJ-A3VI,demographic.days_to_death,,
clinical.tsv,TCGA-ET-A3DP,demographic.days_to_death,,
clinical.tsv,TCGA-BJ-A2N9,demographic.days_to_death,,
clinical.tsv,TCGA-EL-A3ZN,demographic.days_to_death,,
clinical.tsv,TCGA-DE-A7U5,demographic.days_to_death,,
clinical.tsv,TCGA-E8-A414,demographic.days_to_death,,
clinical.tsv,TCGA-EM-A1CT,demographic.days_to_death,,
clinical.tsv,TCGA-ET-A40T,demographic.days_to_death,,
clinical.tsv,TCGA-ET-A3BW,demographic.days_to_death,,
clinical.tsv,TCGA-DJ-A2PR,demographic.days_to_death,,
clinical.tsv,TCGA-ET-A39I,demographic.days_to_death,1011,1011.0
clinical.tsv,TCGA-EL-A3H3,demographic.days_to_death,,
clinical.tsv,TCGA-DJ-A13W,demographic.days_to_death,,
clinical.tsv,TCGA-EL-A4JZ,demographic.days_to_death,,
clinical.tsv,TCGA-ET-A3BU,demographic.days_to_death,,
clinical.tsv,TCGA-E8-A433,demographic.days_to_death,,
clinical.tsv,TCGA-EM-A1CU,demographic.days_to_death,,
clinical.tsv,TCGA-EL-A3GQ,demographic.days_to_death,,
clinical.tsv,TCGA-ET-A2MZ,demographic.days_to_death,,
clinical.tsv,TCGA-J8-A3O0,demographic.days_to_death,,
clinical.tsv,TCGA-FY-A3WA,demographic.days_to_death,,
clinical.tsv,TCGA-ET-A3DS,demographic.days_to_death,,
clinical.tsv,TCGA-DJ-A3UW,demographic.days_to_death,,
clinical.tsv,TCGA-DJ-A2PV,demographic.days_to_death,,
clinical.tsv,TCGA-FK-A3SD,demographic.days_to_death,,
clinical.tsv,TCGA-DJ-A3V3,demographic.days_to_death,,
clinical.tsv,TCGA-DJ-A3UN,demographic.days_to_death,,
clinical.tsv,TCGA-EL-A4JX,demographic.days_to_death,,
clinical.tsv,TCGA-DJ-A3US,demographic.days_to_death,,
clinical.tsv,TCGA-DJ-A13O,demographic.days_to_death,,
clinical.tsv,TCGA-DJ-A4UL,demographic.days_to_death,,
clinical.tsv,TCGA-ET-A39T,demographic.days_to_death,,
clinical.tsv,TCGA-DJ-A2Q7,demographic.days_to_death,,
clinical.tsv,TCGA-DJ-A3V2,demographic.days_to_death,,
clinical.tsv,TCGA-ET-A40P,demographic.days_to_death,,
clinical.tsv,TCGA-CE-A483,demographic.days_to_death,,
clinical.tsv,TCGA-IM-A3U2,demographic.days_to_death,,
clinical.tsv,TCGA-E8-A416,demographic.days_to_death,,
clinical.tsv,TCGA-BJ-A0Z9,demographic.days_to_death,,
clinical.tsv,TCGA-FK-A3SB,demographic.days_to_death,,
clinical.tsv,TCGA-ET-A3BX,demographic.days_to_death,,
clinical.tsv,TCGA-DJ-A2Q0,demographic.days_to_death,,
clinical.tsv,TCGA-BJ-A0ZF,demographic.days_to_death,,
clinical.tsv,TCGA-FY-A3R6,demographic.days_to_death,,
clinical.tsv,TCGA-EL-A3CX,demographic.days_to_death,,
clinical.tsv,TCGA-E8-A417,demographic.days_to_death,,
clinical.tsv,TCGA-EL-A3T1,demographic.days_to_death,,
clinical.tsv,TCGA-E8-A2EA,demographic.days_to_death,,
clinical.tsv,TCGA-ET-A39R,demographic.days_to_death,,
clinical.tsv,TCGA-CE-A485,demographic.days_to_death,,
clinical.tsv,TCGA-DJ-A3UT,demographic.days_to_death,,
clinical.tsv,TCGA-ET-A3DT,demographic.days_to_death,,
clinical.tsv,TCGA-ET-A3DR,demographic.days_to_death,,
clinical.tsv,TCGA-CE-A13K,demographic.days_to_death,,
clinical.tsv,TCGA-DJ-A2PX,demographic.days_to_death,,
clinical.tsv,TCGA-DJ-A3UX,demographic.days_to_death,,
clinical.tsv,TCGA-EL-A4K2,demographic.days_to_death,,
clinical.tsv,TCGA-E8-A44K,demographic.days_to_death,,
clinical.tsv,TCGA-BJ-A3F0,demographic.days_to_death,,
clinical.tsv,TCGA-E8-A432,demographic.days_to_death,,
clinical.tsv,TCGA-EL-A3GO,demographic.days_to_death,,
clinical.tsv,TCGA-EL-A4K1,demographic.days_to_death,,
clinical.tsv,TCGA-DJ-A3UZ,demographic.days_to_death,,
clinical.tsv,TCGA-EL-A3CY,demographic.days_to_death,,
clinical.tsv,TCGA-DJ-A4UT,demographic.days_to_death,,
clinical.tsv,TCGA-DJ-A2QA,demographic.days_to_death,,
clinical.tsv,TCGA-DJ-A4V4,demographic.days_to_death,,
clinical.tsv,TCGA-DJ-A13M,demographic.days_to_death,,
clinical.tsv,TCGA-BJ-A3EZ,demographic.days_to_death,,
clinical.tsv,TCGA-DJ-A3VG,demographic.days_to_death,,
clinical.tsv,TCGA-ET-A3BO,demographic.days_to_death,,
clinical.tsv,TCGA-E8-A415,demographic.days_to_death,,
clinical.tsv,TCGA-DJ-A3UR,demographic.days_to_death,,
clinical.tsv,TCGA-ET-A40S,demographic.days_to_death,,
clinical.tsv,TCGA-DJ-A13P,demographic.days_to_death,,
clinical.tsv,TCGA-DJ-A3VL,demographic.days_to_death,,
clinical.tsv,TCGA-DJ-A1QG,demographic.days_to_death,,
clinical.tsv,TCGA-ET-A39O,demographic.days_to_death,,
clinical.tsv,TCGA-DJ-A3UM,demographic.days_to_death,,
clinical.tsv,TCGA-E8-A413,demographic.days_to_death,,
clinical.tsv,TCGA-DJ-A3UK,demographic.days_to_death,,
clinical.tsv,TCGA-DJ-A1QD,demographic.days_to_death,,
clinical.tsv,TCGA-EL-A4K7,demographic.days_to_death,,
clinical.tsv,TCGA-EL-A4KG,demographic.days_to_death,,
clinical.tsv,TCGA-IM-A3U3,demographic.days_to_death,,
clinical.tsv,TCGA-EL-A3GP,demographic.days_to_death,,
clinical.tsv,TCGA-CE-A3ME,demographic.days_to_death,,
clinical.tsv,TCGA-E8-A436,demographic.days_to_death,,
clinical.tsv,TCGA-DJ-A3VE,demographic.days_to_death,,
clinical.tsv,TCGA-4C-A93U,demographic.days_to_death,,
clinical.tsv,TCGA-IM-A420,demographic.days_to_death,,
clinical.tsv,TCGA-CE-A484,demographic.days_to_death,,
clinical.tsv,TCGA-E8-A418,demographic.days_to_death,,
clinical.tsv,TCGA-E8-A434,demographic.days_to_death,,
clinical.tsv,TCGA-DJ-A2Q4,demographic.days_to_death,,
clinical.tsv,TCGA-E8-A438,demographic.days_to_death,,
clinical.tsv,TCGA-DJ-A3UV,demographic.days_to_death,,
clinical.tsv,TCGA-ET-A3DQ,demographic.days_to_death,,
clinical.tsv,TCGA-BJ-A0Z2,demographic.days_to_death,,
clinical.tsv,TCGA-BJ-A2NA,demographic.days_to_death,,
clinical.tsv,TCGA-EL-A3H8,demographic.days_to_death,,
clinical.tsv,TCGA-EL-A3H7,demographic.days_to_death,,
clinical.tsv,TCGA-BJ-A3PR,demographic.days_to_death,,
clinical.tsv,TCGA-DJ-A2PY,demographic.days_to_death,,
clinical.tsv,TCGA-DJ-A4V0,demographic.days_to_death,,
clinical.tsv,TCGA-EL-A3CW,demographic.days_to_death,938,938.0
clinical.tsv,TCGA-DJ-A2PP,demographic.days_to_death,,
clinical.tsv,TCGA-DJ-A13T,demographic.days_to_death,,
clinical.tsv,TCGA-E8-A437,demographic.days_to_death,,
clinical.tsv,TCGA-DJ-A2QC,demographic.days_to_death,,
clinical.tsv,TCGA-DJ-A1QN,demographic.days_to_death,,
clinical.tsv,TCGA-EL-A3CR,demographic.days_to_death,233,233.0
clinical.tsv,TCGA-DJ-A3VA,demographic.days_to_death,,
clinical.tsv,TCGA-ET-A4KQ,demographic.days_to_death,,
clinical.tsv,TCGA-J8-A4HY,demographic.days_to_death,,
clinical.tsv,TCGA-DJ-A1QM,demographic.days_to_death,,
clinical.tsv,TCGA-BJ-A45E,demographic.days_to_death,,
clinical.tsv,TCGA-DJ-A1QI,demographic.days_to_death,,
clinical.tsv,TCGA-ET-A3BN,demographic.days_to_death,,
clinical.tsv,TCGA-EL-A3CT,demographic.days_to_death,1854,1854.0
clinical.tsv,TCGA-BJ-A28R,demographic.days_to_death,,
clinical.tsv,TCGA-FY-A3TY,demographic.days_to_death,,
clinical.tsv,TCGA-BJ-A28S,demographic.days_to_death,,
clinical.tsv,TCGA-DJ-A2PZ,demographic.days_to_death,,
clinical.tsv,TCGA-EL-A3CL,demographic.days_to_death,963,963.0
clinical.tsv,TCGA-BJ-A2N8,demographic.days_to_death,,
clinical.tsv,TCGA-DO-A2HM,demographic.days_to_death,,
clinical.tsv,TCGA-FK-A3SG,demographic.days_to_death,,
clinical.tsv,TCGA-BJ-A0ZJ,demographic.days_to_death,,
clinical.tsv,TCGA-DJ-A13S,demographic.days_to_death,,
clinical.tsv,TCGA-DJ-A1QQ,demographic.days_to_death,,
clinical.tsv,TCGA-BJ-A0ZG,demographic.days_to_death,,
clinical.tsv,TCGA-BJ-A28W,demographic.days_to_death,,
clinical.tsv,TCGA-BJ-A28T,demographic.days_to_death,,
clinical.tsv,TCGA-EL-A3T7,demographic.days_to_death,,
clinical.tsv,TCGA-BJ-A192,demographic.days_to_death,,
clinical.tsv,TCGA-BJ-A28V,demographic.days_to_death,,
clinical.tsv,TCGA-FY-A3BL,demographic.days_to_death,,
clinical.tsv,TCGA-DJ-A13L,demographic.days_to_death,,
clinical.tsv,TCGA-BJ-A4O9,demographic.days_to_death,,
clinical.tsv,TCGA-BJ-A291,demographic.days_to_death,,
clinical.tsv,TCGA-DJ-A2PO,demographic.days_to_death,,
clinical.tsv,TCGA-DJ-A4V2,demographic.days_to_death,,
clinical.tsv,TCGA-DJ-A1QE,demographic.days_to_death,,
clinical.tsv,TCGA-ET-A39S,demographic.days_to_death,,
clinical.tsv,TCGA-DJ-A1QL,demographic.days_to_death,,
clinical.tsv,TCGA-BJ-A45D,demographic.days_to_death,,
clinical.tsv,TCGA-BJ-A0YZ,demographic.days_to_death,,
clinical.tsv,TCGA-FY-A3NM,demographic.days_to_death,,
clinical.tsv,TCGA-DJ-A2Q8,demographic.days_to_death,,
clinical.tsv,TCGA-DJ-A2PN,demographic.days_to_death,,
clinical.tsv,TCGA-EM-A3AL,demographic.days_to_death,,
clinical.tsv,TCGA-EM-A4FK,demographic.days_to_death,,
clinical.tsv,TCGA-EM-A3SZ,demographic.days_to_death,,
clinical.tsv,TCGA-EM-A3AP,demographic.days_to_death,,
clinical.tsv,TCGA-EM-A2OZ,demographic.days_to_death,,
clinical.tsv,TCGA-EM-A2CR,demographic.days_to_death,,
clinical.tsv,TCGA-EM-A3OA,demographic.days_to_death,,
clinical.tsv,TCGA-EM-A2CL,demographic.days_to_death,,
clinical.tsv,TCGA-EM-A2CP,demographic.days_to_death,,
clinical.tsv,TCGA-DJ-A13X,demographic.days_to_death,,
clinical.tsv,TCGA-EM-A3AK,demographic.days_to_death,,
clinical.tsv,TCGA-EM-A3FN,demographic.days_to_death,,
clinical.tsv,TCGA-J8-A42S,demographic.days_to_death,,
clinical.tsv,TCGA-EM-A4FV,demographic.days_to_death,,
clinical.tsv,TCGA-BJ-A0ZC,demographic.days_to_death,,
clinical.tsv,TCGA-EM-A2CQ,demographic.days_to_death,,
clinical.tsv,TCGA-CE-A27D,demographic.days_to_death,,
clinical.tsv,TCGA-FY-A76V,demographic.days_to_death,,
clinical.tsv,TCGA-BJ-A0ZH,demographic.days_to_death,,
clinical.tsv,TCGA-EL-A3T9,demographic.days_to_death,174,174.0
clinical.tsv,TCGA-BJ-A45K,demographic.days_to_death,,
clinical.tsv,TCGA-EM-A3OB,demographic.days_to_death,,
clinical.tsv,TCGA-EM-A3SY,demographic.days_to_death,,
clinical.tsv,TCGA-EM-A3O8,demographic.days_to_death,,
clinical.tsv,TCGA-EM-A2OW,demographic.days_to_death,,
clinical.tsv,TCGA-FY-A3R7,demographic.days_to_death,,
clinical.tsv,TCGA-EM-A2CT,demographic.days_to_death,,
clinical.tsv,TCGA-EM-A2P3,demographic.days_to_death,,
clinical.tsv,TCGA-EM-A4G1,demographic.days_to_death,,
clinical.tsv,TCGA-ET-A39L,demographic.days_to_death,,
clinical.tsv,TCGA-EM-A2CJ,demographic.days_to_death,,
clinical.tsv,TCGA-EM-A3AQ,demographic.days_to_death,,
clinical.tsv,TCGA-DJ-A1QF,demographic.days_to_death,,
clinical.tsv,TCGA-ET-A3BQ,demographic.days_to_death,,
clinical.tsv,TCGA-EM-A1CV,demographic.days_to_death,,
clinical.tsv,TCGA-EM-A1YD,demographic.days_to_death,,
clinical.tsv,TCGA-EM-A22L,demographic.days_to_death,,
clinical.tsv,TCGA-EM-A1CS,demographic.days_to_death,,
clinical.tsv,TCGA-FY-A3I5,demographic.days_to_death,,
clinical.tsv,TCGA-FY-A3NN,demographic.days_to_death,,
clinical.tsv,TCGA-FY-A2QD,demographic.days_to_death,,
clinical.tsv,TCGA-FE-A236,diagnoses.days_to_best_overall_response,,
clinical.tsv,TCGA-FE-A232,diagnoses.days_to_best_overall_response,,
clinical.tsv,TCGA-FE-A231,diagnoses.days_to_best_overall_response,,
clinical.tsv,TCGA-FE-A237,diagnoses.days_to_best_overall_response,,
clinical.tsv,TCGA-FE-A230,diagnoses.days_to_best_overall_response,,
clinical.tsv,TCGA-FE-A235,diagnoses.days_to_best_overall_response,,
clinical.tsv,TCGA-FE-A238,diagnoses.days_to_best_overall_response,,
clinical.tsv,TCGA-FE-A234,diagnoses.days_to_best_overall_response,,
clinical.tsv,TCGA-FE-A233,diagnoses.days_to_best_overall_response,,
clinical.tsv,TCGA-FE-A239,diagnoses.days_to_best_overall_response,,
clinical.tsv,TCGA-FE-A23A,diagnoses.days_to_best_overall_response,,
clinical.tsv,TCGA-DJ-A2Q9,diagnoses.days_to_best_overall_response,,
clinical.tsv,TCGA-DE-A3KN,diagnoses.days_to_best_overall_response,,
clinical.tsv,TCGA-ET-A3DO,diagnoses.days_to_best_overall_response,,
clinical.tsv,TCGA-DJ-A2Q5,diagnoses.days_to_best_overall_response,,
clinical.tsv,TCGA-EL-A3ZH,diagnoses.days_to_best_overall_response,,
clinical.tsv,TCGA-DO-A1JZ,diagnoses.days_to_best_overall_response,,
clinical.tsv,TCGA-ET-A39J,diagnoses.days_to_best_overall_response,,
clinical.tsv,TCGA-DJ-A3VM,diagnoses.days_to_best_overall_response,,
clinical.tsv,TCGA-MK-A4N9,diagnoses.days_to_best_overall_response,,
clinical.tsv,TCGA-DJ-A4UP,diagnoses.days_to_best_overall_response,,
clinical.tsv,TCGA-DJ-A4UQ,diagnoses.days_to_best_overall_response,,
clinical.tsv,TCGA-EL-A3ZG,diagnoses.days_to_best_overall_response,,
clinical.tsv,TCGA-DJ-A3V9,diagnoses.days_to_best_overall_response,,
clinical.tsv,TCGA-EL-A3ZQ,diagnoses.days_to_best_overall_response,,
clinical.tsv,TCGA-DJ-A3V4,diagnoses.days_to_best_overall_response,,
clinical.tsv,TCGA-DJ-A3UQ,diagnoses.days_to_best_overall_response,,
clinical.tsv,TCGA-DJ-A2PT,diagnoses.days_to_best_overall_response,,
clinical.tsv,TCGA-IM-A3EB,diagnoses.days_to_best_overall_response,,
clinical.tsv,TCGA-DE-A0XZ,diagnoses.days_to_best_overall_response,,
clinical.tsv,TCGA-ET-A3DW,diagnoses.days_to_best_overall_response,,
clinical.tsv,TCGA-ET-A39P,diagnoses.days_to_best_overall_response,,
clinical.tsv,TCGA-DJ-A3UU,diagnoses.days_to_best_overall_response,,
clinical.tsv,TCGA-FY-A3ON,diagnoses.days_to_best_overall_response,,
clinical.tsv,TCGA-DE-A4MB,diagnoses.days_to_best_overall_response,,
clinical.tsv,TCGA-EL-A4JW,diagnoses.days_to_best_overall_response,,
clinical.tsv,TCGA-EL-A4K6,diagnoses.days_to_best_overall_response,,
clinical.tsv,TCGA-EM-A2OV,diagnoses.days_to_best_overall_response,,
clinical.tsv,TCGA-E3-A3DZ,diagnoses.days_to_best_overall_response,,
clinical.tsv,TCGA-FY-A4B4,diagnoses.days_to_best_overall_response,,
clinical.tsv,TCGA-E3-A3E3,diagnoses.days_to_best_overall_response,,
clinical.tsv,TCGA-EL-A3T3,diagnoses.days_to_best_overall_response,,
clinical.tsv,TCGA-EM-A22O,diagnoses.days_to_best_overall_response,,
clinical.tsv,TCGA-FY-A4B0,diagnoses.days_to_best_overall_response,,
clinical.tsv,TCGA-ET-A39K,diagnoses.days_to_best_overall_response,,
clinical.tsv,TCGA-EL-A4JV,diagnoses.days_to_best_overall_response,,
clinical.tsv,TCGA-DJ-A3V6,diagnoses.days_to_best_overall_response,,
clinical.tsv,TCGA-FK-A3S3,diagnoses.days_to_best_overall_response,,
clinical.tsv,TCGA-FE-A22Z,diagnoses.days_to_best_overall_response,,
clinical.tsv,TCGA-FK-A4UB,diagnoses.days_to_best_overall_response,,
clinical.tsv,TCGA-FY-A3W9,diagnoses.days_to_best_overall_response,,
clinical.tsv,TCGA-DE-A69K,diagnoses.days_to_best_overall_response,,
clinical.tsv,TCGA-DE-A4MC,diagnoses.days_to_best_overall_response,,
clinical.tsv,TCGA-DE-A4M9,diagnoses.days_to_best_overall_response,,
clinical.tsv,TCGA-DJ-A4V5,diagnoses.days_to_best_overall_response,,
clinical.tsv,TCGA-ET-A39N,diagnoses.days_to_best_overall_response,,
clinical.tsv,TCGA-DE-A4MA,diagnoses.days_to_best_overall_response,,
clinical.tsv,TCGA-EL-A4K9,diagnoses.days_to_best_overall_response,,
clinical.tsv,TCGA-DJ-A13U,diagnoses.days_to_best_overall_response,,
clinical.tsv,TCGA-DJ-A3V7,diagnoses.days_to_best_overall_response,,
clinical.tsv,TCGA-EL-A3T6,diagnoses.days_to_best_overall_response,,
clinical.tsv,TCGA-E3-A3E5,diagnoses.days_to_best_overall_response,,
clinical.tsv,TCGA-IM-A41Z,diagnoses.days_to_best_overall_response,,
clinical.tsv,TCGA-DJ-A3VK,diagnoses.days_to_best_overall_response,,
clinical.tsv,TCGA-EL-A3ZR,diagnoses.days_to_best_overall_response,,
clinical.tsv,TCGA-DJ-A4UW,diagnoses.days_to_best_overall_response,,
clinical.tsv,TCGA-L6-A4EP,diagnoses.days_to_best_overall_response,,
clinical.tsv,TCGA-DE-A69J,diagnoses.days_to_best_overall_response,,
clinical.tsv,TCGA-DJ-A2PS,diagnoses.days_to_best_overall_response,,
clinical.tsv,TCGA-EL-A3TB,diagnoses.days_to_best_overall_response,,
clinical.tsv,TCGA-E8-A419,diagnoses.days_to_best_overall_response,,
clinical.tsv,TCGA-DJ-A3V8,diagnoses.days_to_best_overall_response,,
clinical.tsv,TCGA-DE-A4M8,diagnoses.days_to_best_overall_response,,
clinical.tsv,TCGA-DJ-A3VF,diagnoses.days_to_best_overall_response,,
clinical.tsv,TCGA-DJ-A2Q3,diagnoses.days_to_best_overall_response,,
clinical.tsv,TCGA-DJ-A2Q6,diagnoses.days_to_best_overall_response,,
clinical.tsv,TCGA-FK-A3SE,diagnoses.days_to_best_overall_response,,
clinical.tsv,TCGA-ET-A3DV,diagnoses.days_to_best_overall_response,,
clinical.tsv,TCGA-L6-A4EU,diagnoses.days_to_best_overall_response,,
clinical.tsv,TCGA-DJ-A2QB,diagnoses.days_to_best_overall_response,,
clinical.tsv,TCGA-DO-A1K0,diagnoses.days_to_best_overall_response,,
clinical.tsv,TCGA-ET-A3DU,diagnoses.days_to_best_overall_response,,
clinical.tsv,TCGA-DJ-A4UR,diagnoses.days_to_best_overall_response,,
clinical.tsv,TCGA-ET-A3BS,diagnoses.days_to_best_overall_response,,
clinical.tsv,TCGA-EL-A3GW,diagnoses.days_to_best_overall_response,,
clinical.tsv,TCGA-DE-A4MD,diagnoses.days_to_best_overall_response,,
clinical.tsv,TCGA-DJ-A2PW,diagnoses.days_to_best_overall_response,,
clinical.tsv,TCGA-L6-A4EQ,diagnoses.days_to_best_overall_response,,
clinical.tsv,TCGA-DJ-A3UO,diagnoses.days_to_best_overall_response,,
clinical.tsv,TCGA-ET-A3BT,diagnoses.days_to_best_overall_response,,
clinical.tsv,TCGA-DJ-A3VD,diagnoses.days_to_best_overall_response,,
clinical.tsv,TCGA-MK-A4N6,diagnoses.days_to_best_overall_response,,
clinical.tsv,TCGA-EL-A3H4,diagnoses.days_to_best_overall_response,,
clinical.tsv,TCGA-L6-A4ET,diagnoses.days_to_best_overall_response,,
clinical.tsv,TCGA-DJ-A2Q1,diagnoses.days_to_best_overall_response,,
clinical.tsv,TCGA-FK-A3SH,diagnoses.days_to_best_overall_response,,
clinical.tsv,TCGA-DJ-A3VJ,diagnoses.days_to_best_overall_response,,
clinical.tsv,TCGA-E3-A3E2,diagnoses.days_to_best_overall_response,,
clinical.tsv,TCGA-MK-A4N7,diagnoses.days_to_best_overall_response,,
clinical.tsv,TCGA-DJ-A1QO,diagnoses.days_to_best_overall_response,,
clinical.tsv,TCGA-E8-A3X7,diagnoses.days_to_best_overall_response,,
clinical.tsv,TCGA-DJ-A1QH,diagnoses.days_to_best_overall_response,,
clinical.tsv,TCGA-J8-A3O1,diagnoses.days_to_best_overall_response,,
clinical.tsv,TCGA-EL-A3N3,diagnoses.days_to_best_overall_response,,
clinical.tsv,TCGA-J8-A3YF,diagnoses.days_to_best_overall_response,,
clinical.tsv,TCGA-FY-A3NP,diagnoses.days_to_best_overall_response,,
clinical.tsv,TCGA-J8-A3O2,diagnoses.days_to_best_overall_response,,
clinical.tsv,TCGA-FE-A3PB,diagnoses.days_to_best_overall_response,,
clinical.tsv,TCGA-FE-A3PA,diagnoses.days_to_best_overall_response,,
clinical.tsv,TCGA-EL-A4KI,diagnoses.days_to_best_overall_response,,
clinical.tsv,TCGA-MK-A84Z,diagnoses.days_to_best_overall_response,,
clinical.tsv,TCGA-EL-A3GS,diagnoses.days_to_best_overall_response,,
clinical.tsv,TCGA-ET-A40R,diagnoses.days_to_best_overall_response,,
clinical.tsv,TCGA-DJ-A3UP,diagnoses.days_to_best_overall_response,,
clinical.tsv,TCGA-EL-A4K4,diagnoses.days_to_best_overall_response,,
clinical.tsv,TCGA-EL-A3N2,diagnoses.days_to_best_overall_response,,
clinical.tsv,TCGA-IM-A4EB,diagnoses.days_to_best_overall_response,,
clinical.tsv,TCGA-EL-A3ZK,diagnoses.days_to_best_overall_response,,
clinical.tsv,TCGA-DJ-A13R,diagnoses.days_to_best_overall_response,,
clinical.tsv,TCGA-FY-A40L,diagnoses.days_to_best_overall_response,,
clinical.tsv,TCGA-EL-A3H5,diagnoses.days_to_best_overall_response,,
clinical.tsv,TCGA-J8-A3NZ,diagnoses.days_to_best_overall_response,,
clinical.tsv,TCGA-EL-A3CN,diagnoses.days_to_best_overall_response,,
clinical.tsv,TCGA-BJ-A3PU,diagnoses.days_to_best_overall_response,,
clinical.tsv,TCGA-IM-A41Y,diagnoses.days_to_best_overall_response,,
clinical.tsv,TCGA-FY-A3RA,diagnoses.days_to_best_overall_response,,
clinical.tsv,TCGA-EL-A3D4,diagnoses.days_to_best_overall_response,,
clinical.tsv,TCGA-EL-A4KH,diagnoses.days_to_best_overall_response,,
clinical.tsv,TCGA-DE-A0Y2,diagnoses.days_to_best_overall_response,,
clinical.tsv,TCGA-ET-A40Q,diagnoses.days_to_best_overall_response,,
clinical.tsv,TCGA-FY-A40M,diagnoses.days_to_best_overall_response,,
clinical.tsv,TCGA-EL-A3MY,diagnoses.days_to_best_overall_response,,
clinical.tsv,TCGA-DE-A2OL,diagnoses.days_to_best_overall_response,,
clinical.tsv,TCGA-ET-A2N5,diagnoses.days_to_best_overall_response,,
clinical.tsv,TCGA-EL-A3GX,diagnoses.days_to_best_overall_response,,
clinical.tsv,TCGA-EL-A3T0,diagnoses.days_to_best_overall_response,,
clinical.tsv,TCGA-FY-A40K,diagnoses.days_to_best_overall_response,,
clinical.tsv,TCGA-ET-A3BP,diagnoses.days_to_best_overall_response,,
clinical.tsv,TCGA-EL-A3T8,diagnoses.days_to_best_overall_response,,
clinical.tsv,TCGA-DJ-A13V,diagnoses.days_to_best_overall_response,,
clinical.tsv,TCGA-BJ-A45C,diagnoses.days_to_best_overall_response,,
clinical.tsv,TCGA-EL-A3ZS,diagnoses.days_to_best_overall_response,,
clinical.tsv,TCGA-EL-A3GR,diagnoses.days_to_best_overall_response,,
clinical.tsv,TCGA-DJ-A3VB,diagnoses.days_to_best_overall_response,,
clinical.tsv,TCGA-BJ-A28X,diagnoses.days_to_best_overall_response,,
clinical.tsv,TCGA-EL-A4KD,diagnoses.days_to_best_overall_response,,
clinical.tsv,TCGA-DJ-A3V0,diagnoses.days_to_best_overall_response,,
clinical.tsv,TCGA-EL-A3D1,diagnoses.days_to_best_overall_response,,
clinical.tsv,TCGA-H2-A3RI,diagnoses.days_to_best_overall_response,,
clinical.tsv,TCGA-DE-A0Y3,diagnoses.days_to_best_overall_response,,
clinical.tsv,TCGA-BJ-A45I,diagnoses.days_to_best_overall_response,,
clinical.tsv,TCGA-FY-A3R8,diagnoses.days_to_best_overall_response,,
clinical.tsv,TCGA-FY-A3I4,diagnoses.days_to_best_overall_response,,
clinical.tsv,TCGA-FY-A3YR,diagnoses.days_to_best_overall_response,,
clinical.tsv,TCGA-EL-A3TA,diagnoses.days_to_best_overall_response,,
clinical.tsv,TCGA-EL-A3GU,diagnoses.days_to_best_overall_response,,
clinical.tsv,TCGA-EL-A3ZL,diagnoses.days_to_best_overall_response,,
clinical.tsv,TCGA-ET-A2N1,diagnoses.days_to_best_overall_response,,
clinical.tsv,TCGA-EL-A3GV,diagnoses.days_to_best_overall_response,,
clinical.tsv,TCGA-EL-A3D5,diagnoses.days_to_best_overall_response,,
clinical.tsv,TCGA-EL-A3ZP,diagnoses.days_to_best_overall_response,,
clinical.tsv,TCGA-DJ-A2PQ,diagnoses.days_to_best_overall_response,,
clinical.tsv,TCGA-E8-A2JQ,diagnoses.days_to_best_overall_response,,
clinical.tsv,TCGA-EL-A3CV,diagnoses.days_to_best_overall_response,,
clinical.tsv,TCGA-EM-A1YC,diagnoses.days_to_best_overall_response,,
clinical.tsv,TCGA-BJ-A4O8,diagnoses.days_to_best_overall_response,,
clinical.tsv,TCGA-EM-A4FM,diagnoses.days_to_best_overall_response,,
clinical.tsv,TCGA-EL-A3GY,diagnoses.days_to_best_overall_response,,
clinical.tsv,TCGA-EL-A3D6,diagnoses.days_to_best_overall_response,,
clinical.tsv,TCGA-ET-A2N0,diagnoses.days_to_best_overall_response,,
clinical.tsv,TCGA-EL-A3CM,diagnoses.days_to_best_overall_response,,
clinical.tsv,TCGA-EM-A3O3,diagnoses.days_to_best_overall_response,,
clinical.tsv,TCGA-CE-A481,diagnoses.days_to_best_overall_response,,
clinical.tsv,TCGA-ET-A25K,diagnoses.days_to_best_overall_response,,
clinical.tsv,TCGA-EL-A3GZ,diagnoses.days_to_best_overall_response,,
clinical.tsv,TCGA-EL-A3ZO,diagnoses.days_to_best_overall_response,,
clinical.tsv,TCGA-BJ-A290,diagnoses.days_to_best_overall_response,,
clinical.tsv,TCGA-ET-A25L,diagnoses.days_to_best_overall_response,,
clinical.tsv,TCGA-KS-A4IC,diagnoses.days_to_best_overall_response,,
clinical.tsv,TCGA-J8-A3YD,diagnoses.days_to_best_overall_response,,
clinical.tsv,TCGA-EM-A4FQ,diagnoses.days_to_best_overall_response,,
clinical.tsv,TCGA-KS-A4I9,diagnoses.days_to_best_overall_response,,
clinical.tsv,TCGA-EL-A3D0,diagnoses.days_to_best_overall_response,,
clinical.tsv,TCGA-EL-A3ZT,diagnoses.days_to_best_overall_response,,
clinical.tsv,TCGA-EM-A3AI,diagnoses.days_to_best_overall_response,,
clinical.tsv,TCGA-BJ-A28Z,diagnoses.days_to_best_overall_response,,
clinical.tsv,TCGA-KS-A4I1,diagnoses.days_to_best_overall_response,,
clinical.tsv,TCGA-EM-A3AR,diagnoses.days_to_best_overall_response,,
clinical.tsv,TCGA-EM-A2CS,diagnoses.days_to_best_overall_response,,
clinical.tsv,TCGA-ET-A4KN,diagnoses.days_to_best_overall_response,,
clinical.tsv,TCGA-EL-A3H2,diagnoses.days_to_best_overall_response,,
clinical.tsv,TCGA-BJ-A45H,diagnoses.days_to_best_overall_response,,
clinical.tsv,TCGA-ET-A25M,diagnoses.days_to_best_overall_response,,
clinical.tsv,TCGA-H2-A422,diagnoses.days_to_best_overall_response,,
clinical.tsv,TCGA-EM-A2OX,diagnoses.days_to_best_overall_response,,
clinical.tsv,TCGA-J8-A3YG,diagnoses.days_to_best_overall_response,,
clinical.tsv,TCGA-DJ-A2Q2,diagnoses.days_to_best_overall_response,,
clinical.tsv,TCGA-CE-A482,diagnoses.days_to_best_overall_response,,
clinical.tsv,TCGA-FE-A3PC,diagnoses.days_to_best_overall_response,,
clinical.tsv,TCGA-BJ-A45G,diagnoses.days_to_best_overall_response,,
clinical.tsv,TCGA-ET-A25O,diagnoses.days_to_best_overall_response,,
clinical.tsv,TCGA-J8-A3YE,diagnoses.days_to_best_overall_response,,
clinical.tsv,TCGA-EL-A3CZ,diagnoses.days_to_best_overall_response,,
clinical.tsv,TCGA-KS-A4IB,diagnoses.days_to_best_overall_response,,
clinical.tsv,TCGA-E3-A3DY,diagnoses.days_to_best_overall_response,,
clinical.tsv,TCGA-KS-A4I7,diagnoses.days_to_best_overall_response,,
clinical.tsv,TCGA-ET-A25G,diagnoses.days_to_best_overall_response,,
clinical.tsv,TCGA-KS-A4I5,diagnoses.days_to_best_overall_response,,
clinical.tsv,TCGA-ET-A39M,diagnoses.days_to_best_overall_response,,
clinical.tsv,TCGA-EL-A3MX,diagnoses.days_to_best_overall_response,,
clinical.tsv,TCGA-ET-A2MY,diagnoses.days_to_best_overall_response,,
clinical.tsv,TCGA-ET-A25N,diagnoses.days_to_best_overall_response,,
clinical.tsv,TCGA-EL-A3MZ,diagnoses.days_to_best_overall_response,,
clinical.tsv,TCGA-KS-A4I3,diagnoses.days_to_best_overall_response,,
clinical.tsv,TCGA-EL-A3CO,diagnoses.days_to_best_overall_response,,
clinical.tsv,TCGA-H2-A3RH,diagnoses.days_to_best_overall_response,,
clinical.tsv,TCGA-EL-A3ZM,diagnoses.days_to_best_overall_response,,
clinical.tsv,TCGA-BJ-A18Z,diagnoses.days_to_best_overall_response,,
clinical.tsv,TCGA-EM-A22P,diagnoses.days_to_best_overall_response,,
clinical.tsv,TCGA-H2-A2K9,diagnoses.days_to_best_overall_response,,
clinical.tsv,TCGA-E8-A44M,diagnoses.days_to_best_overall_response,,
clinical.tsv,TCGA-BJ-A0Z3,diagnoses.days_to_best_overall_response,,
clinical.tsv,TCGA-EM-A3O6,diagnoses.days_to_best_overall_response,,
clinical.tsv,TCGA-FE-A3PD,diagnoses.days_to_best_overall_response,,
clinical.tsv,TCGA-FY-A40N,diagnoses.days_to_best_overall_response,,
clinical.tsv,TCGA-EM-A4FH,diagnoses.days_to_best_overall_response,,
clinical.tsv,TCGA-KS-A41L,diagnoses.days_to_best_overall_response,,
clinical.tsv,TCGA-E8-A242,diagnoses.days_to_best_overall_response,,
clinical.tsv,TCGA-EM-A4FU,diagnoses.days_to_best_overall_response,,
clinical.tsv,TCGA-EM-A1YA,diagnoses.days_to_best_overall_response,,
clinical.tsv,TCGA-ET-A2MX,diagnoses.days_to_best_overall_response,,
clinical.tsv,TCGA-EM-A3AN,diagnoses.days_to_best_overall_response,,
clinical.tsv,TCGA-EM-A2CU,diagnoses.days_to_best_overall_response,,
clinical.tsv,TCGA-BJ-A45J,diagnoses.days_to_best_overall_response,,
clinical.tsv,TCGA-EL-A3CU,diagnoses.days_to_best_overall_response,,
clinical.tsv,TCGA-EM-A2P0,diagnoses.days_to_best_overall_response,,
clinical.tsv,TCGA-E3-A3E1,diagnoses.days_to_best_overall_response,,
clinical.tsv,TCGA-KS-A4ID,diagnoses.days_to_best_overall_response,,
clinical.tsv,TCGA-EL-A3T2,diagnoses.days_to_best_overall_response,,
clinical.tsv,TCGA-EL-A3CS,diagnoses.days_to_best_overall_response,,
clinical.tsv,TCGA-EL-A3H1,diagnoses.days_to_best_overall_response,,
clinical.tsv,TCGA-EM-A4FR,diagnoses.days_to_best_overall_response,,
clinical.tsv,TCGA-KS-A41F,diagnoses.days_to_best_overall_response,,
clinical.tsv,TCGA-EM-A22M,diagnoses.days_to_best_overall_response,,
clinical.tsv,TCGA-EM-A2P1,diagnoses.days_to_best_overall_response,,
clinical.tsv,TCGA-J8-A3YH,diagnoses.days_to_best_overall_response,,
clinical.tsv,TCGA-BJ-A0ZE,diagnoses.days_to_best_overall_response,,
clinical.tsv,TCGA-EM-A1YB,diagnoses.days_to_best_overall_response,,
clinical.tsv,TCGA-EM-A4FF,diagnoses.days_to_best_overall_response,,
clinical.tsv,TCGA-EM-A2P2,diagnoses.days_to_best_overall_response,,
clinical.tsv,TCGA-ET-A3BV,diagnoses.days_to_best_overall_response,,
clinical.tsv,TCGA-BJ-A2N7,diagnoses.days_to_best_overall_response,,
clinical.tsv,TCGA-IM-A3ED,diagnoses.days_to_best_overall_response,,
clinical.tsv,TCGA-EM-A2OY,diagnoses.days_to_best_overall_response,,
clinical.tsv,TCGA-EM-A3ST,diagnoses.days_to_best_overall_response,,
clinical.tsv,TCGA-EM-A3AJ,diagnoses.days_to_best_overall_response,,
clinical.tsv,TCGA-FY-A3R9,diagnoses.days_to_best_overall_response,,
clinical.tsv,TCGA-BJ-A0ZB,diagnoses.days_to_best_overall_response,,
clinical.tsv,TCGA-EM-A4FO,diagnoses.days_to_best_overall_response,,
clinical.tsv,TCGA-H2-A26U,diagnoses.days_to_best_overall_response,,
clinical.tsv,TCGA-EL-A3MW,diagnoses.days_to_best_overall_response,,
clinical.tsv,TCGA-EM-A4FN,diagnoses.days_to_best_overall_response,,
clinical.tsv,TCGA-J8-A4HW,diagnoses.days_to_best_overall_response,,
clinical.tsv,TCGA-EM-A3SU,diagnoses.days_to_best_overall_response,,
clinical.tsv,TCGA-EM-A3FQ,diagnoses.days_to_best_overall_response,,
clinical.tsv,TCGA-EM-A2CO,diagnoses.days_to_best_overall_response,,
clinical.tsv,TCGA-BJ-A190,diagnoses.days_to_best_overall_response,,
clinical.tsv,TCGA-EM-A3FK,diagnoses.days_to_best_overall_response,,
clinical.tsv,TCGA-EM-A3SX,diagnoses.days_to_best_overall_response,,
clinical.tsv,TCGA-EM-A3AO,diagnoses.days_to_best_overall_response,,
clinical.tsv,TCGA-KS-A41J,diagnoses.days_to_best_overall_response,,
clinical.tsv,TCGA-BJ-A191,diagnoses.days_to_best_overall_response,,
clinical.tsv,TCGA-BJ-A3PT,diagnoses.days_to_best_overall_response,,
clinical.tsv,TCGA-EM-A2CM,diagnoses.days_to_best_overall_response,,
clinical.tsv,TCGA-EM-A3FR,diagnoses.days_to_best_overall_response,,
clinical.tsv,TCGA-EM-A3O9,diagnoses.days_to_best_overall_response,,
clinical.tsv,TCGA-EM-A3O7,diagnoses.days_to_best_overall_response,,
clinical.tsv,TCGA-ET-A2N4,diagnoses.days_to_best_overall_response,,
clinical.tsv,TCGA-EM-A2CN,diagnoses.days_to_best_overall_response,,
clinical.tsv,TCGA-BJ-A0ZA,diagnoses.days_to_best_overall_response,,
clinical.tsv,TCGA-E3-A3E0,diagnoses.days_to_best_overall_response,,
clinical.tsv,TCGA-BJ-A0Z0,diagnoses.days_to_best_overall_response,,
clinical.tsv,TCGA-KS-A41I,diagnoses.days_to_best_overall_response,,
clinical.tsv,TCGA-EM-A2CK,diagnoses.days_to_best_overall_response,,
clinical.tsv,TCGA-DJ-A3V5,diagnoses.days_to_best_overall_response,,
clinical.tsv,TCGA-GE-A2C6,diagnoses.days_to_best_overall_response,,
clinical.tsv,TCGA-H2-A421,diagnoses.days_to_best_overall_response,,
clinical.tsv,TCGA-EM-A3FM,diagnoses.days_to_best_overall_response,,
clinical.tsv,TCGA-BJ-A18Y,diagnoses.days_to_best_overall_response,,
clinical.tsv,TCGA-EM-A3FO,diagnoses.days_to_best_overall_response,,
clinical.tsv,TCGA-EM-A3FP,diagnoses.days_to_best_overall_response,,
clinical.tsv,TCGA-EM-A22J,diagnoses.days_to_best_overall_response,,
clinical.tsv,TCGA-EM-A3FJ,diagnoses.days_to_best_overall_response,,
clinical.tsv,TCGA-EM-A3FL,diagnoses.days_to_best_overall_response,,
clinical.tsv,TCGA-BJ-A45F,diagnoses.days_to_best_overall_response,,
clinical.tsv,TCGA-EM-A22K,diagnoses.days_to_best_overall_response,,
clinical.tsv,TCGA-BJ-A2P4,diagnoses.days_to_best_overall_response,,
clinical.tsv,TCGA-EM-A22I,diagnoses.days_to_best_overall_response,,
clinical.tsv,TCGA-BJ-A0Z5,diagnoses.days_to_best_overall_response,,
clinical.tsv,TCGA-ET-A25I,diagnoses.days_to_best_overall_response,,
clinical.tsv,TCGA-EM-A1CW,diagnoses.days_to_best_overall_response,,
clinical.tsv,TCGA-EL-A3CP,diagnoses.days_to_best_overall_response,,
clinical.tsv,TCGA-ET-A25J,diagnoses.days_to_best_overall_response,,
clinical.tsv,TCGA-EM-A22Q,diagnoses.days_to_best_overall_response,,
clinical.tsv,TCGA-ET-A2N3,diagnoses.days_to_best_overall_response,,
clinical.tsv,TCGA-QD-A8IV,diagnoses.days_to_best_overall_response,,
clinical.tsv,TCGA-EM-A22N,diagnoses.days_to_best_overall_response,,
clinical.tsv,TCGA-EM-A1YE,diagnoses.days_to_best_overall_response,,
clinical.tsv,TCGA-FY-A4B3,diagnoses.days_to_best_overall_response,,
clinical.tsv,TCGA-DJ-A3UY,diagnoses.days_to_best_overall_response,,
clinical.tsv,TCGA-EL-A4K0,diagnoses.days_to_best_overall_response,,
clinical.tsv,TCGA-ET-A25R,diagnoses.days_to_best_overall_response,,
clinical.tsv,TCGA-ET-A25P,diagnoses.days_to_best_overall_response,,
clinical.tsv,TCGA-DJ-A2PU,diagnoses.days_to_best_overall_response,,
clinical.tsv,TCGA-CE-A3MD,diagnoses.days_to_best_overall_response,,
clinical.tsv,TCGA-DJ-A3VI,diagnoses.days_to_best_overall_response,,
clinical.tsv,TCGA-ET-A3DP,diagnoses.days_to_best_overall_response,,
clinical.tsv,TCGA-BJ-A2N9,diagnoses.days_to_best_overall_response,,
clinical.tsv,TCGA-EL-A3ZN,diagnoses.days_to_best_overall_response,,
clinical.tsv,TCGA-DE-A7U5,diagnoses.days_to_best_overall_response,,
clinical.tsv,TCGA-E8-A414,diagnoses.days_to_best_overall_response,,
clinical.tsv,TCGA-EM-A1CT,diagnoses.days_to_best_overall_response,,
clinical.tsv,TCGA-ET-A40T,diagnoses.days_to_best_overall_response,,
clinical.tsv,TCGA-ET-A3BW,diagnoses.days_to_best_overall_response,,
clinical.tsv,TCGA-DJ-A2PR,diagnoses.days_to_best_overall_response,,
clinical.tsv,TCGA-ET-A39I,diagnoses.days_to_best_overall_response,,
clinical.tsv,TCGA-EL-A3H3,diagnoses.days_to_best_overall_response,,
clinical.tsv,TCGA-DJ-A13W,diagnoses.days_to_best_overall_response,,
clinical.tsv,TCGA-EL-A4JZ,diagnoses.days_to_best_overall_response,,
clinical.tsv,TCGA-ET-A3BU,diagnoses.days_to_best_overall_response,,
clinical.tsv,TCGA-E8-A433,diagnoses.days_to_best_overall_response,,
clinical.tsv,TCGA-EM-A1CU,diagnoses.days_to_best_overall_response,,
clinical.tsv,TCGA-EL-A3GQ,diagnoses.days_to_best_overall_response,,
clinical.tsv,TCGA-ET-A2MZ,diagnoses.days_to_best_overall_response,,
clinical.tsv,TCGA-J8-A3O0,diagnoses.days_to_best_overall_response,,
clinical.tsv,TCGA-FY-A3WA,diagnoses.days_to_best_overall_response,,
clinical.tsv,TCGA-ET-A3DS,diagnoses.days_to_best_overall_response,,
clinical.tsv,TCGA-DJ-A3UW,diagnoses.days_to_best_overall_response,,
clinical.tsv,TCGA-DJ-A2PV,diagnoses.days_to_best_overall_response,,
clinical.tsv,TCGA-FK-A3SD,diagnoses.days_to_best_overall_response,,
clinical.tsv,TCGA-DJ-A3V3,diagnoses.days_to_best_overall_response,,
clinical.tsv,TCGA-DJ-A3UN,diagnoses.days_to_best_overall_response,,
clinical.tsv,TCGA-EL-A4JX,diagnoses.days_to_best_overall_response,,
clinical.tsv,TCGA-DJ-A3US,diagnoses.days_to_best_overall_response,,
clinical.tsv,TCGA-DJ-A13O,diagnoses.days_to_best_overall_response,,
clinical.tsv,TCGA-DJ-A4UL,diagnoses.days_to_best_overall_response,,
clinical.tsv,TCGA-ET-A39T,diagnoses.days_to_best_overall_response,,
clinical.tsv,TCGA-DJ-A2Q7,diagnoses.days_to_best_overall_response,,
clinical.tsv,TCGA-DJ-A3V2,diagnoses.days_to_best_overall_response,,
clinical.tsv,TCGA-ET-A40P,diagnoses.days_to_best_overall_response,,
clinical.tsv,TCGA-CE-A483,diagnoses.days_to_best_overall_response,,
clinical.tsv,TCGA-IM-A3U2,diagnoses.days_to_best_overall_response,,
clinical.tsv,TCGA-E8-A416,diagnoses.days_to_best_overall_response,,
clinical.tsv,TCGA-BJ-A0Z9,diagnoses.days_to_best_overall_response,,
clinical.tsv,TCGA-FK-A3SB,diagnoses.days_to_best_overall_response,,
clinical.tsv,TCGA-ET-A3BX,diagnoses.days_to_best_overall_response,,
clinical.tsv,TCGA-DJ-A2Q0,diagnoses.days_to_best_overall_response,,
clinical.tsv,TCGA-BJ-A0ZF,diagnoses.days_to_best_overall_response,,
clinical.tsv,TCGA-FY-A3R6,diagnoses.days_to_best_overall_response,,
clinical.tsv,TCGA-EL-A3CX,diagnoses.days_to_best_overall_response,,
clinical.tsv,TCGA-E8-A417,diagnoses.days_to_best_overall_response,,
clinical.tsv,TCGA-EL-A3T1,diagnoses.days_to_best_overall_response,,
clinical.tsv,TCGA-E8-A2EA,diagnoses.days_to_best_overall_response,,
clinical.tsv,TCGA-ET-A39R,diagnoses.days_to_best_overall_response,,
clinical.tsv,TCGA-CE-A485,diagnoses.days_to_best_overall_response,,
clinical.tsv,TCGA-DJ-A3UT,diagnoses.days_to_best_overall_response,,
clinical.tsv,TCGA-ET-A3DT,diagnoses.days_to_best_overall_response,,
clinical.tsv,TCGA-ET-A3DR,diagnoses.days_to_best_overall_response,,
clinical.tsv,TCGA-CE-A13K,diagnoses.days_to_best_overall_response,,
clinical.tsv,TCGA-DJ-A2PX,diagnoses.days_to_best_overall_response,,
clinical.tsv,TCGA-DJ-A3UX,diagnoses.days_to_best_overall_response,,
clinical.tsv,TCGA-EL-A4K2,diagnoses.days_to_best_overall_response,,
clinical.tsv,TCGA-E8-A44K,diagnoses.days_to_best_overall_response,,
clinical.tsv,TCGA-BJ-A3F0,diagnoses.days_to_best_overall_response,,
clinical.tsv,TCGA-E8-A432,diagnoses.days_to_best_overall_response,,
clinical.tsv,TCGA-EL-A3GO,diagnoses.days_to_best_overall_response,,
clinical.tsv,TCGA-EL-A4K1,diagnoses.days_to_best_overall_response,,
clinical.tsv,TCGA-DJ-A3UZ,diagnoses.days_to_best_overall_response,,
clinical.tsv,TCGA-EL-A3CY,diagnoses.days_to_best_overall_response,,
clinical.tsv,TCGA-DJ-A4UT,diagnoses.days_to_best_overall_response,,
clinical.tsv,TCGA-DJ-A2QA,diagnoses.days_to_best_overall_response,,
clinical.tsv,TCGA-DJ-A4V4,diagnoses.days_to_best_overall_response,,
clinical.tsv,TCGA-DJ-A13M,diagnoses.days_to_best_overall_response,,
clinical.tsv,TCGA-BJ-A3EZ,diagnoses.days_to_best_overall_response,,
clinical.tsv,TCGA-DJ-A3VG,diagnoses.days_to_best_overall_response,,
clinical.tsv,TCGA-ET-A3BO,diagnoses.days_to_best_overall_response,,
clinical.tsv,TCGA-E8-A415,diagnoses.days_to_best_overall_response,,
clinical.tsv,TCGA-DJ-A3UR,diagnoses.days_to_best_overall_response,,
clinical.tsv,TCGA-ET-A40S,diagnoses.days_to_best_overall_response,,
clinical.tsv,TCGA-DJ-A13P,diagnoses.days_to_best_overall_response,,
clinical.tsv,TCGA-DJ-A3VL,diagnoses.days_to_best_overall_response,,
clinical.tsv,TCGA-DJ-A1QG,diagnoses.days_to_best_overall_response,,
clinical.tsv,TCGA-ET-A39O,diagnoses.days_to_best_overall_response,,
clinical.tsv,TCGA-DJ-A3UM,diagnoses.days_to_best_overall_response,,
clinical.tsv,TCGA-E8-A413,diagnoses.days_to_best_overall_response,,
clinical.tsv,TCGA-DJ-A3UK,diagnoses.days_to_best_overall_response,,
clinical.tsv,TCGA-DJ-A1QD,diagnoses.days_to_best_overall_response,,
clinical.tsv,TCGA-EL-A4K7,diagnoses.days_to_best_overall_response,,
clinical.tsv,TCGA-EL-A4KG,diagnoses.days_to_best_overall_response,,
clinical.tsv,TCGA-IM-A3U3,diagnoses.days_to_best_overall_response,,
clinical.tsv,TCGA-EL-A3GP,diagnoses.days_to_best_overall_response,,
clinical.tsv,TCGA-CE-A3ME,diagnoses.days_to_best_overall_response,,
clinical.tsv,TCGA-E8-A436,diagnoses.days_to_best_overall_response,,
clinical.tsv,TCGA-DJ-A3VE,diagnoses.days_to_best_overall_response,,
clinical.tsv,TCGA-4C-A93U,diagnoses.days_to_best_overall_response,,
clinical.tsv,TCGA-IM-A420,diagnoses.days_to_best_overall_response,,
clinical.tsv,TCGA-CE-A484,diagnoses.days_to_best_overall_response,,
clinical.tsv,TCGA-E8-A418,diagnoses.days_to_best_overall_response,,
clinical.tsv,TCGA-E8-A434,diagnoses.days_to_best_overall_response,,
clinical.tsv,TCGA-DJ-A2Q4,diagnoses.days_to_best_overall_response,,
clinical.tsv,TCGA-E8-A438,diagnoses.days_to_best_overall_response,,
clinical.tsv,TCGA-DJ-A3UV,diagnoses.days_to_best_overall_response,,
clinical.tsv,TCGA-ET-A3DQ,diagnoses.days_to_best_overall_response,,
clinical.tsv,TCGA-BJ-A0Z2,diagnoses.days_to_best_overall_response,,
clinical.tsv,TCGA-BJ-A2NA,diagnoses.days_to_best_overall_response,,
clinical.tsv,TCGA-EL-A3H8,diagnoses.days_to_best_overall_response,,
clinical.tsv,TCGA-EL-A3H7,diagnoses.days_to_best_overall_response,,
clinical.tsv,TCGA-BJ-A3PR,diagnoses.days_to_best_overall_response,,
clinical.tsv,TCGA-DJ-A2PY,diagnoses.days_to_best_overall_response,,
clinical.tsv,TCGA-DJ-A4V0,diagnoses.days_to_best_overall_response,,
clinical.tsv,TCGA-EL-A3CW,diagnoses.days_to_best_overall_response,,
clinical.tsv,TCGA-DJ-A2PP,diagnoses.days_to_best_overall_response,,
clinical.tsv,TCGA-DJ-A13T,diagnoses.days_to_best_overall_response,,
clinical.tsv,TCGA-E8-A437,diagnoses.days_to_best_overall_response,,
clinical.tsv,TCGA-DJ-A2QC,diagnoses.days_to_best_overall_response,,
clinical.tsv,TCGA-DJ-A1QN,diagnoses.days_to_best_overall_response,,
clinical.tsv,TCGA-EL-A3CR,diagnoses.days_to_best_overall_response,,
clinical.tsv,TCGA-DJ-A3VA,diagnoses.days_to_best_overall_response,,
clinical.tsv,TCGA-ET-A4KQ,diagnoses.days_to_best_overall_response,,
clinical.tsv,TCGA-J8-A4HY,diagnoses.days_to_best_overall_response,,
clinical.tsv,TCGA-DJ-A1QM,diagnoses.days_to_best_overall_response,,
clinical.tsv,TCGA-BJ-A45E,diagnoses.days_to_best_overall_response,,
clinical.tsv,TCGA-DJ-A1QI,diagnoses.days_to_best_overall_response,,
clinical.tsv,TCGA-ET-A3BN,diagnoses.days_to_best_overall_response,,
clinical.tsv,TCGA-EL-A3CT,diagnoses.days_to_best_overall_response,,
clinical.tsv,TCGA-BJ-A28R,diagnoses.days_to_best_overall_response,,
clinical.tsv,TCGA-FY-A3TY,diagnoses.days_to_best_overall_response,,
clinical.tsv,TCGA-BJ-A28S,diagnoses.days_to_best_overall_response,,
clinical.tsv,TCGA-DJ-A2PZ,diagnoses.days_to_best_overall_response,,
clinical.tsv,TCGA-EL-A3CL,diagnoses.days_to_best_overall_response,,
clinical.tsv,TCGA-BJ-A2N8,diagnoses.days_to_best_overall_response,,
clinical.tsv,TCGA-DO-A2HM,diagnoses.days_to_best_overall_response,,
clinical.tsv,TCGA-FK-A3SG,diagnoses.days_to_best_overall_response,,
clinical.tsv,TCGA-BJ-A0ZJ,diagnoses.days_to_best_overall_response,,
clinical.tsv,TCGA-DJ-A13S,diagnoses.days_to_best_overall_response,,
clinical.tsv,TCGA-DJ-A1QQ,diagnoses.days_to_best_overall_response,,
clinical.tsv,TCGA-BJ-A0ZG,diagnoses.days_to_best_overall_response,,
clinical.tsv,TCGA-BJ-A28W,diagnoses.days_to_best_overall_response,,
clinical.tsv,TCGA-BJ-A28T,diagnoses.days_to_best_overall_response,,
clinical.tsv,TCGA-EL-A3T7,diagnoses.days_to_best_overall_response,,
clinical.tsv,TCGA-BJ-A192,diagnoses.days_to_best_overall_response,,
clinical.tsv,TCGA-BJ-A28V,diagnoses.days_to_best_overall_response,,
clinical.tsv,TCGA-FY-A3BL,diagnoses.days_to_best_overall_response,,
clinical.tsv,TCGA-DJ-A13L,diagnoses.days_to_best_overall_response,,
clinical.tsv,TCGA-BJ-A4O9,diagnoses.days_to_best_overall_response,,
clinical.tsv,TCGA-BJ-A291,diagnoses.days_to_best_overall_response,,
clinical.tsv,TCGA-DJ-A2PO,diagnoses.days_to_best_overall_response,,
clinical.tsv,TCGA-DJ-A4V2,diagnoses.days_to_best_overall_response,,
clinical.tsv,TCGA-DJ-A1QE,diagnoses.days_to_best_overall_response,,
clinical.tsv,TCGA-ET-A39S,diagnoses.days_to_best_overall_response,,
clinical.tsv,TCGA-DJ-A1QL,diagnoses.days_to_best_overall_response,,
clinical.tsv,TCGA-BJ-A45D,diagnoses.days_to_best_overall_response,,
clinical.tsv,TCGA-BJ-A0YZ,diagnoses.days_to_best_overall_response,,
clinical.tsv,TCGA-FY-A3NM,diagnoses.days_to_best_overall_response,,
clinical.tsv,TCGA-DJ-A2Q8,diagnoses.days_to_best_overall_response,,
clinical.tsv,TCGA-DJ-A2PN,diagnoses.days_to_best_overall_response,,
clinical.tsv,TCGA-EM-A3AL,diagnoses.days_to_best_overall_response,,
clinical.tsv,TCGA-EM-A4FK,diagnoses.days_to_best_overall_response,,
clinical.tsv,TCGA-EM-A3SZ,diagnoses.days_to_best_overall_response,,
clinical.tsv,TCGA-EM-A3AP,diagnoses.days_to_best_overall_response,,
clinical.tsv,TCGA-EM-A2OZ,diagnoses.days_to_best_overall_response,,
clinical.tsv,TCGA-EM-A2CR,diagnoses.days_to_best_overall_response,,
clinical.tsv,TCGA-EM-A3OA,diagnoses.days_to_best_overall_response,,
clinical.tsv,TCGA-EM-A2CL,diagnoses.days_to_best_overall_response,,
clinical.tsv,TCGA-EM-A2CP,diagnoses.days_to_best_overall_response,,
clinical.tsv,TCGA-DJ-A13X,diagnoses.days_to_best_overall_response,,
clinical.tsv,TCGA-EM-A3AK,diagnoses.days_to_best_overall_response,,
clinical.tsv,TCGA-EM-A3FN,diagnoses.days_to_best_overall_response,,
clinical.tsv,TCGA-J8-A42S,diagnoses.days_to_best_overall_response,,
clinical.tsv,TCGA-EM-A4FV,diagnoses.days_to_best_overall_response,,
clinical.tsv,TCGA-BJ-A0ZC,diagnoses.days_to_best_overall_response,,
clinical.tsv,TCGA-EM-A2CQ,diagnoses.days_to_best_overall_response,,
clinical.tsv,TCGA-CE-A27D,diagnoses.days_to_best_overall_response,,
clinical.tsv,TCGA-FY-A76V,diagnoses.days_to_best_overall_response,,
clinical.tsv,TCGA-BJ-A0ZH,diagnoses.days_to_best_overall_response,,
clinical.tsv,TCGA-EL-A3T9,diagnoses.days_to_best_overall_response,,
clinical.tsv,TCGA-BJ-A45K,diagnoses.days_to_best_overall_response,,
clinical.tsv,TCGA-EM-A3OB,diagnoses.days_to_best_overall_response,,
clinical.tsv,TCGA-EM-A3SY,diagnoses.days_to_best_overall_response,,
clinical.tsv,TCGA-EM-A3O8,diagnoses.days_to_best_overall_response,,
clinical.tsv,TCGA-EM-A2OW,diagnoses.days_to_best_overall_response,,
clinical.tsv,TCGA-FY-A3R7,diagnoses.days_to_best_overall_response,,
clinical.tsv,TCGA-EM-A2CT,diagnoses.days_to_best_overall_response,,
clinical.tsv,TCGA-EM-A2P3,diagnoses.days_to_best_overall_response,,
clinical.tsv,TCGA-EM-A4G1,diagnoses.days_to_best_overall_response,,
clinical.tsv,TCGA-ET-A39L,diagnoses.days_to_best_overall_response,,
clinical.tsv,TCGA-EM-A2CJ,diagnoses.days_to_best_overall_response,,
clinical.tsv,TCGA-EM-A3AQ,diagnoses.days_to_best_overall_response,,
clinical.tsv,TCGA-DJ-A1QF,diagnoses.days_to_best_overall_response,,
clinical.tsv,TCGA-ET-A3BQ,diagnoses.days_to_best_overall_response,,
clinical.tsv,TCGA-EM-A1CV,diagnoses.days_to_best_overall_response,,
clinical.tsv,TCGA-EM-A1YD,diagnoses.days_to_best_overall_response,,
clinical.tsv,TCGA-EM-A22L,diagnoses.days_to_best_overall_response,,
clinical.tsv,TCGA-EM-A1CS,diagnoses.days_to_best_overall_response,,
clinical.tsv,TCGA-FY-A3I5,diagnoses.days_to_best_overall_response,,
clinical.tsv,TCGA-FY-A3NN,diagnoses.days_to_best_overall_response,,
clinical.tsv,TCGA-FY-A2QD,diagnoses.days_to_best_overall_response,,
clinical.tsv,TCGA-FE-A236,diagnoses.days_to_diagnosis,0,0.0
clinical.tsv,TCGA-FE-A232,diagnoses.days_to_diagnosis,0,0.0
clinical.tsv,TCGA-FE-A231,diagnoses.days_to_diagnosis,0,0.0
clinical.tsv,TCGA-FE-A237,diagnoses.days_to_diagnosis,0,0.0
clinical.tsv,TCGA-FE-A230,diagnoses.days_to_diagnosis,0,0.0
clinical.tsv,TCGA-FE-A235,diagnoses.days_to_diagnosis,0,0.0
clinical.tsv,TCGA-FE-A238,diagnoses.days_to_diagnosis,0,0.0
clinical.tsv,TCGA-FE-A234,diagnoses.days_to_diagnosis,0,0.0
clinical.tsv,TCGA-FE-A233,diagnoses.days_to_diagnosis,0,0.0
clinical.tsv,TCGA-FE-A239,diagnoses.days_to_diagnosis,0,0.0
clinical.tsv,TCGA-FE-A23A,diagnoses.days_to_diagnosis,0,0.0
clinical.tsv,TCGA-DJ-A2Q9,diagnoses.days_to_diagnosis,0,0.0
clinical.tsv,TCGA-DE-A3KN,diagnoses.days_to_diagnosis,0,0.0
clinical.tsv,TCGA-ET-A3DO,diagnoses.days_to_diagnosis,0,0.0
clinical.tsv,TCGA-DJ-A2Q5,diagnoses.days_to_diagnosis,0,0.0
clinical.tsv,TCGA-EL-A3ZH,diagnoses.days_to_diagnosis,0,0.0
clinical.tsv,TCGA-DO-A1JZ,diagnoses.days_to_diagnosis,0,0.0
clinical.tsv,TCGA-ET-A39J,diagnoses.days_to_diagnosis,0,0.0
clinical.tsv,TCGA-DJ-A3VM,diagnoses.days_to_diagnosis,0,0.0
clinical.tsv,TCGA-MK-A4N9,diagnoses.days_to_diagnosis,0,0.0
clinical.tsv,TCGA-DJ-A4UP,diagnoses.days_to_diagnosis,0,0.0
clinical.tsv,TCGA-DJ-A4UQ,diagnoses.days_to_diagnosis,0,0.0
clinical.tsv,TCGA-EL-A3ZG,diagnoses.days_to_diagnosis,0,0.0
clinical.tsv,TCGA-DJ-A3V9,diagnoses.days_to_diagnosis,0,0.0
clinical.tsv,TCGA-EL-A3ZQ,diagnoses.days_to_diagnosis,0,0.0
clinical.tsv,TCGA-DJ-A3V4,diagnoses.days_to_diagnosis,0,0.0
clinical.tsv,TCGA-DJ-A3UQ,diagnoses.days_to_diagnosis,0,0.0
clinical.tsv,TCGA-DJ-A2PT,diagnoses.days_to_diagnosis,0,0.0
clinical.tsv,TCGA-IM-A3EB,diagnoses.days_to_diagnosis,0,0.0
clinical.tsv,TCGA-DE-A0XZ,diagnoses.days_to_diagnosis,0,0.0
clinical.tsv,TCGA-ET-A3DW,diagnoses.days_to_diagnosis,0,0.0
clinical.tsv,TCGA-ET-A39P,diagnoses.days_to_diagnosis,0,0.0
clinical.tsv,TCGA-DJ-A3UU,diagnoses.days_to_diagnosis,0,0.0
clinical.tsv,TCGA-FY-A3ON,diagnoses.days_to_diagnosis,0,0.0
clinical.tsv,TCGA-DE-A4MB,diagnoses.days_to_diagnosis,0,0.0
clinical.tsv,TCGA-EL-A4JW,diagnoses.days_to_diagnosis,0,0.0
clinical.tsv,TCGA-EL-A4K6,diagnoses.days_to_diagnosis,0,0.0
clinical.tsv,TCGA-EM-A2OV,diagnoses.days_to_diagnosis,0,0.0
clinical.tsv,TCGA-E3-A3DZ,diagnoses.days_to_diagnosis,0,0.0
clinical.tsv,TCGA-FY-A4B4,diagnoses.days_to_diagnosis,0,0.0
clinical.tsv,TCGA-E3-A3E3,diagnoses.days_to_diagnosis,0,0.0
clinical.tsv,TCGA-EL-A3T3,diagnoses.days_to_diagnosis,0,0.0
clinical.tsv,TCGA-EM-A22O,diagnoses.days_to_diagnosis,0,0.0
clinical.tsv,TCGA-FY-A4B0,diagnoses.days_to_diagnosis,0,0.0
clinical.tsv,TCGA-ET-A39K,diagnoses.days_to_diagnosis,0,0.0
clinical.tsv,TCGA-EL-A4JV,diagnoses.days_to_diagnosis,0,0.0
clinical.tsv,TCGA-DJ-A3V6,diagnoses.days_to_diagnosis,0,0.0
clinical.tsv,TCGA-FK-A3S3,diagnoses.days_to_diagnosis,0,0.0
clinical.tsv,TCGA-FE-A22Z,diagnoses.days_to_diagnosis,0,0.0
clinical.tsv,TCGA-FK-A4UB,diagnoses.days_to_diagnosis,0,0.0
clinical.tsv,TCGA-FY-A3W9,diagnoses.days_to_diagnosis,0,0.0
clinical.tsv,TCGA-DE-A69K,diagnoses.days_to_diagnosis,0,0.0
clinical.tsv,TCGA-DE-A4MC,diagnoses.days_to_diagnosis,0,0.0
clinical.tsv,TCGA-DE-A4M9,diagnoses.days_to_diagnosis,0,0.0
clinical.tsv,TCGA-DJ-A4V5,diagnoses.days_to_diagnosis,0,0.0
clinical.tsv,TCGA-ET-A39N,diagnoses.days_to_diagnosis,0,0.0
clinical.tsv,TCGA-DE-A4MA,diagnoses.days_to_diagnosis,0,0.0
clinical.tsv,TCGA-EL-A4K9,diagnoses.days_to_diagnosis,0,0.0
clinical.tsv,TCGA-DJ-A13U,diagnoses.days_to_diagnosis,0,0.0
clinical.tsv,TCGA-DJ-A3V7,diagnoses.days_to_diagnosis,0,0.0
clinical.tsv,TCGA-EL-A3T6,diagnoses.days_to_diagnosis,0,0.0
clinical.tsv,TCGA-E3-A3E5,diagnoses.days_to_diagnosis,0,0.0
clinical.tsv,TCGA-IM-A41Z,diagnoses.days_to_diagnosis,0,0.0
clinical.tsv,TCGA-DJ-A3VK,diagnoses.days_to_diagnosis,0,0.0
clinical.tsv,TCGA-EL-A3ZR,diagnoses.days_to_diagnosis,0,0.0
clinical.tsv,TCGA-DJ-A4UW,diagnoses.days_to_diagnosis,0,0.0
clinical.tsv,TCGA-L6-A4EP,diagnoses.days_to_diagnosis,0,0.0
clinical.tsv,TCGA-DE-A69J,diagnoses.days_to_diagnosis,0,0.0
clinical.tsv,TCGA-DJ-A2PS,diagnoses.days_to_diagnosis,0,0.0
clinical.tsv,TCGA-EL-A3TB,diagnoses.days_to_diagnosis,0,0.0
clinical.tsv,TCGA-E8-A419,diagnoses.days_to_diagnosis,0,0.0
clinical.tsv,TCGA-DJ-A3V8,diagnoses.days_to_diagnosis,0,0.0
clinical.tsv,TCGA-DE-A4M8,diagnoses.days_to_diagnosis,0,0.0
clinical.tsv,TCGA-DJ-A3VF,diagnoses.days_to_diagnosis,0,0.0
clinical.tsv,TCGA-DJ-A2Q3,diagnoses.days_to_diagnosis,0,0.0
clinical.tsv,TCGA-DJ-A2Q6,diagnoses.days_to_diagnosis,0,0.0
clinical.tsv,TCGA-FK-A3SE,diagnoses.days_to_diagnosis,0,0.0
clinical.tsv,TCGA-ET-A3DV,diagnoses.days_to_diagnosis,0,0.0
clinical.tsv,TCGA-L6-A4EU,diagnoses.days_to_diagnosis,0,0.0
clinical.tsv,TCGA-DJ-A2QB,diagnoses.days_to_diagnosis,0,0.0
clinical.tsv,TCGA-DO-A1K0,diagnoses.days_to_diagnosis,0,0.0
clinical.tsv,TCGA-ET-A3DU,diagnoses.days_to_diagnosis,0,0.0
clinical.tsv,TCGA-DJ-A4UR,diagnoses.days_to_diagnosis,0,0.0
clinical.tsv,TCGA-ET-A3BS,diagnoses.days_to_diagnosis,0,0.0
clinical.tsv,TCGA-EL-A3GW,diagnoses.days_to_diagnosis,0,0.0
clinical.tsv,TCGA-DE-A4MD,diagnoses.days_to_diagnosis,0,0.0
clinical.tsv,TCGA-DJ-A2PW,diagnoses.days_to_diagnosis,0,0.0
clinical.tsv,TCGA-L6-A4EQ,diagnoses.days_to_diagnosis,0,0.0
clinical.tsv,TCGA-DJ-A3UO,diagnoses.days_to_diagnosis,0,0.0
clinical.tsv,TCGA-ET-A3BT,diagnoses.days_to_diagnosis,0,0.0
clinical.tsv,TCGA-DJ-A3VD,diagnoses.days_to_diagnosis,0,0.0
clinical.tsv,TCGA-MK-A4N6,diagnoses.days_to_diagnosis,0,0.0
clinical.tsv,TCGA-EL-A3H4,diagnoses.days_to_diagnosis,0,0.0
clinical.tsv,TCGA-L6-A4ET,diagnoses.days_to_diagnosis,0,0.0
clinical.tsv,TCGA-DJ-A2Q1,diagnoses.days_to_diagnosis,0,0.0
clinical.tsv,TCGA-FK-A3SH,diagnoses.days_to_diagnosis,0,0.0
clinical.tsv,TCGA-DJ-A3VJ,diagnoses.days_to_diagnosis,0,0.0
clinical.tsv,TCGA-E3-A3E2,diagnoses.days_to_diagnosis,0,0.0
clinical.tsv,TCGA-MK-A4N7,diagnoses.days_to_diagnosis,0,0.0
clinical.tsv,TCGA-DJ-A1QO,diagnoses.days_to_diagnosis,0,0.0
clinical.tsv,TCGA-E8-A3X7,diagnoses.days_to_diagnosis,0,0.0
clinical.tsv,TCGA-DJ-A1QH,diagnoses.days_to_diagnosis,0,0.0
clinical.tsv,TCGA-J8-A3O1,diagnoses.days_to_diagnosis,0,0.0
clinical.tsv,TCGA-EL-A3N3,diagnoses.days_to_diagnosis,0,0.0
clinical.tsv,TCGA-J8-A3YF,diagnoses.days_to_diagnosis,0,0.0
clinical.tsv,TCGA-FY-A3NP,diagnoses.days_to_diagnosis,0,0.0
clinical.tsv,TCGA-J8-A3O2,diagnoses.days_to_diagnosis,0,0.0
clinical.tsv,TCGA-FE-A3PB,diagnoses.days_to_diagnosis,0,0.0
clinical.tsv,TCGA-FE-A3PA,diagnoses.days_to_diagnosis,0,0.0
clinical.tsv,TCGA-EL-A4KI,diagnoses.days_to_diagnosis,0,0.0
clinical.tsv,TCGA-MK-A84Z,diagnoses.days_to_diagnosis,0,0.0
clinical.tsv,TCGA-EL-A3GS,diagnoses.days_to_diagnosis,0,0.0
clinical.tsv,TCGA-ET-A40R,diagnoses.days_to_diagnosis,0,0.0
clinical.tsv,TCGA-DJ-A3UP,diagnoses.days_to_diagnosis,0,0.0
clinical.tsv,TCGA-EL-A4K4,diagnoses.days_to_diagnosis,0,0.0
clinical.tsv,TCGA-EL-A3N2,diagnoses.days_to_diagnosis,0,0.0
clinical.tsv,TCGA-IM-A4EB,diagnoses.days_to_diagnosis,0,0.0
clinical.tsv,TCGA-EL-A3ZK,diagnoses.days_to_diagnosis,0,0.0
clinical.tsv,TCGA-DJ-A13R,diagnoses.days_to_diagnosis,0,0.0
clinical.tsv,TCGA-FY-A40L,diagnoses.days_to_diagnosis,0,0.0
clinical.tsv,TCGA-EL-A3H5,diagnoses.days_to_diagnosis,0,0.0
clinical.tsv,TCGA-J8-A3NZ,diagnoses.days_to_diagnosis,0,0.0
clinical.tsv,TCGA-EL-A3CN,diagnoses.days_to_diagnosis,0,0.0
clinical.tsv,TCGA-BJ-A3PU,diagnoses.days_to_diagnosis,0,0.0
clinical.tsv,TCGA-IM-A41Y,diagnoses.days_to_diagnosis,0,0.0
clinical.tsv,TCGA-FY-A3RA,diagnoses.days_to_diagnosis,0,0.0
clinical.tsv,TCGA-EL-A3D4,diagnoses.days_to_diagnosis,0,0.0
clinical.tsv,TCGA-EL-A4KH,diagnoses.days_to_diagnosis,0,0.0
clinical.tsv,TCGA-DE-A0Y2,diagnoses.days_to_diagnosis,0,0.0
clinical.tsv,TCGA-ET-A40Q,diagnoses.days_to_diagnosis,0,0.0
clinical.tsv,TCGA-FY-A40M,diagnoses.days_to_diagnosis,0,0.0
clinical.tsv,TCGA-EL-A3MY,diagnoses.days_to_diagnosis,0,0.0
clinical.tsv,TCGA-DE-A2OL,diagnoses.days_to_diagnosis,0,0.0
clinical.tsv,TCGA-ET-A2N5,diagnoses.days_to_diagnosis,0,0.0
clinical.tsv,TCGA-EL-A3GX,diagnoses.days_to_diagnosis,0,0.0
clinical.tsv,TCGA-EL-A3T0,diagnoses.days_to_diagnosis,0,0.0
clinical.tsv,TCGA-FY-A40K,diagnoses.days_to_diagnosis,0,0.0
clinical.tsv,TCGA-ET-A3BP,diagnoses.days_to_diagnosis,0,0.0
clinical.tsv,TCGA-EL-A3T8,diagnoses.days_to_diagnosis,0,0.0
clinical.tsv,TCGA-DJ-A13V,diagnoses.days_to_diagnosis,0,0.0
clinical.tsv,TCGA-BJ-A45C,diagnoses.days_to_diagnosis,0,0.0
clinical.tsv,TCGA-EL-A3ZS,diagnoses.days_to_diagnosis,0,0.0
clinical.tsv,TCGA-EL-A3GR,diagnoses.days_to_diagnosis,0,0.0
clinical.tsv,TCGA-DJ-A3VB,diagnoses.days_to_diagnosis,0,0.0
clinical.tsv,TCGA-BJ-A28X,diagnoses.days_to_diagnosis,0,0.0
clinical.tsv,TCGA-EL-A4KD,diagnoses.days_to_diagnosis,0,0.0
clinical.tsv,TCGA-DJ-A3V0,diagnoses.days_to_diagnosis,0,0.0
clinical.tsv,TCGA-EL-A3D1,diagnoses.days_to_diagnosis,0,0.0
clinical.tsv,TCGA-H2-A3RI,diagnoses.days_to_diagnosis,0,0.0
clinical.tsv,TCGA-DE-A0Y3,diagnoses.days_to_diagnosis,0,0.0
clinical.tsv,TCGA-BJ-A45I,diagnoses.days_to_diagnosis,0,0.0
clinical.tsv,TCGA-FY-A3R8,diagnoses.days_to_diagnosis,0,0.0
clinical.tsv,TCGA-FY-A3I4,diagnoses.days_to_diagnosis,0,0.0
clinical.tsv,TCGA-FY-A3YR,diagnoses.days_to_diagnosis,0,0.0
clinical.tsv,TCGA-EL-A3TA,diagnoses.days_to_diagnosis,0,0.0
clinical.tsv,TCGA-EL-A3GU,diagnoses.days_to_diagnosis,0,0.0
clinical.tsv,TCGA-EL-A3ZL,diagnoses.days_to_diagnosis,0,0.0
clinical.tsv,TCGA-ET-A2N1,diagnoses.days_to_diagnosis,0,0.0
clinical.tsv,TCGA-EL-A3GV,diagnoses.days_to_diagnosis,0,0.0
clinical.tsv,TCGA-EL-A3D5,diagnoses.days_to_diagnosis,0,0.0
clinical.tsv,TCGA-EL-A3ZP,diagnoses.days_to_diagnosis,0,0.0
clinical.tsv,TCGA-DJ-A2PQ,diagnoses.days_to_diagnosis,0,0.0
clinical.tsv,TCGA-E8-A2JQ,diagnoses.days_to_diagnosis,0,0.0
clinical.tsv,TCGA-EL-A3CV,diagnoses.days_to_diagnosis,0,0.0
clinical.tsv,TCGA-EM-A1YC,diagnoses.days_to_diagnosis,0,0.0
clinical.tsv,TCGA-BJ-A4O8,diagnoses.days_to_diagnosis,0,0.0
clinical.tsv,TCGA-EM-A4FM,diagnoses.days_to_diagnosis,0,0.0
clinical.tsv,TCGA-EL-A3GY,diagnoses.days_to_diagnosis,0,0.0
clinical.tsv,TCGA-EL-A3D6,diagnoses.days_to_diagnosis,0,0.0
clinical.tsv,TCGA-ET-A2N0,diagnoses.days_to_diagnosis,0,0.0
clinical.tsv,TCGA-EL-A3CM,diagnoses.days_to_diagnosis,0,0.0
clinical.tsv,TCGA-EM-A3O3,diagnoses.days_to_diagnosis,0,0.0
clinical.tsv,TCGA-CE-A481,diagnoses.days_to_diagnosis,0,0.0
clinical.tsv,TCGA-ET-A25K,diagnoses.days_to_diagnosis,0,0.0
clinical.tsv,TCGA-EL-A3GZ,diagnoses.days_to_diagnosis,0,0.0
clinical.tsv,TCGA-EL-A3ZO,diagnoses.days_to_diagnosis,0,0.0
clinical.tsv,TCGA-BJ-A290,diagnoses.days_to_diagnosis,0,0.0
clinical.tsv,TCGA-ET-A25L,diagnoses.days_to_diagnosis,0,0.0
clinical.tsv,TCGA-KS-A4IC,diagnoses.days_to_diagnosis,0,0.0
clinical.tsv,TCGA-J8-A3YD,diagnoses.days_to_diagnosis,0,0.0
clinical.tsv,TCGA-EM-A4FQ,diagnoses.days_to_diagnosis,0,0.0
clinical.tsv,TCGA-KS-A4I9,diagnoses.days_to_diagnosis,0,0.0
clinical.tsv,TCGA-EL-A3D0,diagnoses.days_to_diagnosis,0,0.0
clinical.tsv,TCGA-EL-A3ZT,diagnoses.days_to_diagnosis,0,0.0
clinical.tsv,TCGA-EM-A3AI,diagnoses.days_to_diagnosis,0,0.0
clinical.tsv,TCGA-BJ-A28Z,diagnoses.days_to_diagnosis,0,0.0
clinical.tsv,TCGA-KS-A4I1,diagnoses.days_to_diagnosis,0,0.0
clinical.tsv,TCGA-EM-A3AR,diagnoses.days_to_diagnosis,0,0.0
clinical.tsv,TCGA-EM-A2CS,diagnoses.days_to_diagnosis,0,0.0
clinical.tsv,TCGA-ET-A4KN,diagnoses.days_to_diagnosis,0,0.0
clinical.tsv,TCGA-EL-A3H2,diagnoses.days_to_diagnosis,0,0.0
clinical.tsv,TCGA-BJ-A45H,diagnoses.days_to_diagnosis,0,0.0
clinical.tsv,TCGA-ET-A25M,diagnoses.days_to_diagnosis,0,0.0
clinical.tsv,TCGA-H2-A422,diagnoses.days_to_diagnosis,0,0.0
clinical.tsv,TCGA-EM-A2OX,diagnoses.days_to_diagnosis,0,0.0
clinical.tsv,TCGA-J8-A3YG,diagnoses.days_to_diagnosis,0,0.0
clinical.tsv,TCGA-DJ-A2Q2,diagnoses.days_to_diagnosis,0,0.0
clinical.tsv,TCGA-CE-A482,diagnoses.days_to_diagnosis,0,0.0
clinical.tsv,TCGA-FE-A3PC,diagnoses.days_to_diagnosis,0,0.0
clinical.tsv,TCGA-BJ-A45G,diagnoses.days_to_diagnosis,0,0.0
clinical.tsv,TCGA-ET-A25O,diagnoses.days_to_diagnosis,0,0.0
clinical.tsv,TCGA-J8-A3YE,diagnoses.days_to_diagnosis,0,0.0
clinical.tsv,TCGA-EL-A3CZ,diagnoses.days_to_diagnosis,0,0.0
clinical.tsv,TCGA-KS-A4IB,diagnoses.days_to_diagnosis,0,0.0
clinical.tsv,TCGA-E3-A3DY,diagnoses.days_to_diagnosis,0,0.0
clinical.tsv,TCGA-KS-A4I7,diagnoses.days_to_diagnosis,0,0.0
clinical.tsv,TCGA-ET-A25G,diagnoses.days_to_diagnosis,0,0.0
clinical.tsv,TCGA-KS-A4I5,diagnoses.days_to_diagnosis,0,0.0
clinical.tsv,TCGA-ET-A39M,diagnoses.days_to_diagnosis,0,0.0
clinical.tsv,TCGA-EL-A3MX,diagnoses.days_to_diagnosis,0,0.0
clinical.tsv,TCGA-ET-A2MY,diagnoses.days_to_diagnosis,0,0.0
clinical.tsv,TCGA-ET-A25N,diagnoses.days_to_diagnosis,0,0.0
clinical.tsv,TCGA-EL-A3MZ,diagnoses.days_to_diagnosis,0,0.0
clinical.tsv,TCGA-KS-A4I3,diagnoses.days_to_diagnosis,0,0.0
clinical.tsv,TCGA-EL-A3CO,diagnoses.days_to_diagnosis,0,0.0
clinical.tsv,TCGA-H2-A3RH,diagnoses.days_to_diagnosis,0,0.0
clinical.tsv,TCGA-EL-A3ZM,diagnoses.days_to_diagnosis,0,0.0
clinical.tsv,TCGA-BJ-A18Z,diagnoses.days_to_diagnosis,0,0.0
clinical.tsv,TCGA-EM-A22P,diagnoses.days_to_diagnosis,0,0.0
clinical.tsv,TCGA-H2-A2K9,diagnoses.days_to_diagnosis,0,0.0
clinical.tsv,TCGA-E8-A44M,diagnoses.days_to_diagnosis,0,0.0
clinical.tsv,TCGA-BJ-A0Z3,diagnoses.days_to_diagnosis,0,0.0
clinical.tsv,TCGA-EM-A3O6,diagnoses.days_to_diagnosis,0,0.0
clinical.tsv,TCGA-FE-A3PD,diagnoses.days_to_diagnosis,0,0.0
clinical.tsv,TCGA-FY-A40N,diagnoses.days_to_diagnosis,0,0.0
clinical.tsv,TCGA-EM-A4FH,diagnoses.days_to_diagnosis,0,0.0
clinical.tsv,TCGA-KS-A41L,diagnoses.days_to_diagnosis,0,0.0
clinical.tsv,TCGA-E8-A242,diagnoses.days_to_diagnosis,0,0.0
clinical.tsv,TCGA-EM-A4FU,diagnoses.days_to_diagnosis,0,0.0
clinical.tsv,TCGA-EM-A1YA,diagnoses.days_to_diagnosis,0,0.0
clinical.tsv,TCGA-ET-A2MX,diagnoses.days_to_diagnosis,0,0.0
clinical.tsv,TCGA-EM-A3AN,diagnoses.days_to_diagnosis,0,0.0
clinical.tsv,TCGA-EM-A2CU,diagnoses.days_to_diagnosis,0,0.0
clinical.tsv,TCGA-BJ-A45J,diagnoses.days_to_diagnosis,0,0.0
clinical.tsv,TCGA-EL-A3CU,diagnoses.days_to_diagnosis,0,0.0
clinical.tsv,TCGA-EM-A2P0,diagnoses.days_to_diagnosis,0,0.0
clinical.tsv,TCGA-E3-A3E1,diagnoses.days_to_diagnosis,0,0.0
clinical.tsv,TCGA-KS-A4ID,diagnoses.days_to_diagnosis,0,0.0
clinical.tsv,TCGA-EL-A3T2,diagnoses.days_to_diagnosis,0,0.0
clinical.tsv,TCGA-EL-A3CS,diagnoses.days_to_diagnosis,0,0.0
clinical.tsv,TCGA-EL-A3H1,diagnoses.days_to_diagnosis,0,0.0
clinical.tsv,TCGA-EM-A4FR,diagnoses.days_to_diagnosis,0,0.0
clinical.tsv,TCGA-KS-A41F,diagnoses.days_to_diagnosis,0,0.0
clinical.tsv,TCGA-EM-A22M,diagnoses.days_to_diagnosis,0,0.0
clinical.tsv,TCGA-EM-A2P1,diagnoses.days_to_diagnosis,0,0.0
clinical.tsv,TCGA-J8-A3YH,diagnoses.days_to_diagnosis,0,0.0
clinical.tsv,TCGA-BJ-A0ZE,diagnoses.days_to_diagnosis,0,0.0
clinical.tsv,TCGA-EM-A1YB,diagnoses.days_to_diagnosis,0,0.0
clinical.tsv,TCGA-EM-A4FF,diagnoses.days_to_diagnosis,0,0.0
clinical.tsv,TCGA-EM-A2P2,diagnoses.days_to_diagnosis,0,0.0
clinical.tsv,TCGA-ET-A3BV,diagnoses.days_to_diagnosis,0,0.0
clinical.tsv,TCGA-BJ-A2N7,diagnoses.days_to_diagnosis,0,0.0
clinical.tsv,TCGA-IM-A3ED,diagnoses.days_to_diagnosis,0,0.0
clinical.tsv,TCGA-EM-A2OY,diagnoses.days_to_diagnosis,0,0.0
clinical.tsv,TCGA-EM-A3ST,diagnoses.days_to_diagnosis,0,0.0
clinical.tsv,TCGA-EM-A3AJ,diagnoses.days_to_diagnosis,0,0.0
clinical.tsv,TCGA-FY-A3R9,diagnoses.days_to_diagnosis,0,0.0
clinical.tsv,TCGA-BJ-A0ZB,diagnoses.days_to_diagnosis,0,0.0
clinical.tsv,TCGA-EM-A4FO,diagnoses.days_to_diagnosis,0,0.0
clinical.tsv,TCGA-H2-A26U,diagnoses.days_to_diagnosis,0,0.0
clinical.tsv,TCGA-EL-A3MW,diagnoses.days_to_diagnosis,0,0.0
clinical.tsv,TCGA-EM-A4FN,diagnoses.days_to_diagnosis,0,0.0
clinical.tsv,TCGA-J8-A4HW,diagnoses.days_to_diagnosis,0,0.0
clinical.tsv,TCGA-EM-A3SU,diagnoses.days_to_diagnosis,0,0.0
clinical.tsv,TCGA-EM-A3FQ,diagnoses.days_to_diagnosis,0,0.0
clinical.tsv,TCGA-EM-A2CO,diagnoses.days_to_diagnosis,0,0.0
clinical.tsv,TCGA-BJ-A190,diagnoses.days_to_diagnosis,0,0.0
clinical.tsv,TCGA-EM-A3FK,diagnoses.days_to_diagnosis,0,0.0
clinical.tsv,TCGA-EM-A3SX,diagnoses.days_to_diagnosis,0,0.0
clinical.tsv,TCGA-EM-A3AO,diagnoses.days_to_diagnosis,0,0.0
clinical.tsv,TCGA-KS-A41J,diagnoses.days_to_diagnosis,0,0.0
clinical.tsv,TCGA-BJ-A191,diagnoses.days_to_diagnosis,0,0.0
clinical.tsv,TCGA-BJ-A3PT,diagnoses.days_to_diagnosis,0,0.0
clinical.tsv,TCGA-EM-A2CM,diagnoses.days_to_diagnosis,0,0.0
clinical.tsv,TCGA-EM-A3FR,diagnoses.days_to_diagnosis,0,0.0
clinical.tsv,TCGA-EM-A3O9,diagnoses.days_to_diagnosis,0,0.0
clinical.tsv,TCGA-EM-A3O7,diagnoses.days_to_diagnosis,0,0.0
clinical.tsv,TCGA-ET-A2N4,diagnoses.days_to_diagnosis,0,0.0
clinical.tsv,TCGA-EM-A2CN,diagnoses.days_to_diagnosis,0,0.0
clinical.tsv,TCGA-BJ-A0ZA,diagnoses.days_to_diagnosis,0,0.0
clinical.tsv,TCGA-E3-A3E0,diagnoses.days_to_diagnosis,0,0.0
clinical.tsv,TCGA-BJ-A0Z0,diagnoses.days_to_diagnosis,0,0.0
clinical.tsv,TCGA-KS-A41I,diagnoses.days_to_diagnosis,0,0.0
clinical.tsv,TCGA-EM-A2CK,diagnoses.days_to_diagnosis,0,0.0
clinical.tsv,TCGA-DJ-A3V5,diagnoses.days_to_diagnosis,0,0.0
clinical.tsv,TCGA-GE-A2C6,diagnoses.days_to_diagnosis,0,0.0
clinical.tsv,TCGA-H2-A421,diagnoses.days_to_diagnosis,0,0.0
clinical.tsv,TCGA-EM-A3FM,diagnoses.days_to_diagnosis,0,0.0
clinical.tsv,TCGA-BJ-A18Y,diagnoses.days_to_diagnosis,0,0.0
clinical.tsv,TCGA-EM-A3FO,diagnoses.days_to_diagnosis,0,0.0
clinical.tsv,TCGA-EM-A3FP,diagnoses.days_to_diagnosis,0,0.0
clinical.tsv,TCGA-EM-A22J,diagnoses.days_to_diagnosis,0,0.0
clinical.tsv,TCGA-EM-A3FJ,diagnoses.days_to_diagnosis,0,0.0
clinical.tsv,TCGA-EM-A3FL,diagnoses.days_to_diagnosis,0,0.0
clinical.tsv,TCGA-BJ-A45F,diagnoses.days_to_diagnosis,0,0.0
clinical.tsv,TCGA-EM-A22K,diagnoses.days_to_diagnosis,0,0.0
clinical.tsv,TCGA-BJ-A2P4,diagnoses.days_to_diagnosis,0,0.0
clinical.tsv,TCGA-EM-A22I,diagnoses.days_to_diagnosis,0,0.0
clinical.tsv,TCGA-BJ-A0Z5,diagnoses.days_to_diagnosis,0,0.0
clinical.tsv,TCGA-ET-A25I,diagnoses.days_to_diagnosis,0,0.0
clinical.tsv,TCGA-EM-A1CW,diagnoses.days_to_diagnosis,0,0.0
clinical.tsv,TCGA-EL-A3CP,diagnoses.days_to_diagnosis,0,0.0
clinical.tsv,TCGA-ET-A25J,diagnoses.days_to_diagnosis,0,0.0
clinical.tsv,TCGA-EM-A22Q,diagnoses.days_to_diagnosis,0,0.0
clinical.tsv,TCGA-ET-A2N3,diagnoses.days_to_diagnosis,0,0.0
clinical.tsv,TCGA-QD-A8IV,diagnoses.days_to_diagnosis,0,0.0
clinical.tsv,TCGA-EM-A22N,diagnoses.days_to_diagnosis,0,0.0
clinical.tsv,TCGA-EM-A1YE,diagnoses.days_to_diagnosis,0,0.0
clinical.tsv,TCGA-FY-A4B3,diagnoses.days_to_diagnosis,0,0.0
clinical.tsv,TCGA-DJ-A3UY,diagnoses.days_to_diagnosis,0,0.0
clinical.tsv,TCGA-EL-A4K0,diagnoses.days_to_diagnosis,0,0.0
clinical.tsv,TCGA-ET-A25R,diagnoses.days_to_diagnosis,0,0.0
clinical.tsv,TCGA-ET-A25P,diagnoses.days_to_diagnosis,0,0.0
clinical.tsv,TCGA-DJ-A2PU,diagnoses.days_to_diagnosis,0,0.0
clinical.tsv,TCGA-CE-A3MD,diagnoses.days_to_diagnosis,0,0.0
clinical.tsv,TCGA-DJ-A3VI,diagnoses.days_to_diagnosis,0,0.0
clinical.tsv,TCGA-ET-A3DP,diagnoses.days_to_diagnosis,0,0.0
clinical.tsv,TCGA-BJ-A2N9,diagnoses.days_to_diagnosis,0,0.0
clinical.tsv,TCGA-EL-A3ZN,diagnoses.days_to_diagnosis,0,0.0
clinical.tsv,TCGA-DE-A7U5,diagnoses.days_to_diagnosis,0,0.0
clinical.tsv,TCGA-E8-A414,diagnoses.days_to_diagnosis,0,0.0
clinical.tsv,TCGA-EM-A1CT,diagnoses.days_to_diagnosis,0,0.0
clinical.tsv,TCGA-ET-A40T,diagnoses.days_to_diagnosis,0,0.0
clinical.tsv,TCGA-ET-A3BW,diagnoses.days_to_diagnosis,0,0.0
clinical.tsv,TCGA-DJ-A2PR,diagnoses.days_to_diagnosis,0,0.0
clinical.tsv,TCGA-ET-A39I,diagnoses.days_to_diagnosis,0,0.0
clinical.tsv,TCGA-EL-A3H3,diagnoses.days_to_diagnosis,0,0.0
clinical.tsv,TCGA-DJ-A13W,diagnoses.days_to_diagnosis,0,0.0
clinical.tsv,TCGA-EL-A4JZ,diagnoses.days_to_diagnosis,0,0.0
clinical.tsv,TCGA-ET-A3BU,diagnoses.days_to_diagnosis,0,0.0
clinical.tsv,TCGA-E8-A433,diagnoses.days_to_diagnosis,0,0.0
clinical.tsv,TCGA-EM-A1CU,diagnoses.days_to_diagnosis,0,0.0
clinical.tsv,TCGA-EL-A3GQ,diagnoses.days_to_diagnosis,0,0.0
clinical.tsv,TCGA-ET-A2MZ,diagnoses.days_to_diagnosis,0,0.0
clinical.tsv,TCGA-J8-A3O0,diagnoses.days_to_diagnosis,0,0.0
clinical.tsv,TCGA-FY-A3WA,diagnoses.days_to_diagnosis,0,0.0
clinical.tsv,TCGA-ET-A3DS,diagnoses.days_to_diagnosis,0,0.0
clinical.tsv,TCGA-DJ-A3UW,diagnoses.days_to_diagnosis,0,0.0
clinical.tsv,TCGA-DJ-A2PV,diagnoses.days_to_diagnosis,0,0.0
clinical.tsv,TCGA-FK-A3SD,diagnoses.days_to_diagnosis,0,0.0
clinical.tsv,TCGA-DJ-A3V3,diagnoses.days_to_diagnosis,0,0.0
clinical.tsv,TCGA-DJ-A3UN,diagnoses.days_to_diagnosis,0,0.0
clinical.tsv,TCGA-EL-A4JX,diagnoses.days_to_diagnosis,0,0.0
clinical.tsv,TCGA-DJ-A3US,diagnoses.days_to_diagnosis,0,0.0
clinical.tsv,TCGA-DJ-A13O,diagnoses.days_to_diagnosis,0,0.0
clinical.tsv,TCGA-DJ-A4UL,diagnoses.days_to_diagnosis,0,0.0
clinical.tsv,TCGA-ET-A39T,diagnoses.days_to_diagnosis,0,0.0
clinical.tsv,TCGA-DJ-A2Q7,diagnoses.days_to_diagnosis,0,0.0
clinical.tsv,TCGA-DJ-A3V2,diagnoses.days_to_diagnosis,0,0.0
clinical.tsv,TCGA-ET-A40P,diagnoses.days_to_diagnosis,0,0.0
clinical.tsv,TCGA-CE-A483,diagnoses.days_to_diagnosis,0,0.0
clinical.tsv,TCGA-IM-A3U2,diagnoses.days_to_diagnosis,0,0.0
clinical.tsv,TCGA-E8-A416,diagnoses.days_to_diagnosis,0,0.0
clinical.tsv,TCGA-BJ-A0Z9,diagnoses.days_to_diagnosis,0,0.0
clinical.tsv,TCGA-FK-A3SB,diagnoses.days_to_diagnosis,0,0.0
clinical.tsv,TCGA-ET-A3BX,diagnoses.days_to_diagnosis,0,0.0
clinical.tsv,TCGA-DJ-A2Q0,diagnoses.days_to_diagnosis,0,0.0
clinical.tsv,TCGA-BJ-A0ZF,diagnoses.days_to_diagnosis,0,0.0
clinical.tsv,TCGA-FY-A3R6,diagnoses.days_to_diagnosis,0,0.0
clinical.tsv,TCGA-EL-A3CX,diagnoses.days_to_diagnosis,0,0.0
clinical.tsv,TCGA-E8-A417,diagnoses.days_to_diagnosis,0,0.0
clinical.tsv,TCGA-EL-A3T1,diagnoses.days_to_diagnosis,0,0.0
clinical.tsv,TCGA-E8-A2EA,diagnoses.days_to_diagnosis,0,0.0
clinical.tsv,TCGA-ET-A39R,diagnoses.days_to_diagnosis,0,0.0
clinical.tsv,TCGA-CE-A485,diagnoses.days_to_diagnosis,0,0.0
clinical.tsv,TCGA-DJ-A3UT,diagnoses.days_to_diagnosis,0,0.0
clinical.tsv,TCGA-ET-A3DT,diagnoses.days_to_diagnosis,0,0.0
clinical.tsv,TCGA-ET-A3DR,diagnoses.days_to_diagnosis,0,0.0
clinical.tsv,TCGA-CE-A13K,diagnoses.days_to_diagnosis,0,0.0
clinical.tsv,TCGA-DJ-A2PX,diagnoses.days_to_diagnosis,0,0.0
clinical.tsv,TCGA-DJ-A3UX,diagnoses.days_to_diagnosis,0,0.0
clinical.tsv,TCGA-EL-A4K2,diagnoses.days_to_diagnosis,0,0.0
clinical.tsv,TCGA-E8-A44K,diagnoses.days_to_diagnosis,0,0.0
clinical.tsv,TCGA-BJ-A3F0,diagnoses.days_to_diagnosis,0,0.0
clinical.tsv,TCGA-E8-A432,diagnoses.days_to_diagnosis,0,0.0
clinical.tsv,TCGA-EL-A3GO,diagnoses.days_to_diagnosis,0,0.0
clinical.tsv,TCGA-EL-A4K1,diagnoses.days_to_diagnosis,0,0.0
clinical.tsv,TCGA-DJ-A3UZ,diagnoses.days_to_diagnosis,0,0.0
clinical.tsv,TCGA-EL-A3CY,diagnoses.days_to_diagnosis,0,0.0
clinical.tsv,TCGA-DJ-A4UT,diagnoses.days_to_diagnosis,0,0.0
clinical.tsv,TCGA-DJ-A2QA,diagnoses.days_to_diagnosis,0,0.0
clinical.tsv,TCGA-DJ-A4V4,diagnoses.days_to_diagnosis,0,0.0
clinical.tsv,TCGA-DJ-A13M,diagnoses.days_to_diagnosis,0,0.0
clinical.tsv,TCGA-BJ-A3EZ,diagnoses.days_to_diagnosis,0,0.0
clinical.tsv,TCGA-DJ-A3VG,diagnoses.days_to_diagnosis,0,0.0
clinical.tsv,TCGA-ET-A3BO,diagnoses.days_to_diagnosis,0,0.0
clinical.tsv,TCGA-E8-A415,diagnoses.days_to_diagnosis,0,0.0
clinical.tsv,TCGA-DJ-A3UR,diagnoses.days_to_diagnosis,0,0.0
clinical.tsv,TCGA-ET-A40S,diagnoses.days_to_diagnosis,0,0.0
clinical.tsv,TCGA-DJ-A13P,diagnoses.days_to_diagnosis,0,0.0
clinical.tsv,TCGA-DJ-A3VL,diagnoses.days_to_diagnosis,0,0.0
clinical.tsv,TCGA-DJ-A1QG,diagnoses.days_to_diagnosis,0,0.0
clinical.tsv,TCGA-ET-A39O,diagnoses.days_to_diagnosis,0,0.0
clinical.tsv,TCGA-DJ-A3UM,diagnoses.days_to_diagnosis,0,0.0
clinical.tsv,TCGA-E8-A413,diagnoses.days_to_diagnosis,0,0.0
clinical.tsv,TCGA-DJ-A3UK,diagnoses.days_to_diagnosis,0,0.0
clinical.tsv,TCGA-DJ-A1QD,diagnoses.days_to_diagnosis,0,0.0
clinical.tsv,TCGA-EL-A4K7,diagnoses.days_to_diagnosis,0,0.0
clinical.tsv,TCGA-EL-A4KG,diagnoses.days_to_diagnosis,0,0.0
clinical.tsv,TCGA-IM-A3U3,diagnoses.days_to_diagnosis,0,0.0
clinical.tsv,TCGA-EL-A3GP,diagnoses.days_to_diagnosis,0,0.0
clinical.tsv,TCGA-CE-A3ME,diagnoses.days_to_diagnosis,0,0.0
clinical.tsv,TCGA-E8-A436,diagnoses.days_to_diagnosis,0,0.0
clinical.tsv,TCGA-DJ-A3VE,diagnoses.days_to_diagnosis,0,0.0
clinical.tsv,TCGA-4C-A93U,diagnoses.days_to_diagnosis,0,0.0
clinical.tsv,TCGA-IM-A420,diagnoses.days_to_diagnosis,0,0.0
clinical.tsv,TCGA-CE-A484,diagnoses.days_to_diagnosis,0,0.0
clinical.tsv,TCGA-E8-A418,diagnoses.days_to_diagnosis,0,0.0
clinical.tsv,TCGA-E8-A434,diagnoses.days_to_diagnosis,0,0.0
clinical.tsv,TCGA-DJ-A2Q4,diagnoses.days_to_diagnosis,0,0.0
clinical.tsv,TCGA-E8-A438,diagnoses.days_to_diagnosis,0,0.0
clinical.tsv,TCGA-DJ-A3UV,diagnoses.days_to_diagnosis,0,0.0
clinical.tsv,TCGA-ET-A3DQ,diagnoses.days_to_diagnosis,0,0.0
clinical.tsv,TCGA-BJ-A0Z2,diagnoses.days_to_diagnosis,0,0.0
clinical.tsv,TCGA-BJ-A2NA,diagnoses.days_to_diagnosis,0,0.0
clinical.tsv,TCGA-EL-A3H8,diagnoses.days_to_diagnosis,0,0.0
clinical.tsv,TCGA-EL-A3H7,diagnoses.days_to_diagnosis,0,0.0
clinical.tsv,TCGA-BJ-A3PR,diagnoses.days_to_diagnosis,0,0.0
clinical.tsv,TCGA-DJ-A2PY,diagnoses.days_to_diagnosis,0,0.0
clinical.tsv,TCGA-DJ-A4V0,diagnoses.days_to_diagnosis,0,0.0
clinical.tsv,TCGA-EL-A3CW,diagnoses.days_to_diagnosis,0,0.0
clinical.tsv,TCGA-DJ-A2PP,diagnoses.days_to_diagnosis,0,0.0
clinical.tsv,TCGA-DJ-A13T,diagnoses.days_to_diagnosis,0,0.0
clinical.tsv,TCGA-E8-A437,diagnoses.days_to_diagnosis,0,0.0
clinical.tsv,TCGA-DJ-A2QC,diagnoses.days_to_diagnosis,0,0.0
clinical.tsv,TCGA-DJ-A1QN,diagnoses.days_to_diagnosis,0,0.0
clinical.tsv,TCGA-EL-A3CR,diagnoses.days_to_diagnosis,0,0.0
clinical.tsv,TCGA-DJ-A3VA,diagnoses.days_to_diagnosis,0,0.0
clinical.tsv,TCGA-ET-A4KQ,diagnoses.days_to_diagnosis,0,0.0
clinical.tsv,TCGA-J8-A4HY,diagnoses.days_to_diagnosis,0,0.0
clinical.tsv,TCGA-DJ-A1QM,diagnoses.days_to_diagnosis,0,0.0
clinical.tsv,TCGA-BJ-A45E,diagnoses.days_to_diagnosis,0,0.0
clinical.tsv,TCGA-DJ-A1QI,diagnoses.days_to_diagnosis,0,0.0
clinical.tsv,TCGA-ET-A3BN,diagnoses.days_to_diagnosis,0,0.0
clinical.tsv,TCGA-EL-A3CT,diagnoses.days_to_diagnosis,0,0.0
clinical.tsv,TCGA-BJ-A28R,diagnoses.days_to_diagnosis,0,0.0
clinical.tsv,TCGA-FY-A3TY,diagnoses.days_to_diagnosis,0,0.0
clinical.tsv,TCGA-BJ-A28S,diagnoses.days_to_diagnosis,0,0.0
clinical.tsv,TCGA-DJ-A2PZ,diagnoses.days_to_diagnosis,0,0.0
clinical.tsv,TCGA-EL-A3CL,diagnoses.days_to_diagnosis,0,0.0
clinical.tsv,TCGA-BJ-A2N8,diagnoses.days_to_diagnosis,0,0.0
clinical.tsv,TCGA-DO-A2HM,diagnoses.days_to_diagnosis,0,0.0
clinical.tsv,TCGA-FK-A3SG,diagnoses.days_to_diagnosis,0,0.0
clinical.tsv,TCGA-BJ-A0ZJ,diagnoses.days_to_diagnosis,0,0.0
clinical.tsv,TCGA-DJ-A13S,diagnoses.days_to_diagnosis,0,0.0
clinical.tsv,TCGA-DJ-A1QQ,diagnoses.days_to_diagnosis,0,0.0
clinical.tsv,TCGA-BJ-A0ZG,diagnoses.days_to_diagnosis,0,0.0
clinical.tsv,TCGA-BJ-A28W,diagnoses.days_to_diagnosis,0,0.0
clinical.tsv,TCGA-BJ-A28T,diagnoses.days_to_diagnosis,0,0.0
clinical.tsv,TCGA-EL-A3T7,diagnoses.days_to_diagnosis,0,0.0
clinical.tsv,TCGA-BJ-A192,diagnoses.days_to_diagnosis,0,0.0
clinical.tsv,TCGA-BJ-A28V,diagnoses.days_to_diagnosis,0,0.0
clinical.tsv,TCGA-FY-A3BL,diagnoses.days_to_diagnosis,0,0.0
clinical.tsv,TCGA-DJ-A13L,diagnoses.days_to_diagnosis,0,0.0
clinical.tsv,TCGA-BJ-A4O9,diagnoses.days_to_diagnosis,0,0.0
clinical.tsv,TCGA-BJ-A291,diagnoses.days_to_diagnosis,0,0.0
clinical.tsv,TCGA-DJ-A2PO,diagnoses.days_to_diagnosis,0,0.0
clinical.tsv,TCGA-DJ-A4V2,diagnoses.days_to_diagnosis,0,0.0
clinical.tsv,TCGA-DJ-A1QE,diagnoses.days_to_diagnosis,0,0.0
clinical.tsv,TCGA-ET-A39S,diagnoses.days_to_diagnosis,0,0.0
clinical.tsv,TCGA-DJ-A1QL,diagnoses.days_to_diagnosis,0,0.0
clinical.tsv,TCGA-BJ-A45D,diagnoses.days_to_diagnosis,0,0.0
clinical.tsv,TCGA-BJ-A0YZ,diagnoses.days_to_diagnosis,0,0.0
clinical.tsv,TCGA-FY-A3NM,diagnoses.days_to_diagnosis,0,0.0
clinical.tsv,TCGA-DJ-A2Q8,diagnoses.days_to_diagnosis,0,0.0
clinical.tsv,TCGA-DJ-A2PN,diagnoses.days_to_diagnosis,0,0.0
clinical.tsv,TCGA-EM-A3AL,diagnoses.days_to_diagnosis,0,0.0
clinical.tsv,TCGA-EM-A4FK,diagnoses.days_to_diagnosis,0,0.0
clinical.tsv,TCGA-EM-A3SZ,diagnoses.days_to_diagnosis,0,0.0
clinical.tsv,TCGA-EM-A3AP,diagnoses.days_to_diagnosis,0,0.0
clinical.tsv,TCGA-EM-A2OZ,diagnoses.days_to_diagnosis,0,0.0
clinical.tsv,TCGA-EM-A2CR,diagnoses.days_to_diagnosis,0,0.0
clinical.tsv,TCGA-EM-A3OA,diagnoses.days_to_diagnosis,0,0.0
clinical.tsv,TCGA-EM-A2CL,diagnoses.days_to_diagnosis,0,0.0
clinical.tsv,TCGA-EM-A2CP,diagnoses.days_to_diagnosis,0,0.0
clinical.tsv,TCGA-DJ-A13X,diagnoses.days_to_diagnosis,0,0.0
clinical.tsv,TCGA-EM-A3AK,diagnoses.days_to_diagnosis,0,0.0
clinical.tsv,TCGA-EM-A3FN,diagnoses.days_to_diagnosis,0,0.0
clinical.tsv,TCGA-J8-A42S,diagnoses.days_to_diagnosis,0,0.0
clinical.tsv,TCGA-EM-A4FV,diagnoses.days_to_diagnosis,0,0.0
clinical.tsv,TCGA-BJ-A0ZC,diagnoses.days_to_diagnosis,0,0.0
clinical.tsv,TCGA-EM-A2CQ,diagnoses.days_to_diagnosis,0,0.0
clinical.tsv,TCGA-CE-A27D,diagnoses.days_to_diagnosis,0,0.0
clinical.tsv,TCGA-FY-A76V,diagnoses.days_to_diagnosis,0,0.0
clinical.tsv,TCGA-BJ-A0ZH,diagnoses.days_to_diagnosis,0,0.0
clinical.tsv,TCGA-EL-A3T9,diagnoses.days_to_diagnosis,0,0.0
clinical.tsv,TCGA-BJ-A45K,diagnoses.days_to_diagnosis,0,0.0
clinical.tsv,TCGA-EM-A3OB,diagnoses.days_to_diagnosis,0,0.0
clinical.tsv,TCGA-EM-A3SY,diagnoses.days_to_diagnosis,0,0.0
clinical.tsv,TCGA-EM-A3O8,diagnoses.days_to_diagnosis,0,0.0
clinical.tsv,TCGA-EM-A2OW,diagnoses.days_to_diagnosis,0,0.0
clinical.tsv,TCGA-FY-A3R7,diagnoses.days_to_diagnosis,0,0.0
clinical.tsv,TCGA-EM-A2CT,diagnoses.days_to_diagnosis,0,0.0
clinical.tsv,TCGA-EM-A2P3,diagnoses.days_to_diagnosis,0,0.0
clinical.tsv,TCGA-EM-A4G1,diagnoses.days_to_diagnosis,0,0.0
clinical.tsv,TCGA-ET-A39L,diagnoses.days_to_diagnosis,0,0.0
clinical.tsv,TCGA-EM-A2CJ,diagnoses.days_to_diagnosis,0,0.0
clinical.tsv,TCGA-EM-A3AQ,diagnoses.days_to_diagnosis,0,0.0
clinical.tsv,TCGA-DJ-A1QF,diagnoses.days_to_diagnosis,0,0.0
clinical.tsv,TCGA-ET-A3BQ,diagnoses.days_to_diagnosis,0,0.0
clinical.tsv,TCGA-EM-A1CV,diagnoses.days_to_diagnosis,0,0.0
clinical.tsv,TCGA-EM-A1YD,diagnoses.days_to_diagnosis,0,0.0
clinical.tsv,TCGA-EM-A22L,diagnoses.days_to_diagnosis,0,0.0
clinical.tsv,TCGA-EM-A1CS,diagnoses.days_to_diagnosis,0,0.0
clinical.tsv,TCGA-FY-A3I5,diagnoses.days_to_diagnosis,0,0.0
clinical.tsv,TCGA-FY-A3NN,diagnoses.days_to_diagnosis,0,0.0
clinical.tsv,TCGA-FY-A2QD,diagnoses.days_to_diagnosis,0,0.0
clinical.tsv,TCGA-FE-A236,diagnoses.days_to_last_follow_up,2031.0,2031.0
clinical.tsv,TCGA-FE-A232,diagnoses.days_to_last_follow_up,2424.0,2424.0
clinical.tsv,TCGA-FE-A231,diagnoses.days_to_last_follow_up,961.0,961.0
clinical.tsv,TCGA-FE-A237,diagnoses.days_to_last_follow_up,3431.0,3431.0
clinical.tsv,TCGA-FE-A230,diagnoses.days_to_last_follow_up,2173.0,2173.0
clinical.tsv,TCGA-FE-A235,diagnoses.days_to_last_follow_up,3571.0,3571.0
clinical.tsv,TCGA-FE-A238,diagnoses.days_to_last_follow_up,1215.0,1215.0
clinical.tsv,TCGA-FE-A234,diagnoses.days_to_last_follow_up,2075.0,2075.0
clinical.tsv,TCGA-FE-A233,diagnoses.days_to_last_follow_up,751.0,751.0
clinical.tsv,TCGA-FE-A239,diagnoses.days_to_last_follow_up,1023.0,1023.0
clinical.tsv,TCGA-FE-A23A,diagnoses.days_to_last_follow_up,2489.0,2489.0
clinical.tsv,TCGA-DJ-A2Q9,diagnoses.days_to_last_follow_up,1092.0,1092.0
clinical.tsv,TCGA-DE-A3KN,diagnoses.days_to_last_follow_up,831.0,831.0
clinical.tsv,TCGA-ET-A3DO,diagnoses.days_to_last_follow_up,3552.0,3552.0
clinical.tsv,TCGA-DJ-A2Q5,diagnoses.days_to_last_follow_up,1140.0,1140.0
clinical.tsv,TCGA-EL-A3ZH,diagnoses.days_to_last_follow_up,2773.0,2773.0
clinical.tsv,TCGA-DO-A1JZ,diagnoses.days_to_last_follow_up,1670.0,1670.0
clinical.tsv,TCGA-ET-A39J,diagnoses.days_to_last_follow_up,3227.0,3227.0
clinical.tsv,TCGA-DJ-A3VM,diagnoses.days_to_last_follow_up,840.0,840.0
clinical.tsv,TCGA-MK-A4N9,diagnoses.days_to_last_follow_up,919.0,919.0
clinical.tsv,TCGA-DJ-A4UP,diagnoses.days_to_last_follow_up,916.0,916.0
clinical.tsv,TCGA-DJ-A4UQ,diagnoses.days_to_last_follow_up,1005.0,1005.0
clinical.tsv,TCGA-EL-A3ZG,diagnoses.days_to_last_follow_up,2724.0,2724.0
clinical.tsv,TCGA-DJ-A3V9,diagnoses.days_to_last_follow_up,623.0,623.0
clinical.tsv,TCGA-EL-A3ZQ,diagnoses.days_to_last_follow_up,1862.0,1862.0
clinical.tsv,TCGA-DJ-A3V4,diagnoses.days_to_last_follow_up,1294.0,1294.0
clinical.tsv,TCGA-DJ-A3UQ,diagnoses.days_to_last_follow_up,595.0,595.0
clinical.tsv,TCGA-DJ-A2PT,diagnoses.days_to_last_follow_up,1181.0,1181.0
clinical.tsv,TCGA-IM-A3EB,diagnoses.days_to_last_follow_up,1488.0,1488.0
clinical.tsv,TCGA-DE-A0XZ,diagnoses.days_to_last_follow_up,1090.0,1090.0
clinical.tsv,TCGA-ET-A3DW,diagnoses.days_to_last_follow_up,752.0,752.0
clinical.tsv,TCGA-ET-A39P,diagnoses.days_to_last_follow_up,2900.0,2900.0
clinical.tsv,TCGA-DJ-A3UU,diagnoses.days_to_last_follow_up,713.0,713.0
clinical.tsv,TCGA-FY-A3ON,diagnoses.days_to_last_follow_up,595.0,595.0
clinical.tsv,TCGA-DE-A4MB,diagnoses.days_to_last_follow_up,352.0,352.0
clinical.tsv,TCGA-EL-A4JW,diagnoses.days_to_last_follow_up,1056.0,1056.0
clinical.tsv,TCGA-EL-A4K6,diagnoses.days_to_last_follow_up,1343.0,1343.0
clinical.tsv,TCGA-EM-A2OV,diagnoses.days_to_last_follow_up,674.0,674.0
clinical.tsv,TCGA-E3-A3DZ,diagnoses.days_to_last_follow_up,1436.0,1436.0
clinical.tsv,TCGA-FY-A4B4,diagnoses.days_to_last_follow_up,657.0,657.0
clinical.tsv,TCGA-E3-A3E3,diagnoses.days_to_last_follow_up,1595.0,1595.0
clinical.tsv,TCGA-EL-A3T3,diagnoses.days_to_last_follow_up,4017.0,4017.0
clinical.tsv,TCGA-EM-A22O,diagnoses.days_to_last_follow_up,1344.0,1344.0
clinical.tsv,TCGA-FY-A4B0,diagnoses.days_to_last_follow_up,420.0,420.0
clinical.tsv,TCGA-ET-A39K,diagnoses.days_to_last_follow_up,3267.0,3267.0
clinical.tsv,TCGA-EL-A4JV,diagnoses.days_to_last_follow_up,1748.0,1748.0
clinical.tsv,TCGA-DJ-A3V6,diagnoses.days_to_last_follow_up,818.0,818.0
clinical.tsv,TCGA-FK-A3S3,diagnoses.days_to_last_follow_up,2162.0,2162.0
clinical.tsv,TCGA-FE-A22Z,diagnoses.days_to_last_follow_up,2243.0,2243.0
clinical.tsv,TCGA-FK-A4UB,diagnoses.days_to_last_follow_up,3531.0,3531.0
clinical.tsv,TCGA-FY-A3W9,diagnoses.days_to_last_follow_up,658.0,658.0
clinical.tsv,TCGA-DE-A69K,diagnoses.days_to_last_follow_up,434.0,434.0
clinical.tsv,TCGA-DE-A4MC,diagnoses.days_to_last_follow_up,913.0,913.0
clinical.tsv,TCGA-DE-A4M9,diagnoses.days_to_last_follow_up,573.0,573.0
clinical.tsv,TCGA-DJ-A4V5,diagnoses.days_to_last_follow_up,1076.0,1076.0
clinical.tsv,TCGA-ET-A39N,diagnoses.days_to_last_follow_up,3751.0,3751.0
clinical.tsv,TCGA-DE-A4MA,diagnoses.days_to_last_follow_up,916.0,916.0
clinical.tsv,TCGA-EL-A4K9,diagnoses.days_to_last_follow_up,1455.0,1455.0
clinical.tsv,TCGA-DJ-A13U,diagnoses.days_to_last_follow_up,1590.0,1590.0
clinical.tsv,TCGA-DJ-A3V7,diagnoses.days_to_last_follow_up,706.0,706.0
clinical.tsv,TCGA-EL-A3T6,diagnoses.days_to_last_follow_up,2988.0,2988.0
clinical.tsv,TCGA-E3-A3E5,diagnoses.days_to_last_follow_up,1215.0,1215.0
clinical.tsv,TCGA-IM-A41Z,diagnoses.days_to_last_follow_up,946.0,946.0
clinical.tsv,TCGA-DJ-A3VK,diagnoses.days_to_last_follow_up,753.0,753.0
clinical.tsv,TCGA-EL-A3ZR,diagnoses.days_to_last_follow_up,1830.0,1830.0
clinical.tsv,TCGA-DJ-A4UW,diagnoses.days_to_last_follow_up,819.0,819.0
clinical.tsv,TCGA-L6-A4EP,diagnoses.days_to_last_follow_up,1016.0,1016.0
clinical.tsv,TCGA-DE-A69J,diagnoses.days_to_last_follow_up,447.0,447.0
clinical.tsv,TCGA-DJ-A2PS,diagnoses.days_to_last_follow_up,797.0,797.0
clinical.tsv,TCGA-EL-A3TB,diagnoses.days_to_last_follow_up,2519.0,2519.0
clinical.tsv,TCGA-E8-A419,diagnoses.days_to_last_follow_up,774.0,774.0
clinical.tsv,TCGA-DJ-A3V8,diagnoses.days_to_last_follow_up,647.0,647.0
clinical.tsv,TCGA-DE-A4M8,diagnoses.days_to_last_follow_up,564.0,564.0
clinical.tsv,TCGA-DJ-A3VF,diagnoses.days_to_last_follow_up,292.0,292.0
clinical.tsv,TCGA-DJ-A2Q3,diagnoses.days_to_last_follow_up,1224.0,1224.0
clinical.tsv,TCGA-DJ-A2Q6,diagnoses.days_to_last_follow_up,1109.0,1109.0
clinical.tsv,TCGA-FK-A3SE,diagnoses.days_to_last_follow_up,670.0,670.0
clinical.tsv,TCGA-ET-A3DV,diagnoses.days_to_last_follow_up,5068.0,5068.0
clinical.tsv,TCGA-L6-A4EU,diagnoses.days_to_last_follow_up,289.0,289.0
clinical.tsv,TCGA-DJ-A2QB,diagnoses.days_to_last_follow_up,1070.0,1070.0
clinical.tsv,TCGA-DO-A1K0,diagnoses.days_to_last_follow_up,655.0,655.0
clinical.tsv,TCGA-ET-A3DU,diagnoses.days_to_last_follow_up,1911.0,1911.0
clinical.tsv,TCGA-DJ-A4UR,diagnoses.days_to_last_follow_up,1058.0,1058.0
clinical.tsv,TCGA-ET-A3BS,diagnoses.days_to_last_follow_up,176.0,176.0
clinical.tsv,TCGA-EL-A3GW,diagnoses.days_to_last_follow_up,1527.0,1527.0
clinical.tsv,TCGA-DE-A4MD,diagnoses.days_to_last_follow_up,764.0,764.0
clinical.tsv,TCGA-DJ-A2PW,diagnoses.days_to_last_follow_up,1060.0,1060.0
clinical.tsv,TCGA-L6-A4EQ,diagnoses.days_to_last_follow_up,1228.0,1228.0
clinical.tsv,TCGA-DJ-A3UO,diagnoses.days_to_last_follow_up,957.0,957.0
clinical.tsv,TCGA-ET-A3BT,diagnoses.days_to_last_follow_up,2665.0,2665.0
clinical.tsv,TCGA-DJ-A3VD,diagnoses.days_to_last_follow_up,1238.0,1238.0
clinical.tsv,TCGA-MK-A4N6,diagnoses.days_to_last_follow_up,1098.0,1098.0
clinical.tsv,TCGA-EL-A3H4,diagnoses.days_to_last_follow_up,1512.0,1512.0
clinical.tsv,TCGA-L6-A4ET,diagnoses.days_to_last_follow_up,664.0,664.0
clinical.tsv,TCGA-DJ-A2Q1,diagnoses.days_to_last_follow_up,1148.0,1148.0
clinical.tsv,TCGA-FK-A3SH,diagnoses.days_to_last_follow_up,1463.0,1463.0
clinical.tsv,TCGA-DJ-A3VJ,diagnoses.days_to_last_follow_up,1108.0,1108.0
clinical.tsv,TCGA-E3-A3E2,diagnoses.days_to_last_follow_up,1922.0,1922.0
clinical.tsv,TCGA-MK-A4N7,diagnoses.days_to_last_follow_up,987.0,987.0
clinical.tsv,TCGA-DJ-A1QO,diagnoses.days_to_last_follow_up,1442.0,1442.0
clinical.tsv,TCGA-E8-A3X7,diagnoses.days_to_last_follow_up,951.0,951.0
clinical.tsv,TCGA-DJ-A1QH,diagnoses.days_to_last_follow_up,1293.0,1293.0
clinical.tsv,TCGA-J8-A3O1,diagnoses.days_to_last_follow_up,827.0,827.0
clinical.tsv,TCGA-EL-A3N3,diagnoses.days_to_last_follow_up,5423.0,5423.0
clinical.tsv,TCGA-J8-A3YF,diagnoses.days_to_last_follow_up,751.0,751.0
clinical.tsv,TCGA-FY-A3NP,diagnoses.days_to_last_follow_up,491.0,491.0
clinical.tsv,TCGA-J8-A3O2,diagnoses.days_to_last_follow_up,342.0,342.0
clinical.tsv,TCGA-FE-A3PB,diagnoses.days_to_last_follow_up,2590.0,2590.0
clinical.tsv,TCGA-FE-A3PA,diagnoses.days_to_last_follow_up,3235.0,3235.0
clinical.tsv,TCGA-EL-A4KI,diagnoses.days_to_last_follow_up,727.0,727.0
clinical.tsv,TCGA-MK-A84Z,diagnoses.days_to_last_follow_up,728.0,728.0
clinical.tsv,TCGA-EL-A3GS,diagnoses.days_to_last_follow_up,1989.0,1989.0
clinical.tsv,TCGA-ET-A40R,diagnoses.days_to_last_follow_up,1350.0,1350.0
clinical.tsv,TCGA-DJ-A3UP,diagnoses.days_to_last_follow_up,499.0,499.0
clinical.tsv,TCGA-EL-A4K4,diagnoses.days_to_last_follow_up,1623.0,1623.0
clinical.tsv,TCGA-EL-A3N2,diagnoses.days_to_last_follow_up,902.0,902.0
clinical.tsv,TCGA-IM-A4EB,diagnoses.days_to_last_follow_up,780.0,780.0
clinical.tsv,TCGA-EL-A3ZK,diagnoses.days_to_last_follow_up,1575.0,1575.0
clinical.tsv,TCGA-DJ-A13R,diagnoses.days_to_last_follow_up,565.0,565.0
clinical.tsv,TCGA-FY-A40L,diagnoses.days_to_last_follow_up,726.0,726.0
clinical.tsv,TCGA-EL-A3H5,diagnoses.days_to_last_follow_up,2542.0,2542.0
clinical.tsv,TCGA-J8-A3NZ,diagnoses.days_to_last_follow_up,524.0,524.0
clinical.tsv,TCGA-EL-A3CN,diagnoses.days_to_last_follow_up,4731.0,4731.0
clinical.tsv,TCGA-BJ-A3PU,diagnoses.days_to_last_follow_up,567.0,567.0
clinical.tsv,TCGA-IM-A41Y,diagnoses.days_to_last_follow_up,664.0,664.0
clinical.tsv,TCGA-FY-A3RA,diagnoses.days_to_last_follow_up,550.0,550.0
clinical.tsv,TCGA-EL-A3D4,diagnoses.days_to_last_follow_up,2116.0,2116.0
clinical.tsv,TCGA-EL-A4KH,diagnoses.days_to_last_follow_up,823.0,823.0
clinical.tsv,TCGA-DE-A0Y2,diagnoses.days_to_last_follow_up,658.0,658.0
clinical.tsv,TCGA-ET-A40Q,diagnoses.days_to_last_follow_up,1407.0,1407.0
clinical.tsv,TCGA-FY-A40M,diagnoses.days_to_last_follow_up,684.0,684.0
clinical.tsv,TCGA-EL-A3MY,diagnoses.days_to_last_follow_up,533.0,533.0
clinical.tsv,TCGA-DE-A2OL,diagnoses.days_to_last_follow_up,1145.0,1145.0
clinical.tsv,TCGA-ET-A2N5,diagnoses.days_to_last_follow_up,2460.0,2460.0
clinical.tsv,TCGA-EL-A3GX,diagnoses.days_to_last_follow_up,4494.0,4494.0
clinical.tsv,TCGA-EL-A3T0,diagnoses.days_to_last_follow_up,4335.0,4335.0
clinical.tsv,TCGA-FY-A40K,diagnoses.days_to_last_follow_up,461.0,461.0
clinical.tsv,TCGA-ET-A3BP,diagnoses.days_to_last_follow_up,2406.0,2406.0
clinical.tsv,TCGA-EL-A3T8,diagnoses.days_to_last_follow_up,3269.0,3269.0
clinical.tsv,TCGA-DJ-A13V,diagnoses.days_to_last_follow_up,1313.0,1313.0
clinical.tsv,TCGA-BJ-A45C,diagnoses.days_to_last_follow_up,243.0,243.0
clinical.tsv,TCGA-EL-A3ZS,diagnoses.days_to_last_follow_up,215.0,215.0
clinical.tsv,TCGA-EL-A3GR,diagnoses.days_to_last_follow_up,3501.0,3501.0
clinical.tsv,TCGA-DJ-A3VB,diagnoses.days_to_last_follow_up,697.0,697.0
clinical.tsv,TCGA-BJ-A28X,diagnoses.days_to_last_follow_up,942.0,942.0
clinical.tsv,TCGA-EL-A4KD,diagnoses.days_to_last_follow_up,1326.0,1326.0
clinical.tsv,TCGA-DJ-A3V0,diagnoses.days_to_last_follow_up,1125.0,1125.0
clinical.tsv,TCGA-EL-A3D1,diagnoses.days_to_last_follow_up,2997.0,2997.0
clinical.tsv,TCGA-H2-A3RI,diagnoses.days_to_last_follow_up,335.0,335.0
clinical.tsv,TCGA-DE-A0Y3,diagnoses.days_to_last_follow_up,1526.0,1526.0
clinical.tsv,TCGA-BJ-A45I,diagnoses.days_to_last_follow_up,470.0,470.0
clinical.tsv,TCGA-FY-A3R8,diagnoses.days_to_last_follow_up,477.0,477.0
clinical.tsv,TCGA-FY-A3I4,diagnoses.days_to_last_follow_up,542.0,542.0
clinical.tsv,TCGA-FY-A3YR,diagnoses.days_to_last_follow_up,528.0,528.0
clinical.tsv,TCGA-EL-A3TA,diagnoses.days_to_last_follow_up,2035.0,2035.0
clinical.tsv,TCGA-EL-A3GU,diagnoses.days_to_last_follow_up,4137.0,4137.0
clinical.tsv,TCGA-EL-A3ZL,diagnoses.days_to_last_follow_up,1895.0,1895.0
clinical.tsv,TCGA-ET-A2N1,diagnoses.days_to_last_follow_up,1653.0,1653.0
clinical.tsv,TCGA-EL-A3GV,diagnoses.days_to_last_follow_up,1532.0,1532.0
clinical.tsv,TCGA-EL-A3D5,diagnoses.days_to_last_follow_up,1737.0,1737.0
clinical.tsv,TCGA-EL-A3ZP,diagnoses.days_to_last_follow_up,1992.0,1992.0
clinical.tsv,TCGA-DJ-A2PQ,diagnoses.days_to_last_follow_up,1077.0,1077.0
clinical.tsv,TCGA-E8-A2JQ,diagnoses.days_to_last_follow_up,356.0,356.0
clinical.tsv,TCGA-EL-A3CV,diagnoses.days_to_last_follow_up,1154.0,1154.0
clinical.tsv,TCGA-EM-A1YC,diagnoses.days_to_last_follow_up,2391.0,2391.0
clinical.tsv,TCGA-BJ-A4O8,diagnoses.days_to_last_follow_up,591.0,591.0
clinical.tsv,TCGA-EM-A4FM,diagnoses.days_to_last_follow_up,162.0,162.0
clinical.tsv,TCGA-EL-A3GY,diagnoses.days_to_last_follow_up,3076.0,3076.0
clinical.tsv,TCGA-EL-A3D6,diagnoses.days_to_last_follow_up,3296.0,3296.0
clinical.tsv,TCGA-ET-A2N0,diagnoses.days_to_last_follow_up,1600.0,1600.0
clinical.tsv,TCGA-EL-A3CM,diagnoses.days_to_last_follow_up,813.0,813.0
clinical.tsv,TCGA-EM-A3O3,diagnoses.days_to_last_follow_up,441.0,441.0
clinical.tsv,TCGA-CE-A481,diagnoses.days_to_last_follow_up,346.0,346.0
clinical.tsv,TCGA-ET-A25K,diagnoses.days_to_last_follow_up,2142.0,2142.0
clinical.tsv,TCGA-EL-A3GZ,diagnoses.days_to_last_follow_up,4258.0,4258.0
clinical.tsv,TCGA-EL-A3ZO,diagnoses.days_to_last_follow_up,2211.0,2211.0
clinical.tsv,TCGA-BJ-A290,diagnoses.days_to_last_follow_up,919.0,919.0
clinical.tsv,TCGA-ET-A25L,diagnoses.days_to_last_follow_up,1721.0,1721.0
clinical.tsv,TCGA-KS-A4IC,diagnoses.days_to_last_follow_up,1073.0,1073.0
clinical.tsv,TCGA-J8-A3YD,diagnoses.days_to_last_follow_up,968.0,968.0
clinical.tsv,TCGA-EM-A4FQ,diagnoses.days_to_last_follow_up,683.0,683.0
clinical.tsv,TCGA-KS-A4I9,diagnoses.days_to_last_follow_up,2658.0,2658.0
clinical.tsv,TCGA-EL-A3D0,diagnoses.days_to_last_follow_up,4254.0,4254.0
clinical.tsv,TCGA-EL-A3ZT,diagnoses.days_to_last_follow_up,1808.0,1808.0
clinical.tsv,TCGA-EM-A3AI,diagnoses.days_to_last_follow_up,685.0,685.0
clinical.tsv,TCGA-BJ-A28Z,diagnoses.days_to_last_follow_up,337.0,337.0
clinical.tsv,TCGA-KS-A4I1,diagnoses.days_to_last_follow_up,812.0,812.0
clinical.tsv,TCGA-EM-A3AR,diagnoses.days_to_last_follow_up,1133.0,1133.0
clinical.tsv,TCGA-EM-A2CS,diagnoses.days_to_last_follow_up,841.0,841.0
clinical.tsv,TCGA-ET-A4KN,diagnoses.days_to_last_follow_up,1009.0,1009.0
clinical.tsv,TCGA-EL-A3H2,diagnoses.days_to_last_follow_up,1019.0,1019.0
clinical.tsv,TCGA-BJ-A45H,diagnoses.days_to_last_follow_up,865.0,865.0
clinical.tsv,TCGA-ET-A25M,diagnoses.days_to_last_follow_up,1831.0,1831.0
clinical.tsv,TCGA-H2-A422,diagnoses.days_to_last_follow_up,566.0,566.0
clinical.tsv,TCGA-EM-A2OX,diagnoses.days_to_last_follow_up,600.0,600.0
clinical.tsv,TCGA-J8-A3YG,diagnoses.days_to_last_follow_up,678.0,678.0
clinical.tsv,TCGA-DJ-A2Q2,diagnoses.days_to_last_follow_up,1337.0,1337.0
clinical.tsv,TCGA-CE-A482,diagnoses.days_to_last_follow_up,325.0,325.0
clinical.tsv,TCGA-FE-A3PC,diagnoses.days_to_last_follow_up,2606.0,2606.0
clinical.tsv,TCGA-BJ-A45G,diagnoses.days_to_last_follow_up,725.0,725.0
clinical.tsv,TCGA-ET-A25O,diagnoses.days_to_last_follow_up,1986.0,1986.0
clinical.tsv,TCGA-J8-A3YE,diagnoses.days_to_last_follow_up,847.0,847.0
clinical.tsv,TCGA-EL-A3CZ,diagnoses.days_to_last_follow_up,2418.0,2418.0
clinical.tsv,TCGA-KS-A4IB,diagnoses.days_to_last_follow_up,2577.0,2577.0
clinical.tsv,TCGA-E3-A3DY,diagnoses.days_to_last_follow_up,2815.0,2815.0
clinical.tsv,TCGA-KS-A4I7,diagnoses.days_to_last_follow_up,987.0,987.0
clinical.tsv,TCGA-ET-A25G,diagnoses.days_to_last_follow_up,2492.0,2492.0
clinical.tsv,TCGA-KS-A4I5,diagnoses.days_to_last_follow_up,567.0,567.0
clinical.tsv,TCGA-ET-A39M,diagnoses.days_to_last_follow_up,2582.0,2582.0
clinical.tsv,TCGA-EL-A3MX,diagnoses.days_to_last_follow_up,1753.0,1753.0
clinical.tsv,TCGA-ET-A2MY,diagnoses.days_to_last_follow_up,1787.0,1787.0
clinical.tsv,TCGA-ET-A25N,diagnoses.days_to_last_follow_up,1928.0,1928.0
clinical.tsv,TCGA-EL-A3MZ,diagnoses.days_to_last_follow_up,1597.0,1597.0
clinical.tsv,TCGA-KS-A4I3,diagnoses.days_to_last_follow_up,1329.0,1329.0
clinical.tsv,TCGA-EL-A3CO,diagnoses.days_to_last_follow_up,726.0,726.0
clinical.tsv,TCGA-H2-A3RH,diagnoses.days_to_last_follow_up,379.0,379.0
clinical.tsv,TCGA-EL-A3ZM,diagnoses.days_to_last_follow_up,1096.0,1096.0
clinical.tsv,TCGA-BJ-A18Z,diagnoses.days_to_last_follow_up,1263.0,1263.0
clinical.tsv,TCGA-EM-A22P,diagnoses.days_to_last_follow_up,1256.0,1256.0
clinical.tsv,TCGA-H2-A2K9,diagnoses.days_to_last_follow_up,659.0,659.0
clinical.tsv,TCGA-E8-A44M,diagnoses.days_to_last_follow_up,917.0,917.0
clinical.tsv,TCGA-BJ-A0Z3,diagnoses.days_to_last_follow_up,497.0,497.0
clinical.tsv,TCGA-EM-A3O6,diagnoses.days_to_last_follow_up,458.0,458.0
clinical.tsv,TCGA-FE-A3PD,diagnoses.days_to_last_follow_up,2396.0,2396.0
clinical.tsv,TCGA-FY-A40N,diagnoses.days_to_last_follow_up,579.0,579.0
clinical.tsv,TCGA-EM-A4FH,diagnoses.days_to_last_follow_up,892.0,892.0
clinical.tsv,TCGA-KS-A41L,diagnoses.days_to_last_follow_up,3463.0,3463.0
clinical.tsv,TCGA-E8-A242,diagnoses.days_to_last_follow_up,950.0,950.0
clinical.tsv,TCGA-EM-A4FU,diagnoses.days_to_last_follow_up,1840.0,1840.0
clinical.tsv,TCGA-EM-A1YA,diagnoses.days_to_last_follow_up,602.0,602.0
clinical.tsv,TCGA-ET-A2MX,diagnoses.days_to_last_follow_up,2689.0,2689.0
clinical.tsv,TCGA-EM-A3AN,diagnoses.days_to_last_follow_up,1006.0,1006.0
clinical.tsv,TCGA-EM-A2CU,diagnoses.days_to_last_follow_up,400.0,400.0
clinical.tsv,TCGA-BJ-A45J,diagnoses.days_to_last_follow_up,658.0,658.0
clinical.tsv,TCGA-EL-A3CU,diagnoses.days_to_last_follow_up,4780.0,4780.0
clinical.tsv,TCGA-EM-A2P0,diagnoses.days_to_last_follow_up,535.0,535.0
clinical.tsv,TCGA-E3-A3E1,diagnoses.days_to_last_follow_up,2449.0,2449.0
clinical.tsv,TCGA-KS-A4ID,diagnoses.days_to_last_follow_up,1011.0,1011.0
clinical.tsv,TCGA-EL-A3T2,diagnoses.days_to_last_follow_up,988.0,988.0
clinical.tsv,TCGA-EL-A3CS,diagnoses.days_to_last_follow_up,1385.0,1385.0
clinical.tsv,TCGA-EL-A3H1,diagnoses.days_to_last_follow_up,1500.0,1500.0
clinical.tsv,TCGA-EM-A4FR,diagnoses.days_to_last_follow_up,655.0,655.0
clinical.tsv,TCGA-KS-A41F,diagnoses.days_to_last_follow_up,4367.0,4367.0
clinical.tsv,TCGA-EM-A22M,diagnoses.days_to_last_follow_up,442.0,442.0
clinical.tsv,TCGA-EM-A2P1,diagnoses.days_to_last_follow_up,531.0,531.0
clinical.tsv,TCGA-J8-A3YH,diagnoses.days_to_last_follow_up,175.0,175.0
clinical.tsv,TCGA-BJ-A0ZE,diagnoses.days_to_last_follow_up,509.0,509.0
clinical.tsv,TCGA-EM-A1YB,diagnoses.days_to_last_follow_up,592.0,592.0
clinical.tsv,TCGA-EM-A4FF,diagnoses.days_to_last_follow_up,2573.0,2573.0
clinical.tsv,TCGA-EM-A2P2,diagnoses.days_to_last_follow_up,526.0,526.0
clinical.tsv,TCGA-ET-A3BV,diagnoses.days_to_last_follow_up,2294.0,2294.0
clinical.tsv,TCGA-BJ-A2N7,diagnoses.days_to_last_follow_up,559.0,559.0
clinical.tsv,TCGA-IM-A3ED,diagnoses.days_to_last_follow_up,1442.0,1442.0
clinical.tsv,TCGA-EM-A2OY,diagnoses.days_to_last_follow_up,983.0,983.0
clinical.tsv,TCGA-EM-A3ST,diagnoses.days_to_last_follow_up,1182.0,1182.0
clinical.tsv,TCGA-EM-A3AJ,diagnoses.days_to_last_follow_up,941.0,941.0
clinical.tsv,TCGA-FY-A3R9,diagnoses.days_to_last_follow_up,504.0,504.0
clinical.tsv,TCGA-BJ-A0ZB,diagnoses.days_to_last_follow_up,122.0,122.0
clinical.tsv,TCGA-EM-A4FO,diagnoses.days_to_last_follow_up,802.0,802.0
clinical.tsv,TCGA-H2-A26U,diagnoses.days_to_last_follow_up,517.0,517.0
clinical.tsv,TCGA-EL-A3MW,diagnoses.days_to_last_follow_up,3305.0,3305.0
clinical.tsv,TCGA-EM-A4FN,diagnoses.days_to_last_follow_up,802.0,802.0
clinical.tsv,TCGA-J8-A4HW,diagnoses.days_to_last_follow_up,79.0,79.0
clinical.tsv,TCGA-EM-A3SU,diagnoses.days_to_last_follow_up,911.0,911.0
clinical.tsv,TCGA-EM-A3FQ,diagnoses.days_to_last_follow_up,492.0,492.0
clinical.tsv,TCGA-EM-A2CO,diagnoses.days_to_last_follow_up,184.0,184.0
clinical.tsv,TCGA-BJ-A190,diagnoses.days_to_last_follow_up,626.0,626.0
clinical.tsv,TCGA-EM-A3FK,diagnoses.days_to_last_follow_up,723.0,723.0
clinical.tsv,TCGA-EM-A3SX,diagnoses.days_to_last_follow_up,908.0,908.0
clinical.tsv,TCGA-EM-A3AO,diagnoses.days_to_last_follow_up,1354.0,1354.0
clinical.tsv,TCGA-KS-A41J,diagnoses.days_to_last_follow_up,477.0,477.0
clinical.tsv,TCGA-BJ-A191,diagnoses.days_to_last_follow_up,147.0,147.0
clinical.tsv,TCGA-BJ-A3PT,diagnoses.days_to_last_follow_up,709.0,709.0
clinical.tsv,TCGA-EM-A2CM,diagnoses.days_to_last_follow_up,1253.0,1253.0
clinical.tsv,TCGA-EM-A3FR,diagnoses.days_to_last_follow_up,457.0,457.0
clinical.tsv,TCGA-EM-A3O9,diagnoses.days_to_last_follow_up,281.0,281.0
clinical.tsv,TCGA-EM-A3O7,diagnoses.days_to_last_follow_up,223.0,223.0
clinical.tsv,TCGA-ET-A2N4,diagnoses.days_to_last_follow_up,81.0,81.0
clinical.tsv,TCGA-EM-A2CN,diagnoses.days_to_last_follow_up,715.0,715.0
clinical.tsv,TCGA-BJ-A0ZA,diagnoses.days_to_last_follow_up,574.0,574.0
clinical.tsv,TCGA-E3-A3E0,diagnoses.days_to_last_follow_up,2019.0,2019.0
clinical.tsv,TCGA-BJ-A0Z0,diagnoses.days_to_last_follow_up,419.0,419.0
clinical.tsv,TCGA-KS-A41I,diagnoses.days_to_last_follow_up,486.0,486.0
clinical.tsv,TCGA-EM-A2CK,diagnoses.days_to_last_follow_up,544.0,544.0
clinical.tsv,TCGA-DJ-A3V5,diagnoses.days_to_last_follow_up,584.0,584.0
clinical.tsv,TCGA-GE-A2C6,diagnoses.days_to_last_follow_up,381.0,381.0
clinical.tsv,TCGA-H2-A421,diagnoses.days_to_last_follow_up,610.0,610.0
clinical.tsv,TCGA-EM-A3FM,diagnoses.days_to_last_follow_up,639.0,639.0
clinical.tsv,TCGA-BJ-A18Y,diagnoses.days_to_last_follow_up,1563.0,1563.0
clinical.tsv,TCGA-EM-A3FO,diagnoses.days_to_last_follow_up,532.0,532.0
clinical.tsv,TCGA-EM-A3FP,diagnoses.days_to_last_follow_up,529.0,529.0
clinical.tsv,TCGA-EM-A22J,diagnoses.days_to_last_follow_up,441.0,441.0
clinical.tsv,TCGA-EM-A3FJ,diagnoses.days_to_last_follow_up,850.0,850.0
clinical.tsv,TCGA-EM-A3FL,diagnoses.days_to_last_follow_up,1441.0,1441.0
clinical.tsv,TCGA-BJ-A45F,diagnoses.days_to_last_follow_up,105.0,105.0
clinical.tsv,TCGA-EM-A22K,diagnoses.days_to_last_follow_up,479.0,479.0
clinical.tsv,TCGA-BJ-A2P4,diagnoses.days_to_last_follow_up,390.0,390.0
clinical.tsv,TCGA-EM-A22I,diagnoses.days_to_last_follow_up,448.0,448.0
clinical.tsv,TCGA-BJ-A0Z5,diagnoses.days_to_last_follow_up,448.0,448.0
clinical.tsv,TCGA-ET-A25I,diagnoses.days_to_last_follow_up,2485.0,2485.0
clinical.tsv,TCGA-EM-A1CW,diagnoses.days_to_last_follow_up,549.0,549.0
clinical.tsv,TCGA-EL-A3CP,diagnoses.days_to_last_follow_up,4831.0,4831.0
clinical.tsv,TCGA-ET-A25J,diagnoses.days_to_last_follow_up,2359.0,2359.0
clinical.tsv,TCGA-EM-A22Q,diagnoses.days_to_last_follow_up,433.0,433.0
clinical.tsv,TCGA-ET-A2N3,diagnoses.days_to_last_follow_up,2535.0,2535.0
clinical.tsv,TCGA-QD-A8IV,diagnoses.days_to_last_follow_up,392.0,392.0
clinical.tsv,TCGA-EM-A22N,diagnoses.days_to_last_follow_up,324.0,324.0
clinical.tsv,TCGA-EM-A1YE,diagnoses.days_to_last_follow_up,1645.0,1645.0
clinical.tsv,TCGA-FY-A4B3,diagnoses.days_to_last_follow_up,427.0,427.0
clinical.tsv,TCGA-DJ-A3UY,diagnoses.days_to_last_follow_up,1091.0,1091.0
clinical.tsv,TCGA-EL-A4K0,diagnoses.days_to_last_follow_up,944.0,944.0
clinical.tsv,TCGA-ET-A25R,diagnoses.days_to_last_follow_up,1930.0,1930.0
clinical.tsv,TCGA-ET-A25P,diagnoses.days_to_last_follow_up,559.0,559.0
clinical.tsv,TCGA-DJ-A2PU,diagnoses.days_to_last_follow_up,1033.0,1033.0
clinical.tsv,TCGA-CE-A3MD,diagnoses.days_to_last_follow_up,389.0,389.0
clinical.tsv,TCGA-DJ-A3VI,diagnoses.days_to_last_follow_up,95.0,95.0
clinical.tsv,TCGA-ET-A3DP,diagnoses.days_to_last_follow_up,2877.0,2877.0
clinical.tsv,TCGA-BJ-A2N9,diagnoses.days_to_last_follow_up,623.0,623.0
clinical.tsv,TCGA-EL-A3ZN,diagnoses.days_to_last_follow_up,1614.0,1614.0
clinical.tsv,TCGA-DE-A7U5,diagnoses.days_to_last_follow_up,84.0,84.0
clinical.tsv,TCGA-E8-A414,diagnoses.days_to_last_follow_up,958.0,958.0
clinical.tsv,TCGA-EM-A1CT,diagnoses.days_to_last_follow_up,553.0,553.0
clinical.tsv,TCGA-ET-A40T,diagnoses.days_to_last_follow_up,1140.0,1140.0
clinical.tsv,TCGA-ET-A3BW,diagnoses.days_to_last_follow_up,1419.0,1419.0
clinical.tsv,TCGA-DJ-A2PR,diagnoses.days_to_last_follow_up,835.0,835.0
clinical.tsv,TCGA-ET-A39I,diagnoses.days_to_last_follow_up,1011.0,1011.0
clinical.tsv,TCGA-EL-A3H3,diagnoses.days_to_last_follow_up,1319.0,1319.0
clinical.tsv,TCGA-DJ-A13W,diagnoses.days_to_last_follow_up,1593.0,1593.0
clinical.tsv,TCGA-EL-A4JZ,diagnoses.days_to_last_follow_up,1856.0,1856.0
clinical.tsv,TCGA-ET-A3BU,diagnoses.days_to_last_follow_up,2367.0,2367.0
clinical.tsv,TCGA-E8-A433,diagnoses.days_to_last_follow_up,951.0,951.0
clinical.tsv,TCGA-EM-A1CU,diagnoses.days_to_last_follow_up,636.0,636.0
clinical.tsv,TCGA-EL-A3GQ,diagnoses.days_to_last_follow_up,1528.0,1528.0
clinical.tsv,TCGA-ET-A2MZ,diagnoses.days_to_last_follow_up,1133.0,1133.0
clinical.tsv,TCGA-J8-A3O0,diagnoses.days_to_last_follow_up,1313.0,1313.0
clinical.tsv,TCGA-FY-A3WA,diagnoses.days_to_last_follow_up,519.0,519.0
clinical.tsv,TCGA-ET-A3DS,diagnoses.days_to_last_follow_up,2033.0,2033.0
clinical.tsv,TCGA-DJ-A3UW,diagnoses.days_to_last_follow_up,1812.0,1812.0
clinical.tsv,TCGA-DJ-A2PV,diagnoses.days_to_last_follow_up,973.0,973.0
clinical.tsv,TCGA-FK-A3SD,diagnoses.days_to_last_follow_up,32.0,32.0
clinical.tsv,TCGA-DJ-A3V3,diagnoses.days_to_last_follow_up,931.0,931.0
clinical.tsv,TCGA-DJ-A3UN,diagnoses.days_to_last_follow_up,986.0,986.0
clinical.tsv,TCGA-EL-A4JX,diagnoses.days_to_last_follow_up,1398.0,1398.0
clinical.tsv,TCGA-DJ-A3US,diagnoses.days_to_last_follow_up,998.0,998.0
clinical.tsv,TCGA-DJ-A13O,diagnoses.days_to_last_follow_up,1161.0,1161.0
clinical.tsv,TCGA-DJ-A4UL,diagnoses.days_to_last_follow_up,939.0,939.0
clinical.tsv,TCGA-ET-A39T,diagnoses.days_to_last_follow_up,2987.0,2987.0
clinical.tsv,TCGA-DJ-A2Q7,diagnoses.days_to_last_follow_up,1068.0,1068.0
clinical.tsv,TCGA-DJ-A3V2,diagnoses.days_to_last_follow_up,615.0,615.0
clinical.tsv,TCGA-ET-A40P,diagnoses.days_to_last_follow_up,1338.0,1338.0
clinical.tsv,TCGA-CE-A483,diagnoses.days_to_last_follow_up,457.0,457.0
clinical.tsv,TCGA-IM-A3U2,diagnoses.days_to_last_follow_up,190.0,190.0
clinical.tsv,TCGA-E8-A416,diagnoses.days_to_last_follow_up,952.0,952.0
clinical.tsv,TCGA-BJ-A0Z9,diagnoses.days_to_last_follow_up,1257.0,1257.0
clinical.tsv,TCGA-FK-A3SB,diagnoses.days_to_last_follow_up,125.0,125.0
clinical.tsv,TCGA-ET-A3BX,diagnoses.days_to_last_follow_up,1596.0,1596.0
clinical.tsv,TCGA-DJ-A2Q0,diagnoses.days_to_last_follow_up,1045.0,1045.0
clinical.tsv,TCGA-BJ-A0ZF,diagnoses.days_to_last_follow_up,1217.0,1217.0
clinical.tsv,TCGA-FY-A3R6,diagnoses.days_to_last_follow_up,423.0,423.0
clinical.tsv,TCGA-EL-A3CX,diagnoses.days_to_last_follow_up,3243.0,3243.0
clinical.tsv,TCGA-E8-A417,diagnoses.days_to_last_follow_up,938.0,938.0
clinical.tsv,TCGA-EL-A3T1,diagnoses.days_to_last_follow_up,3941.0,3941.0
clinical.tsv,TCGA-E8-A2EA,diagnoses.days_to_last_follow_up,1085.0,1085.0
clinical.tsv,TCGA-ET-A39R,diagnoses.days_to_last_follow_up,2863.0,2863.0
clinical.tsv,TCGA-CE-A485,diagnoses.days_to_last_follow_up,385.0,385.0
clinical.tsv,TCGA-DJ-A3UT,diagnoses.days_to_last_follow_up,1105.0,1105.0
clinical.tsv,TCGA-ET-A3DT,diagnoses.days_to_last_follow_up,1330.0,1330.0
clinical.tsv,TCGA-ET-A3DR,diagnoses.days_to_last_follow_up,2451.0,2451.0
clinical.tsv,TCGA-CE-A13K,diagnoses.days_to_last_follow_up,385.0,385.0
clinical.tsv,TCGA-DJ-A2PX,diagnoses.days_to_last_follow_up,881.0,881.0
clinical.tsv,TCGA-DJ-A3UX,diagnoses.days_to_last_follow_up,345.0,345.0
clinical.tsv,TCGA-EL-A4K2,diagnoses.days_to_last_follow_up,928.0,928.0
clinical.tsv,TCGA-E8-A44K,diagnoses.days_to_last_follow_up,943.0,943.0
clinical.tsv,TCGA-BJ-A3F0,diagnoses.days_to_last_follow_up,424.0,424.0
clinical.tsv,TCGA-E8-A432,diagnoses.days_to_last_follow_up,931.0,931.0
clinical.tsv,TCGA-EL-A3GO,diagnoses.days_to_last_follow_up,1973.0,1973.0
clinical.tsv,TCGA-EL-A4K1,diagnoses.days_to_last_follow_up,1046.0,1046.0
clinical.tsv,TCGA-DJ-A3UZ,diagnoses.days_to_last_follow_up,1246.0,1246.0
clinical.tsv,TCGA-EL-A3CY,diagnoses.days_to_last_follow_up,127.0,127.0
clinical.tsv,TCGA-DJ-A4UT,diagnoses.days_to_last_follow_up,823.0,823.0
clinical.tsv,TCGA-DJ-A2QA,diagnoses.days_to_last_follow_up,1020.0,1020.0
clinical.tsv,TCGA-DJ-A4V4,diagnoses.days_to_last_follow_up,481.0,481.0
clinical.tsv,TCGA-DJ-A13M,diagnoses.days_to_last_follow_up,1484.0,1484.0
clinical.tsv,TCGA-BJ-A3EZ,diagnoses.days_to_last_follow_up,487.0,487.0
clinical.tsv,TCGA-DJ-A3VG,diagnoses.days_to_last_follow_up,1085.0,1085.0
clinical.tsv,TCGA-ET-A3BO,diagnoses.days_to_last_follow_up,1533.0,1533.0
clinical.tsv,TCGA-E8-A415,diagnoses.days_to_last_follow_up,944.0,944.0
clinical.tsv,TCGA-DJ-A3UR,diagnoses.days_to_last_follow_up,1105.0,1105.0
clinical.tsv,TCGA-ET-A40S,diagnoses.days_to_last_follow_up,1223.0,1223.0
clinical.tsv,TCGA-DJ-A13P,diagnoses.days_to_last_follow_up,5150.0,5150.0
clinical.tsv,TCGA-DJ-A3VL,diagnoses.days_to_last_follow_up,713.0,713.0
clinical.tsv,TCGA-DJ-A1QG,diagnoses.days_to_last_follow_up,1368.0,1368.0
clinical.tsv,TCGA-ET-A39O,diagnoses.days_to_last_follow_up,3059.0,3059.0
clinical.tsv,TCGA-DJ-A3UM,diagnoses.days_to_last_follow_up,944.0,944.0
clinical.tsv,TCGA-E8-A413,diagnoses.days_to_last_follow_up,912.0,912.0
clinical.tsv,TCGA-DJ-A3UK,diagnoses.days_to_last_follow_up,1123.0,1123.0
clinical.tsv,TCGA-DJ-A1QD,diagnoses.days_to_last_follow_up,1462.0,1462.0
clinical.tsv,TCGA-EL-A4K7,diagnoses.days_to_last_follow_up,1251.0,1251.0
clinical.tsv,TCGA-EL-A4KG,diagnoses.days_to_last_follow_up,739.0,739.0
clinical.tsv,TCGA-IM-A3U3,diagnoses.days_to_last_follow_up,514.0,514.0
clinical.tsv,TCGA-EL-A3GP,diagnoses.days_to_last_follow_up,1506.0,1506.0
clinical.tsv,TCGA-CE-A3ME,diagnoses.days_to_last_follow_up,379.0,379.0
clinical.tsv,TCGA-E8-A436,diagnoses.days_to_last_follow_up,455.0,455.0
clinical.tsv,TCGA-DJ-A3VE,diagnoses.days_to_last_follow_up,577.0,577.0
clinical.tsv,TCGA-4C-A93U,diagnoses.days_to_last_follow_up,129.0,129.0
clinical.tsv,TCGA-IM-A420,diagnoses.days_to_last_follow_up,250.0,250.0
clinical.tsv,TCGA-CE-A484,diagnoses.days_to_last_follow_up,378.0,378.0
clinical.tsv,TCGA-E8-A418,diagnoses.days_to_last_follow_up,92.0,92.0
clinical.tsv,TCGA-E8-A434,diagnoses.days_to_last_follow_up,953.0,953.0
clinical.tsv,TCGA-DJ-A2Q4,diagnoses.days_to_last_follow_up,1032.0,1032.0
clinical.tsv,TCGA-E8-A438,diagnoses.days_to_last_follow_up,1019.0,1019.0
clinical.tsv,TCGA-DJ-A3UV,diagnoses.days_to_last_follow_up,1466.0,1466.0
clinical.tsv,TCGA-ET-A3DQ,diagnoses.days_to_last_follow_up,2581.0,2581.0
clinical.tsv,TCGA-BJ-A0Z2,diagnoses.days_to_last_follow_up,1514.0,1514.0
clinical.tsv,TCGA-BJ-A2NA,diagnoses.days_to_last_follow_up,577.0,577.0
clinical.tsv,TCGA-EL-A3H8,diagnoses.days_to_last_follow_up,4577.0,4577.0
clinical.tsv,TCGA-EL-A3H7,diagnoses.days_to_last_follow_up,4228.0,4228.0
clinical.tsv,TCGA-BJ-A3PR,diagnoses.days_to_last_follow_up,1107.0,1107.0
clinical.tsv,TCGA-DJ-A2PY,diagnoses.days_to_last_follow_up,267.0,267.0
clinical.tsv,TCGA-DJ-A4V0,diagnoses.days_to_last_follow_up,1081.0,1081.0
clinical.tsv,TCGA-EL-A3CW,diagnoses.days_to_last_follow_up,938.0,938.0
clinical.tsv,TCGA-DJ-A2PP,diagnoses.days_to_last_follow_up,930.0,930.0
clinical.tsv,TCGA-DJ-A13T,diagnoses.days_to_last_follow_up,1709.0,1709.0
clinical.tsv,TCGA-E8-A437,diagnoses.days_to_last_follow_up,1213.0,1213.0
clinical.tsv,TCGA-DJ-A2QC,diagnoses.days_to_last_follow_up,1215.0,1215.0
clinical.tsv,TCGA-DJ-A1QN,diagnoses.days_to_last_follow_up,1295.0,1295.0
clinical.tsv,TCGA-EL-A3CR,diagnoses.days_to_last_follow_up,233.0,233.0
clinical.tsv,TCGA-DJ-A3VA,diagnoses.days_to_last_follow_up,755.0,755.0
clinical.tsv,TCGA-ET-A4KQ,diagnoses.days_to_last_follow_up,955.0,955.0
clinical.tsv,TCGA-J8-A4HY,diagnoses.days_to_last_follow_up,6.0,6.0
clinical.tsv,TCGA-DJ-A1QM,diagnoses.days_to_last_follow_up,183.0,183.0
clinical.tsv,TCGA-BJ-A45E,diagnoses.days_to_last_follow_up,639.0,639.0
clinical.tsv,TCGA-DJ-A1QI,diagnoses.days_to_last_follow_up,455.0,455.0
clinical.tsv,TCGA-ET-A3BN,diagnoses.days_to_last_follow_up,859.0,859.0
clinical.tsv,TCGA-EL-A3CT,diagnoses.days_to_last_follow_up,1854.0,1854.0
clinical.tsv,TCGA-BJ-A28R,diagnoses.days_to_last_follow_up,1282.0,1282.0
clinical.tsv,TCGA-FY-A3TY,diagnoses.days_to_last_follow_up,709.0,709.0
clinical.tsv,TCGA-BJ-A28S,diagnoses.days_to_last_follow_up,640.0,640.0
clinical.tsv,TCGA-DJ-A2PZ,diagnoses.days_to_last_follow_up,256.0,256.0
clinical.tsv,TCGA-EL-A3CL,diagnoses.days_to_last_follow_up,963.0,963.0
clinical.tsv,TCGA-BJ-A2N8,diagnoses.days_to_last_follow_up,504.0,504.0
clinical.tsv,TCGA-DO-A2HM,diagnoses.days_to_last_follow_up,71.0,71.0
clinical.tsv,TCGA-FK-A3SG,diagnoses.days_to_last_follow_up,28.0,28.0
clinical.tsv,TCGA-BJ-A0ZJ,diagnoses.days_to_last_follow_up,1280.0,1280.0
clinical.tsv,TCGA-DJ-A13S,diagnoses.days_to_last_follow_up,265.0,265.0
clinical.tsv,TCGA-DJ-A1QQ,diagnoses.days_to_last_follow_up,534.0,534.0
clinical.tsv,TCGA-BJ-A0ZG,diagnoses.days_to_last_follow_up,775.0,775.0
clinical.tsv,TCGA-BJ-A28W,diagnoses.days_to_last_follow_up,344.0,344.0
clinical.tsv,TCGA-BJ-A28T,diagnoses.days_to_last_follow_up,1081.0,1081.0
clinical.tsv,TCGA-EL-A3T7,diagnoses.days_to_last_follow_up,1256.0,1256.0
clinical.tsv,TCGA-BJ-A192,diagnoses.days_to_last_follow_up,1349.0,1349.0
clinical.tsv,TCGA-BJ-A28V,diagnoses.days_to_last_follow_up,987.0,987.0
clinical.tsv,TCGA-FY-A3BL,diagnoses.days_to_last_follow_up,621.0,621.0
clinical.tsv,TCGA-DJ-A13L,diagnoses.days_to_last_follow_up,303.0,303.0
clinical.tsv,TCGA-BJ-A4O9,diagnoses.days_to_last_follow_up,714.0,714.0
clinical.tsv,TCGA-BJ-A291,diagnoses.days_to_last_follow_up,696.0,696.0
clinical.tsv,TCGA-DJ-A2PO,diagnoses.days_to_last_follow_up,243.0,243.0
clinical.tsv,TCGA-DJ-A4V2,diagnoses.days_to_last_follow_up,95.0,95.0
clinical.tsv,TCGA-DJ-A1QE,diagnoses.days_to_last_follow_up,4134.0,4134.0
clinical.tsv,TCGA-ET-A39S,diagnoses.days_to_last_follow_up,1676.0,1676.0
clinical.tsv,TCGA-DJ-A1QL,diagnoses.days_to_last_follow_up,535.0,535.0
clinical.tsv,TCGA-BJ-A45D,diagnoses.days_to_last_follow_up,331.0,331.0
clinical.tsv,TCGA-BJ-A0YZ,diagnoses.days_to_last_follow_up,754.0,754.0
clinical.tsv,TCGA-FY-A3NM,diagnoses.days_to_last_follow_up,885.0,885.0
clinical.tsv,TCGA-DJ-A2Q8,diagnoses.days_to_last_follow_up,1189.0,1189.0
clinical.tsv,TCGA-DJ-A2PN,diagnoses.days_to_last_follow_up,307.0,307.0
clinical.tsv,TCGA-EM-A3AL,diagnoses.days_to_last_follow_up,430.0,430.0
clinical.tsv,TCGA-EM-A4FK,diagnoses.days_to_last_follow_up,649.0,649.0
clinical.tsv,TCGA-EM-A3SZ,diagnoses.days_to_last_follow_up,389.0,389.0
clinical.tsv,TCGA-EM-A3AP,diagnoses.days_to_last_follow_up,254.0,254.0
clinical.tsv,TCGA-EM-A2OZ,diagnoses.days_to_last_follow_up,1033.0,1033.0
clinical.tsv,TCGA-EM-A2CR,diagnoses.days_to_last_follow_up,415.0,415.0
clinical.tsv,TCGA-EM-A3OA,diagnoses.days_to_last_follow_up,822.0,822.0
clinical.tsv,TCGA-EM-A2CL,diagnoses.days_to_last_follow_up,401.0,401.0
clinical.tsv,TCGA-EM-A2CP,diagnoses.days_to_last_follow_up,91.0,91.0
clinical.tsv,TCGA-DJ-A13X,diagnoses.days_to_last_follow_up,253.0,253.0
clinical.tsv,TCGA-EM-A3AK,diagnoses.days_to_last_follow_up,477.0,477.0
clinical.tsv,TCGA-EM-A3FN,diagnoses.days_to_last_follow_up,367.0,367.0
clinical.tsv,TCGA-J8-A42S,diagnoses.days_to_last_follow_up,75.0,75.0
clinical.tsv,TCGA-EM-A4FV,diagnoses.days_to_last_follow_up,744.0,744.0
clinical.tsv,TCGA-BJ-A0ZC,diagnoses.days_to_last_follow_up,352.0,352.0
clinical.tsv,TCGA-EM-A2CQ,diagnoses.days_to_last_follow_up,374.0,374.0
clinical.tsv,TCGA-CE-A27D,diagnoses.days_to_last_follow_up,374.0,374.0
clinical.tsv,TCGA-FY-A76V,diagnoses.days_to_last_follow_up,51.0,51.0
clinical.tsv,TCGA-BJ-A0ZH,diagnoses.days_to_last_follow_up,460.0,460.0
clinical.tsv,TCGA-EL-A3T9,diagnoses.days_to_last_follow_up,174.0,174.0
clinical.tsv,TCGA-BJ-A45K,diagnoses.days_to_last_follow_up,705.0,705.0
clinical.tsv,TCGA-EM-A3OB,diagnoses.days_to_last_follow_up,1176.0,1176.0
clinical.tsv,TCGA-EM-A3SY,diagnoses.days_to_last_follow_up,411.0,411.0
clinical.tsv,TCGA-EM-A3O8,diagnoses.days_to_last_follow_up,381.0,381.0
clinical.tsv,TCGA-EM-A2OW,diagnoses.days_to_last_follow_up,1227.0,1227.0
clinical.tsv,TCGA-FY-A3R7,diagnoses.days_to_last_follow_up,495.0,495.0
clinical.tsv,TCGA-EM-A2CT,diagnoses.days_to_last_follow_up,1474.0,1474.0
clinical.tsv,TCGA-EM-A2P3,diagnoses.days_to_last_follow_up,444.0,444.0
clinical.tsv,TCGA-EM-A4G1,diagnoses.days_to_last_follow_up,416.0,416.0
clinical.tsv,TCGA-ET-A39L,diagnoses.days_to_last_follow_up,3299.0,3299.0
clinical.tsv,TCGA-EM-A2CJ,diagnoses.days_to_last_follow_up,1447.0,1447.0
clinical.tsv,TCGA-EM-A3AQ,diagnoses.days_to_last_follow_up,904.0,904.0
clinical.tsv,TCGA-DJ-A1QF,diagnoses.days_to_last_follow_up,931.0,931.0
clinical.tsv,TCGA-ET-A3BQ,diagnoses.days_to_last_follow_up,2331.0,2331.0
clinical.tsv,TCGA-EM-A1CV,diagnoses.days_to_last_follow_up,1475.0,1475.0
clinical.tsv,TCGA-EM-A1YD,diagnoses.days_to_last_follow_up,1734.0,1734.0
clinical.tsv,TCGA-EM-A22L,diagnoses.days_to_last_follow_up,318.0,318.0
clinical.tsv,TCGA-EM-A1CS,diagnoses.days_to_last_follow_up,817.0,817.0
clinical.tsv,TCGA-FY-A3I5,diagnoses.days_to_last_follow_up,238.0,238.0
clinical.tsv,TCGA-FY-A3NN,diagnoses.days_to_last_follow_up,0.0,0.0
clinical.tsv,TCGA-FY-A2QD,diagnoses.days_to_last_follow_up,38.0,38.0
clinical.tsv,TCGA-FE-A236,diagnoses.days_to_last_known_disease_status,,
clinical.tsv,TCGA-FE-A232,diagnoses.days_to_last_known_disease_status,,
clinical.tsv,TCGA-FE-A231,diagnoses.days_to_last_known_disease_status,,
clinical.tsv,TCGA-FE-A237,diagnoses.days_to_last_known_disease_status,,
clinical.tsv,TCGA-FE-A230,diagnoses.days_to_last_known_disease_status,,
clinical.tsv,TCGA-FE-A235,diagnoses.days_to_last_known_disease_status,,
clinical.tsv,TCGA-FE-A238,diagnoses.days_to_last_known_disease_status,,
clinical.tsv,TCGA-FE-A234,diagnoses.days_to_last_known_disease_status,,
clinical.tsv,TCGA-FE-A233,diagnoses.days_to_last_known_disease_status,,
clinical.tsv,TCGA-FE-A239,diagnoses.days_to_last_known_disease_status,,
clinical.tsv,TCGA-FE-A23A,diagnoses.days_to_last_known_disease_status,,
clinical.tsv,TCGA-DJ-A2Q9,diagnoses.days_to_last_known_disease_status,,
clinical.tsv,TCGA-DE-A3KN,diagnoses.days_to_last_known_disease_status,,
clinical.tsv,TCGA-ET-A3DO,diagnoses.days_to_last_known_disease_status,,
clinical.tsv,TCGA-DJ-A2Q5,diagnoses.days_to_last_known_disease_status,,
clinical.tsv,TCGA-EL-A3ZH,diagnoses.days_to_last_known_disease_status,,
clinical.tsv,TCGA-DO-A1JZ,diagnoses.days_to_last_known_disease_status,,
clinical.tsv,TCGA-ET-A39J,diagnoses.days_to_last_known_disease_status,,
clinical.tsv,TCGA-DJ-A3VM,diagnoses.days_to_last_known_disease_status,,
clinical.tsv,TCGA-MK-A4N9,diagnoses.days_to_last_known_disease_status,,
clinical.tsv,TCGA-DJ-A4UP,diagnoses.days_to_last_known_disease_status,,
clinical.tsv,TCGA-DJ-A4UQ,diagnoses.days_to_last_known_disease_status,,
clinical.tsv,TCGA-EL-A3ZG,diagnoses.days_to_last_known_disease_status,,
clinical.tsv,TCGA-DJ-A3V9,diagnoses.days_to_last_known_disease_status,,
clinical.tsv,TCGA-EL-A3ZQ,diagnoses.days_to_last_known_disease_status,,
clinical.tsv,TCGA-DJ-A3V4,diagnoses.days_to_last_known_disease_status,,
clinical.tsv,TCGA-DJ-A3UQ,diagnoses.days_to_last_known_disease_status,,
clinical.tsv,TCGA-DJ-A2PT,diagnoses.days_to_last_known_disease_status,,
clinical.tsv,TCGA-IM-A3EB,diagnoses.days_to_last_known_disease_status,,
clinical.tsv,TCGA-DE-A0XZ,diagnoses.days_to_last_known_disease_status,,
clinical.tsv,TCGA-ET-A3DW,diagnoses.days_to_last_known_disease_status,,
clinical.tsv,TCGA-ET-A39P,diagnoses.days_to_last_known_disease_status,,
clinical.tsv,TCGA-DJ-A3UU,diagnoses.days_to_last_known_disease_status,,
clinical.tsv,TCGA-FY-A3ON,diagnoses.days_to_last_known_disease_status,,
clinical.tsv,TCGA-DE-A4MB,diagnoses.days_to_last_known_disease_status,,
clinical.tsv,TCGA-EL-A4JW,diagnoses.days_to_last_known_disease_status,,
clinical.tsv,TCGA-EL-A4K6,diagnoses.days_to_last_known_disease_status,,
clinical.tsv,TCGA-EM-A2OV,diagnoses.days_to_last_known_disease_status,,
clinical.tsv,TCGA-E3-A3DZ,diagnoses.days_to_last_known_disease_status,,
clinical.tsv,TCGA-FY-A4B4,diagnoses.days_to_last_known_disease_status,,
clinical.tsv,TCGA-E3-A3E3,diagnoses.days_to_last_known_disease_status,,
clinical.tsv,TCGA-EL-A3T3,diagnoses.days_to_last_known_disease_status,,
clinical.tsv,TCGA-EM-A22O,diagnoses.days_to_last_known_disease_status,,
clinical.tsv,TCGA-FY-A4B0,diagnoses.days_to_last_known_disease_status,,
clinical.tsv,TCGA-ET-A39K,diagnoses.days_to_last_known_disease_status,,
clinical.tsv,TCGA-EL-A4JV,diagnoses.days_to_last_known_disease_status,,
clinical.tsv,TCGA-DJ-A3V6,diagnoses.days_to_last_known_disease_status,,
clinical.tsv,TCGA-FK-A3S3,diagnoses.days_to_last_known_disease_status,,
clinical.tsv,TCGA-FE-A22Z,diagnoses.days_to_last_known_disease_status,,
clinical.tsv,TCGA-FK-A4UB,diagnoses.days_to_last_known_disease_status,,
clinical.tsv,TCGA-FY-A3W9,diagnoses.days_to_last_known_disease_status,,
clinical.tsv,TCGA-DE-A69K,diagnoses.days_to_last_known_disease_status,,
clinical.tsv,TCGA-DE-A4MC,diagnoses.days_to_last_known_disease_status,,
clinical.tsv,TCGA-DE-A4M9,diagnoses.days_to_last_known_disease_status,,
clinical.tsv,TCGA-DJ-A4V5,diagnoses.days_to_last_known_disease_status,,
clinical.tsv,TCGA-ET-A39N,diagnoses.days_to_last_known_disease_status,,
clinical.tsv,TCGA-DE-A4MA,diagnoses.days_to_last_known_disease_status,,
clinical.tsv,TCGA-EL-A4K9,diagnoses.days_to_last_known_disease_status,,
clinical.tsv,TCGA-DJ-A13U,diagnoses.days_to_last_known_disease_status,,
clinical.tsv,TCGA-DJ-A3V7,diagnoses.days_to_last_known_disease_status,,
clinical.tsv,TCGA-EL-A3T6,diagnoses.days_to_last_known_disease_status,,
clinical.tsv,TCGA-E3-A3E5,diagnoses.days_to_last_known_disease_status,,
clinical.tsv,TCGA-IM-A41Z,diagnoses.days_to_last_known_disease_status,,
clinical.tsv,TCGA-DJ-A3VK,diagnoses.days_to_last_known_disease_status,,
clinical.tsv,TCGA-EL-A3ZR,diagnoses.days_to_last_known_disease_status,,
clinical.tsv,TCGA-DJ-A4UW,diagnoses.days_to_last_known_disease_status,,
clinical.tsv,TCGA-L6-A4EP,diagnoses.days_to_last_known_disease_status,,
clinical.tsv,TCGA-DE-A69J,diagnoses.days_to_last_known_disease_status,,
clinical.tsv,TCGA-DJ-A2PS,diagnoses.days_to_last_known_disease_status,,
clinical.tsv,TCGA-EL-A3TB,diagnoses.days_to_last_known_disease_status,,
clinical.tsv,TCGA-E8-A419,diagnoses.days_to_last_known_disease_status,,
clinical.tsv,TCGA-DJ-A3V8,diagnoses.days_to_last_known_disease_status,,
clinical.tsv,TCGA-DE-A4M8,diagnoses.days_to_last_known_disease_status,,
clinical.tsv,TCGA-DJ-A3VF,diagnoses.days_to_last_known_disease_status,,
clinical.tsv,TCGA-DJ-A2Q3,diagnoses.days_to_last_known_disease_status,,
clinical.tsv,TCGA-DJ-A2Q6,diagnoses.days_to_last_known_disease_status,,
clinical.tsv,TCGA-FK-A3SE,diagnoses.days_to_last_known_disease_status,,
clinical.tsv,TCGA-ET-A3DV,diagnoses.days_to_last_known_disease_status,,
clinical.tsv,TCGA-L6-A4EU,diagnoses.days_to_last_known_disease_status,,
clinical.tsv,TCGA-DJ-A2QB,diagnoses.days_to_last_known_disease_status,,
clinical.tsv,TCGA-DO-A1K0,diagnoses.days_to_last_known_disease_status,,
clinical.tsv,TCGA-ET-A3DU,diagnoses.days_to_last_known_disease_status,,
clinical.tsv,TCGA-DJ-A4UR,diagnoses.days_to_last_known_disease_status,,
clinical.tsv,TCGA-ET-A3BS,diagnoses.days_to_last_known_disease_status,,
clinical.tsv,TCGA-EL-A3GW,diagnoses.days_to_last_known_disease_status,,
clinical.tsv,TCGA-DE-A4MD,diagnoses.days_to_last_known_disease_status,,
clinical.tsv,TCGA-DJ-A2PW,diagnoses.days_to_last_known_disease_status,,
clinical.tsv,TCGA-L6-A4EQ,diagnoses.days_to_last_known_disease_status,,
clinical.tsv,TCGA-DJ-A3UO,diagnoses.days_to_last_known_disease_status,,
clinical.tsv,TCGA-ET-A3BT,diagnoses.days_to_last_known_disease_status,,
clinical.tsv,TCGA-DJ-A3VD,diagnoses.days_to_last_known_disease_status,,
clinical.tsv,TCGA-MK-A4N6,diagnoses.days_to_last_known_disease_status,,
clinical.tsv,TCGA-EL-A3H4,diagnoses.days_to_last_known_disease_status,,
clinical.tsv,TCGA-L6-A4ET,diagnoses.days_to_last_known_disease_status,,
clinical.tsv,TCGA-DJ-A2Q1,diagnoses.days_to_last_known_disease_status,,
clinical.tsv,TCGA-FK-A3SH,diagnoses.days_to_last_known_disease_status,,
clinical.tsv,TCGA-DJ-A3VJ,diagnoses.days_to_last_known_disease_status,,
clinical.tsv,TCGA-E3-A3E2,diagnoses.days_to_last_known_disease_status,,
clinical.tsv,TCGA-MK-A4N7,diagnoses.days_to_last_known_disease_status,,
clinical.tsv,TCGA-DJ-A1QO,diagnoses.days_to_last_known_disease_status,,
clinical.tsv,TCGA-E8-A3X7,diagnoses.days_to_last_known_disease_status,,
clinical.tsv,TCGA-DJ-A1QH,diagnoses.days_to_last_known_disease_status,,
clinical.tsv,TCGA-J8-A3O1,diagnoses.days_to_last_known_disease_status,,
clinical.tsv,TCGA-EL-A3N3,diagnoses.days_to_last_known_disease_status,,
clinical.tsv,TCGA-J8-A3YF,diagnoses.days_to_last_known_disease_status,,
clinical.tsv,TCGA-FY-A3NP,diagnoses.days_to_last_known_disease_status,,
clinical.tsv,TCGA-J8-A3O2,diagnoses.days_to_last_known_disease_status,,
clinical.tsv,TCGA-FE-A3PB,diagnoses.days_to_last_known_disease_status,,
clinical.tsv,TCGA-FE-A3PA,diagnoses.days_to_last_known_disease_status,,
clinical.tsv,TCGA-EL-A4KI,diagnoses.days_to_last_known_disease_status,,
clinical.tsv,TCGA-MK-A84Z,diagnoses.days_to_last_known_disease_status,,
clinical.tsv,TCGA-EL-A3GS,diagnoses.days_to_last_known_disease_status,,
clinical.tsv,TCGA-ET-A40R,diagnoses.days_to_last_known_disease_status,,
clinical.tsv,TCGA-DJ-A3UP,diagnoses.days_to_last_known_disease_status,,
clinical.tsv,TCGA-EL-A4K4,diagnoses.days_to_last_known_disease_status,,
clinical.tsv,TCGA-EL-A3N2,diagnoses.days_to_last_known_disease_status,,
clinical.tsv,TCGA-IM-A4EB,diagnoses.days_to_last_known_disease_status,,
clinical.tsv,TCGA-EL-A3ZK,diagnoses.days_to_last_known_disease_status,,
clinical.tsv,TCGA-DJ-A13R,diagnoses.days_to_last_known_disease_status,,
clinical.tsv,TCGA-FY-A40L,diagnoses.days_to_last_known_disease_status,,
clinical.tsv,TCGA-EL-A3H5,diagnoses.days_to_last_known_disease_status,,
clinical.tsv,TCGA-J8-A3NZ,diagnoses.days_to_last_known_disease_status,,
clinical.tsv,TCGA-EL-A3CN,diagnoses.days_to_last_known_disease_status,,
clinical.tsv,TCGA-BJ-A3PU,diagnoses.days_to_last_known_disease_status,,
clinical.tsv,TCGA-IM-A41Y,diagnoses.days_to_last_known_disease_status,,
clinical.tsv,TCGA-FY-A3RA,diagnoses.days_to_last_known_disease_status,,
clinical.tsv,TCGA-EL-A3D4,diagnoses.days_to_last_known_disease_status,,
clinical.tsv,TCGA-EL-A4KH,diagnoses.days_to_last_known_disease_status,,
clinical.tsv,TCGA-DE-A0Y2,diagnoses.days_to_last_known_disease_status,,
clinical.tsv,TCGA-ET-A40Q,diagnoses.days_to_last_known_disease_status,,
clinical.tsv,TCGA-FY-A40M,diagnoses.days_to_last_known_disease_status,,
clinical.tsv,TCGA-EL-A3MY,diagnoses.days_to_last_known_disease_status,,
clinical.tsv,TCGA-DE-A2OL,diagnoses.days_to_last_known_disease_status,,
clinical.tsv,TCGA-ET-A2N5,diagnoses.days_to_last_known_disease_status,,
clinical.tsv,TCGA-EL-A3GX,diagnoses.days_to_last_known_disease_status,,
clinical.tsv,TCGA-EL-A3T0,diagnoses.days_to_last_known_disease_status,,
clinical.tsv,TCGA-FY-A40K,diagnoses.days_to_last_known_disease_status,,
clinical.tsv,TCGA-ET-A3BP,diagnoses.days_to_last_known_disease_status,,
clinical.tsv,TCGA-EL-A3T8,diagnoses.days_to_last_known_disease_status,,
clinical.tsv,TCGA-DJ-A13V,diagnoses.days_to_last_known_disease_status,,
clinical.tsv,TCGA-BJ-A45C,diagnoses.days_to_last_known_disease_status,,
clinical.tsv,TCGA-EL-A3ZS,diagnoses.days_to_last_known_disease_status,,
clinical.tsv,TCGA-EL-A3GR,diagnoses.days_to_last_known_disease_status,,
clinical.tsv,TCGA-DJ-A3VB,diagnoses.days_to_last_known_disease_status,,
clinical.tsv,TCGA-BJ-A28X,diagnoses.days_to_last_known_disease_status,,
clinical.tsv,TCGA-EL-A4KD,diagnoses.days_to_last_known_disease_status,,
clinical.tsv,TCGA-DJ-A3V0,diagnoses.days_to_last_known_disease_status,,
clinical.tsv,TCGA-EL-A3D1,diagnoses.days_to_last_known_disease_status,,
clinical.tsv,TCGA-H2-A3RI,diagnoses.days_to_last_known_disease_status,,
clinical.tsv,TCGA-DE-A0Y3,diagnoses.days_to_last_known_disease_status,,
clinical.tsv,TCGA-BJ-A45I,diagnoses.days_to_last_known_disease_status,,
clinical.tsv,TCGA-FY-A3R8,diagnoses.days_to_last_known_disease_status,,
clinical.tsv,TCGA-FY-A3I4,diagnoses.days_to_last_known_disease_status,,
clinical.tsv,TCGA-FY-A3YR,diagnoses.days_to_last_known_disease_status,,
clinical.tsv,TCGA-EL-A3TA,diagnoses.days_to_last_known_disease_status,,
clinical.tsv,TCGA-EL-A3GU,diagnoses.days_to_last_known_disease_status,,
clinical.tsv,TCGA-EL-A3ZL,diagnoses.days_to_last_known_disease_status,,
clinical.tsv,TCGA-ET-A2N1,diagnoses.days_to_last_known_disease_status,,
clinical.tsv,TCGA-EL-A3GV,diagnoses.days_to_last_known_disease_status,,
clinical.tsv,TCGA-EL-A3D5,diagnoses.days_to_last_known_disease_status,,
clinical.tsv,TCGA-EL-A3ZP,diagnoses.days_to_last_known_disease_status,,
clinical.tsv,TCGA-DJ-A2PQ,diagnoses.days_to_last_known_disease_status,,
clinical.tsv,TCGA-E8-A2JQ,diagnoses.days_to_last_known_disease_status,,
clinical.tsv,TCGA-EL-A3CV,diagnoses.days_to_last_known_disease_status,,
clinical.tsv,TCGA-EM-A1YC,diagnoses.days_to_last_known_disease_status,,
clinical.tsv,TCGA-BJ-A4O8,diagnoses.days_to_last_known_disease_status,,
clinical.tsv,TCGA-EM-A4FM,diagnoses.days_to_last_known_disease_status,,
clinical.tsv,TCGA-EL-A3GY,diagnoses.days_to_last_known_disease_status,,
clinical.tsv,TCGA-EL-A3D6,diagnoses.days_to_last_known_disease_status,,
clinical.tsv,TCGA-ET-A2N0,diagnoses.days_to_last_known_disease_status,,
clinical.tsv,TCGA-EL-A3CM,diagnoses.days_to_last_known_disease_status,,
clinical.tsv,TCGA-EM-A3O3,diagnoses.days_to_last_known_disease_status,,
clinical.tsv,TCGA-CE-A481,diagnoses.days_to_last_known_disease_status,,
clinical.tsv,TCGA-ET-A25K,diagnoses.days_to_last_known_disease_status,,
clinical.tsv,TCGA-EL-A3GZ,diagnoses.days_to_last_known_disease_status,,
clinical.tsv,TCGA-EL-A3ZO,diagnoses.days_to_last_known_disease_status,,
clinical.tsv,TCGA-BJ-A290,diagnoses.days_to_last_known_disease_status,,
clinical.tsv,TCGA-ET-A25L,diagnoses.days_to_last_known_disease_status,,
clinical.tsv,TCGA-KS-A4IC,diagnoses.days_to_last_known_disease_status,,
clinical.tsv,TCGA-J8-A3YD,diagnoses.days_to_last_known_disease_status,,
clinical.tsv,TCGA-EM-A4FQ,diagnoses.days_to_last_known_disease_status,,
clinical.tsv,TCGA-KS-A4I9,diagnoses.days_to_last_known_disease_status,,
clinical.tsv,TCGA-EL-A3D0,diagnoses.days_to_last_known_disease_status,,
clinical.tsv,TCGA-EL-A3ZT,diagnoses.days_to_last_known_disease_status,,
clinical.tsv,TCGA-EM-A3AI,diagnoses.days_to_last_known_disease_status,,
clinical.tsv,TCGA-BJ-A28Z,diagnoses.days_to_last_known_disease_status,,
clinical.tsv,TCGA-KS-A4I1,diagnoses.days_to_last_known_disease_status,,
clinical.tsv,TCGA-EM-A3AR,diagnoses.days_to_last_known_disease_status,,
clinical.tsv,TCGA-EM-A2CS,diagnoses.days_to_last_known_disease_status,,
clinical.tsv,TCGA-ET-A4KN,diagnoses.days_to_last_known_disease_status,,
clinical.tsv,TCGA-EL-A3H2,diagnoses.days_to_last_known_disease_status,,
clinical.tsv,TCGA-BJ-A45H,diagnoses.days_to_last_known_disease_status,,
clinical.tsv,TCGA-ET-A25M,diagnoses.days_to_last_known_disease_status,,
clinical.tsv,TCGA-H2-A422,diagnoses.days_to_last_known_disease_status,,
clinical.tsv,TCGA-EM-A2OX,diagnoses.days_to_last_known_disease_status,,
clinical.tsv,TCGA-J8-A3YG,diagnoses.days_to_last_known_disease_status,,
clinical.tsv,TCGA-DJ-A2Q2,diagnoses.days_to_last_known_disease_status,,
clinical.tsv,TCGA-CE-A482,diagnoses.days_to_last_known_disease_status,,
clinical.tsv,TCGA-FE-A3PC,diagnoses.days_to_last_known_disease_status,,
clinical.tsv,TCGA-BJ-A45G,diagnoses.days_to_last_known_disease_status,,
clinical.tsv,TCGA-ET-A25O,diagnoses.days_to_last_known_disease_status,,
clinical.tsv,TCGA-J8-A3YE,diagnoses.days_to_last_known_disease_status,,
clinical.tsv,TCGA-EL-A3CZ,diagnoses.days_to_last_known_disease_status,,
clinical.tsv,TCGA-KS-A4IB,diagnoses.days_to_last_known_disease_status,,
clinical.tsv,TCGA-E3-A3DY,diagnoses.days_to_last_known_disease_status,,
clinical.tsv,TCGA-KS-A4I7,diagnoses.days_to_last_known_disease_status,,
clinical.tsv,TCGA-ET-A25G,diagnoses.days_to_last_known_disease_status,,
clinical.tsv,TCGA-KS-A4I5,diagnoses.days_to_last_known_disease_status,,
clinical.tsv,TCGA-ET-A39M,diagnoses.days_to_last_known_disease_status,,
clinical.tsv,TCGA-EL-A3MX,diagnoses.days_to_last_known_disease_status,,
clinical.tsv,TCGA-ET-A2MY,diagnoses.days_to_last_known_disease_status,,
clinical.tsv,TCGA-ET-A25N,diagnoses.days_to_last_known_disease_status,,
clinical.tsv,TCGA-EL-A3MZ,diagnoses.days_to_last_known_disease_status,,
clinical.tsv,TCGA-KS-A4I3,diagnoses.days_to_last_known_disease_status,,
clinical.tsv,TCGA-EL-A3CO,diagnoses.days_to_last_known_disease_status,,
clinical.tsv,TCGA-H2-A3RH,diagnoses.days_to_last_known_disease_status,,
clinical.tsv,TCGA-EL-A3ZM,diagnoses.days_to_last_known_disease_status,,
clinical.tsv,TCGA-BJ-A18Z,diagnoses.days_to_last_known_disease_status,,
clinical.tsv,TCGA-EM-A22P,diagnoses.days_to_last_known_disease_status,,
clinical.tsv,TCGA-H2-A2K9,diagnoses.days_to_last_known_disease_status,,
clinical.tsv,TCGA-E8-A44M,diagnoses.days_to_last_known_disease_status,,
clinical.tsv,TCGA-BJ-A0Z3,diagnoses.days_to_last_known_disease_status,,
clinical.tsv,TCGA-EM-A3O6,diagnoses.days_to_last_known_disease_status,,
clinical.tsv,TCGA-FE-A3PD,diagnoses.days_to_last_known_disease_status,,
clinical.tsv,TCGA-FY-A40N,diagnoses.days_to_last_known_disease_status,,
clinical.tsv,TCGA-EM-A4FH,diagnoses.days_to_last_known_disease_status,,
clinical.tsv,TCGA-KS-A41L,diagnoses.days_to_last_known_disease_status,,
clinical.tsv,TCGA-E8-A242,diagnoses.days_to_last_known_disease_status,,
clinical.tsv,TCGA-EM-A4FU,diagnoses.days_to_last_known_disease_status,,
clinical.tsv,TCGA-EM-A1YA,diagnoses.days_to_last_known_disease_status,,
clinical.tsv,TCGA-ET-A2MX,diagnoses.days_to_last_known_disease_status,,
clinical.tsv,TCGA-EM-A3AN,diagnoses.days_to_last_known_disease_status,,
clinical.tsv,TCGA-EM-A2CU,diagnoses.days_to_last_known_disease_status,,
clinical.tsv,TCGA-BJ-A45J,diagnoses.days_to_last_known_disease_status,,
clinical.tsv,TCGA-EL-A3CU,diagnoses.days_to_last_known_disease_status,,
clinical.tsv,TCGA-EM-A2P0,diagnoses.days_to_last_known_disease_status,,
clinical.tsv,TCGA-E3-A3E1,diagnoses.days_to_last_known_disease_status,,
clinical.tsv,TCGA-KS-A4ID,diagnoses.days_to_last_known_disease_status,,
clinical.tsv,TCGA-EL-A3T2,diagnoses.days_to_last_known_disease_status,,
clinical.tsv,TCGA-EL-A3CS,diagnoses.days_to_last_known_disease_status,,
clinical.tsv,TCGA-EL-A3H1,diagnoses.days_to_last_known_disease_status,,
clinical.tsv,TCGA-EM-A4FR,diagnoses.days_to_last_known_disease_status,,
clinical.tsv,TCGA-KS-A41F,diagnoses.days_to_last_known_disease_status,,
clinical.tsv,TCGA-EM-A22M,diagnoses.days_to_last_known_disease_status,,
clinical.tsv,TCGA-EM-A2P1,diagnoses.days_to_last_known_disease_status,,
clinical.tsv,TCGA-J8-A3YH,diagnoses.days_to_last_known_disease_status,,
clinical.tsv,TCGA-BJ-A0ZE,diagnoses.days_to_last_known_disease_status,,
clinical.tsv,TCGA-EM-A1YB,diagnoses.days_to_last_known_disease_status,,
clinical.tsv,TCGA-EM-A4FF,diagnoses.days_to_last_known_disease_status,,
clinical.tsv,TCGA-EM-A2P2,diagnoses.days_to_last_known_disease_status,,
clinical.tsv,TCGA-ET-A3BV,diagnoses.days_to_last_known_disease_status,,
clinical.tsv,TCGA-BJ-A2N7,diagnoses.days_to_last_known_disease_status,,
clinical.tsv,TCGA-IM-A3ED,diagnoses.days_to_last_known_disease_status,,
clinical.tsv,TCGA-EM-A2OY,diagnoses.days_to_last_known_disease_status,,
clinical.tsv,TCGA-EM-A3ST,diagnoses.days_to_last_known_disease_status,,
clinical.tsv,TCGA-EM-A3AJ,diagnoses.days_to_last_known_disease_status,,
clinical.tsv,TCGA-FY-A3R9,diagnoses.days_to_last_known_disease_status,,
clinical.tsv,TCGA-BJ-A0ZB,diagnoses.days_to_last_known_disease_status,,
clinical.tsv,TCGA-EM-A4FO,diagnoses.days_to_last_known_disease_status,,
clinical.tsv,TCGA-H2-A26U,diagnoses.days_to_last_known_disease_status,,
clinical.tsv,TCGA-EL-A3MW,diagnoses.days_to_last_known_disease_status,,
clinical.tsv,TCGA-EM-A4FN,diagnoses.days_to_last_known_disease_status,,
clinical.tsv,TCGA-J8-A4HW,diagnoses.days_to_last_known_disease_status,,
clinical.tsv,TCGA-EM-A3SU,diagnoses.days_to_last_known_disease_status,,
clinical.tsv,TCGA-EM-A3FQ,diagnoses.days_to_last_known_disease_status,,
clinical.tsv,TCGA-EM-A2CO,diagnoses.days_to_last_known_disease_status,,
clinical.tsv,TCGA-BJ-A190,diagnoses.days_to_last_known_disease_status,,
clinical.tsv,TCGA-EM-A3FK,diagnoses.days_to_last_known_disease_status,,
clinical.tsv,TCGA-EM-A3SX,diagnoses.days_to_last_known_disease_status,,
clinical.tsv,TCGA-EM-A3AO,diagnoses.days_to_last_known_disease_status,,
clinical.tsv,TCGA-KS-A41J,diagnoses.days_to_last_known_disease_status,,
clinical.tsv,TCGA-BJ-A191,diagnoses.days_to_last_known_disease_status,,
clinical.tsv,TCGA-BJ-A3PT,diagnoses.days_to_last_known_disease_status,,
clinical.tsv,TCGA-EM-A2CM,diagnoses.days_to_last_known_disease_status,,
clinical.tsv,TCGA-EM-A3FR,diagnoses.days_to_last_known_disease_status,,
clinical.tsv,TCGA-EM-A3O9,diagnoses.days_to_last_known_disease_status,,
clinical.tsv,TCGA-EM-A3O7,diagnoses.days_to_last_known_disease_status,,
clinical.tsv,TCGA-ET-A2N4,diagnoses.days_to_last_known_disease_status,,
clinical.tsv,TCGA-EM-A2CN,diagnoses.days_to_last_known_disease_status,,
clinical.tsv,TCGA-BJ-A0ZA,diagnoses.days_to_last_known_disease_status,,
clinical.tsv,TCGA-E3-A3E0,diagnoses.days_to_last_known_disease_status,,
clinical.tsv,TCGA-BJ-A0Z0,diagnoses.days_to_last_known_disease_status,,
clinical.tsv,TCGA-KS-A41I,diagnoses.days_to_last_known_disease_status,,
clinical.tsv,TCGA-EM-A2CK,diagnoses.days_to_last_known_disease_status,,
clinical.tsv,TCGA-DJ-A3V5,diagnoses.days_to_last_known_disease_status,,
clinical.tsv,TCGA-GE-A2C6,diagnoses.days_to_last_known_disease_status,,
clinical.tsv,TCGA-H2-A421,diagnoses.days_to_last_known_disease_status,,
clinical.tsv,TCGA-EM-A3FM,diagnoses.days_to_last_known_disease_status,,
clinical.tsv,TCGA-BJ-A18Y,diagnoses.days_to_last_known_disease_status,,
clinical.tsv,TCGA-EM-A3FO,diagnoses.days_to_last_known_disease_status,,
clinical.tsv,TCGA-EM-A3FP,diagnoses.days_to_last_known_disease_status,,
clinical.tsv,TCGA-EM-A22J,diagnoses.days_to_last_known_disease_status,,
clinical.tsv,TCGA-EM-A3FJ,diagnoses.days_to_last_known_disease_status,,
clinical.tsv,TCGA-EM-A3FL,diagnoses.days_to_last_known_disease_status,,
clinical.tsv,TCGA-BJ-A45F,diagnoses.days_to_last_known_disease_status,,
clinical.tsv,TCGA-EM-A22K,diagnoses.days_to_last_known_disease_status,,
clinical.tsv,TCGA-BJ-A2P4,diagnoses.days_to_last_known_disease_status,,
clinical.tsv,TCGA-EM-A22I,diagnoses.days_to_last_known_disease_status,,
clinical.tsv,TCGA-BJ-A0Z5,diagnoses.days_to_last_known_disease_status,,
clinical.tsv,TCGA-ET-A25I,diagnoses.days_to_last_known_disease_status,,
clinical.tsv,TCGA-EM-A1CW,diagnoses.days_to_last_known_disease_status,,
clinical.tsv,TCGA-EL-A3CP,diagnoses.days_to_last_known_disease_status,,
clinical.tsv,TCGA-ET-A25J,diagnoses.days_to_last_known_disease_status,,
clinical.tsv,TCGA-EM-A22Q,diagnoses.days_to_last_known_disease_status,,
clinical.tsv,TCGA-ET-A2N3,diagnoses.days_to_last_known_disease_status,,
clinical.tsv,TCGA-QD-A8IV,diagnoses.days_to_last_known_disease_status,,
clinical.tsv,TCGA-EM-A22N,diagnoses.days_to_last_known_disease_status,,
clinical.tsv,TCGA-EM-A1YE,diagnoses.days_to_last_known_disease_status,,
clinical.tsv,TCGA-FY-A4B3,diagnoses.days_to_last_known_disease_status,,
clinical.tsv,TCGA-DJ-A3UY,diagnoses.days_to_last_known_disease_status,,
clinical.tsv,TCGA-EL-A4K0,diagnoses.days_to_last_known_disease_status,,
clinical.tsv,TCGA-ET-A25R,diagnoses.days_to_last_known_disease_status,,
clinical.tsv,TCGA-ET-A25P,diagnoses.days_to_last_known_disease_status,,
clinical.tsv,TCGA-DJ-A2PU,diagnoses.days_to_last_known_disease_status,,
clinical.tsv,TCGA-CE-A3MD,diagnoses.days_to_last_known_disease_status,,
clinical.tsv,TCGA-DJ-A3VI,diagnoses.days_to_last_known_disease_status,,
clinical.tsv,TCGA-ET-A3DP,diagnoses.days_to_last_known_disease_status,,
clinical.tsv,TCGA-BJ-A2N9,diagnoses.days_to_last_known_disease_status,,
clinical.tsv,TCGA-EL-A3ZN,diagnoses.days_to_last_known_disease_status,,
clinical.tsv,TCGA-DE-A7U5,diagnoses.days_to_last_known_disease_status,,
clinical.tsv,TCGA-E8-A414,diagnoses.days_to_last_known_disease_status,,
clinical.tsv,TCGA-EM-A1CT,diagnoses.days_to_last_known_disease_status,,
clinical.tsv,TCGA-ET-A40T,diagnoses.days_to_last_known_disease_status,,
clinical.tsv,TCGA-ET-A3BW,diagnoses.days_to_last_known_disease_status,,
clinical.tsv,TCGA-DJ-A2PR,diagnoses.days_to_last_known_disease_status,,
clinical.tsv,TCGA-ET-A39I,diagnoses.days_to_last_known_disease_status,,
clinical.tsv,TCGA-EL-A3H3,diagnoses.days_to_last_known_disease_status,,
clinical.tsv,TCGA-DJ-A13W,diagnoses.days_to_last_known_disease_status,,
clinical.tsv,TCGA-EL-A4JZ,diagnoses.days_to_last_known_disease_status,,
clinical.tsv,TCGA-ET-A3BU,diagnoses.days_to_last_known_disease_status,,
clinical.tsv,TCGA-E8-A433,diagnoses.days_to_last_known_disease_status,,
clinical.tsv,TCGA-EM-A1CU,diagnoses.days_to_last_known_disease_status,,
clinical.tsv,TCGA-EL-A3GQ,diagnoses.days_to_last_known_disease_status,,
clinical.tsv,TCGA-ET-A2MZ,diagnoses.days_to_last_known_disease_status,,
clinical.tsv,TCGA-J8-A3O0,diagnoses.days_to_last_known_disease_status,,
clinical.tsv,TCGA-FY-A3WA,diagnoses.days_to_last_known_disease_status,,
clinical.tsv,TCGA-ET-A3DS,diagnoses.days_to_last_known_disease_status,,
clinical.tsv,TCGA-DJ-A3UW,diagnoses.days_to_last_known_disease_status,,
clinical.tsv,TCGA-DJ-A2PV,diagnoses.days_to_last_known_disease_status,,
clinical.tsv,TCGA-FK-A3SD,diagnoses.days_to_last_known_disease_status,,
clinical.tsv,TCGA-DJ-A3V3,diagnoses.days_to_last_known_disease_status,,
clinical.tsv,TCGA-DJ-A3UN,diagnoses.days_to_last_known_disease_status,,
clinical.tsv,TCGA-EL-A4JX,diagnoses.days_to_last_known_disease_status,,
clinical.tsv,TCGA-DJ-A3US,diagnoses.days_to_last_known_disease_status,,
clinical.tsv,TCGA-DJ-A13O,diagnoses.days_to_last_known_disease_status,,
clinical.tsv,TCGA-DJ-A4UL,diagnoses.days_to_last_known_disease_status,,
clinical.tsv,TCGA-ET-A39T,diagnoses.days_to_last_known_disease_status,,
clinical.tsv,TCGA-DJ-A2Q7,diagnoses.days_to_last_known_disease_status,,
clinical.tsv,TCGA-DJ-A3V2,diagnoses.days_to_last_known_disease_status,,
clinical.tsv,TCGA-ET-A40P,diagnoses.days_to_last_known_disease_status,,
clinical.tsv,TCGA-CE-A483,diagnoses.days_to_last_known_disease_status,,
clinical.tsv,TCGA-IM-A3U2,diagnoses.days_to_last_known_disease_status,,
clinical.tsv,TCGA-E8-A416,diagnoses.days_to_last_known_disease_status,,
clinical.tsv,TCGA-BJ-A0Z9,diagnoses.days_to_last_known_disease_status,,
clinical.tsv,TCGA-FK-A3SB,diagnoses.days_to_last_known_disease_status,,
clinical.tsv,TCGA-ET-A3BX,diagnoses.days_to_last_known_disease_status,,
clinical.tsv,TCGA-DJ-A2Q0,diagnoses.days_to_last_known_disease_status,,
clinical.tsv,TCGA-BJ-A0ZF,diagnoses.days_to_last_known_disease_status,,
clinical.tsv,TCGA-FY-A3R6,diagnoses.days_to_last_known_disease_status,,
clinical.tsv,TCGA-EL-A3CX,diagnoses.days_to_last_known_disease_status,,
clinical.tsv,TCGA-E8-A417,diagnoses.days_to_last_known_disease_status,,
clinical.tsv,TCGA-EL-A3T1,diagnoses.days_to_last_known_disease_status,,
clinical.tsv,TCGA-E8-A2EA,diagnoses.days_to_last_known_disease_status,,
clinical.tsv,TCGA-ET-A39R,diagnoses.days_to_last_known_disease_status,,
clinical.tsv,TCGA-CE-A485,diagnoses.days_to_last_known_disease_status,,
clinical.tsv,TCGA-DJ-A3UT,diagnoses.days_to_last_known_disease_status,,
clinical.tsv,TCGA-ET-A3DT,diagnoses.days_to_last_known_disease_status,,
clinical.tsv,TCGA-ET-A3DR,diagnoses.days_to_last_known_disease_status,,
clinical.tsv,TCGA-CE-A13K,diagnoses.days_to_last_known_disease_status,,
clinical.tsv,TCGA-DJ-A2PX,diagnoses.days_to_last_known_disease_status,,
clinical.tsv,TCGA-DJ-A3UX,diagnoses.days_to_last_known_disease_status,,
clinical.tsv,TCGA-EL-A4K2,diagnoses.days_to_last_known_disease_status,,
clinical.tsv,TCGA-E8-A44K,diagnoses.days_to_last_known_disease_status,,
clinical.tsv,TCGA-BJ-A3F0,diagnoses.days_to_last_known_disease_status,,
clinical.tsv,TCGA-E8-A432,diagnoses.days_to_last_known_disease_status,,
clinical.tsv,TCGA-EL-A3GO,diagnoses.days_to_last_known_disease_status,,
clinical.tsv,TCGA-EL-A4K1,diagnoses.days_to_last_known_disease_status,,
clinical.tsv,TCGA-DJ-A3UZ,diagnoses.days_to_last_known_disease_status,,
clinical.tsv,TCGA-EL-A3CY,diagnoses.days_to_last_known_disease_status,,
clinical.tsv,TCGA-DJ-A4UT,diagnoses.days_to_last_known_disease_status,,
clinical.tsv,TCGA-DJ-A2QA,diagnoses.days_to_last_known_disease_status,,
clinical.tsv,TCGA-DJ-A4V4,diagnoses.days_to_last_known_disease_status,,
clinical.tsv,TCGA-DJ-A13M,diagnoses.days_to_last_known_disease_status,,
clinical.tsv,TCGA-BJ-A3EZ,diagnoses.days_to_last_known_disease_status,,
clinical.tsv,TCGA-DJ-A3VG,diagnoses.days_to_last_known_disease_status,,
clinical.tsv,TCGA-ET-A3BO,diagnoses.days_to_last_known_disease_status,,
clinical.tsv,TCGA-E8-A415,diagnoses.days_to_last_known_disease_status,,
clinical.tsv,TCGA-DJ-A3UR,diagnoses.days_to_last_known_disease_status,,
clinical.tsv,TCGA-ET-A40S,diagnoses.days_to_last_known_disease_status,,
clinical.tsv,TCGA-DJ-A13P,diagnoses.days_to_last_known_disease_status,,
clinical.tsv,TCGA-DJ-A3VL,diagnoses.days_to_last_known_disease_status,,
clinical.tsv,TCGA-DJ-A1QG,diagnoses.days_to_last_known_disease_status,,
clinical.tsv,TCGA-ET-A39O,diagnoses.days_to_last_known_disease_status,,
clinical.tsv,TCGA-DJ-A3UM,diagnoses.days_to_last_known_disease_status,,
clinical.tsv,TCGA-E8-A413,diagnoses.days_to_last_known_disease_status,,
clinical.tsv,TCGA-DJ-A3UK,diagnoses.days_to_last_known_disease_status,,
clinical.tsv,TCGA-DJ-A1QD,diagnoses.days_to_last_known_disease_status,,
clinical.tsv,TCGA-EL-A4K7,diagnoses.days_to_last_known_disease_status,,
clinical.tsv,TCGA-EL-A4KG,diagnoses.days_to_last_known_disease_status,,
clinical.tsv,TCGA-IM-A3U3,diagnoses.days_to_last_known_disease_status,,
clinical.tsv,TCGA-EL-A3GP,diagnoses.days_to_last_known_disease_status,,
clinical.tsv,TCGA-CE-A3ME,diagnoses.days_to_last_known_disease_status,,
clinical.tsv,TCGA-E8-A436,diagnoses.days_to_last_known_disease_status,,
clinical.tsv,TCGA-DJ-A3VE,diagnoses.days_to_last_known_disease_status,,
clinical.tsv,TCGA-4C-A93U,diagnoses.days_to_last_known_disease_status,,
clinical.tsv,TCGA-IM-A420,diagnoses.days_to_last_known_disease_status,,
clinical.tsv,TCGA-CE-A484,diagnoses.days_to_last_known_disease_status,,
clinical.tsv,TCGA-E8-A418,diagnoses.days_to_last_known_disease_status,,
clinical.tsv,TCGA-E8-A434,diagnoses.days_to_last_known_disease_status,,
clinical.tsv,TCGA-DJ-A2Q4,diagnoses.days_to_last_known_disease_status,,
clinical.tsv,TCGA-E8-A438,diagnoses.days_to_last_known_disease_status,,
clinical.tsv,TCGA-DJ-A3UV,diagnoses.days_to_last_known_disease_status,,
clinical.tsv,TCGA-ET-A3DQ,diagnoses.days_to_last_known_disease_status,,
clinical.tsv,TCGA-BJ-A0Z2,diagnoses.days_to_last_known_disease_status,,
clinical.tsv,TCGA-BJ-A2NA,diagnoses.days_to_last_known_disease_status,,
clinical.tsv,TCGA-EL-A3H8,diagnoses.days_to_last_known_disease_status,,
clinical.tsv,TCGA-EL-A3H7,diagnoses.days_to_last_known_disease_status,,
clinical.tsv,TCGA-BJ-A3PR,diagnoses.days_to_last_known_disease_status,,
clinical.tsv,TCGA-DJ-A2PY,diagnoses.days_to_last_known_disease_status,,
clinical.tsv,TCGA-DJ-A4V0,diagnoses.days_to_last_known_disease_status,,
clinical.tsv,TCGA-EL-A3CW,diagnoses.days_to_last_known_disease_status,,
clinical.tsv,TCGA-DJ-A2PP,diagnoses.days_to_last_known_disease_status,,
clinical.tsv,TCGA-DJ-A13T,diagnoses.days_to_last_known_disease_status,,
clinical.tsv,TCGA-E8-A437,diagnoses.days_to_last_known_disease_status,,
clinical.tsv,TCGA-DJ-A2QC,diagnoses.days_to_last_known_disease_status,,
clinical.tsv,TCGA-DJ-A1QN,diagnoses.days_to_last_known_disease_status,,
clinical.tsv,TCGA-EL-A3CR,diagnoses.days_to_last_known_disease_status,,
clinical.tsv,TCGA-DJ-A3VA,diagnoses.days_to_last_known_disease_status,,
clinical.tsv,TCGA-ET-A4KQ,diagnoses.days_to_last_known_disease_status,,
clinical.tsv,TCGA-J8-A4HY,diagnoses.days_to_last_known_disease_status,,
clinical.tsv,TCGA-DJ-A1QM,diagnoses.days_to_last_known_disease_status,,
clinical.tsv,TCGA-BJ-A45E,diagnoses.days_to_last_known_disease_status,,
clinical.tsv,TCGA-DJ-A1QI,diagnoses.days_to_last_known_disease_status,,
clinical.tsv,TCGA-ET-A3BN,diagnoses.days_to_last_known_disease_status,,
clinical.tsv,TCGA-EL-A3CT,diagnoses.days_to_last_known_disease_status,,
clinical.tsv,TCGA-BJ-A28R,diagnoses.days_to_last_known_disease_status,,
clinical.tsv,TCGA-FY-A3TY,diagnoses.days_to_last_known_disease_status,,
clinical.tsv,TCGA-BJ-A28S,diagnoses.days_to_last_known_disease_status,,
clinical.tsv,TCGA-DJ-A2PZ,diagnoses.days_to_last_known_disease_status,,
clinical.tsv,TCGA-EL-A3CL,diagnoses.days_to_last_known_disease_status,,
clinical.tsv,TCGA-BJ-A2N8,diagnoses.days_to_last_known_disease_status,,
clinical.tsv,TCGA-DO-A2HM,diagnoses.days_to_last_known_disease_status,,
clinical.tsv,TCGA-FK-A3SG,diagnoses.days_to_last_known_disease_status,,
clinical.tsv,TCGA-BJ-A0ZJ,diagnoses.days_to_last_known_disease_status,,
clinical.tsv,TCGA-DJ-A13S,diagnoses.days_to_last_known_disease_status,,
clinical.tsv,TCGA-DJ-A1QQ,diagnoses.days_to_last_known_disease_status,,
clinical.tsv,TCGA-BJ-A0ZG,diagnoses.days_to_last_known_disease_status,,
clinical.tsv,TCGA-BJ-A28W,diagnoses.days_to_last_known_disease_status,,
clinical.tsv,TCGA-BJ-A28T,diagnoses.days_to_last_known_disease_status,,
clinical.tsv,TCGA-EL-A3T7,diagnoses.days_to_last_known_disease_status,,
clinical.tsv,TCGA-BJ-A192,diagnoses.days_to_last_known_disease_status,,
clinical.tsv,TCGA-BJ-A28V,diagnoses.days_to_last_known_disease_status,,
clinical.tsv,TCGA-FY-A3BL,diagnoses.days_to_last_known_disease_status,,
clinical.tsv,TCGA-DJ-A13L,diagnoses.days_to_last_known_disease_status,,
clinical.tsv,TCGA-BJ-A4O9,diagnoses.days_to_last_known_disease_status,,
clinical.tsv,TCGA-BJ-A291,diagnoses.days_to_last_known_disease_status,,
clinical.tsv,TCGA-DJ-A2PO,diagnoses.days_to_last_known_disease_status,,
clinical.tsv,TCGA-DJ-A4V2,diagnoses.days_to_last_known_disease_status,,
clinical.tsv,TCGA-DJ-A1QE,diagnoses.days_to_last_known_disease_status,,
clinical.tsv,TCGA-ET-A39S,diagnoses.days_to_last_known_disease_status,,
clinical.tsv,TCGA-DJ-A1QL,diagnoses.days_to_last_known_disease_status,,
clinical.tsv,TCGA-BJ-A45D,diagnoses.days_to_last_known_disease_status,,
clinical.tsv,TCGA-BJ-A0YZ,diagnoses.days_to_last_known_disease_status,,
clinical.tsv,TCGA-FY-A3NM,diagnoses.days_to_last_known_disease_status,,
clinical.tsv,TCGA-DJ-A2Q8,diagnoses.days_to_last_known_disease_status,,
clinical.tsv,TCGA-DJ-A2PN,diagnoses.days_to_last_known_disease_status,,
clinical.tsv,TCGA-EM-A3AL,diagnoses.days_to_last_known_disease_status,,
clinical.tsv,TCGA-EM-A4FK,diagnoses.days_to_last_known_disease_status,,
clinical.tsv,TCGA-EM-A3SZ,diagnoses.days_to_last_known_disease_status,,
clinical.tsv,TCGA-EM-A3AP,diagnoses.days_to_last_known_disease_status,,
clinical.tsv,TCGA-EM-A2OZ,diagnoses.days_to_last_known_disease_status,,
clinical.tsv,TCGA-EM-A2CR,diagnoses.days_to_last_known_disease_status,,
clinical.tsv,TCGA-EM-A3OA,diagnoses.days_to_last_known_disease_status,,
clinical.tsv,TCGA-EM-A2CL,diagnoses.days_to_last_known_disease_status,,
clinical.tsv,TCGA-EM-A2CP,diagnoses.days_to_last_known_disease_status,,
clinical.tsv,TCGA-DJ-A13X,diagnoses.days_to_last_known_disease_status,,
clinical.tsv,TCGA-EM-A3AK,diagnoses.days_to_last_known_disease_status,,
clinical.tsv,TCGA-EM-A3FN,diagnoses.days_to_last_known_disease_status,,
clinical.tsv,TCGA-J8-A42S,diagnoses.days_to_last_known_disease_status,,
clinical.tsv,TCGA-EM-A4FV,diagnoses.days_to_last_known_disease_status,,
clinical.tsv,TCGA-BJ-A0ZC,diagnoses.days_to_last_known_disease_status,,
clinical.tsv,TCGA-EM-A2CQ,diagnoses.days_to_last_known_disease_status,,
clinical.tsv,TCGA-CE-A27D,diagnoses.days_to_last_known_disease_status,,
clinical.tsv,TCGA-FY-A76V,diagnoses.days_to_last_known_disease_status,,
clinical.tsv,TCGA-BJ-A0ZH,diagnoses.days_to_last_known_disease_status,,
clinical.tsv,TCGA-EL-A3T9,diagnoses.days_to_last_known_disease_status,,
clinical.tsv,TCGA-BJ-A45K,diagnoses.days_to_last_known_disease_status,,
clinical.tsv,TCGA-EM-A3OB,diagnoses.days_to_last_known_disease_status,,
clinical.tsv,TCGA-EM-A3SY,diagnoses.days_to_last_known_disease_status,,
clinical.tsv,TCGA-EM-A3O8,diagnoses.days_to_last_known_disease_status,,
clinical.tsv,TCGA-EM-A2OW,diagnoses.days_to_last_known_disease_status,,
clinical.tsv,TCGA-FY-A3R7,diagnoses.days_to_last_known_disease_status,,
clinical.tsv,TCGA-EM-A2CT,diagnoses.days_to_last_known_disease_status,,
clinical.tsv,TCGA-EM-A2P3,diagnoses.days_to_last_known_disease_status,,
clinical.tsv,TCGA-EM-A4G1,diagnoses.days_to_last_known_disease_status,,
clinical.tsv,TCGA-ET-A39L,diagnoses.days_to_last_known_disease_status,,
clinical.tsv,TCGA-EM-A2CJ,diagnoses.days_to_last_known_disease_status,,
clinical.tsv,TCGA-EM-A3AQ,diagnoses.days_to_last_known_disease_status,,
clinical.tsv,TCGA-DJ-A1QF,diagnoses.days_to_last_known_disease_status,,
clinical.tsv,TCGA-ET-A3BQ,diagnoses.days_to_last_known_disease_status,,
clinical.tsv,TCGA-EM-A1CV,diagnoses.days_to_last_known_disease_status,,
clinical.tsv,TCGA-EM-A1YD,diagnoses.days_to_last_known_disease_status,,
clinical.tsv,TCGA-EM-A22L,diagnoses.days_to_last_known_disease_status,,
clinical.tsv,TCGA-EM-A1CS,diagnoses.days_to_last_known_disease_status,,
clinical.tsv,TCGA-FY-A3I5,diagnoses.days_to_last_known_disease_status,,
clinical.tsv,TCGA-FY-A3NN,diagnoses.days_to_last_known_disease_status,,
clinical.tsv,TCGA-FY-A2QD,diagnoses.days_to_last_known_disease_status,,
clinical.tsv,TCGA-FE-A236,diagnoses.days_to_recurrence,,
clinical.tsv,TCGA-FE-A232,diagnoses.days_to_recurrence,,
clinical.tsv,TCGA-FE-A231,diagnoses.days_to_recurrence,,
clinical.tsv,TCGA-FE-A237,diagnoses.days_to_recurrence,,
clinical.tsv,TCGA-FE-A230,diagnoses.days_to_recurrence,,
clinical.tsv,TCGA-FE-A235,diagnoses.days_to_recurrence,,
clinical.tsv,TCGA-FE-A238,diagnoses.days_to_recurrence,,
clinical.tsv,TCGA-FE-A234,diagnoses.days_to_recurrence,,
clinical.tsv,TCGA-FE-A233,diagnoses.days_to_recurrence,,
clinical.tsv,TCGA-FE-A239,diagnoses.days_to_recurrence,,
clinical.tsv,TCGA-FE-A23A,diagnoses.days_to_recurrence,,
clinical.tsv,TCGA-DJ-A2Q9,diagnoses.days_to_recurrence,,
clinical.tsv,TCGA-DE-A3KN,diagnoses.days_to_recurrence,,
clinical.tsv,TCGA-ET-A3DO,diagnoses.days_to_recurrence,,
clinical.tsv,TCGA-DJ-A2Q5,diagnoses.days_to_recurrence,,
clinical.tsv,TCGA-EL-A3ZH,diagnoses.days_to_recurrence,,
clinical.tsv,TCGA-DO-A1JZ,diagnoses.days_to_recurrence,,
clinical.tsv,TCGA-ET-A39J,diagnoses.days_to_recurrence,,
clinical.tsv,TCGA-DJ-A3VM,diagnoses.days_to_recurrence,,
clinical.tsv,TCGA-MK-A4N9,diagnoses.days_to_recurrence,,
clinical.tsv,TCGA-DJ-A4UP,diagnoses.days_to_recurrence,,
clinical.tsv,TCGA-DJ-A4UQ,diagnoses.days_to_recurrence,,
clinical.tsv,TCGA-EL-A3ZG,diagnoses.days_to_recurrence,,
clinical.tsv,TCGA-DJ-A3V9,diagnoses.days_to_recurrence,,
clinical.tsv,TCGA-EL-A3ZQ,diagnoses.days_to_recurrence,,
clinical.tsv,TCGA-DJ-A3V4,diagnoses.days_to_recurrence,,
clinical.tsv,TCGA-DJ-A3UQ,diagnoses.days_to_recurrence,,
clinical.tsv,TCGA-DJ-A2PT,diagnoses.days_to_recurrence,,
clinical.tsv,TCGA-IM-A3EB,diagnoses.days_to_recurrence,,
clinical.tsv,TCGA-DE-A0XZ,diagnoses.days_to_recurrence,,
clinical.tsv,TCGA-ET-A3DW,diagnoses.days_to_recurrence,,
clinical.tsv,TCGA-ET-A39P,diagnoses.days_to_recurrence,,
clinical.tsv,TCGA-DJ-A3UU,diagnoses.days_to_recurrence,,
clinical.tsv,TCGA-FY-A3ON,diagnoses.days_to_recurrence,,
clinical.tsv,TCGA-DE-A4MB,diagnoses.days_to_recurrence,,
clinical.tsv,TCGA-EL-A4JW,diagnoses.days_to_recurrence,,
clinical.tsv,TCGA-EL-A4K6,diagnoses.days_to_recurrence,,
clinical.tsv,TCGA-EM-A2OV,diagnoses.days_to_recurrence,,
clinical.tsv,TCGA-E3-A3DZ,diagnoses.days_to_recurrence,,
clinical.tsv,TCGA-FY-A4B4,diagnoses.days_to_recurrence,,
clinical.tsv,TCGA-E3-A3E3,diagnoses.days_to_recurrence,,
clinical.tsv,TCGA-EL-A3T3,diagnoses.days_to_recurrence,,
clinical.tsv,TCGA-EM-A22O,diagnoses.days_to_recurrence,,
clinical.tsv,TCGA-FY-A4B0,diagnoses.days_to_recurrence,,
clinical.tsv,TCGA-ET-A39K,diagnoses.days_to_recurrence,,
clinical.tsv,TCGA-EL-A4JV,diagnoses.days_to_recurrence,,
clinical.tsv,TCGA-DJ-A3V6,diagnoses.days_to_recurrence,,
clinical.tsv,TCGA-FK-A3S3,diagnoses.days_to_recurrence,,
clinical.tsv,TCGA-FE-A22Z,diagnoses.days_to_recurrence,,
clinical.tsv,TCGA-FK-A4UB,diagnoses.days_to_recurrence,,
clinical.tsv,TCGA-FY-A3W9,diagnoses.days_to_recurrence,,
clinical.tsv,TCGA-DE-A69K,diagnoses.days_to_recurrence,,
clinical.tsv,TCGA-DE-A4MC,diagnoses.days_to_recurrence,,
clinical.tsv,TCGA-DE-A4M9,diagnoses.days_to_recurrence,,
clinical.tsv,TCGA-DJ-A4V5,diagnoses.days_to_recurrence,,
clinical.tsv,TCGA-ET-A39N,diagnoses.days_to_recurrence,,
clinical.tsv,TCGA-DE-A4MA,diagnoses.days_to_recurrence,,
clinical.tsv,TCGA-EL-A4K9,diagnoses.days_to_recurrence,,
clinical.tsv,TCGA-DJ-A13U,diagnoses.days_to_recurrence,,
clinical.tsv,TCGA-DJ-A3V7,diagnoses.days_to_recurrence,,
clinical.tsv,TCGA-EL-A3T6,diagnoses.days_to_recurrence,,
clinical.tsv,TCGA-E3-A3E5,diagnoses.days_to_recurrence,,
clinical.tsv,TCGA-IM-A41Z,diagnoses.days_to_recurrence,,
clinical.tsv,TCGA-DJ-A3VK,diagnoses.days_to_recurrence,,
clinical.tsv,TCGA-EL-A3ZR,diagnoses.days_to_recurrence,,
clinical.tsv,TCGA-DJ-A4UW,diagnoses.days_to_recurrence,,
clinical.tsv,TCGA-L6-A4EP,diagnoses.days_to_recurrence,,
clinical.tsv,TCGA-DE-A69J,diagnoses.days_to_recurrence,,
clinical.tsv,TCGA-DJ-A2PS,diagnoses.days_to_recurrence,,
clinical.tsv,TCGA-EL-A3TB,diagnoses.days_to_recurrence,,
clinical.tsv,TCGA-E8-A419,diagnoses.days_to_recurrence,,
clinical.tsv,TCGA-DJ-A3V8,diagnoses.days_to_recurrence,,
clinical.tsv,TCGA-DE-A4M8,diagnoses.days_to_recurrence,,
clinical.tsv,TCGA-DJ-A3VF,diagnoses.days_to_recurrence,,
clinical.tsv,TCGA-DJ-A2Q3,diagnoses.days_to_recurrence,,
clinical.tsv,TCGA-DJ-A2Q6,diagnoses.days_to_recurrence,,
clinical.tsv,TCGA-FK-A3SE,diagnoses.days_to_recurrence,,
clinical.tsv,TCGA-ET-A3DV,diagnoses.days_to_recurrence,,
clinical.tsv,TCGA-L6-A4EU,diagnoses.days_to_recurrence,,
clinical.tsv,TCGA-DJ-A2QB,diagnoses.days_to_recurrence,,
clinical.tsv,TCGA-DO-A1K0,diagnoses.days_to_recurrence,,
clinical.tsv,TCGA-ET-A3DU,diagnoses.days_to_recurrence,,
clinical.tsv,TCGA-DJ-A4UR,diagnoses.days_to_recurrence,,
clinical.tsv,TCGA-ET-A3BS,diagnoses.days_to_recurrence,,
clinical.tsv,TCGA-EL-A3GW,diagnoses.days_to_recurrence,,
clinical.tsv,TCGA-DE-A4MD,diagnoses.days_to_recurrence,,
clinical.tsv,TCGA-DJ-A2PW,diagnoses.days_to_recurrence,,
clinical.tsv,TCGA-L6-A4EQ,diagnoses.days_to_recurrence,,
clinical.tsv,TCGA-DJ-A3UO,diagnoses.days_to_recurrence,,
clinical.tsv,TCGA-ET-A3BT,diagnoses.days_to_recurrence,,
clinical.tsv,TCGA-DJ-A3VD,diagnoses.days_to_recurrence,,
clinical.tsv,TCGA-MK-A4N6,diagnoses.days_to_recurrence,,
clinical.tsv,TCGA-EL-A3H4,diagnoses.days_to_recurrence,,
clinical.tsv,TCGA-L6-A4ET,diagnoses.days_to_recurrence,,
clinical.tsv,TCGA-DJ-A2Q1,diagnoses.days_to_recurrence,,
clinical.tsv,TCGA-FK-A3SH,diagnoses.days_to_recurrence,,
clinical.tsv,TCGA-DJ-A3VJ,diagnoses.days_to_recurrence,,
clinical.tsv,TCGA-E3-A3E2,diagnoses.days_to_recurrence,,
clinical.tsv,TCGA-MK-A4N7,diagnoses.days_to_recurrence,,
clinical.tsv,TCGA-DJ-A1QO,diagnoses.days_to_recurrence,,
clinical.tsv,TCGA-E8-A3X7,diagnoses.days_to_recurrence,,
clinical.tsv,TCGA-DJ-A1QH,diagnoses.days_to_recurrence,,
clinical.tsv,TCGA-J8-A3O1,diagnoses.days_to_recurrence,,
clinical.tsv,TCGA-EL-A3N3,diagnoses.days_to_recurrence,,
clinical.tsv,TCGA-J8-A3YF,diagnoses.days_to_recurrence,,
clinical.tsv,TCGA-FY-A3NP,diagnoses.days_to_recurrence,,
clinical.tsv,TCGA-J8-A3O2,diagnoses.days_to_recurrence,,
clinical.tsv,TCGA-FE-A3PB,diagnoses.days_to_recurrence,,
clinical.tsv,TCGA-FE-A3PA,diagnoses.days_to_recurrence,,
clinical.tsv,TCGA-EL-A4KI,diagnoses.days_to_recurrence,,
clinical.tsv,TCGA-MK-A84Z,diagnoses.days_to_recurrence,,
clinical.tsv,TCGA-EL-A3GS,diagnoses.days_to_recurrence,,
clinical.tsv,TCGA-ET-A40R,diagnoses.days_to_recurrence,,
clinical.tsv,TCGA-DJ-A3UP,diagnoses.days_to_recurrence,,
clinical.tsv,TCGA-EL-A4K4,diagnoses.days_to_recurrence,,
clinical.tsv,TCGA-EL-A3N2,diagnoses.days_to_recurrence,,
clinical.tsv,TCGA-IM-A4EB,diagnoses.days_to_recurrence,,
clinical.tsv,TCGA-EL-A3ZK,diagnoses.days_to_recurrence,,
clinical.tsv,TCGA-DJ-A13R,diagnoses.days_to_recurrence,,
clinical.tsv,TCGA-FY-A40L,diagnoses.days_to_recurrence,,
clinical.tsv,TCGA-EL-A3H5,diagnoses.days_to_recurrence,,
clinical.tsv,TCGA-J8-A3NZ,diagnoses.days_to_recurrence,,
clinical.tsv,TCGA-EL-A3CN,diagnoses.days_to_recurrence,,
clinical.tsv,TCGA-BJ-A3PU,diagnoses.days_to_recurrence,,
clinical.tsv,TCGA-IM-A41Y,diagnoses.days_to_recurrence,,
clinical.tsv,TCGA-FY-A3RA,diagnoses.days_to_recurrence,,
clinical.tsv,TCGA-EL-A3D4,diagnoses.days_to_recurrence,,
clinical.tsv,TCGA-EL-A4KH,diagnoses.days_to_recurrence,,
clinical.tsv,TCGA-DE-A0Y2,diagnoses.days_to_recurrence,,
clinical.tsv,TCGA-ET-A40Q,diagnoses.days_to_recurrence,,
clinical.tsv,TCGA-FY-A40M,diagnoses.days_to_recurrence,,
clinical.tsv,TCGA-EL-A3MY,diagnoses.days_to_recurrence,,
clinical.tsv,TCGA-DE-A2OL,diagnoses.days_to_recurrence,,
clinical.tsv,TCGA-ET-A2N5,diagnoses.days_to_recurrence,,
clinical.tsv,TCGA-EL-A3GX,diagnoses.days_to_recurrence,,
clinical.tsv,TCGA-EL-A3T0,diagnoses.days_to_recurrence,,
clinical.tsv,TCGA-FY-A40K,diagnoses.days_to_recurrence,,
clinical.tsv,TCGA-ET-A3BP,diagnoses.days_to_recurrence,,
clinical.tsv,TCGA-EL-A3T8,diagnoses.days_to_recurrence,,
clinical.tsv,TCGA-DJ-A13V,diagnoses.days_to_recurrence,,
clinical.tsv,TCGA-BJ-A45C,diagnoses.days_to_recurrence,,
clinical.tsv,TCGA-EL-A3ZS,diagnoses.days_to_recurrence,,
clinical.tsv,TCGA-EL-A3GR,diagnoses.days_to_recurrence,,
clinical.tsv,TCGA-DJ-A3VB,diagnoses.days_to_recurrence,,
clinical.tsv,TCGA-BJ-A28X,diagnoses.days_to_recurrence,,
clinical.tsv,TCGA-EL-A4KD,diagnoses.days_to_recurrence,,
clinical.tsv,TCGA-DJ-A3V0,diagnoses.days_to_recurrence,,
clinical.tsv,TCGA-EL-A3D1,diagnoses.days_to_recurrence,,
clinical.tsv,TCGA-H2-A3RI,diagnoses.days_to_recurrence,,
clinical.tsv,TCGA-DE-A0Y3,diagnoses.days_to_recurrence,,
clinical.tsv,TCGA-BJ-A45I,diagnoses.days_to_recurrence,,
clinical.tsv,TCGA-FY-A3R8,diagnoses.days_to_recurrence,,
clinical.tsv,TCGA-FY-A3I4,diagnoses.days_to_recurrence,,
clinical.tsv,TCGA-FY-A3YR,diagnoses.days_to_recurrence,,
clinical.tsv,TCGA-EL-A3TA,diagnoses.days_to_recurrence,,
clinical.tsv,TCGA-EL-A3GU,diagnoses.days_to_recurrence,,
clinical.tsv,TCGA-EL-A3ZL,diagnoses.days_to_recurrence,,
clinical.tsv,TCGA-ET-A2N1,diagnoses.days_to_recurrence,,
clinical.tsv,TCGA-EL-A3GV,diagnoses.days_to_recurrence,,
clinical.tsv,TCGA-EL-A3D5,diagnoses.days_to_recurrence,,
clinical.tsv,TCGA-EL-A3ZP,diagnoses.days_to_recurrence,,
clinical.tsv,TCGA-DJ-A2PQ,diagnoses.days_to_recurrence,,
clinical.tsv,TCGA-E8-A2JQ,diagnoses.days_to_recurrence,,
clinical.tsv,TCGA-EL-A3CV,diagnoses.days_to_recurrence,,
clinical.tsv,TCGA-EM-A1YC,diagnoses.days_to_recurrence,,
clinical.tsv,TCGA-BJ-A4O8,diagnoses.days_to_recurrence,,
clinical.tsv,TCGA-EM-A4FM,diagnoses.days_to_recurrence,,
clinical.tsv,TCGA-EL-A3GY,diagnoses.days_to_recurrence,,
clinical.tsv,TCGA-EL-A3D6,diagnoses.days_to_recurrence,,
clinical.tsv,TCGA-ET-A2N0,diagnoses.days_to_recurrence,,
clinical.tsv,TCGA-EL-A3CM,diagnoses.days_to_recurrence,,
clinical.tsv,TCGA-EM-A3O3,diagnoses.days_to_recurrence,,
clinical.tsv,TCGA-CE-A481,diagnoses.days_to_recurrence,,
clinical.tsv,TCGA-ET-A25K,diagnoses.days_to_recurrence,,
clinical.tsv,TCGA-EL-A3GZ,diagnoses.days_to_recurrence,,
clinical.tsv,TCGA-EL-A3ZO,diagnoses.days_to_recurrence,,
clinical.tsv,TCGA-BJ-A290,diagnoses.days_to_recurrence,,
clinical.tsv,TCGA-ET-A25L,diagnoses.days_to_recurrence,,
clinical.tsv,TCGA-KS-A4IC,diagnoses.days_to_recurrence,,
clinical.tsv,TCGA-J8-A3YD,diagnoses.days_to_recurrence,,
clinical.tsv,TCGA-EM-A4FQ,diagnoses.days_to_recurrence,,
clinical.tsv,TCGA-KS-A4I9,diagnoses.days_to_recurrence,,
clinical.tsv,TCGA-EL-A3D0,diagnoses.days_to_recurrence,,
clinical.tsv,TCGA-EL-A3ZT,diagnoses.days_to_recurrence,,
clinical.tsv,TCGA-EM-A3AI,diagnoses.days_to_recurrence,,
clinical.tsv,TCGA-BJ-A28Z,diagnoses.days_to_recurrence,,
clinical.tsv,TCGA-KS-A4I1,diagnoses.days_to_recurrence,,
clinical.tsv,TCGA-EM-A3AR,diagnoses.days_to_recurrence,,
clinical.tsv,TCGA-EM-A2CS,diagnoses.days_to_recurrence,,
clinical.tsv,TCGA-ET-A4KN,diagnoses.days_to_recurrence,,
clinical.tsv,TCGA-EL-A3H2,diagnoses.days_to_recurrence,,
clinical.tsv,TCGA-BJ-A45H,diagnoses.days_to_recurrence,,
clinical.tsv,TCGA-ET-A25M,diagnoses.days_to_recurrence,,
clinical.tsv,TCGA-H2-A422,diagnoses.days_to_recurrence,,
clinical.tsv,TCGA-EM-A2OX,diagnoses.days_to_recurrence,,
clinical.tsv,TCGA-J8-A3YG,diagnoses.days_to_recurrence,,
clinical.tsv,TCGA-DJ-A2Q2,diagnoses.days_to_recurrence,,
clinical.tsv,TCGA-CE-A482,diagnoses.days_to_recurrence,,
clinical.tsv,TCGA-FE-A3PC,diagnoses.days_to_recurrence,,
clinical.tsv,TCGA-BJ-A45G,diagnoses.days_to_recurrence,,
clinical.tsv,TCGA-ET-A25O,diagnoses.days_to_recurrence,,
clinical.tsv,TCGA-J8-A3YE,diagnoses.days_to_recurrence,,
clinical.tsv,TCGA-EL-A3CZ,diagnoses.days_to_recurrence,,
clinical.tsv,TCGA-KS-A4IB,diagnoses.days_to_recurrence,,
clinical.tsv,TCGA-E3-A3DY,diagnoses.days_to_recurrence,,
clinical.tsv,TCGA-KS-A4I7,diagnoses.days_to_recurrence,,
clinical.tsv,TCGA-ET-A25G,diagnoses.days_to_recurrence,,
clinical.tsv,TCGA-KS-A4I5,diagnoses.days_to_recurrence,,
clinical.tsv,TCGA-ET-A39M,diagnoses.days_to_recurrence,,
clinical.tsv,TCGA-EL-A3MX,diagnoses.days_to_recurrence,,
clinical.tsv,TCGA-ET-A2MY,diagnoses.days_to_recurrence,,
clinical.tsv,TCGA-ET-A25N,diagnoses.days_to_recurrence,,
clinical.tsv,TCGA-EL-A3MZ,diagnoses.days_to_recurrence,,
clinical.tsv,TCGA-KS-A4I3,diagnoses.days_to_recurrence,,
clinical.tsv,TCGA-EL-A3CO,diagnoses.days_to_recurrence,,
clinical.tsv,TCGA-H2-A3RH,diagnoses.days_to_recurrence,,
clinical.tsv,TCGA-EL-A3ZM,diagnoses.days_to_recurrence,,
clinical.tsv,TCGA-BJ-A18Z,diagnoses.days_to_recurrence,,
clinical.tsv,TCGA-EM-A22P,diagnoses.days_to_recurrence,,
clinical.tsv,TCGA-H2-A2K9,diagnoses.days_to_recurrence,,
clinical.tsv,TCGA-E8-A44M,diagnoses.days_to_recurrence,,
clinical.tsv,TCGA-BJ-A0Z3,diagnoses.days_to_recurrence,,
clinical.tsv,TCGA-EM-A3O6,diagnoses.days_to_recurrence,,
clinical.tsv,TCGA-FE-A3PD,diagnoses.days_to_recurrence,,
clinical.tsv,TCGA-FY-A40N,diagnoses.days_to_recurrence,,
clinical.tsv,TCGA-EM-A4FH,diagnoses.days_to_recurrence,,
clinical.tsv,TCGA-KS-A41L,diagnoses.days_to_recurrence,,
clinical.tsv,TCGA-E8-A242,diagnoses.days_to_recurrence,,
clinical.tsv,TCGA-EM-A4FU,diagnoses.days_to_recurrence,,
clinical.tsv,TCGA-EM-A1YA,diagnoses.days_to_recurrence,,
clinical.tsv,TCGA-ET-A2MX,diagnoses.days_to_recurrence,,
clinical.tsv,TCGA-EM-A3AN,diagnoses.days_to_recurrence,,
clinical.tsv,TCGA-EM-A2CU,diagnoses.days_to_recurrence,,
clinical.tsv,TCGA-BJ-A45J,diagnoses.days_to_recurrence,,
clinical.tsv,TCGA-EL-A3CU,diagnoses.days_to_recurrence,,
clinical.tsv,TCGA-EM-A2P0,diagnoses.days_to_recurrence,,
clinical.tsv,TCGA-E3-A3E1,diagnoses.days_to_recurrence,,
clinical.tsv,TCGA-KS-A4ID,diagnoses.days_to_recurrence,,
clinical.tsv,TCGA-EL-A3T2,diagnoses.days_to_recurrence,,
clinical.tsv,TCGA-EL-A3CS,diagnoses.days_to_recurrence,,
clinical.tsv,TCGA-EL-A3H1,diagnoses.days_to_recurrence,,
clinical.tsv,TCGA-EM-A4FR,diagnoses.days_to_recurrence,,
clinical.tsv,TCGA-KS-A41F,diagnoses.days_to_recurrence,,
clinical.tsv,TCGA-EM-A22M,diagnoses.days_to_recurrence,,
clinical.tsv,TCGA-EM-A2P1,diagnoses.days_to_recurrence,,
clinical.tsv,TCGA-J8-A3YH,diagnoses.days_to_recurrence,,
clinical.tsv,TCGA-BJ-A0ZE,diagnoses.days_to_recurrence,,
clinical.tsv,TCGA-EM-A1YB,diagnoses.days_to_recurrence,,
clinical.tsv,TCGA-EM-A4FF,diagnoses.days_to_recurrence,,
clinical.tsv,TCGA-EM-A2P2,diagnoses.days_to_recurrence,,
clinical.tsv,TCGA-ET-A3BV,diagnoses.days_to_recurrence,,
clinical.tsv,TCGA-BJ-A2N7,diagnoses.days_to_recurrence,,
clinical.tsv,TCGA-IM-A3ED,diagnoses.days_to_recurrence,,
clinical.tsv,TCGA-EM-A2OY,diagnoses.days_to_recurrence,,
clinical.tsv,TCGA-EM-A3ST,diagnoses.days_to_recurrence,,
clinical.tsv,TCGA-EM-A3AJ,diagnoses.days_to_recurrence,,
clinical.tsv,TCGA-FY-A3R9,diagnoses.days_to_recurrence,,
clinical.tsv,TCGA-BJ-A0ZB,diagnoses.days_to_recurrence,,
clinical.tsv,TCGA-EM-A4FO,diagnoses.days_to_recurrence,,
clinical.tsv,TCGA-H2-A26U,diagnoses.days_to_recurrence,,
clinical.tsv,TCGA-EL-A3MW,diagnoses.days_to_recurrence,,
clinical.tsv,TCGA-EM-A4FN,diagnoses.days_to_recurrence,,
clinical.tsv,TCGA-J8-A4HW,diagnoses.days_to_recurrence,,
clinical.tsv,TCGA-EM-A3SU,diagnoses.days_to_recurrence,,
clinical.tsv,TCGA-EM-A3FQ,diagnoses.days_to_recurrence,,
clinical.tsv,TCGA-EM-A2CO,diagnoses.days_to_recurrence,,
clinical.tsv,TCGA-BJ-A190,diagnoses.days_to_recurrence,,
clinical.tsv,TCGA-EM-A3FK,diagnoses.days_to_recurrence,,
clinical.tsv,TCGA-EM-A3SX,diagnoses.days_to_recurrence,,
clinical.tsv,TCGA-EM-A3AO,diagnoses.days_to_recurrence,,
clinical.tsv,TCGA-KS-A41J,diagnoses.days_to_recurrence,,
clinical.tsv,TCGA-BJ-A191,diagnoses.days_to_recurrence,,
clinical.tsv,TCGA-BJ-A3PT,diagnoses.days_to_recurrence,,
clinical.tsv,TCGA-EM-A2CM,diagnoses.days_to_recurrence,,
clinical.tsv,TCGA-EM-A3FR,diagnoses.days_to_recurrence,,
clinical.tsv,TCGA-EM-A3O9,diagnoses.days_to_recurrence,,
clinical.tsv,TCGA-EM-A3O7,diagnoses.days_to_recurrence,,
clinical.tsv,TCGA-ET-A2N4,diagnoses.days_to_recurrence,,
clinical.tsv,TCGA-EM-A2CN,diagnoses.days_to_recurrence,,
clinical.tsv,TCGA-BJ-A0ZA,diagnoses.days_to_recurrence,,
clinical.tsv,TCGA-E3-A3E0,diagnoses.days_to_recurrence,,
clinical.tsv,TCGA-BJ-A0Z0,diagnoses.days_to_recurrence,,
clinical.tsv,TCGA-KS-A41I,diagnoses.days_to_recurrence,,
clinical.tsv,TCGA-EM-A2CK,diagnoses.days_to_recurrence,,
clinical.tsv,TCGA-DJ-A3V5,diagnoses.days_to_recurrence,,
clinical.tsv,TCGA-GE-A2C6,diagnoses.days_to_recurrence,,
clinical.tsv,TCGA-H2-A421,diagnoses.days_to_recurrence,,
clinical.tsv,TCGA-EM-A3FM,diagnoses.days_to_recurrence,,
clinical.tsv,TCGA-BJ-A18Y,diagnoses.days_to_recurrence,,
clinical.tsv,TCGA-EM-A3FO,diagnoses.days_to_recurrence,,
clinical.tsv,TCGA-EM-A3FP,diagnoses.days_to_recurrence,,
clinical.tsv,TCGA-EM-A22J,diagnoses.days_to_recurrence,,
clinical.tsv,TCGA-EM-A3FJ,diagnoses.days_to_recurrence,,
clinical.tsv,TCGA-EM-A3FL,diagnoses.days_to_recurrence,,
clinical.tsv,TCGA-BJ-A45F,diagnoses.days_to_recurrence,,
clinical.tsv,TCGA-EM-A22K,diagnoses.days_to_recurrence,,
clinical.tsv,TCGA-BJ-A2P4,diagnoses.days_to_recurrence,,
clinical.tsv,TCGA-EM-A22I,diagnoses.days_to_recurrence,,
clinical.tsv,TCGA-BJ-A0Z5,diagnoses.days_to_recurrence,,
clinical.tsv,TCGA-ET-A25I,diagnoses.days_to_recurrence,,
clinical.tsv,TCGA-EM-A1CW,diagnoses.days_to_recurrence,,
clinical.tsv,TCGA-EL-A3CP,diagnoses.days_to_recurrence,,
clinical.tsv,TCGA-ET-A25J,diagnoses.days_to_recurrence,,
clinical.tsv,TCGA-EM-A22Q,diagnoses.days_to_recurrence,,
clinical.tsv,TCGA-ET-A2N3,diagnoses.days_to_recurrence,,
clinical.tsv,TCGA-QD-A8IV,diagnoses.days_to_recurrence,,
clinical.tsv,TCGA-EM-A22N,diagnoses.days_to_recurrence,,
clinical.tsv,TCGA-EM-A1YE,diagnoses.days_to_recurrence,,
clinical.tsv,TCGA-FY-A4B3,diagnoses.days_to_recurrence,,
clinical.tsv,TCGA-DJ-A3UY,diagnoses.days_to_recurrence,,
clinical.tsv,TCGA-EL-A4K0,diagnoses.days_to_recurrence,,
clinical.tsv,TCGA-ET-A25R,diagnoses.days_to_recurrence,,
clinical.tsv,TCGA-ET-A25P,diagnoses.days_to_recurrence,,
clinical.tsv,TCGA-DJ-A2PU,diagnoses.days_to_recurrence,,
clinical.tsv,TCGA-CE-A3MD,diagnoses.days_to_recurrence,,
clinical.tsv,TCGA-DJ-A3VI,diagnoses.days_to_recurrence,,
clinical.tsv,TCGA-ET-A3DP,diagnoses.days_to_recurrence,,
clinical.tsv,TCGA-BJ-A2N9,diagnoses.days_to_recurrence,,
clinical.tsv,TCGA-EL-A3ZN,diagnoses.days_to_recurrence,,
clinical.tsv,TCGA-DE-A7U5,diagnoses.days_to_recurrence,,
clinical.tsv,TCGA-E8-A414,diagnoses.days_to_recurrence,,
clinical.tsv,TCGA-EM-A1CT,diagnoses.days_to_recurrence,,
clinical.tsv,TCGA-ET-A40T,diagnoses.days_to_recurrence,,
clinical.tsv,TCGA-ET-A3BW,diagnoses.days_to_recurrence,,
clinical.tsv,TCGA-DJ-A2PR,diagnoses.days_to_recurrence,,
clinical.tsv,TCGA-ET-A39I,diagnoses.days_to_recurrence,,
clinical.tsv,TCGA-EL-A3H3,diagnoses.days_to_recurrence,,
clinical.tsv,TCGA-DJ-A13W,diagnoses.days_to_recurrence,,
clinical.tsv,TCGA-EL-A4JZ,diagnoses.days_to_recurrence,,
clinical.tsv,TCGA-ET-A3BU,diagnoses.days_to_recurrence,,
clinical.tsv,TCGA-E8-A433,diagnoses.days_to_recurrence,,
clinical.tsv,TCGA-EM-A1CU,diagnoses.days_to_recurrence,,
clinical.tsv,TCGA-EL-A3GQ,diagnoses.days_to_recurrence,,
clinical.tsv,TCGA-ET-A2MZ,diagnoses.days_to_recurrence,,
clinical.tsv,TCGA-J8-A3O0,diagnoses.days_to_recurrence,,
clinical.tsv,TCGA-FY-A3WA,diagnoses.days_to_recurrence,,
clinical.tsv,TCGA-ET-A3DS,diagnoses.days_to_recurrence,,
clinical.tsv,TCGA-DJ-A3UW,diagnoses.days_to_recurrence,,
clinical.tsv,TCGA-DJ-A2PV,diagnoses.days_to_recurrence,,
clinical.tsv,TCGA-FK-A3SD,diagnoses.days_to_recurrence,,
clinical.tsv,TCGA-DJ-A3V3,diagnoses.days_to_recurrence,,
clinical.tsv,TCGA-DJ-A3UN,diagnoses.days_to_recurrence,,
clinical.tsv,TCGA-EL-A4JX,diagnoses.days_to_recurrence,,
clinical.tsv,TCGA-DJ-A3US,diagnoses.days_to_recurrence,,
clinical.tsv,TCGA-DJ-A13O,diagnoses.days_to_recurrence,,
clinical.tsv,TCGA-DJ-A4UL,diagnoses.days_to_recurrence,,
clinical.tsv,TCGA-ET-A39T,diagnoses.days_to_recurrence,,
clinical.tsv,TCGA-DJ-A2Q7,diagnoses.days_to_recurrence,,
clinical.tsv,TCGA-DJ-A3V2,diagnoses.days_to_recurrence,,
clinical.tsv,TCGA-ET-A40P,diagnoses.days_to_recurrence,,
clinical.tsv,TCGA-CE-A483,diagnoses.days_to_recurrence,,
clinical.tsv,TCGA-IM-A3U2,diagnoses.days_to_recurrence,,
clinical.tsv,TCGA-E8-A416,diagnoses.days_to_recurrence,,
clinical.tsv,TCGA-BJ-A0Z9,diagnoses.days_to_recurrence,,
clinical.tsv,TCGA-FK-A3SB,diagnoses.days_to_recurrence,,
clinical.tsv,TCGA-ET-A3BX,diagnoses.days_to_recurrence,,
clinical.tsv,TCGA-DJ-A2Q0,diagnoses.days_to_recurrence,,
clinical.tsv,TCGA-BJ-A0ZF,diagnoses.days_to_recurrence,,
clinical.tsv,TCGA-FY-A3R6,diagnoses.days_to_recurrence,,
clinical.tsv,TCGA-EL-A3CX,diagnoses.days_to_recurrence,,
clinical.tsv,TCGA-E8-A417,diagnoses.days_to_recurrence,,
clinical.tsv,TCGA-EL-A3T1,diagnoses.days_to_recurrence,,
clinical.tsv,TCGA-E8-A2EA,diagnoses.days_to_recurrence,,
clinical.tsv,TCGA-ET-A39R,diagnoses.days_to_recurrence,,
clinical.tsv,TCGA-CE-A485,diagnoses.days_to_recurrence,,
clinical.tsv,TCGA-DJ-A3UT,diagnoses.days_to_recurrence,,
clinical.tsv,TCGA-ET-A3DT,diagnoses.days_to_recurrence,,
clinical.tsv,TCGA-ET-A3DR,diagnoses.days_to_recurrence,,
clinical.tsv,TCGA-CE-A13K,diagnoses.days_to_recurrence,,
clinical.tsv,TCGA-DJ-A2PX,diagnoses.days_to_recurrence,,
clinical.tsv,TCGA-DJ-A3UX,diagnoses.days_to_recurrence,,
clinical.tsv,TCGA-EL-A4K2,diagnoses.days_to_recurrence,,
clinical.tsv,TCGA-E8-A44K,diagnoses.days_to_recurrence,,
clinical.tsv,TCGA-BJ-A3F0,diagnoses.days_to_recurrence,,
clinical.tsv,TCGA-E8-A432,diagnoses.days_to_recurrence,,
clinical.tsv,TCGA-EL-A3GO,diagnoses.days_to_recurrence,,
clinical.tsv,TCGA-EL-A4K1,diagnoses.days_to_recurrence,,
clinical.tsv,TCGA-DJ-A3UZ,diagnoses.days_to_recurrence,,
clinical.tsv,TCGA-EL-A3CY,diagnoses.days_to_recurrence,,
clinical.tsv,TCGA-DJ-A4UT,diagnoses.days_to_recurrence,,
clinical.tsv,TCGA-DJ-A2QA,diagnoses.days_to_recurrence,,
clinical.tsv,TCGA-DJ-A4V4,diagnoses.days_to_recurrence,,
clinical.tsv,TCGA-DJ-A13M,diagnoses.days_to_recurrence,,
clinical.tsv,TCGA-BJ-A3EZ,diagnoses.days_to_recurrence,,
clinical.tsv,TCGA-DJ-A3VG,diagnoses.days_to_recurrence,,
clinical.tsv,TCGA-ET-A3BO,diagnoses.days_to_recurrence,,
clinical.tsv,TCGA-E8-A415,diagnoses.days_to_recurrence,,
clinical.tsv,TCGA-DJ-A3UR,diagnoses.days_to_recurrence,,
clinical.tsv,TCGA-ET-A40S,diagnoses.days_to_recurrence,,
clinical.tsv,TCGA-DJ-A13P,diagnoses.days_to_recurrence,,
clinical.tsv,TCGA-DJ-A3VL,diagnoses.days_to_recurrence,,
clinical.tsv,TCGA-DJ-A1QG,diagnoses.days_to_recurrence,,
clinical.tsv,TCGA-ET-A39O,diagnoses.days_to_recurrence,,
clinical.tsv,TCGA-DJ-A3UM,diagnoses.days_to_recurrence,,
clinical.tsv,TCGA-E8-A413,diagnoses.days_to_recurrence,,
clinical.tsv,TCGA-DJ-A3UK,diagnoses.days_to_recurrence,,
clinical.tsv,TCGA-DJ-A1QD,diagnoses.days_to_recurrence,,
clinical.tsv,TCGA-EL-A4K7,diagnoses.days_to_recurrence,,
clinical.tsv,TCGA-EL-A4KG,diagnoses.days_to_recurrence,,
clinical.tsv,TCGA-IM-A3U3,diagnoses.days_to_recurrence,,
clinical.tsv,TCGA-EL-A3GP,diagnoses.days_to_recurrence,,
clinical.tsv,TCGA-CE-A3ME,diagnoses.days_to_recurrence,,
clinical.tsv,TCGA-E8-A436,diagnoses.days_to_recurrence,,
clinical.tsv,TCGA-DJ-A3VE,diagnoses.days_to_recurrence,,
clinical.tsv,TCGA-4C-A93U,diagnoses.days_to_recurrence,,
clinical.tsv,TCGA-IM-A420,diagnoses.days_to_recurrence,,
clinical.tsv,TCGA-CE-A484,diagnoses.days_to_recurrence,,
clinical.tsv,TCGA-E8-A418,diagnoses.days_to_recurrence,,
clinical.tsv,TCGA-E8-A434,diagnoses.days_to_recurrence,,
clinical.tsv,TCGA-DJ-A2Q4,diagnoses.days_to_recurrence,,
clinical.tsv,TCGA-E8-A438,diagnoses.days_to_recurrence,,
clinical.tsv,TCGA-DJ-A3UV,diagnoses.days_to_recurrence,,
clinical.tsv,TCGA-ET-A3DQ,diagnoses.days_to_recurrence,,
clinical.tsv,TCGA-BJ-A0Z2,diagnoses.days_to_recurrence,,
clinical.tsv,TCGA-BJ-A2NA,diagnoses.days_to_recurrence,,
clinical.tsv,TCGA-EL-A3H8,diagnoses.days_to_recurrence,,
clinical.tsv,TCGA-EL-A3H7,diagnoses.days_to_recurrence,,
clinical.tsv,TCGA-BJ-A3PR,diagnoses.days_to_recurrence,,
clinical.tsv,TCGA-DJ-A2PY,diagnoses.days_to_recurrence,,
clinical.tsv,TCGA-DJ-A4V0,diagnoses.days_to_recurrence,,
clinical.tsv,TCGA-EL-A3CW,diagnoses.days_to_recurrence,,
clinical.tsv,TCGA-DJ-A2PP,diagnoses.days_to_recurrence,,
clinical.tsv,TCGA-DJ-A13T,diagnoses.days_to_recurrence,,
clinical.tsv,TCGA-E8-A437,diagnoses.days_to_recurrence,,
clinical.tsv,TCGA-DJ-A2QC,diagnoses.days_to_recurrence,,
clinical.tsv,TCGA-DJ-A1QN,diagnoses.days_to_recurrence,,
clinical.tsv,TCGA-EL-A3CR,diagnoses.days_to_recurrence,,
clinical.tsv,TCGA-DJ-A3VA,diagnoses.days_to_recurrence,,
clinical.tsv,TCGA-ET-A4KQ,diagnoses.days_to_recurrence,,
clinical.tsv,TCGA-J8-A4HY,diagnoses.days_to_recurrence,,
clinical.tsv,TCGA-DJ-A1QM,diagnoses.days_to_recurrence,,
clinical.tsv,TCGA-BJ-A45E,diagnoses.days_to_recurrence,,
clinical.tsv,TCGA-DJ-A1QI,diagnoses.days_to_recurrence,,
clinical.tsv,TCGA-ET-A3BN,diagnoses.days_to_recurrence,,
clinical.tsv,TCGA-EL-A3CT,diagnoses.days_to_recurrence,,
clinical.tsv,TCGA-BJ-A28R,diagnoses.days_to_recurrence,,
clinical.tsv,TCGA-FY-A3TY,diagnoses.days_to_recurrence,,
clinical.tsv,TCGA-BJ-A28S,diagnoses.days_to_recurrence,,
clinical.tsv,TCGA-DJ-A2PZ,diagnoses.days_to_recurrence,,
clinical.tsv,TCGA-EL-A3CL,diagnoses.days_to_recurrence,,
clinical.tsv,TCGA-BJ-A2N8,diagnoses.days_to_recurrence,,
clinical.tsv,TCGA-DO-A2HM,diagnoses.days_to_recurrence,,
clinical.tsv,TCGA-FK-A3SG,diagnoses.days_to_recurrence,,
clinical.tsv,TCGA-BJ-A0ZJ,diagnoses.days_to_recurrence,,
clinical.tsv,TCGA-DJ-A13S,diagnoses.days_to_recurrence,,
clinical.tsv,TCGA-DJ-A1QQ,diagnoses.days_to_recurrence,,
clinical.tsv,TCGA-BJ-A0ZG,diagnoses.days_to_recurrence,,
clinical.tsv,TCGA-BJ-A28W,diagnoses.days_to_recurrence,,
clinical.tsv,TCGA-BJ-A28T,diagnoses.days_to_recurrence,,
clinical.tsv,TCGA-EL-A3T7,diagnoses.days_to_recurrence,,
clinical.tsv,TCGA-BJ-A192,diagnoses.days_to_recurrence,,
clinical.tsv,TCGA-BJ-A28V,diagnoses.days_to_recurrence,,
clinical.tsv,TCGA-FY-A3BL,diagnoses.days_to_recurrence,,
clinical.tsv,TCGA-DJ-A13L,diagnoses.days_to_recurrence,,
clinical.tsv,TCGA-BJ-A4O9,diagnoses.days_to_recurrence,,
clinical.tsv,TCGA-BJ-A291,diagnoses.days_to_recurrence,,
clinical.tsv,TCGA-DJ-A2PO,diagnoses.days_to_recurrence,,
clinical.tsv,TCGA-DJ-A4V2,diagnoses.days_to_recurrence,,
clinical.tsv,TCGA-DJ-A1QE,diagnoses.days_to_recurrence,,
clinical.tsv,TCGA-ET-A39S,diagnoses.days_to_recurrence,,
clinical.tsv,TCGA-DJ-A1QL,diagnoses.days_to_recurrence,,
clinical.tsv,TCGA-BJ-A45D,diagnoses.days_to_recurrence,,
clinical.tsv,TCGA-BJ-A0YZ,diagnoses.days_to_recurrence,,
clinical.tsv,TCGA-FY-A3NM,diagnoses.days_to_recurrence,,
clinical.tsv,TCGA-DJ-A2Q8,diagnoses.days_to_recurrence,,
clinical.tsv,TCGA-DJ-A2PN,diagnoses.days_to_recurrence,,
clinical.tsv,TCGA-EM-A3AL,diagnoses.days_to_recurrence,,
clinical.tsv,TCGA-EM-A4FK,diagnoses.days_to_recurrence,,
clinical.tsv,TCGA-EM-A3SZ,diagnoses.days_to_recurrence,,
clinical.tsv,TCGA-EM-A3AP,diagnoses.days_to_recurrence,,
clinical.tsv,TCGA-EM-A2OZ,diagnoses.days_to_recurrence,,
clinical.tsv,TCGA-EM-A2CR,diagnoses.days_to_recurrence,,
clinical.tsv,TCGA-EM-A3OA,diagnoses.days_to_recurrence,,
clinical.tsv,TCGA-EM-A2CL,diagnoses.days_to_recurrence,,
clinical.tsv,TCGA-EM-A2CP,diagnoses.days_to_recurrence,,
clinical.tsv,TCGA-DJ-A13X,diagnoses.days_to_recurrence,,
clinical.tsv,TCGA-EM-A3AK,diagnoses.days_to_recurrence,,
clinical.tsv,TCGA-EM-A3FN,diagnoses.days_to_recurrence,,
clinical.tsv,TCGA-J8-A42S,diagnoses.days_to_recurrence,,
clinical.tsv,TCGA-EM-A4FV,diagnoses.days_to_recurrence,,
clinical.tsv,TCGA-BJ-A0ZC,diagnoses.days_to_recurrence,,
clinical.tsv,TCGA-EM-A2CQ,diagnoses.days_to_recurrence,,
clinical.tsv,TCGA-CE-A27D,diagnoses.days_to_recurrence,,
clinical.tsv,TCGA-FY-A76V,diagnoses.days_to_recurrence,,
clinical.tsv,TCGA-BJ-A0ZH,diagnoses.days_to_recurrence,,
clinical.tsv,TCGA-EL-A3T9,diagnoses.days_to_recurrence,,
clinical.tsv,TCGA-BJ-A45K,diagnoses.days_to_recurrence,,
clinical.tsv,TCGA-EM-A3OB,diagnoses.days_to_recurrence,,
clinical.tsv,TCGA-EM-A3SY,diagnoses.days_to_recurrence,,
clinical.tsv,TCGA-EM-A3O8,diagnoses.days_to_recurrence,,
clinical.tsv,TCGA-EM-A2OW,diagnoses.days_to_recurrence,,
clinical.tsv,TCGA-FY-A3R7,diagnoses.days_to_recurrence,,
clinical.tsv,TCGA-EM-A2CT,diagnoses.days_to_recurrence,,
clinical.tsv,TCGA-EM-A2P3,diagnoses.days_to_recurrence,,
clinical.tsv,TCGA-EM-A4G1,diagnoses.days_to_recurrence,,
clinical.tsv,TCGA-ET-A39L,diagnoses.days_to_recurrence,,
clinical.tsv,TCGA-EM-A2CJ,diagnoses.days_to_recurrence,,
clinical.tsv,TCGA-EM-A3AQ,diagnoses.days_to_recurrence,,
clinical.tsv,TCGA-DJ-A1QF,diagnoses.days_to_recurrence,,
clinical.tsv,TCGA-ET-A3BQ,diagnoses.days_to_recurrence,,
clinical.tsv,TCGA-EM-A1CV,diagnoses.days_to_recurrence,,
clinical.tsv,TCGA-EM-A1YD,diagnoses.days_to_recurrence,,
clinical.tsv,TCGA-EM-A22L,diagnoses.days_to_recurrence,,
clinical.tsv,TCGA-EM-A1CS,diagnoses.days_to_recurrence,,
clinical.tsv,TCGA-FY-A3I5,diagnoses.days_to_recurrence,,
clinical.tsv,TCGA-FY-A3NN,diagnoses.days_to_recurrence,,
clinical.tsv,TCGA-FY-A2QD,diagnoses.days_to_recurrence,,
clinical.tsv,TCGA-FE-A236,treatments.days_to_treatment_end,106,106.0
clinical.tsv,TCGA-FE-A232,treatments.days_to_treatment_end,63,63.0
clinical.tsv,TCGA-FE-A231,treatments.days_to_treatment_end,57,57.0
clinical.tsv,TCGA-FE-A237,treatments.days_to_treatment_end,99,99.0
clinical.tsv,TCGA-FE-A230,treatments.days_to_treatment_end,85,85.0
clinical.tsv,TCGA-FE-A235,treatments.days_to_treatment_end,50,50.0
clinical.tsv,TCGA-FE-A238,treatments.days_to_treatment_end,58,58.0
clinical.tsv,TCGA-FE-A234,treatments.days_to_treatment_end,106,106.0
clinical.tsv,TCGA-FE-A233,treatments.days_to_treatment_end,85,85.0
clinical.tsv,TCGA-FE-A239,treatments.days_to_treatment_end,104,104.0
clinical.tsv,TCGA-FE-A23A,treatments.days_to_treatment_end,79,79.0
clinical.tsv,TCGA-DJ-A2Q9,treatments.days_to_treatment_end,181,181.0
clinical.tsv,TCGA-DE-A3KN,treatments.days_to_treatment_end,79,79.0
clinical.tsv,TCGA-ET-A3DO,treatments.days_to_treatment_end,58,58.0
clinical.tsv,TCGA-DJ-A2Q5,treatments.days_to_treatment_end,141,141.0
clinical.tsv,TCGA-EL-A3ZH,treatments.days_to_treatment_end,44,44.0
clinical.tsv,TCGA-DO-A1JZ,treatments.days_to_treatment_end,383,383.0
clinical.tsv,TCGA-ET-A39J,treatments.days_to_treatment_end,99,99.0
clinical.tsv,TCGA-DJ-A3VM,treatments.days_to_treatment_end,216,216.0
clinical.tsv,TCGA-MK-A4N9,treatments.days_to_treatment_end,68,68.0
clinical.tsv,TCGA-DJ-A4UP,treatments.days_to_treatment_end,232,232.0
clinical.tsv,TCGA-DJ-A4UQ,treatments.days_to_treatment_end,96,96.0
clinical.tsv,TCGA-EL-A3ZG,treatments.days_to_treatment_end,23,23.0
clinical.tsv,TCGA-DJ-A3V9,treatments.days_to_treatment_end,52,52.0
clinical.tsv,TCGA-EL-A3ZQ,treatments.days_to_treatment_end,37,37.0
clinical.tsv,TCGA-DJ-A3V4,treatments.days_to_treatment_end,218,218.0
clinical.tsv,TCGA-DJ-A3UQ,treatments.days_to_treatment_end,125,125.0
clinical.tsv,TCGA-DJ-A2PT,treatments.days_to_treatment_end,77,77.0
clinical.tsv,TCGA-IM-A3EB,treatments.days_to_treatment_end,300,300.0
clinical.tsv,TCGA-DE-A0XZ,treatments.days_to_treatment_end,76,76.0
clinical.tsv,TCGA-ET-A3DW,treatments.days_to_treatment_end,8,8.0
clinical.tsv,TCGA-ET-A39P,treatments.days_to_treatment_end,141,141.0
clinical.tsv,TCGA-DJ-A3UU,treatments.days_to_treatment_end,402,402.0
clinical.tsv,TCGA-FY-A3ON,treatments.days_to_treatment_end,77,77.0
clinical.tsv,TCGA-DE-A4MB,treatments.days_to_treatment_end,308,308.0
clinical.tsv,TCGA-EL-A4JW,treatments.days_to_treatment_end,34,34.0
clinical.tsv,TCGA-EL-A4K6,treatments.days_to_treatment_end,342,342.0
clinical.tsv,TCGA-EM-A2OV,treatments.days_to_treatment_end,547,547.0
clinical.tsv,TCGA-E3-A3DZ,treatments.days_to_treatment_end,56,56.0
clinical.tsv,TCGA-FY-A4B4,treatments.days_to_treatment_end,60,60.0
clinical.tsv,TCGA-E3-A3E3,treatments.days_to_treatment_end,70,70.0
clinical.tsv,TCGA-EL-A3T3,treatments.days_to_treatment_end,104,104.0
clinical.tsv,TCGA-EM-A22O,treatments.days_to_treatment_end,194,194.0
clinical.tsv,TCGA-FY-A4B0,treatments.days_to_treatment_end,10,10.0
clinical.tsv,TCGA-ET-A39K,treatments.days_to_treatment_end,86,86.0
clinical.tsv,TCGA-EL-A4JV,treatments.days_to_treatment_end,43,43.0
clinical.tsv,TCGA-DJ-A3V6,treatments.days_to_treatment_end,223,223.0
clinical.tsv,TCGA-FK-A3S3,treatments.days_to_treatment_end,581,581.0
clinical.tsv,TCGA-FE-A22Z,treatments.days_to_treatment_end,257,257.0
clinical.tsv,TCGA-FK-A4UB,treatments.days_to_treatment_end,93,93.0
clinical.tsv,TCGA-FY-A3W9,treatments.days_to_treatment_end,192,192.0
clinical.tsv,TCGA-DE-A69K,treatments.days_to_treatment_end,91,91.0
clinical.tsv,TCGA-DE-A4MC,treatments.days_to_treatment_end,101,101.0
clinical.tsv,TCGA-DE-A4M9,treatments.days_to_treatment_end,70,70.0
clinical.tsv,TCGA-DJ-A4V5,treatments.days_to_treatment_end,196,196.0
clinical.tsv,TCGA-ET-A39N,treatments.days_to_treatment_end,78,78.0
clinical.tsv,TCGA-DE-A4MA,treatments.days_to_treatment_end,216,216.0
clinical.tsv,TCGA-EL-A4K9,treatments.days_to_treatment_end,35,35.0
clinical.tsv,TCGA-DJ-A13U,treatments.days_to_treatment_end,256,256.0
clinical.tsv,TCGA-DJ-A3V7,treatments.days_to_treatment_end,138,138.0
clinical.tsv,TCGA-EL-A3T6,treatments.days_to_treatment_end,37,37.0
clinical.tsv,TCGA-E3-A3E5,treatments.days_to_treatment_end,73,73.0
clinical.tsv,TCGA-IM-A41Z,treatments.days_to_treatment_end,134,134.0
clinical.tsv,TCGA-DJ-A3VK,treatments.days_to_treatment_end,116,116.0
clinical.tsv,TCGA-EL-A3ZR,treatments.days_to_treatment_end,141,141.0
clinical.tsv,TCGA-DJ-A4UW,treatments.days_to_treatment_end,98,98.0
clinical.tsv,TCGA-L6-A4EP,treatments.days_to_treatment_end,58,58.0
clinical.tsv,TCGA-DE-A69J,treatments.days_to_treatment_end,70,70.0
clinical.tsv,TCGA-DJ-A2PS,treatments.days_to_treatment_end,88,88.0
clinical.tsv,TCGA-EL-A3TB,treatments.days_to_treatment_end,41,41.0
clinical.tsv,TCGA-E8-A419,treatments.days_to_treatment_end,29,29.0
clinical.tsv,TCGA-DJ-A3V8,treatments.days_to_treatment_end,172,172.0
clinical.tsv,TCGA-DE-A4M8,treatments.days_to_treatment_end,69,69.0
clinical.tsv,TCGA-DJ-A3VF,treatments.days_to_treatment_end,105,105.0
clinical.tsv,TCGA-DJ-A2Q3,treatments.days_to_treatment_end,139,139.0
clinical.tsv,TCGA-DJ-A2Q6,treatments.days_to_treatment_end,111,111.0
clinical.tsv,TCGA-FK-A3SE,treatments.days_to_treatment_end,98,98.0
clinical.tsv,TCGA-ET-A3DV,treatments.days_to_treatment_end,51,51.0
clinical.tsv,TCGA-L6-A4EU,treatments.days_to_treatment_end,100,100.0
clinical.tsv,TCGA-DJ-A2QB,treatments.days_to_treatment_end,177,177.0
clinical.tsv,TCGA-DO-A1K0,treatments.days_to_treatment_end,151,151.0
clinical.tsv,TCGA-ET-A3DU,treatments.days_to_treatment_end,141,141.0
clinical.tsv,TCGA-DJ-A4UR,treatments.days_to_treatment_end,99,99.0
clinical.tsv,TCGA-ET-A3BS,treatments.days_to_treatment_end,176,176.0
clinical.tsv,TCGA-EL-A3GW,treatments.days_to_treatment_end,37,37.0
clinical.tsv,TCGA-DE-A4MD,treatments.days_to_treatment_end,170,170.0
clinical.tsv,TCGA-DJ-A2PW,treatments.days_to_treatment_end,122,122.0
clinical.tsv,TCGA-L6-A4EQ,treatments.days_to_treatment_end,152,152.0
clinical.tsv,TCGA-DJ-A3UO,treatments.days_to_treatment_end,117,117.0
clinical.tsv,TCGA-ET-A3BT,treatments.days_to_treatment_end,122,122.0
clinical.tsv,TCGA-DJ-A3VD,treatments.days_to_treatment_end,127,127.0
clinical.tsv,TCGA-MK-A4N6,treatments.days_to_treatment_end,698,698.0
clinical.tsv,TCGA-EL-A3H4,treatments.days_to_treatment_end,42,42.0
clinical.tsv,TCGA-L6-A4ET,treatments.days_to_treatment_end,103,103.0
clinical.tsv,TCGA-DJ-A2Q1,treatments.days_to_treatment_end,87,87.0
clinical.tsv,TCGA-FK-A3SH,treatments.days_to_treatment_end,173,173.0
clinical.tsv,TCGA-DJ-A3VJ,treatments.days_to_treatment_end,178,178.0
clinical.tsv,TCGA-E3-A3E2,treatments.days_to_treatment_end,113,113.0
clinical.tsv,TCGA-MK-A4N7,treatments.days_to_treatment_end,74,74.0
clinical.tsv,TCGA-DJ-A1QO,treatments.days_to_treatment_end,21,21.0
clinical.tsv,TCGA-E8-A3X7,treatments.days_to_treatment_end,65,65.0
clinical.tsv,TCGA-DJ-A1QH,treatments.days_to_treatment_end,96,96.0
clinical.tsv,TCGA-J8-A3O1,treatments.days_to_treatment_end,43,43.0
clinical.tsv,TCGA-EL-A3N3,treatments.days_to_treatment_end,35,35.0
clinical.tsv,TCGA-J8-A3YF,treatments.days_to_treatment_end,43,43.0
clinical.tsv,TCGA-FY-A3NP,treatments.days_to_treatment_end,180,180.0
clinical.tsv,TCGA-J8-A3O2,treatments.days_to_treatment_end,145,145.0
clinical.tsv,TCGA-FE-A3PB,treatments.days_to_treatment_end,64,64.0
clinical.tsv,TCGA-FE-A3PA,treatments.days_to_treatment_end,378,378.0
clinical.tsv,TCGA-EL-A4KI,treatments.days_to_treatment_end,104,104.0
clinical.tsv,TCGA-MK-A84Z,treatments.days_to_treatment_end,106,106.0
clinical.tsv,TCGA-EL-A3GS,treatments.days_to_treatment_end,27,27.0
clinical.tsv,TCGA-ET-A40R,treatments.days_to_treatment_end,139,139.0
clinical.tsv,TCGA-DJ-A3UP,treatments.days_to_treatment_end,170,170.0
clinical.tsv,TCGA-EL-A4K4,treatments.days_to_treatment_end,87,87.0
clinical.tsv,TCGA-EL-A3N2,treatments.days_to_treatment_end,83,83.0
clinical.tsv,TCGA-IM-A4EB,treatments.days_to_treatment_end,119,119.0
clinical.tsv,TCGA-EL-A3ZK,treatments.days_to_treatment_end,36,36.0
clinical.tsv,TCGA-DJ-A13R,treatments.days_to_treatment_end,94,94.0
clinical.tsv,TCGA-FY-A40L,treatments.days_to_treatment_end,97,97.0
clinical.tsv,TCGA-EL-A3H5,treatments.days_to_treatment_end,32,32.0
clinical.tsv,TCGA-J8-A3NZ,treatments.days_to_treatment_end,60,60.0
clinical.tsv,TCGA-EL-A3CN,treatments.days_to_treatment_end,428,428.0
clinical.tsv,TCGA-BJ-A3PU,treatments.days_to_treatment_end,136,136.0
clinical.tsv,TCGA-IM-A41Y,treatments.days_to_treatment_end,91,91.0
clinical.tsv,TCGA-FY-A3RA,treatments.days_to_treatment_end,80,80.0
clinical.tsv,TCGA-EL-A3D4,treatments.days_to_treatment_end,65,65.0
clinical.tsv,TCGA-EL-A4KH,treatments.days_to_treatment_end,102,102.0
clinical.tsv,TCGA-DE-A0Y2,treatments.days_to_treatment_end,47,47.0
clinical.tsv,TCGA-ET-A40Q,treatments.days_to_treatment_end,211,211.0
clinical.tsv,TCGA-FY-A40M,treatments.days_to_treatment_end,70,70.0
clinical.tsv,TCGA-EL-A3MY,treatments.days_to_treatment_end,123,123.0
clinical.tsv,TCGA-DE-A2OL,treatments.days_to_treatment_end,51,51.0
clinical.tsv,TCGA-ET-A2N5,treatments.days_to_treatment_end,71,71.0
clinical.tsv,TCGA-EL-A3GX,treatments.days_to_treatment_end,35,35.0
clinical.tsv,TCGA-EL-A3T0,treatments.days_to_treatment_end,43,43.0
clinical.tsv,TCGA-FY-A40K,treatments.days_to_treatment_end,72,72.0
clinical.tsv,TCGA-ET-A3BP,treatments.days_to_treatment_end,127,127.0
clinical.tsv,TCGA-EL-A3T8,treatments.days_to_treatment_end,73,73.0
clinical.tsv,TCGA-DJ-A13V,treatments.days_to_treatment_end,141,141.0
clinical.tsv,TCGA-BJ-A45C,treatments.days_to_treatment_end,169,169.0
clinical.tsv,TCGA-EL-A3ZS,treatments.days_to_treatment_end,47,47.0
clinical.tsv,TCGA-EL-A3GR,treatments.days_to_treatment_end,51,51.0
clinical.tsv,TCGA-DJ-A3VB,treatments.days_to_treatment_end,132,132.0
clinical.tsv,TCGA-BJ-A28X,treatments.days_to_treatment_end,134,134.0
clinical.tsv,TCGA-EL-A4KD,treatments.days_to_treatment_end,57,57.0
clinical.tsv,TCGA-DJ-A3V0,treatments.days_to_treatment_end,252,252.0
clinical.tsv,TCGA-EL-A3D1,treatments.days_to_treatment_end,42,42.0
clinical.tsv,TCGA-H2-A3RI,treatments.days_to_treatment_end,84,84.0
clinical.tsv,TCGA-DE-A0Y3,treatments.days_to_treatment_end,23,23.0
clinical.tsv,TCGA-BJ-A45I,treatments.days_to_treatment_end,104,104.0
clinical.tsv,TCGA-FY-A3R8,treatments.days_to_treatment_end,111,111.0
clinical.tsv,TCGA-FY-A3I4,treatments.days_to_treatment_end,71,71.0
clinical.tsv,TCGA-FY-A3YR,treatments.days_to_treatment_end,105,105.0
clinical.tsv,TCGA-EL-A3TA,treatments.days_to_treatment_end,64,64.0
clinical.tsv,TCGA-EL-A3GU,treatments.days_to_treatment_end,3490,3490.0
clinical.tsv,TCGA-EL-A3ZL,treatments.days_to_treatment_end,32,32.0
clinical.tsv,TCGA-ET-A2N1,treatments.days_to_treatment_end,170,170.0
clinical.tsv,TCGA-EL-A3GV,treatments.days_to_treatment_end,71,71.0
clinical.tsv,TCGA-EL-A3D5,treatments.days_to_treatment_end,85,85.0
clinical.tsv,TCGA-EL-A3ZP,treatments.days_to_treatment_end,113,113.0
clinical.tsv,TCGA-DJ-A2PQ,treatments.days_to_treatment_end,91,91.0
clinical.tsv,TCGA-E8-A2JQ,treatments.days_to_treatment_end,44,44.0
clinical.tsv,TCGA-EL-A3CV,treatments.days_to_treatment_end,46,46.0
clinical.tsv,TCGA-EM-A1YC,treatments.days_to_treatment_end,156,156.0
clinical.tsv,TCGA-BJ-A4O8,treatments.days_to_treatment_end,93,93.0
clinical.tsv,TCGA-EM-A4FM,treatments.days_to_treatment_end,168,168.0
clinical.tsv,TCGA-EL-A3GY,treatments.days_to_treatment_end,105,105.0
clinical.tsv,TCGA-EL-A3D6,treatments.days_to_treatment_end,,
clinical.tsv,TCGA-ET-A2N0,treatments.days_to_treatment_end,,
clinical.tsv,TCGA-EL-A3CM,treatments.days_to_treatment_end,125,125.0
clinical.tsv,TCGA-EM-A3O3,treatments.days_to_treatment_end,151,151.0
clinical.tsv,TCGA-CE-A481,treatments.days_to_treatment_end,322,322.0
clinical.tsv,TCGA-ET-A25K,treatments.days_to_treatment_end,,
clinical.tsv,TCGA-EL-A3GZ,treatments.days_to_treatment_end,36,36.0
clinical.tsv,TCGA-EL-A3ZO,treatments.days_to_treatment_end,109,109.0
clinical.tsv,TCGA-BJ-A290,treatments.days_to_treatment_end,164,164.0
clinical.tsv,TCGA-ET-A25L,treatments.days_to_treatment_end,,
clinical.tsv,TCGA-KS-A4IC,treatments.days_to_treatment_end,34,34.0
clinical.tsv,TCGA-J8-A3YD,treatments.days_to_treatment_end,51,51.0
clinical.tsv,TCGA-EM-A4FQ,treatments.days_to_treatment_end,109,109.0
clinical.tsv,TCGA-KS-A4I9,treatments.days_to_treatment_end,76,76.0
clinical.tsv,TCGA-EL-A3D0,treatments.days_to_treatment_end,953,953.0
clinical.tsv,TCGA-EL-A3ZT,treatments.days_to_treatment_end,28,28.0
clinical.tsv,TCGA-EM-A3AI,treatments.days_to_treatment_end,,
clinical.tsv,TCGA-BJ-A28Z,treatments.days_to_treatment_end,142,142.0
clinical.tsv,TCGA-KS-A4I1,treatments.days_to_treatment_end,182,182.0
clinical.tsv,TCGA-EM-A3AR,treatments.days_to_treatment_end,136,136.0
clinical.tsv,TCGA-EM-A2CS,treatments.days_to_treatment_end,542,542.0
clinical.tsv,TCGA-ET-A4KN,treatments.days_to_treatment_end,115,115.0
clinical.tsv,TCGA-EL-A3H2,treatments.days_to_treatment_end,86,86.0
clinical.tsv,TCGA-BJ-A45H,treatments.days_to_treatment_end,152,152.0
clinical.tsv,TCGA-ET-A25M,treatments.days_to_treatment_end,,
clinical.tsv,TCGA-H2-A422,treatments.days_to_treatment_end,,
clinical.tsv,TCGA-EM-A2OX,treatments.days_to_treatment_end,197,197.0
clinical.tsv,TCGA-J8-A3YG,treatments.days_to_treatment_end,110,110.0
clinical.tsv,TCGA-DJ-A2Q2,treatments.days_to_treatment_end,,
clinical.tsv,TCGA-CE-A482,treatments.days_to_treatment_end,294,294.0
clinical.tsv,TCGA-FE-A3PC,treatments.days_to_treatment_end,70,70.0
clinical.tsv,TCGA-BJ-A45G,treatments.days_to_treatment_end,1,1.0
clinical.tsv,TCGA-ET-A25O,treatments.days_to_treatment_end,,
clinical.tsv,TCGA-J8-A3YE,treatments.days_to_treatment_end,56,56.0
clinical.tsv,TCGA-EL-A3CZ,treatments.days_to_treatment_end,,
clinical.tsv,TCGA-KS-A4IB,treatments.days_to_treatment_end,90,90.0
clinical.tsv,TCGA-E3-A3DY,treatments.days_to_treatment_end,139,139.0
clinical.tsv,TCGA-KS-A4I7,treatments.days_to_treatment_end,76,76.0
clinical.tsv,TCGA-ET-A25G,treatments.days_to_treatment_end,118,118.0
clinical.tsv,TCGA-KS-A4I5,treatments.days_to_treatment_end,140,140.0
clinical.tsv,TCGA-ET-A39M,treatments.days_to_treatment_end,43,43.0
clinical.tsv,TCGA-EL-A3MX,treatments.days_to_treatment_end,1716,1716.0
clinical.tsv,TCGA-ET-A2MY,treatments.days_to_treatment_end,335,335.0
clinical.tsv,TCGA-ET-A25N,treatments.days_to_treatment_end,,
clinical.tsv,TCGA-EL-A3MZ,treatments.days_to_treatment_end,111,111.0
clinical.tsv,TCGA-KS-A4I3,treatments.days_to_treatment_end,48,48.0
clinical.tsv,TCGA-EL-A3CO,treatments.days_to_treatment_end,44,44.0
clinical.tsv,TCGA-H2-A3RH,treatments.days_to_treatment_end,,
clinical.tsv,TCGA-EL-A3ZM,treatments.days_to_treatment_end,90,90.0
clinical.tsv,TCGA-BJ-A18Z,treatments.days_to_treatment_end,58,58.0
clinical.tsv,TCGA-EM-A22P,treatments.days_to_treatment_end,72,72.0
clinical.tsv,TCGA-H2-A2K9,treatments.days_to_treatment_end,,
clinical.tsv,TCGA-E8-A44M,treatments.days_to_treatment_end,142,142.0
clinical.tsv,TCGA-BJ-A0Z3,treatments.days_to_treatment_end,,
clinical.tsv,TCGA-EM-A3O6,treatments.days_to_treatment_end,161,161.0
clinical.tsv,TCGA-FE-A3PD,treatments.days_to_treatment_end,,
clinical.tsv,TCGA-FY-A40N,treatments.days_to_treatment_end,,
clinical.tsv,TCGA-EM-A4FH,treatments.days_to_treatment_end,137,137.0
clinical.tsv,TCGA-KS-A41L,treatments.days_to_treatment_end,216,216.0
clinical.tsv,TCGA-E8-A242,treatments.days_to_treatment_end,,
clinical.tsv,TCGA-EM-A4FU,treatments.days_to_treatment_end,456,456.0
clinical.tsv,TCGA-EM-A1YA,treatments.days_to_treatment_end,135,135.0
clinical.tsv,TCGA-ET-A2MX,treatments.days_to_treatment_end,,
clinical.tsv,TCGA-EM-A3AN,treatments.days_to_treatment_end,142,142.0
clinical.tsv,TCGA-EM-A2CU,treatments.days_to_treatment_end,173,173.0
clinical.tsv,TCGA-BJ-A45J,treatments.days_to_treatment_end,84,84.0
clinical.tsv,TCGA-EL-A3CU,treatments.days_to_treatment_end,,
clinical.tsv,TCGA-EM-A2P0,treatments.days_to_treatment_end,189,189.0
clinical.tsv,TCGA-E3-A3E1,treatments.days_to_treatment_end,,
clinical.tsv,TCGA-KS-A4ID,treatments.days_to_treatment_end,75,75.0
clinical.tsv,TCGA-EL-A3T2,treatments.days_to_treatment_end,45,45.0
clinical.tsv,TCGA-EL-A3CS,treatments.days_to_treatment_end,118,118.0
clinical.tsv,TCGA-EL-A3H1,treatments.days_to_treatment_end,50,50.0
clinical.tsv,TCGA-EM-A4FR,treatments.days_to_treatment_end,137,137.0
clinical.tsv,TCGA-KS-A41F,treatments.days_to_treatment_end,53,53.0
clinical.tsv,TCGA-EM-A22M,treatments.days_to_treatment_end,,
clinical.tsv,TCGA-EM-A2P1,treatments.days_to_treatment_end,169,169.0
clinical.tsv,TCGA-J8-A3YH,treatments.days_to_treatment_end,56,56.0
clinical.tsv,TCGA-BJ-A0ZE,treatments.days_to_treatment_end,,
clinical.tsv,TCGA-EM-A1YB,treatments.days_to_treatment_end,339,339.0
clinical.tsv,TCGA-EM-A4FF,treatments.days_to_treatment_end,2078,2078.0
clinical.tsv,TCGA-EM-A2P2,treatments.days_to_treatment_end,121,121.0
clinical.tsv,TCGA-ET-A3BV,treatments.days_to_treatment_end,100,100.0
clinical.tsv,TCGA-BJ-A2N7,treatments.days_to_treatment_end,,
clinical.tsv,TCGA-IM-A3ED,treatments.days_to_treatment_end,,
clinical.tsv,TCGA-EM-A2OY,treatments.days_to_treatment_end,162,162.0
clinical.tsv,TCGA-EM-A3ST,treatments.days_to_treatment_end,102,102.0
clinical.tsv,TCGA-EM-A3AJ,treatments.days_to_treatment_end,215,215.0
clinical.tsv,TCGA-FY-A3R9,treatments.days_to_treatment_end,,
clinical.tsv,TCGA-BJ-A0ZB,treatments.days_to_treatment_end,,
clinical.tsv,TCGA-EM-A4FO,treatments.days_to_treatment_end,116,116.0
clinical.tsv,TCGA-H2-A26U,treatments.days_to_treatment_end,57,57.0
clinical.tsv,TCGA-EL-A3MW,treatments.days_to_treatment_end,36,36.0
clinical.tsv,TCGA-EM-A4FN,treatments.days_to_treatment_end,116,116.0
clinical.tsv,TCGA-J8-A4HW,treatments.days_to_treatment_end,29,29.0
clinical.tsv,TCGA-EM-A3SU,treatments.days_to_treatment_end,141,141.0
clinical.tsv,TCGA-EM-A3FQ,treatments.days_to_treatment_end,150,150.0
clinical.tsv,TCGA-EM-A2CO,treatments.days_to_treatment_end,,
clinical.tsv,TCGA-BJ-A190,treatments.days_to_treatment_end,85,85.0
clinical.tsv,TCGA-EM-A3FK,treatments.days_to_treatment_end,,
clinical.tsv,TCGA-EM-A3SX,treatments.days_to_treatment_end,,
clinical.tsv,TCGA-EM-A3AO,treatments.days_to_treatment_end,,
clinical.tsv,TCGA-KS-A41J,treatments.days_to_treatment_end,48,48.0
clinical.tsv,TCGA-BJ-A191,treatments.days_to_treatment_end,65,65.0
clinical.tsv,TCGA-BJ-A3PT,treatments.days_to_treatment_end,164,164.0
clinical.tsv,TCGA-EM-A2CM,treatments.days_to_treatment_end,,
clinical.tsv,TCGA-EM-A3FR,treatments.days_to_treatment_end,,
clinical.tsv,TCGA-EM-A3O9,treatments.days_to_treatment_end,,
clinical.tsv,TCGA-EM-A3O7,treatments.days_to_treatment_end,129,129.0
clinical.tsv,TCGA-ET-A2N4,treatments.days_to_treatment_end,50,50.0
clinical.tsv,TCGA-EM-A2CN,treatments.days_to_treatment_end,,
clinical.tsv,TCGA-BJ-A0ZA,treatments.days_to_treatment_end,,
clinical.tsv,TCGA-E3-A3E0,treatments.days_to_treatment_end,,
clinical.tsv,TCGA-BJ-A0Z0,treatments.days_to_treatment_end,,
clinical.tsv,TCGA-KS-A41I,treatments.days_to_treatment_end,130,130.0
clinical.tsv,TCGA-EM-A2CK,treatments.days_to_treatment_end,,
clinical.tsv,TCGA-DJ-A3V5,treatments.days_to_treatment_end,239,239.0
clinical.tsv,TCGA-GE-A2C6,treatments.days_to_treatment_end,98,98.0
clinical.tsv,TCGA-H2-A421,treatments.days_to_treatment_end,46,46.0
clinical.tsv,TCGA-EM-A3FM,treatments.days_to_treatment_end,,
clinical.tsv,TCGA-BJ-A18Y,treatments.days_to_treatment_end,113,113.0
clinical.tsv,TCGA-EM-A3FO,treatments.days_to_treatment_end,,
clinical.tsv,TCGA-EM-A3FP,treatments.days_to_treatment_end,,
clinical.tsv,TCGA-EM-A22J,treatments.days_to_treatment_end,200,200.0
clinical.tsv,TCGA-EM-A3FJ,treatments.days_to_treatment_end,,
clinical.tsv,TCGA-EM-A3FL,treatments.days_to_treatment_end,,
clinical.tsv,TCGA-BJ-A45F,treatments.days_to_treatment_end,65,65.0
clinical.tsv,TCGA-EM-A22K,treatments.days_to_treatment_end,91,91.0
clinical.tsv,TCGA-BJ-A2P4,treatments.days_to_treatment_end,,
clinical.tsv,TCGA-EM-A22I,treatments.days_to_treatment_end,76,76.0
clinical.tsv,TCGA-BJ-A0Z5,treatments.days_to_treatment_end,,
clinical.tsv,TCGA-ET-A25I,treatments.days_to_treatment_end,,
clinical.tsv,TCGA-EM-A1CW,treatments.days_to_treatment_end,,
clinical.tsv,TCGA-EL-A3CP,treatments.days_to_treatment_end,,
clinical.tsv,TCGA-ET-A25J,treatments.days_to_treatment_end,90,90.0
clinical.tsv,TCGA-EM-A22Q,treatments.days_to_treatment_end,,
clinical.tsv,TCGA-ET-A2N3,treatments.days_to_treatment_end,,
clinical.tsv,TCGA-QD-A8IV,treatments.days_to_treatment_end,,
clinical.tsv,TCGA-EM-A22N,treatments.days_to_treatment_end,,
clinical.tsv,TCGA-EM-A1YE,treatments.days_to_treatment_end,,
clinical.tsv,TCGA-FY-A4B3,treatments.days_to_treatment_end,,
clinical.tsv,TCGA-DJ-A3UY,treatments.days_to_treatment_end,,
clinical.tsv,TCGA-EL-A4K0,treatments.days_to_treatment_end,,
clinical.tsv,TCGA-ET-A25R,treatments.days_to_treatment_end,,
clinical.tsv,TCGA-ET-A25P,treatments.days_to_treatment_end,,
clinical.tsv,TCGA-DJ-A2PU,treatments.days_to_treatment_end,,
clinical.tsv,TCGA-CE-A3MD,treatments.days_to_treatment_end,,
clinical.tsv,TCGA-DJ-A3VI,treatments.days_to_treatment_end,,
clinical.tsv,TCGA-ET-A3DP,treatments.days_to_treatment_end,,
clinical.tsv,TCGA-BJ-A2N9,treatments.days_to_treatment_end,,
clinical.tsv,TCGA-EL-A3ZN,treatments.days_to_treatment_end,,
clinical.tsv,TCGA-DE-A7U5,treatments.days_to_treatment_end,,
clinical.tsv,TCGA-E8-A414,treatments.days_to_treatment_end,,
clinical.tsv,TCGA-EM-A1CT,treatments.days_to_treatment_end,,
clinical.tsv,TCGA-ET-A40T,treatments.days_to_treatment_end,,
clinical.tsv,TCGA-ET-A3BW,treatments.days_to_treatment_end,,
clinical.tsv,TCGA-DJ-A2PR,treatments.days_to_treatment_end,,
clinical.tsv,TCGA-ET-A39I,treatments.days_to_treatment_end,,
clinical.tsv,TCGA-EL-A3H3,treatments.days_to_treatment_end,,
clinical.tsv,TCGA-DJ-A13W,treatments.days_to_treatment_end,,
clinical.tsv,TCGA-EL-A4JZ,treatments.days_to_treatment_end,,
clinical.tsv,TCGA-ET-A3BU,treatments.days_to_treatment_end,,
clinical.tsv,TCGA-E8-A433,treatments.days_to_treatment_end,,
clinical.tsv,TCGA-EM-A1CU,treatments.days_to_treatment_end,,
clinical.tsv,TCGA-EL-A3GQ,treatments.days_to_treatment_end,,
clinical.tsv,TCGA-ET-A2MZ,treatments.days_to_treatment_end,,
clinical.tsv,TCGA-J8-A3O0,treatments.days_to_treatment_end,,
clinical.tsv,TCGA-FY-A3WA,treatments.days_to_treatment_end,,
clinical.tsv,TCGA-ET-A3DS,treatments.days_to_treatment_end,,
clinical.tsv,TCGA-DJ-A3UW,treatments.days_to_treatment_end,,
clinical.tsv,TCGA-DJ-A2PV,treatments.days_to_treatment_end,,
clinical.tsv,TCGA-FK-A3SD,treatments.days_to_treatment_end,,
clinical.tsv,TCGA-DJ-A3V3,treatments.days_to_treatment_end,,
clinical.tsv,TCGA-DJ-A3UN,treatments.days_to_treatment_end,,
clinical.tsv,TCGA-EL-A4JX,treatments.days_to_treatment_end,,
clinical.tsv,TCGA-DJ-A3US,treatments.days_to_treatment_end,,
clinical.tsv,TCGA-DJ-A13O,treatments.days_to_treatment_end,,
clinical.tsv,TCGA-DJ-A4UL,treatments.days_to_treatment_end,,
clinical.tsv,TCGA-ET-A39T,treatments.days_to_treatment_end,,
clinical.tsv,TCGA-DJ-A2Q7,treatments.days_to_treatment_end,,
clinical.tsv,TCGA-DJ-A3V2,treatments.days_to_treatment_end,,
clinical.tsv,TCGA-ET-A40P,treatments.days_to_treatment_end,,
clinical.tsv,TCGA-CE-A483,treatments.days_to_treatment_end,,
clinical.tsv,TCGA-IM-A3U2,treatments.days_to_treatment_end,,
clinical.tsv,TCGA-E8-A416,treatments.days_to_treatment_end,,
clinical.tsv,TCGA-BJ-A0Z9,treatments.days_to_treatment_end,,
clinical.tsv,TCGA-FK-A3SB,treatments.days_to_treatment_end,,
clinical.tsv,TCGA-ET-A3BX,treatments.days_to_treatment_end,,
clinical.tsv,TCGA-DJ-A2Q0,treatments.days_to_treatment_end,,
clinical.tsv,TCGA-BJ-A0ZF,treatments.days_to_treatment_end,,
clinical.tsv,TCGA-FY-A3R6,treatments.days_to_treatment_end,,
clinical.tsv,TCGA-EL-A3CX,treatments.days_to_treatment_end,,
clinical.tsv,TCGA-E8-A417,treatments.days_to_treatment_end,,
clinical.tsv,TCGA-EL-A3T1,treatments.days_to_treatment_end,,
clinical.tsv,TCGA-E8-A2EA,treatments.days_to_treatment_end,,
clinical.tsv,TCGA-ET-A39R,treatments.days_to_treatment_end,,
clinical.tsv,TCGA-CE-A485,treatments.days_to_treatment_end,,
clinical.tsv,TCGA-DJ-A3UT,treatments.days_to_treatment_end,,
clinical.tsv,TCGA-ET-A3DT,treatments.days_to_treatment_end,,
clinical.tsv,TCGA-ET-A3DR,treatments.days_to_treatment_end,,
clinical.tsv,TCGA-CE-A13K,treatments.days_to_treatment_end,,
clinical.tsv,TCGA-DJ-A2PX,treatments.days_to_treatment_end,,
clinical.tsv,TCGA-DJ-A3UX,treatments.days_to_treatment_end,,
clinical.tsv,TCGA-EL-A4K2,treatments.days_to_treatment_end,,
clinical.tsv,TCGA-E8-A44K,treatments.days_to_treatment_end,,
clinical.tsv,TCGA-BJ-A3F0,treatments.days_to_treatment_end,,
clinical.tsv,TCGA-E8-A432,treatments.days_to_treatment_end,,
clinical.tsv,TCGA-EL-A3GO,treatments.days_to_treatment_end,,
clinical.tsv,TCGA-EL-A4K1,treatments.days_to_treatment_end,,
clinical.tsv,TCGA-DJ-A3UZ,treatments.days_to_treatment_end,,
clinical.tsv,TCGA-EL-A3CY,treatments.days_to_treatment_end,,
clinical.tsv,TCGA-DJ-A4UT,treatments.days_to_treatment_end,,
clinical.tsv,TCGA-DJ-A2QA,treatments.days_to_treatment_end,,
clinical.tsv,TCGA-DJ-A4V4,treatments.days_to_treatment_end,,
clinical.tsv,TCGA-DJ-A13M,treatments.days_to_treatment_end,,
clinical.tsv,TCGA-BJ-A3EZ,treatments.days_to_treatment_end,,
clinical.tsv,TCGA-DJ-A3VG,treatments.days_to_treatment_end,,
clinical.tsv,TCGA-ET-A3BO,treatments.days_to_treatment_end,,
clinical.tsv,TCGA-E8-A415,treatments.days_to_treatment_end,,
clinical.tsv,TCGA-DJ-A3UR,treatments.days_to_treatment_end,,
clinical.tsv,TCGA-ET-A40S,treatments.days_to_treatment_end,,
clinical.tsv,TCGA-DJ-A13P,treatments.days_to_treatment_end,,
clinical.tsv,TCGA-DJ-A3VL,treatments.days_to_treatment_end,,
clinical.tsv,TCGA-DJ-A1QG,treatments.days_to_treatment_end,,
clinical.tsv,TCGA-ET-A39O,treatments.days_to_treatment_end,,
clinical.tsv,TCGA-DJ-A3UM,treatments.days_to_treatment_end,,
clinical.tsv,TCGA-E8-A413,treatments.days_to_treatment_end,,
clinical.tsv,TCGA-DJ-A3UK,treatments.days_to_treatment_end,,
clinical.tsv,TCGA-DJ-A1QD,treatments.days_to_treatment_end,,
clinical.tsv,TCGA-EL-A4K7,treatments.days_to_treatment_end,,
clinical.tsv,TCGA-EL-A4KG,treatments.days_to_treatment_end,,
clinical.tsv,TCGA-IM-A3U3,treatments.days_to_treatment_end,,
clinical.tsv,TCGA-EL-A3GP,treatments.days_to_treatment_end,,
clinical.tsv,TCGA-CE-A3ME,treatments.days_to_treatment_end,,
clinical.tsv,TCGA-E8-A436,treatments.days_to_treatment_end,,
clinical.tsv,TCGA-DJ-A3VE,treatments.days_to_treatment_end,,
clinical.tsv,TCGA-4C-A93U,treatments.days_to_treatment_end,,
clinical.tsv,TCGA-IM-A420,treatments.days_to_treatment_end,,
clinical.tsv,TCGA-CE-A484,treatments.days_to_treatment_end,,
clinical.tsv,TCGA-E8-A418,treatments.days_to_treatment_end,,
clinical.tsv,TCGA-E8-A434,treatments.days_to_treatment_end,,
clinical.tsv,TCGA-DJ-A2Q4,treatments.days_to_treatment_end,,
clinical.tsv,TCGA-E8-A438,treatments.days_to_treatment_end,,
clinical.tsv,TCGA-DJ-A3UV,treatments.days_to_treatment_end,,
clinical.tsv,TCGA-ET-A3DQ,treatments.days_to_treatment_end,,
clinical.tsv,TCGA-BJ-A0Z2,treatments.days_to_treatment_end,,
clinical.tsv,TCGA-BJ-A2NA,treatments.days_to_treatment_end,,
clinical.tsv,TCGA-EL-A3H8,treatments.days_to_treatment_end,,
clinical.tsv,TCGA-EL-A3H7,treatments.days_to_treatment_end,,
clinical.tsv,TCGA-BJ-A3PR,treatments.days_to_treatment_end,,
clinical.tsv,TCGA-DJ-A2PY,treatments.days_to_treatment_end,,
clinical.tsv,TCGA-DJ-A4V0,treatments.days_to_treatment_end,,
clinical.tsv,TCGA-EL-A3CW,treatments.days_to_treatment_end,,
clinical.tsv,TCGA-DJ-A2PP,treatments.days_to_treatment_end,,
clinical.tsv,TCGA-DJ-A13T,treatments.days_to_treatment_end,,
clinical.tsv,TCGA-E8-A437,treatments.days_to_treatment_end,,
clinical.tsv,TCGA-DJ-A2QC,treatments.days_to_treatment_end,,
clinical.tsv,TCGA-DJ-A1QN,treatments.days_to_treatment_end,,
clinical.tsv,TCGA-EL-A3CR,treatments.days_to_treatment_end,,
clinical.tsv,TCGA-DJ-A3VA,treatments.days_to_treatment_end,,
clinical.tsv,TCGA-ET-A4KQ,treatments.days_to_treatment_end,,
clinical.tsv,TCGA-J8-A4HY,treatments.days_to_treatment_end,,
clinical.tsv,TCGA-DJ-A1QM,treatments.days_to_treatment_end,,
clinical.tsv,TCGA-BJ-A45E,treatments.days_to_treatment_end,,
clinical.tsv,TCGA-DJ-A1QI,treatments.days_to_treatment_end,,
clinical.tsv,TCGA-ET-A3BN,treatments.days_to_treatment_end,,
clinical.tsv,TCGA-EL-A3CT,treatments.days_to_treatment_end,,
clinical.tsv,TCGA-BJ-A28R,treatments.days_to_treatment_end,,
clinical.tsv,TCGA-FY-A3TY,treatments.days_to_treatment_end,,
clinical.tsv,TCGA-BJ-A28S,treatments.days_to_treatment_end,,
clinical.tsv,TCGA-DJ-A2PZ,treatments.days_to_treatment_end,,
clinical.tsv,TCGA-EL-A3CL,treatments.days_to_treatment_end,,
clinical.tsv,TCGA-BJ-A2N8,treatments.days_to_treatment_end,,
clinical.tsv,TCGA-DO-A2HM,treatments.days_to_treatment_end,,
clinical.tsv,TCGA-FK-A3SG,treatments.days_to_treatment_end,,
clinical.tsv,TCGA-BJ-A0ZJ,treatments.days_to_treatment_end,,
clinical.tsv,TCGA-DJ-A13S,treatments.days_to_treatment_end,,
clinical.tsv,TCGA-DJ-A1QQ,treatments.days_to_treatment_end,,
clinical.tsv,TCGA-BJ-A0ZG,treatments.days_to_treatment_end,,
clinical.tsv,TCGA-BJ-A28W,treatments.days_to_treatment_end,,
clinical.tsv,TCGA-BJ-A28T,treatments.days_to_treatment_end,,
clinical.tsv,TCGA-EL-A3T7,treatments.days_to_treatment_end,,
clinical.tsv,TCGA-BJ-A192,treatments.days_to_treatment_end,,
clinical.tsv,TCGA-BJ-A28V,treatments.days_to_treatment_end,,
clinical.tsv,TCGA-FY-A3BL,treatments.days_to_treatment_end,,
clinical.tsv,TCGA-DJ-A13L,treatments.days_to_treatment_end,,
clinical.tsv,TCGA-BJ-A4O9,treatments.days_to_treatment_end,,
clinical.tsv,TCGA-BJ-A291,treatments.days_to_treatment_end,,
clinical.tsv,TCGA-DJ-A2PO,treatments.days_to_treatment_end,,
clinical.tsv,TCGA-DJ-A4V2,treatments.days_to_treatment_end,,
clinical.tsv,TCGA-DJ-A1QE,treatments.days_to_treatment_end,,
clinical.tsv,TCGA-ET-A39S,treatments.days_to_treatment_end,,
clinical.tsv,TCGA-DJ-A1QL,treatments.days_to_treatment_end,,
clinical.tsv,TCGA-BJ-A45D,treatments.days_to_treatment_end,,
clinical.tsv,TCGA-BJ-A0YZ,treatments.days_to_treatment_end,,
clinical.tsv,TCGA-FY-A3NM,treatments.days_to_treatment_end,,
clinical.tsv,TCGA-DJ-A2Q8,treatments.days_to_treatment_end,,
clinical.tsv,TCGA-DJ-A2PN,treatments.days_to_treatment_end,,
clinical.tsv,TCGA-EM-A3AL,treatments.days_to_treatment_end,,
clinical.tsv,TCGA-EM-A4FK,treatments.days_to_treatment_end,,
clinical.tsv,TCGA-EM-A3SZ,treatments.days_to_treatment_end,,
clinical.tsv,TCGA-EM-A3AP,treatments.days_to_treatment_end,,
clinical.tsv,TCGA-EM-A2OZ,treatments.days_to_treatment_end,,
clinical.tsv,TCGA-EM-A2CR,treatments.days_to_treatment_end,,
clinical.tsv,TCGA-EM-A3OA,treatments.days_to_treatment_end,,
clinical.tsv,TCGA-EM-A2CL,treatments.days_to_treatment_end,,
clinical.tsv,TCGA-EM-A2CP,treatments.days_to_treatment_end,,
clinical.tsv,TCGA-DJ-A13X,treatments.days_to_treatment_end,,
clinical.tsv,TCGA-EM-A3AK,treatments.days_to_treatment_end,,
clinical.tsv,TCGA-EM-A3FN,treatments.days_to_treatment_end,,
clinical.tsv,TCGA-J8-A42S,treatments.days_to_treatment_end,,
clinical.tsv,TCGA-EM-A4FV,treatments.days_to_treatment_end,,
clinical.tsv,TCGA-BJ-A0ZC,treatments.days_to_treatment_end,,
clinical.tsv,TCGA-EM-A2CQ,treatments.days_to_treatment_end,,
clinical.tsv,TCGA-CE-A27D,treatments.days_to_treatment_end,,
clinical.tsv,TCGA-FY-A76V,treatments.days_to_treatment_end,,
clinical.tsv,TCGA-BJ-A0ZH,treatments.days_to_treatment_end,,
clinical.tsv,TCGA-EL-A3T9,treatments.days_to_treatment_end,,
clinical.tsv,TCGA-BJ-A45K,treatments.days_to_treatment_end,,
clinical.tsv,TCGA-EM-A3OB,treatments.days_to_treatment_end,,
clinical.tsv,TCGA-EM-A3SY,treatments.days_to_treatment_end,,
clinical.tsv,TCGA-EM-A3O8,treatments.days_to_treatment_end,,
clinical.tsv,TCGA-EM-A2OW,treatments.days_to_treatment_end,,
clinical.tsv,TCGA-FY-A3R7,treatments.days_to_treatment_end,,
clinical.tsv,TCGA-EM-A2CT,treatments.days_to_treatment_end,,
clinical.tsv,TCGA-EM-A2P3,treatments.days_to_treatment_end,,
clinical.tsv,TCGA-EM-A4G1,treatments.days_to_treatment_end,,
clinical.tsv,TCGA-ET-A39L,treatments.days_to_treatment_end,,
clinical.tsv,TCGA-EM-A2CJ,treatments.days_to_treatment_end,,
clinical.tsv,TCGA-EM-A3AQ,treatments.days_to_treatment_end,,
clinical.tsv,TCGA-DJ-A1QF,treatments.days_to_treatment_end,,
clinical.tsv,TCGA-ET-A3BQ,treatments.days_to_treatment_end,,
clinical.tsv,TCGA-EM-A1CV,treatments.days_to_treatment_end,,
clinical.tsv,TCGA-EM-A1YD,treatments.days_to_treatment_end,,
clinical.tsv,TCGA-EM-A22L,treatments.days_to_treatment_end,,
clinical.tsv,TCGA-EM-A1CS,treatments.days_to_treatment_end,,
clinical.tsv,TCGA-FY-A3I5,treatments.days_to_treatment_end,,
clinical.tsv,TCGA-FY-A3NN,treatments.days_to_treatment_end,,
clinical.tsv,TCGA-FY-A2QD,treatments.days_to_treatment_end,,
clinical.tsv,TCGA-FE-A236,treatments.days_to_treatment_start,106,106.0
clinical.tsv,TCGA-FE-A232,treatments.days_to_treatment_start,63,63.0
clinical.tsv,TCGA-FE-A231,treatments.days_to_treatment_start,57,57.0
clinical.tsv,TCGA-FE-A237,treatments.days_to_treatment_start,99,99.0
clinical.tsv,TCGA-FE-A230,treatments.days_to_treatment_start,85,85.0
clinical.tsv,TCGA-FE-A235,treatments.days_to_treatment_start,50,50.0
clinical.tsv,TCGA-FE-A238,treatments.days_to_treatment_start,58,58.0
clinical.tsv,TCGA-FE-A234,treatments.days_to_treatment_start,106,106.0
clinical.tsv,TCGA-FE-A233,treatments.days_to_treatment_start,85,85.0
clinical.tsv,TCGA-FE-A239,treatments.days_to_treatment_start,104,104.0
clinical.tsv,TCGA-FE-A23A,treatments.days_to_treatment_start,79,79.0
clinical.tsv,TCGA-DJ-A2Q9,treatments.days_to_treatment_start,181,181.0
clinical.tsv,TCGA-DE-A3KN,treatments.days_to_treatment_start,79,79.0
clinical.tsv,TCGA-ET-A3DO,treatments.days_to_treatment_start,58,58.0
clinical.tsv,TCGA-DJ-A2Q5,treatments.days_to_treatment_start,141,141.0
clinical.tsv,TCGA-EL-A3ZH,treatments.days_to_treatment_start,43,43.0
clinical.tsv,TCGA-DO-A1JZ,treatments.days_to_treatment_start,383,383.0
clinical.tsv,TCGA-ET-A39J,treatments.days_to_treatment_start,99,99.0
clinical.tsv,TCGA-DJ-A3VM,treatments.days_to_treatment_start,216,216.0
clinical.tsv,TCGA-MK-A4N9,treatments.days_to_treatment_start,68,68.0
clinical.tsv,TCGA-DJ-A4UP,treatments.days_to_treatment_start,232,232.0
clinical.tsv,TCGA-DJ-A4UQ,treatments.days_to_treatment_start,96,96.0
clinical.tsv,TCGA-EL-A3ZG,treatments.days_to_treatment_start,23,23.0
clinical.tsv,TCGA-DJ-A3V9,treatments.days_to_treatment_start,52,52.0
clinical.tsv,TCGA-EL-A3ZQ,treatments.days_to_treatment_start,37,37.0
clinical.tsv,TCGA-DJ-A3V4,treatments.days_to_treatment_start,218,218.0
clinical.tsv,TCGA-DJ-A3UQ,treatments.days_to_treatment_start,125,125.0
clinical.tsv,TCGA-DJ-A2PT,treatments.days_to_treatment_start,77,77.0
clinical.tsv,TCGA-IM-A3EB,treatments.days_to_treatment_start,300,300.0
clinical.tsv,TCGA-DE-A0XZ,treatments.days_to_treatment_start,76,76.0
clinical.tsv,TCGA-ET-A3DW,treatments.days_to_treatment_start,8,8.0
clinical.tsv,TCGA-ET-A39P,treatments.days_to_treatment_start,141,141.0
clinical.tsv,TCGA-DJ-A3UU,treatments.days_to_treatment_start,133,133.0
clinical.tsv,TCGA-FY-A3ON,treatments.days_to_treatment_start,77,77.0
clinical.tsv,TCGA-DE-A4MB,treatments.days_to_treatment_start,122,122.0
clinical.tsv,TCGA-EL-A4JW,treatments.days_to_treatment_start,34,34.0
clinical.tsv,TCGA-EL-A4K6,treatments.days_to_treatment_start,342,342.0
clinical.tsv,TCGA-EM-A2OV,treatments.days_to_treatment_start,547,547.0
clinical.tsv,TCGA-E3-A3DZ,treatments.days_to_treatment_start,56,56.0
clinical.tsv,TCGA-FY-A4B4,treatments.days_to_treatment_start,60,60.0
clinical.tsv,TCGA-E3-A3E3,treatments.days_to_treatment_start,70,70.0
clinical.tsv,TCGA-EL-A3T3,treatments.days_to_treatment_start,104,104.0
clinical.tsv,TCGA-EM-A22O,treatments.days_to_treatment_start,144,144.0
clinical.tsv,TCGA-FY-A4B0,treatments.days_to_treatment_start,10,10.0
clinical.tsv,TCGA-ET-A39K,treatments.days_to_treatment_start,86,86.0
clinical.tsv,TCGA-EL-A4JV,treatments.days_to_treatment_start,43,43.0
clinical.tsv,TCGA-DJ-A3V6,treatments.days_to_treatment_start,223,223.0
clinical.tsv,TCGA-FK-A3S3,treatments.days_to_treatment_start,581,581.0
clinical.tsv,TCGA-FE-A22Z,treatments.days_to_treatment_start,194,194.0
clinical.tsv,TCGA-FK-A4UB,treatments.days_to_treatment_start,93,93.0
clinical.tsv,TCGA-FY-A3W9,treatments.days_to_treatment_start,191,191.0
clinical.tsv,TCGA-DE-A69K,treatments.days_to_treatment_start,91,91.0
clinical.tsv,TCGA-DE-A4MC,treatments.days_to_treatment_start,101,101.0
clinical.tsv,TCGA-DE-A4M9,treatments.days_to_treatment_start,70,70.0
clinical.tsv,TCGA-DJ-A4V5,treatments.days_to_treatment_start,196,196.0
clinical.tsv,TCGA-ET-A39N,treatments.days_to_treatment_start,78,78.0
clinical.tsv,TCGA-DE-A4MA,treatments.days_to_treatment_start,216,216.0
clinical.tsv,TCGA-EL-A4K9,treatments.days_to_treatment_start,35,35.0
clinical.tsv,TCGA-DJ-A13U,treatments.days_to_treatment_start,256,256.0
clinical.tsv,TCGA-DJ-A3V7,treatments.days_to_treatment_start,138,138.0
clinical.tsv,TCGA-EL-A3T6,treatments.days_to_treatment_start,37,37.0
clinical.tsv,TCGA-E3-A3E5,treatments.days_to_treatment_start,73,73.0
clinical.tsv,TCGA-IM-A41Z,treatments.days_to_treatment_start,134,134.0
clinical.tsv,TCGA-DJ-A3VK,treatments.days_to_treatment_start,116,116.0
clinical.tsv,TCGA-EL-A3ZR,treatments.days_to_treatment_start,141,141.0
clinical.tsv,TCGA-DJ-A4UW,treatments.days_to_treatment_start,99,99.0
clinical.tsv,TCGA-L6-A4EP,treatments.days_to_treatment_start,58,58.0
clinical.tsv,TCGA-DE-A69J,treatments.days_to_treatment_start,70,70.0
clinical.tsv,TCGA-DJ-A2PS,treatments.days_to_treatment_start,88,88.0
clinical.tsv,TCGA-EL-A3TB,treatments.days_to_treatment_start,41,41.0
clinical.tsv,TCGA-E8-A419,treatments.days_to_treatment_start,12,12.0
clinical.tsv,TCGA-DJ-A3V8,treatments.days_to_treatment_start,172,172.0
clinical.tsv,TCGA-DE-A4M8,treatments.days_to_treatment_start,69,69.0
clinical.tsv,TCGA-DJ-A3VF,treatments.days_to_treatment_start,105,105.0
clinical.tsv,TCGA-DJ-A2Q3,treatments.days_to_treatment_start,139,139.0
clinical.tsv,TCGA-DJ-A2Q6,treatments.days_to_treatment_start,111,111.0
clinical.tsv,TCGA-FK-A3SE,treatments.days_to_treatment_start,98,98.0
clinical.tsv,TCGA-ET-A3DV,treatments.days_to_treatment_start,51,51.0
clinical.tsv,TCGA-L6-A4EU,treatments.days_to_treatment_start,100,100.0
clinical.tsv,TCGA-DJ-A2QB,treatments.days_to_treatment_start,177,177.0
clinical.tsv,TCGA-DO-A1K0,treatments.days_to_treatment_start,151,151.0
clinical.tsv,TCGA-ET-A3DU,treatments.days_to_treatment_start,141,141.0
clinical.tsv,TCGA-DJ-A4UR,treatments.days_to_treatment_start,99,99.0
clinical.tsv,TCGA-ET-A3BS,treatments.days_to_treatment_start,176,176.0
clinical.tsv,TCGA-EL-A3GW,treatments.days_to_treatment_start,37,37.0
clinical.tsv,TCGA-DE-A4MD,treatments.days_to_treatment_start,170,170.0
clinical.tsv,TCGA-DJ-A2PW,treatments.days_to_treatment_start,122,122.0
clinical.tsv,TCGA-L6-A4EQ,treatments.days_to_treatment_start,152,152.0
clinical.tsv,TCGA-DJ-A3UO,treatments.days_to_treatment_start,117,117.0
clinical.tsv,TCGA-ET-A3BT,treatments.days_to_treatment_start,122,122.0
clinical.tsv,TCGA-DJ-A3VD,treatments.days_to_treatment_start,127,127.0
clinical.tsv,TCGA-MK-A4N6,treatments.days_to_treatment_start,698,698.0
clinical.tsv,TCGA-EL-A3H4,treatments.days_to_treatment_start,42,42.0
clinical.tsv,TCGA-L6-A4ET,treatments.days_to_treatment_start,103,103.0
clinical.tsv,TCGA-DJ-A2Q1,treatments.days_to_treatment_start,87,87.0
clinical.tsv,TCGA-FK-A3SH,treatments.days_to_treatment_start,173,173.0
clinical.tsv,TCGA-DJ-A3VJ,treatments.days_to_treatment_start,178,178.0
clinical.tsv,TCGA-E3-A3E2,treatments.days_to_treatment_start,113,113.0
clinical.tsv,TCGA-MK-A4N7,treatments.days_to_treatment_start,74,74.0
clinical.tsv,TCGA-DJ-A1QO,treatments.days_to_treatment_start,21,21.0
clinical.tsv,TCGA-E8-A3X7,treatments.days_to_treatment_start,40,40.0
clinical.tsv,TCGA-DJ-A1QH,treatments.days_to_treatment_start,96,96.0
clinical.tsv,TCGA-J8-A3O1,treatments.days_to_treatment_start,43,43.0
clinical.tsv,TCGA-EL-A3N3,treatments.days_to_treatment_start,35,35.0
clinical.tsv,TCGA-J8-A3YF,treatments.days_to_treatment_start,43,43.0
clinical.tsv,TCGA-FY-A3NP,treatments.days_to_treatment_start,180,180.0
clinical.tsv,TCGA-J8-A3O2,treatments.days_to_treatment_start,145,145.0
clinical.tsv,TCGA-FE-A3PB,treatments.days_to_treatment_start,64,64.0
clinical.tsv,TCGA-FE-A3PA,treatments.days_to_treatment_start,378,378.0
clinical.tsv,TCGA-EL-A4KI,treatments.days_to_treatment_start,104,104.0
clinical.tsv,TCGA-MK-A84Z,treatments.days_to_treatment_start,106,106.0
clinical.tsv,TCGA-EL-A3GS,treatments.days_to_treatment_start,20,20.0
clinical.tsv,TCGA-ET-A40R,treatments.days_to_treatment_start,139,139.0
clinical.tsv,TCGA-DJ-A3UP,treatments.days_to_treatment_start,170,170.0
clinical.tsv,TCGA-EL-A4K4,treatments.days_to_treatment_start,34,34.0
clinical.tsv,TCGA-EL-A3N2,treatments.days_to_treatment_start,83,83.0
clinical.tsv,TCGA-IM-A4EB,treatments.days_to_treatment_start,119,119.0
clinical.tsv,TCGA-EL-A3ZK,treatments.days_to_treatment_start,36,36.0
clinical.tsv,TCGA-DJ-A13R,treatments.days_to_treatment_start,94,94.0
clinical.tsv,TCGA-FY-A40L,treatments.days_to_treatment_start,97,97.0
clinical.tsv,TCGA-EL-A3H5,treatments.days_to_treatment_start,32,32.0
clinical.tsv,TCGA-J8-A3NZ,treatments.days_to_treatment_start,60,60.0
clinical.tsv,TCGA-EL-A3CN,treatments.days_to_treatment_start,37,37.0
clinical.tsv,TCGA-BJ-A3PU,treatments.days_to_treatment_start,136,136.0
clinical.tsv,TCGA-IM-A41Y,treatments.days_to_treatment_start,91,91.0
clinical.tsv,TCGA-FY-A3RA,treatments.days_to_treatment_start,80,80.0
clinical.tsv,TCGA-EL-A3D4,treatments.days_to_treatment_start,65,65.0
clinical.tsv,TCGA-EL-A4KH,treatments.days_to_treatment_start,102,102.0
clinical.tsv,TCGA-DE-A0Y2,treatments.days_to_treatment_start,47,47.0
clinical.tsv,TCGA-ET-A40Q,treatments.days_to_treatment_start,211,211.0
clinical.tsv,TCGA-FY-A40M,treatments.days_to_treatment_start,70,70.0
clinical.tsv,TCGA-EL-A3MY,treatments.days_to_treatment_start,35,35.0
clinical.tsv,TCGA-DE-A2OL,treatments.days_to_treatment_start,51,51.0
clinical.tsv,TCGA-ET-A2N5,treatments.days_to_treatment_start,71,71.0
clinical.tsv,TCGA-EL-A3GX,treatments.days_to_treatment_start,35,35.0
clinical.tsv,TCGA-EL-A3T0,treatments.days_to_treatment_start,43,43.0
clinical.tsv,TCGA-FY-A40K,treatments.days_to_treatment_start,72,72.0
clinical.tsv,TCGA-ET-A3BP,treatments.days_to_treatment_start,127,127.0
clinical.tsv,TCGA-EL-A3T8,treatments.days_to_treatment_start,73,73.0
clinical.tsv,TCGA-DJ-A13V,treatments.days_to_treatment_start,141,141.0
clinical.tsv,TCGA-BJ-A45C,treatments.days_to_treatment_start,169,169.0
clinical.tsv,TCGA-EL-A3ZS,treatments.days_to_treatment_start,47,47.0
clinical.tsv,TCGA-EL-A3GR,treatments.days_to_treatment_start,51,51.0
clinical.tsv,TCGA-DJ-A3VB,treatments.days_to_treatment_start,132,132.0
clinical.tsv,TCGA-BJ-A28X,treatments.days_to_treatment_start,130,130.0
clinical.tsv,TCGA-EL-A4KD,treatments.days_to_treatment_start,57,57.0
clinical.tsv,TCGA-DJ-A3V0,treatments.days_to_treatment_start,252,252.0
clinical.tsv,TCGA-EL-A3D1,treatments.days_to_treatment_start,42,42.0
clinical.tsv,TCGA-H2-A3RI,treatments.days_to_treatment_start,84,84.0
clinical.tsv,TCGA-DE-A0Y3,treatments.days_to_treatment_start,23,23.0
clinical.tsv,TCGA-BJ-A45I,treatments.days_to_treatment_start,104,104.0
clinical.tsv,TCGA-FY-A3R8,treatments.days_to_treatment_start,111,111.0
clinical.tsv,TCGA-FY-A3I4,treatments.days_to_treatment_start,71,71.0
clinical.tsv,TCGA-FY-A3YR,treatments.days_to_treatment_start,105,105.0
clinical.tsv,TCGA-EL-A3TA,treatments.days_to_treatment_start,64,64.0
clinical.tsv,TCGA-EL-A3GU,treatments.days_to_treatment_start,3470,3470.0
clinical.tsv,TCGA-EL-A3ZL,treatments.days_to_treatment_start,3,3.0
clinical.tsv,TCGA-ET-A2N1,treatments.days_to_treatment_start,170,170.0
clinical.tsv,TCGA-EL-A3GV,treatments.days_to_treatment_start,58,58.0
clinical.tsv,TCGA-EL-A3D5,treatments.days_to_treatment_start,85,85.0
clinical.tsv,TCGA-EL-A3ZP,treatments.days_to_treatment_start,112,112.0
clinical.tsv,TCGA-DJ-A2PQ,treatments.days_to_treatment_start,91,91.0
clinical.tsv,TCGA-E8-A2JQ,treatments.days_to_treatment_start,44,44.0
clinical.tsv,TCGA-EL-A3CV,treatments.days_to_treatment_start,43,43.0
clinical.tsv,TCGA-EM-A1YC,treatments.days_to_treatment_start,156,156.0
clinical.tsv,TCGA-BJ-A4O8,treatments.days_to_treatment_start,93,93.0
clinical.tsv,TCGA-EM-A4FM,treatments.days_to_treatment_start,108,108.0
clinical.tsv,TCGA-EL-A3GY,treatments.days_to_treatment_start,51,51.0
clinical.tsv,TCGA-EL-A3D6,treatments.days_to_treatment_start,86,86.0
clinical.tsv,TCGA-ET-A2N0,treatments.days_to_treatment_start,,
clinical.tsv,TCGA-EL-A3CM,treatments.days_to_treatment_start,37,37.0
clinical.tsv,TCGA-EM-A3O3,treatments.days_to_treatment_start,151,151.0
clinical.tsv,TCGA-CE-A481,treatments.days_to_treatment_start,172,172.0
clinical.tsv,TCGA-ET-A25K,treatments.days_to_treatment_start,,
clinical.tsv,TCGA-EL-A3GZ,treatments.days_to_treatment_start,36,36.0
clinical.tsv,TCGA-EL-A3ZO,treatments.days_to_treatment_start,68,68.0
clinical.tsv,TCGA-BJ-A290,treatments.days_to_treatment_start,164,164.0
clinical.tsv,TCGA-ET-A25L,treatments.days_to_treatment_start,,
clinical.tsv,TCGA-KS-A4IC,treatments.days_to_treatment_start,34,34.0
clinical.tsv,TCGA-J8-A3YD,treatments.days_to_treatment_start,51,51.0
clinical.tsv,TCGA-EM-A4FQ,treatments.days_to_treatment_start,109,109.0
clinical.tsv,TCGA-KS-A4I9,treatments.days_to_treatment_start,76,76.0
clinical.tsv,TCGA-EL-A3D0,treatments.days_to_treatment_start,953,953.0
clinical.tsv,TCGA-EL-A3ZT,treatments.days_to_treatment_start,28,28.0
clinical.tsv,TCGA-EM-A3AI,treatments.days_to_treatment_start,,
clinical.tsv,TCGA-BJ-A28Z,treatments.days_to_treatment_start,142,142.0
clinical.tsv,TCGA-KS-A4I1,treatments.days_to_treatment_start,182,182.0
clinical.tsv,TCGA-EM-A3AR,treatments.days_to_treatment_start,136,136.0
clinical.tsv,TCGA-EM-A2CS,treatments.days_to_treatment_start,497,497.0
clinical.tsv,TCGA-ET-A4KN,treatments.days_to_treatment_start,115,115.0
clinical.tsv,TCGA-EL-A3H2,treatments.days_to_treatment_start,44,44.0
clinical.tsv,TCGA-BJ-A45H,treatments.days_to_treatment_start,152,152.0
clinical.tsv,TCGA-ET-A25M,treatments.days_to_treatment_start,,
clinical.tsv,TCGA-H2-A422,treatments.days_to_treatment_start,,
clinical.tsv,TCGA-EM-A2OX,treatments.days_to_treatment_start,197,197.0
clinical.tsv,TCGA-J8-A3YG,treatments.days_to_treatment_start,110,110.0
clinical.tsv,TCGA-DJ-A2Q2,treatments.days_to_treatment_start,,
clinical.tsv,TCGA-CE-A482,treatments.days_to_treatment_start,142,142.0
clinical.tsv,TCGA-FE-A3PC,treatments.days_to_treatment_start,70,70.0
clinical.tsv,TCGA-BJ-A45G,treatments.days_to_treatment_start,1,1.0
clinical.tsv,TCGA-ET-A25O,treatments.days_to_treatment_start,,
clinical.tsv,TCGA-J8-A3YE,treatments.days_to_treatment_start,56,56.0
clinical.tsv,TCGA-EL-A3CZ,treatments.days_to_treatment_start,157,157.0
clinical.tsv,TCGA-KS-A4IB,treatments.days_to_treatment_start,90,90.0
clinical.tsv,TCGA-E3-A3DY,treatments.days_to_treatment_start,139,139.0
clinical.tsv,TCGA-KS-A4I7,treatments.days_to_treatment_start,76,76.0
clinical.tsv,TCGA-ET-A25G,treatments.days_to_treatment_start,118,118.0
clinical.tsv,TCGA-KS-A4I5,treatments.days_to_treatment_start,140,140.0
clinical.tsv,TCGA-ET-A39M,treatments.days_to_treatment_start,43,43.0
clinical.tsv,TCGA-EL-A3MX,treatments.days_to_treatment_start,1716,1716.0
clinical.tsv,TCGA-ET-A2MY,treatments.days_to_treatment_start,335,335.0
clinical.tsv,TCGA-ET-A25N,treatments.days_to_treatment_start,,
clinical.tsv,TCGA-EL-A3MZ,treatments.days_to_treatment_start,58,58.0
clinical.tsv,TCGA-KS-A4I3,treatments.days_to_treatment_start,48,48.0
clinical.tsv,TCGA-EL-A3CO,treatments.days_to_treatment_start,44,44.0
clinical.tsv,TCGA-H2-A3RH,treatments.days_to_treatment_start,,
clinical.tsv,TCGA-EL-A3ZM,treatments.days_to_treatment_start,49,49.0
clinical.tsv,TCGA-BJ-A18Z,treatments.days_to_treatment_start,58,58.0
clinical.tsv,TCGA-EM-A22P,treatments.days_to_treatment_start,72,72.0
clinical.tsv,TCGA-H2-A2K9,treatments.days_to_treatment_start,,
clinical.tsv,TCGA-E8-A44M,treatments.days_to_treatment_start,50,50.0
clinical.tsv,TCGA-BJ-A0Z3,treatments.days_to_treatment_start,,
clinical.tsv,TCGA-EM-A3O6,treatments.days_to_treatment_start,161,161.0
clinical.tsv,TCGA-FE-A3PD,treatments.days_to_treatment_start,,
clinical.tsv,TCGA-FY-A40N,treatments.days_to_treatment_start,26,26.0
clinical.tsv,TCGA-EM-A4FH,treatments.days_to_treatment_start,137,137.0
clinical.tsv,TCGA-KS-A41L,treatments.days_to_treatment_start,216,216.0
clinical.tsv,TCGA-E8-A242,treatments.days_to_treatment_start,36,36.0
clinical.tsv,TCGA-EM-A4FU,treatments.days_to_treatment_start,456,456.0
clinical.tsv,TCGA-EM-A1YA,treatments.days_to_treatment_start,135,135.0
clinical.tsv,TCGA-ET-A2MX,treatments.days_to_treatment_start,,
clinical.tsv,TCGA-EM-A3AN,treatments.days_to_treatment_start,142,142.0
clinical.tsv,TCGA-EM-A2CU,treatments.days_to_treatment_start,173,173.0
clinical.tsv,TCGA-BJ-A45J,treatments.days_to_treatment_start,84,84.0
clinical.tsv,TCGA-EL-A3CU,treatments.days_to_treatment_start,47,47.0
clinical.tsv,TCGA-EM-A2P0,treatments.days_to_treatment_start,189,189.0
clinical.tsv,TCGA-E3-A3E1,treatments.days_to_treatment_start,63,63.0
clinical.tsv,TCGA-KS-A4ID,treatments.days_to_treatment_start,1,1.0
clinical.tsv,TCGA-EL-A3T2,treatments.days_to_treatment_start,45,45.0
clinical.tsv,TCGA-EL-A3CS,treatments.days_to_treatment_start,84,84.0
clinical.tsv,TCGA-EL-A3H1,treatments.days_to_treatment_start,50,50.0
clinical.tsv,TCGA-EM-A4FR,treatments.days_to_treatment_start,137,137.0
clinical.tsv,TCGA-KS-A41F,treatments.days_to_treatment_start,53,53.0
clinical.tsv,TCGA-EM-A22M,treatments.days_to_treatment_start,,
clinical.tsv,TCGA-EM-A2P1,treatments.days_to_treatment_start,169,169.0
clinical.tsv,TCGA-J8-A3YH,treatments.days_to_treatment_start,56,56.0
clinical.tsv,TCGA-BJ-A0ZE,treatments.days_to_treatment_start,,
clinical.tsv,TCGA-EM-A1YB,treatments.days_to_treatment_start,339,339.0
clinical.tsv,TCGA-EM-A4FF,treatments.days_to_treatment_start,2078,2078.0
clinical.tsv,TCGA-EM-A2P2,treatments.days_to_treatment_start,121,121.0
clinical.tsv,TCGA-ET-A3BV,treatments.days_to_treatment_start,100,100.0
clinical.tsv,TCGA-BJ-A2N7,treatments.days_to_treatment_start,16,16.0
clinical.tsv,TCGA-IM-A3ED,treatments.days_to_treatment_start,761,761.0
clinical.tsv,TCGA-EM-A2OY,treatments.days_to_treatment_start,162,162.0
clinical.tsv,TCGA-EM-A3ST,treatments.days_to_treatment_start,102,102.0
clinical.tsv,TCGA-EM-A3AJ,treatments.days_to_treatment_start,215,215.0
clinical.tsv,TCGA-FY-A3R9,treatments.days_to_treatment_start,27,27.0
clinical.tsv,TCGA-BJ-A0ZB,treatments.days_to_treatment_start,,
clinical.tsv,TCGA-EM-A4FO,treatments.days_to_treatment_start,116,116.0
clinical.tsv,TCGA-H2-A26U,treatments.days_to_treatment_start,57,57.0
clinical.tsv,TCGA-EL-A3MW,treatments.days_to_treatment_start,36,36.0
clinical.tsv,TCGA-EM-A4FN,treatments.days_to_treatment_start,116,116.0
clinical.tsv,TCGA-J8-A4HW,treatments.days_to_treatment_start,29,29.0
clinical.tsv,TCGA-EM-A3SU,treatments.days_to_treatment_start,141,141.0
clinical.tsv,TCGA-EM-A3FQ,treatments.days_to_treatment_start,150,150.0
clinical.tsv,TCGA-EM-A2CO,treatments.days_to_treatment_start,,
clinical.tsv,TCGA-BJ-A190,treatments.days_to_treatment_start,85,85.0
clinical.tsv,TCGA-EM-A3FK,treatments.days_to_treatment_start,,
clinical.tsv,TCGA-EM-A3SX,treatments.days_to_treatment_start,,
clinical.tsv,TCGA-EM-A3AO,treatments.days_to_treatment_start,,
clinical.tsv,TCGA-KS-A41J,treatments.days_to_treatment_start,48,48.0
clinical.tsv,TCGA-BJ-A191,treatments.days_to_treatment_start,65,65.0
clinical.tsv,TCGA-BJ-A3PT,treatments.days_to_treatment_start,164,164.0
clinical.tsv,TCGA-EM-A2CM,treatments.days_to_treatment_start,,
clinical.tsv,TCGA-EM-A3FR,treatments.days_to_treatment_start,,
clinical.tsv,TCGA-EM-A3O9,treatments.days_to_treatment_start,,
clinical.tsv,TCGA-EM-A3O7,treatments.days_to_treatment_start,129,129.0
clinical.tsv,TCGA-ET-A2N4,treatments.days_to_treatment_start,50,50.0
clinical.tsv,TCGA-EM-A2CN,treatments.days_to_treatment_start,,
clinical.tsv,TCGA-BJ-A0ZA,treatments.days_to_treatment_start,,
clinical.tsv,TCGA-E3-A3E0,treatments.days_to_treatment_start,182,182.0
clinical.tsv,TCGA-BJ-A0Z0,treatments.days_to_treatment_start,,
clinical.tsv,TCGA-KS-A41I,treatments.days_to_treatment_start,130,130.0
clinical.tsv,TCGA-EM-A2CK,treatments.days_to_treatment_start,,
clinical.tsv,TCGA-DJ-A3V5,treatments.days_to_treatment_start,,
clinical.tsv,TCGA-GE-A2C6,treatments.days_to_treatment_start,98,98.0
clinical.tsv,TCGA-H2-A421,treatments.days_to_treatment_start,46,46.0
clinical.tsv,TCGA-EM-A3FM,treatments.days_to_treatment_start,,
clinical.tsv,TCGA-BJ-A18Y,treatments.days_to_treatment_start,113,113.0
clinical.tsv,TCGA-EM-A3FO,treatments.days_to_treatment_start,,
clinical.tsv,TCGA-EM-A3FP,treatments.days_to_treatment_start,,
clinical.tsv,TCGA-EM-A22J,treatments.days_to_treatment_start,200,200.0
clinical.tsv,TCGA-EM-A3FJ,treatments.days_to_treatment_start,,
clinical.tsv,TCGA-EM-A3FL,treatments.days_to_treatment_start,,
clinical.tsv,TCGA-BJ-A45F,treatments.days_to_treatment_start,65,65.0
clinical.tsv,TCGA-EM-A22K,treatments.days_to_treatment_start,91,91.0
clinical.tsv,TCGA-BJ-A2P4,treatments.days_to_treatment_start,,
clinical.tsv,TCGA-EM-A22I,treatments.days_to_treatment_start,76,76.0
clinical.tsv,TCGA-BJ-A0Z5,treatments.days_to_treatment_start,,
clinical.tsv,TCGA-ET-A25I,treatments.days_to_treatment_start,19,19.0
clinical.tsv,TCGA-EM-A1CW,treatments.days_to_treatment_start,,
clinical.tsv,TCGA-EL-A3CP,treatments.days_to_treatment_start,35,35.0
clinical.tsv,TCGA-ET-A25J,treatments.days_to_treatment_start,90,90.0
clinical.tsv,TCGA-EM-A22Q,treatments.days_to_treatment_start,,
clinical.tsv,TCGA-ET-A2N3,treatments.days_to_treatment_start,,
clinical.tsv,TCGA-QD-A8IV,treatments.days_to_treatment_start,,
clinical.tsv,TCGA-EM-A22N,treatments.days_to_treatment_start,,
clinical.tsv,TCGA-EM-A1YE,treatments.days_to_treatment_start,,
clinical.tsv,TCGA-FY-A4B3,treatments.days_to_treatment_start,,
clinical.tsv,TCGA-DJ-A3UY,treatments.days_to_treatment_start,,
clinical.tsv,TCGA-EL-A4K0,treatments.days_to_treatment_start,,
clinical.tsv,TCGA-ET-A25R,treatments.days_to_treatment_start,,
clinical.tsv,TCGA-ET-A25P,treatments.days_to_treatment_start,,
clinical.tsv,TCGA-DJ-A2PU,treatments.days_to_treatment_start,,
clinical.tsv,TCGA-CE-A3MD,treatments.days_to_treatment_start,,
clinical.tsv,TCGA-DJ-A3VI,treatments.days_to_treatment_start,,
clinical.tsv,TCGA-ET-A3DP,treatments.days_to_treatment_start,,
clinical.tsv,TCGA-BJ-A2N9,treatments.days_to_treatment_start,,
clinical.tsv,TCGA-EL-A3ZN,treatments.days_to_treatment_start,,
clinical.tsv,TCGA-DE-A7U5,treatments.days_to_treatment_start,,
clinical.tsv,TCGA-E8-A414,treatments.days_to_treatment_start,,
clinical.tsv,TCGA-EM-A1CT,treatments.days_to_treatment_start,,
clinical.tsv,TCGA-ET-A40T,treatments.days_to_treatment_start,,
clinical.tsv,TCGA-ET-A3BW,treatments.days_to_treatment_start,,
clinical.tsv,TCGA-DJ-A2PR,treatments.days_to_treatment_start,,
clinical.tsv,TCGA-ET-A39I,treatments.days_to_treatment_start,,
clinical.tsv,TCGA-EL-A3H3,treatments.days_to_treatment_start,,
clinical.tsv,TCGA-DJ-A13W,treatments.days_to_treatment_start,,
clinical.tsv,TCGA-EL-A4JZ,treatments.days_to_treatment_start,,
clinical.tsv,TCGA-ET-A3BU,treatments.days_to_treatment_start,,
clinical.tsv,TCGA-E8-A433,treatments.days_to_treatment_start,,
clinical.tsv,TCGA-EM-A1CU,treatments.days_to_treatment_start,,
clinical.tsv,TCGA-EL-A3GQ,treatments.days_to_treatment_start,,
clinical.tsv,TCGA-ET-A2MZ,treatments.days_to_treatment_start,,
clinical.tsv,TCGA-J8-A3O0,treatments.days_to_treatment_start,,
clinical.tsv,TCGA-FY-A3WA,treatments.days_to_treatment_start,,
clinical.tsv,TCGA-ET-A3DS,treatments.days_to_treatment_start,,
clinical.tsv,TCGA-DJ-A3UW,treatments.days_to_treatment_start,,
clinical.tsv,TCGA-DJ-A2PV,treatments.days_to_treatment_start,,
clinical.tsv,TCGA-FK-A3SD,treatments.days_to_treatment_start,,
clinical.tsv,TCGA-DJ-A3V3,treatments.days_to_treatment_start,,
clinical.tsv,TCGA-DJ-A3UN,treatments.days_to_treatment_start,,
clinical.tsv,TCGA-EL-A4JX,treatments.days_to_treatment_start,,
clinical.tsv,TCGA-DJ-A3US,treatments.days_to_treatment_start,,
clinical.tsv,TCGA-DJ-A13O,treatments.days_to_treatment_start,,
clinical.tsv,TCGA-DJ-A4UL,treatments.days_to_treatment_start,,
clinical.tsv,TCGA-ET-A39T,treatments.days_to_treatment_start,,
clinical.tsv,TCGA-DJ-A2Q7,treatments.days_to_treatment_start,,
clinical.tsv,TCGA-DJ-A3V2,treatments.days_to_treatment_start,,
clinical.tsv,TCGA-ET-A40P,treatments.days_to_treatment_start,,
clinical.tsv,TCGA-CE-A483,treatments.days_to_treatment_start,,
clinical.tsv,TCGA-IM-A3U2,treatments.days_to_treatment_start,,
clinical.tsv,TCGA-E8-A416,treatments.days_to_treatment_start,,
clinical.tsv,TCGA-BJ-A0Z9,treatments.days_to_treatment_start,,
clinical.tsv,TCGA-FK-A3SB,treatments.days_to_treatment_start,,
clinical.tsv,TCGA-ET-A3BX,treatments.days_to_treatment_start,,
clinical.tsv,TCGA-DJ-A2Q0,treatments.days_to_treatment_start,,
clinical.tsv,TCGA-BJ-A0ZF,treatments.days_to_treatment_start,,
clinical.tsv,TCGA-FY-A3R6,treatments.days_to_treatment_start,,
clinical.tsv,TCGA-EL-A3CX,treatments.days_to_treatment_start,,
clinical.tsv,TCGA-E8-A417,treatments.days_to_treatment_start,,
clinical.tsv,TCGA-EL-A3T1,treatments.days_to_treatment_start,,
clinical.tsv,TCGA-E8-A2EA,treatments.days_to_treatment_start,,
clinical.tsv,TCGA-ET-A39R,treatments.days_to_treatment_start,,
clinical.tsv,TCGA-CE-A485,treatments.days_to_treatment_start,,
clinical.tsv,TCGA-DJ-A3UT,treatments.days_to_treatment_start,,
clinical.tsv,TCGA-ET-A3DT,treatments.days_to_treatment_start,,
clinical.tsv,TCGA-ET-A3DR,treatments.days_to_treatment_start,,
clinical.tsv,TCGA-CE-A13K,treatments.days_to_treatment_start,,
clinical.tsv,TCGA-DJ-A2PX,treatments.days_to_treatment_start,,
clinical.tsv,TCGA-DJ-A3UX,treatments.days_to_treatment_start,,
clinical.tsv,TCGA-EL-A4K2,treatments.days_to_treatment_start,,
clinical.tsv,TCGA-E8-A44K,treatments.days_to_treatment_start,,
clinical.tsv,TCGA-BJ-A3F0,treatments.days_to_treatment_start,,
clinical.tsv,TCGA-E8-A432,treatments.days_to_treatment_start,,
clinical.tsv,TCGA-EL-A3GO,treatments.days_to_treatment_start,,
clinical.tsv,TCGA-EL-A4K1,treatments.days_to_treatment_start,,
clinical.tsv,TCGA-DJ-A3UZ,treatments.days_to_treatment_start,,
clinical.tsv,TCGA-EL-A3CY,treatments.days_to_treatment_start,,
clinical.tsv,TCGA-DJ-A4UT,treatments.days_to_treatment_start,,
clinical.tsv,TCGA-DJ-A2QA,treatments.days_to_treatment_start,,
clinical.tsv,TCGA-DJ-A4V4,treatments.days_to_treatment_start,,
clinical.tsv,TCGA-DJ-A13M,treatments.days_to_treatment_start,,
clinical.tsv,TCGA-BJ-A3EZ,treatments.days_to_treatment_start,,
clinical.tsv,TCGA-DJ-A3VG,treatments.days_to_treatment_start,,
clinical.tsv,TCGA-ET-A3BO,treatments.days_to_treatment_start,,
clinical.tsv,TCGA-E8-A415,treatments.days_to_treatment_start,,
clinical.tsv,TCGA-DJ-A3UR,treatments.days_to_treatment_start,,
clinical.tsv,TCGA-ET-A40S,treatments.days_to_treatment_start,,
clinical.tsv,TCGA-DJ-A13P,treatments.days_to_treatment_start,,
clinical.tsv,TCGA-DJ-A3VL,treatments.days_to_treatment_start,,
clinical.tsv,TCGA-DJ-A1QG,treatments.days_to_treatment_start,,
clinical.tsv,TCGA-ET-A39O,treatments.days_to_treatment_start,,
clinical.tsv,TCGA-DJ-A3UM,treatments.days_to_treatment_start,,
clinical.tsv,TCGA-E8-A413,treatments.days_to_treatment_start,,
clinical.tsv,TCGA-DJ-A3UK,treatments.days_to_treatment_start,,
clinical.tsv,TCGA-DJ-A1QD,treatments.days_to_treatment_start,,
clinical.tsv,TCGA-EL-A4K7,treatments.days_to_treatment_start,,
clinical.tsv,TCGA-EL-A4KG,treatments.days_to_treatment_start,,
clinical.tsv,TCGA-IM-A3U3,treatments.days_to_treatment_start,,
clinical.tsv,TCGA-EL-A3GP,treatments.days_to_treatment_start,,
clinical.tsv,TCGA-CE-A3ME,treatments.days_to_treatment_start,,
clinical.tsv,TCGA-E8-A436,treatments.days_to_treatment_start,,
clinical.tsv,TCGA-DJ-A3VE,treatments.days_to_treatment_start,,
clinical.tsv,TCGA-4C-A93U,treatments.days_to_treatment_start,,
clinical.tsv,TCGA-IM-A420,treatments.days_to_treatment_start,,
clinical.tsv,TCGA-CE-A484,treatments.days_to_treatment_start,,
clinical.tsv,TCGA-E8-A418,treatments.days_to_treatment_start,,
clinical.tsv,TCGA-E8-A434,treatments.days_to_treatment_start,,
clinical.tsv,TCGA-DJ-A2Q4,treatments.days_to_treatment_start,,
clinical.tsv,TCGA-E8-A438,treatments.days_to_treatment_start,,
clinical.tsv,TCGA-DJ-A3UV,treatments.days_to_treatment_start,,
clinical.tsv,TCGA-ET-A3DQ,treatments.days_to_treatment_start,,
clinical.tsv,TCGA-BJ-A0Z2,treatments.days_to_treatment_start,,
clinical.tsv,TCGA-BJ-A2NA,treatments.days_to_treatment_start,,
clinical.tsv,TCGA-EL-A3H8,treatments.days_to_treatment_start,,
clinical.tsv,TCGA-EL-A3H7,treatments.days_to_treatment_start,,
clinical.tsv,TCGA-BJ-A3PR,treatments.days_to_treatment_start,,
clinical.tsv,TCGA-DJ-A2PY,treatments.days_to_treatment_start,,
clinical.tsv,TCGA-DJ-A4V0,treatments.days_to_treatment_start,,
clinical.tsv,TCGA-EL-A3CW,treatments.days_to_treatment_start,,
clinical.tsv,TCGA-DJ-A2PP,treatments.days_to_treatment_start,,
clinical.tsv,TCGA-DJ-A13T,treatments.days_to_treatment_start,,
clinical.tsv,TCGA-E8-A437,treatments.days_to_treatment_start,,
clinical.tsv,TCGA-DJ-A2QC,treatments.days_to_treatment_start,,
clinical.tsv,TCGA-DJ-A1QN,treatments.days_to_treatment_start,,
clinical.tsv,TCGA-EL-A3CR,treatments.days_to_treatment_start,,
clinical.tsv,TCGA-DJ-A3VA,treatments.days_to_treatment_start,,
clinical.tsv,TCGA-ET-A4KQ,treatments.days_to_treatment_start,,
clinical.tsv,TCGA-J8-A4HY,treatments.days_to_treatment_start,,
clinical.tsv,TCGA-DJ-A1QM,treatments.days_to_treatment_start,,
clinical.tsv,TCGA-BJ-A45E,treatments.days_to_treatment_start,,
clinical.tsv,TCGA-DJ-A1QI,treatments.days_to_treatment_start,,
clinical.tsv,TCGA-ET-A3BN,treatments.days_to_treatment_start,,
clinical.tsv,TCGA-EL-A3CT,treatments.days_to_treatment_start,,
clinical.tsv,TCGA-BJ-A28R,treatments.days_to_treatment_start,,
clinical.tsv,TCGA-FY-A3TY,treatments.days_to_treatment_start,,
clinical.tsv,TCGA-BJ-A28S,treatments.days_to_treatment_start,,
clinical.tsv,TCGA-DJ-A2PZ,treatments.days_to_treatment_start,,
clinical.tsv,TCGA-EL-A3CL,treatments.days_to_treatment_start,,
clinical.tsv,TCGA-BJ-A2N8,treatments.days_to_treatment_start,,
clinical.tsv,TCGA-DO-A2HM,treatments.days_to_treatment_start,,
clinical.tsv,TCGA-FK-A3SG,treatments.days_to_treatment_start,,
clinical.tsv,TCGA-BJ-A0ZJ,treatments.days_to_treatment_start,,
clinical.tsv,TCGA-DJ-A13S,treatments.days_to_treatment_start,,
clinical.tsv,TCGA-DJ-A1QQ,treatments.days_to_treatment_start,,
clinical.tsv,TCGA-BJ-A0ZG,treatments.days_to_treatment_start,,
clinical.tsv,TCGA-BJ-A28W,treatments.days_to_treatment_start,,
clinical.tsv,TCGA-BJ-A28T,treatments.days_to_treatment_start,,
clinical.tsv,TCGA-EL-A3T7,treatments.days_to_treatment_start,,
clinical.tsv,TCGA-BJ-A192,treatments.days_to_treatment_start,,
clinical.tsv,TCGA-BJ-A28V,treatments.days_to_treatment_start,,
clinical.tsv,TCGA-FY-A3BL,treatments.days_to_treatment_start,,
clinical.tsv,TCGA-DJ-A13L,treatments.days_to_treatment_start,,
clinical.tsv,TCGA-BJ-A4O9,treatments.days_to_treatment_start,,
clinical.tsv,TCGA-BJ-A291,treatments.days_to_treatment_start,,
clinical.tsv,TCGA-DJ-A2PO,treatments.days_to_treatment_start,,
clinical.tsv,TCGA-DJ-A4V2,treatments.days_to_treatment_start,,
clinical.tsv,TCGA-DJ-A1QE,treatments.days_to_treatment_start,,
clinical.tsv,TCGA-ET-A39S,treatments.days_to_treatment_start,,
clinical.tsv,TCGA-DJ-A1QL,treatments.days_to_treatment_start,,
clinical.tsv,TCGA-BJ-A45D,treatments.days_to_treatment_start,,
clinical.tsv,TCGA-BJ-A0YZ,treatments.days_to_treatment_start,,
clinical.tsv,TCGA-FY-A3NM,treatments.days_to_treatment_start,,
clinical.tsv,TCGA-DJ-A2Q8,treatments.days_to_treatment_start,,
clinical.tsv,TCGA-DJ-A2PN,treatments.days_to_treatment_start,,
clinical.tsv,TCGA-EM-A3AL,treatments.days_to_treatment_start,,
clinical.tsv,TCGA-EM-A4FK,treatments.days_to_treatment_start,,
clinical.tsv,TCGA-EM-A3SZ,treatments.days_to_treatment_start,,
clinical.tsv,TCGA-EM-A3AP,treatments.days_to_treatment_start,,
clinical.tsv,TCGA-EM-A2OZ,treatments.days_to_treatment_start,,
clinical.tsv,TCGA-EM-A2CR,treatments.days_to_treatment_start,,
clinical.tsv,TCGA-EM-A3OA,treatments.days_to_treatment_start,,
clinical.tsv,TCGA-EM-A2CL,treatments.days_to_treatment_start,,
clinical.tsv,TCGA-EM-A2CP,treatments.days_to_treatment_start,,
clinical.tsv,TCGA-DJ-A13X,treatments.days_to_treatment_start,,
clinical.tsv,TCGA-EM-A3AK,treatments.days_to_treatment_start,,
clinical.tsv,TCGA-EM-A3FN,treatments.days_to_treatment_start,,
clinical.tsv,TCGA-J8-A42S,treatments.days_to_treatment_start,,
clinical.tsv,TCGA-EM-A4FV,treatments.days_to_treatment_start,,
clinical.tsv,TCGA-BJ-A0ZC,treatments.days_to_treatment_start,,
clinical.tsv,TCGA-EM-A2CQ,treatments.days_to_treatment_start,,
clinical.tsv,TCGA-CE-A27D,treatments.days_to_treatment_start,,
clinical.tsv,TCGA-FY-A76V,treatments.days_to_treatment_start,,
clinical.tsv,TCGA-BJ-A0ZH,treatments.days_to_treatment_start,,
clinical.tsv,TCGA-EL-A3T9,treatments.days_to_treatment_start,,
clinical.tsv,TCGA-BJ-A45K,treatments.days_to_treatment_start,,
clinical.tsv,TCGA-EM-A3OB,treatments.days_to_treatment_start,,
clinical.tsv,TCGA-EM-A3SY,treatments.days_to_treatment_start,,
clinical.tsv,TCGA-EM-A3O8,treatments.days_to_treatment_start,,
clinical.tsv,TCGA-EM-A2OW,treatments.days_to_treatment_start,,
clinical.tsv,TCGA-FY-A3R7,treatments.days_to_treatment_start,,
clinical.tsv,TCGA-EM-A2CT,treatments.days_to_treatment_start,,
clinical.tsv,TCGA-EM-A2P3,treatments.days_to_treatment_start,,
clinical.tsv,TCGA-EM-A4G1,treatments.days_to_treatment_start,,
clinical.tsv,TCGA-ET-A39L,treatments.days_to_treatment_start,,
clinical.tsv,TCGA-EM-A2CJ,treatments.days_to_treatment_start,,
clinical.tsv,TCGA-EM-A3AQ,treatments.days_to_treatment_start,,
clinical.tsv,TCGA-DJ-A1QF,treatments.days_to_treatment_start,,
clinical.tsv,TCGA-ET-A3BQ,treatments.days_to_treatment_start,,
clinical.tsv,TCGA-EM-A1CV,treatments.days_to_treatment_start,,
clinical.tsv,TCGA-EM-A1YD,treatments.days_to_treatment_start,,
clinical.tsv,TCGA-EM-A22L,treatments.days_to_treatment_start,,
clinical.tsv,TCGA-EM-A1CS,treatments.days_to_treatment_start,,
clinical.tsv,TCGA-FY-A3I5,treatments.days_to_treatment_start,,
clinical.tsv,TCGA-FY-A3NN,treatments.days_to_treatment_start,,
clinical.tsv,TCGA-FY-A2QD,treatments.days_to_treatment_start,,
clinical.tsv,TCGA-FE-A236,treatments.timepoint_category,,
clinical.tsv,TCGA-FE-A232,treatments.timepoint_category,,
clinical.tsv,TCGA-FE-A231,treatments.timepoint_category,,
clinical.tsv,TCGA-FE-A237,treatments.timepoint_category,,
clinical.tsv,TCGA-FE-A230,treatments.timepoint_category,,
clinical.tsv,TCGA-FE-A235,treatments.timepoint_category,,
clinical.tsv,TCGA-FE-A238,treatments.timepoint_category,,
clinical.tsv,TCGA-FE-A234,treatments.timepoint_category,,
clinical.tsv,TCGA-FE-A233,treatments.timepoint_category,,
clinical.tsv,TCGA-FE-A239,treatments.timepoint_category,,
clinical.tsv,TCGA-FE-A23A,treatments.timepoint_category,,
clinical.tsv,TCGA-DJ-A2Q9,treatments.timepoint_category,,
clinical.tsv,TCGA-DE-A3KN,treatments.timepoint_category,,
clinical.tsv,TCGA-ET-A3DO,treatments.timepoint_category,,
clinical.tsv,TCGA-DJ-A2Q5,treatments.timepoint_category,,
clinical.tsv,TCGA-EL-A3ZH,treatments.timepoint_category,,
clinical.tsv,TCGA-DO-A1JZ,treatments.timepoint_category,,
clinical.tsv,TCGA-ET-A39J,treatments.timepoint_category,,
clinical.tsv,TCGA-DJ-A3VM,treatments.timepoint_category,,
clinical.tsv,TCGA-MK-A4N9,treatments.timepoint_category,,
clinical.tsv,TCGA-DJ-A4UP,treatments.timepoint_category,,
clinical.tsv,TCGA-DJ-A4UQ,treatments.timepoint_category,,
clinical.tsv,TCGA-EL-A3ZG,treatments.timepoint_category,,
clinical.tsv,TCGA-DJ-A3V9,treatments.timepoint_category,,
clinical.tsv,TCGA-EL-A3ZQ,treatments.timepoint_category,,
clinical.tsv,TCGA-DJ-A3V4,treatments.timepoint_category,,
clinical.tsv,TCGA-DJ-A3UQ,treatments.timepoint_category,,
clinical.tsv,TCGA-DJ-A2PT,treatments.timepoint_category,,
clinical.tsv,TCGA-IM-A3EB,treatments.timepoint_category,,
clinical.tsv,TCGA-DE-A0XZ,treatments.timepoint_category,,
clinical.tsv,TCGA-ET-A3DW,treatments.timepoint_category,,
clinical.tsv,TCGA-ET-A39P,treatments.timepoint_category,,
clinical.tsv,TCGA-DJ-A3UU,treatments.timepoint_category,,
clinical.tsv,TCGA-FY-A3ON,treatments.timepoint_category,,
clinical.tsv,TCGA-DE-A4MB,treatments.timepoint_category,,
clinical.tsv,TCGA-EL-A4JW,treatments.timepoint_category,,
clinical.tsv,TCGA-EL-A4K6,treatments.timepoint_category,,
clinical.tsv,TCGA-EM-A2OV,treatments.timepoint_category,,
clinical.tsv,TCGA-E3-A3DZ,treatments.timepoint_category,,
clinical.tsv,TCGA-FY-A4B4,treatments.timepoint_category,,
clinical.tsv,TCGA-E3-A3E3,treatments.timepoint_category,,
clinical.tsv,TCGA-EL-A3T3,treatments.timepoint_category,,
clinical.tsv,TCGA-EM-A22O,treatments.timepoint_category,,
clinical.tsv,TCGA-FY-A4B0,treatments.timepoint_category,,
clinical.tsv,TCGA-ET-A39K,treatments.timepoint_category,,
clinical.tsv,TCGA-EL-A4JV,treatments.timepoint_category,,
clinical.tsv,TCGA-DJ-A3V6,treatments.timepoint_category,,
clinical.tsv,TCGA-FK-A3S3,treatments.timepoint_category,,
clinical.tsv,TCGA-FE-A22Z,treatments.timepoint_category,,
clinical.tsv,TCGA-FK-A4UB,treatments.timepoint_category,,
clinical.tsv,TCGA-FY-A3W9,treatments.timepoint_category,,
clinical.tsv,TCGA-DE-A69K,treatments.timepoint_category,,
clinical.tsv,TCGA-DE-A4MC,treatments.timepoint_category,,
clinical.tsv,TCGA-DE-A4M9,treatments.timepoint_category,,
clinical.tsv,TCGA-DJ-A4V5,treatments.timepoint_category,,
clinical.tsv,TCGA-ET-A39N,treatments.timepoint_category,,
clinical.tsv,TCGA-DE-A4MA,treatments.timepoint_category,,
clinical.tsv,TCGA-EL-A4K9,treatments.timepoint_category,,
clinical.tsv,TCGA-DJ-A13U,treatments.timepoint_category,,
clinical.tsv,TCGA-DJ-A3V7,treatments.timepoint_category,,
clinical.tsv,TCGA-EL-A3T6,treatments.timepoint_category,,
clinical.tsv,TCGA-E3-A3E5,treatments.timepoint_category,,
clinical.tsv,TCGA-IM-A41Z,treatments.timepoint_category,,
clinical.tsv,TCGA-DJ-A3VK,treatments.timepoint_category,,
clinical.tsv,TCGA-EL-A3ZR,treatments.timepoint_category,,
clinical.tsv,TCGA-DJ-A4UW,treatments.timepoint_category,,
clinical.tsv,TCGA-L6-A4EP,treatments.timepoint_category,,
clinical.tsv,TCGA-DE-A69J,treatments.timepoint_category,,
clinical.tsv,TCGA-DJ-A2PS,treatments.timepoint_category,,
clinical.tsv,TCGA-EL-A3TB,treatments.timepoint_category,,
clinical.tsv,TCGA-E8-A419,treatments.timepoint_category,,
clinical.tsv,TCGA-DJ-A3V8,treatments.timepoint_category,,
clinical.tsv,TCGA-DE-A4M8,treatments.timepoint_category,,
clinical.tsv,TCGA-DJ-A3VF,treatments.timepoint_category,,
clinical.tsv,TCGA-DJ-A2Q3,treatments.timepoint_category,,
clinical.tsv,TCGA-DJ-A2Q6,treatments.timepoint_category,,
clinical.tsv,TCGA-FK-A3SE,treatments.timepoint_category,,
clinical.tsv,TCGA-ET-A3DV,treatments.timepoint_category,,
clinical.tsv,TCGA-L6-A4EU,treatments.timepoint_category,,
clinical.tsv,TCGA-DJ-A2QB,treatments.timepoint_category,,
clinical.tsv,TCGA-DO-A1K0,treatments.timepoint_category,,
clinical.tsv,TCGA-ET-A3DU,treatments.timepoint_category,,
clinical.tsv,TCGA-DJ-A4UR,treatments.timepoint_category,,
clinical.tsv,TCGA-ET-A3BS,treatments.timepoint_category,,
clinical.tsv,TCGA-EL-A3GW,treatments.timepoint_category,,
clinical.tsv,TCGA-DE-A4MD,treatments.timepoint_category,,
clinical.tsv,TCGA-DJ-A2PW,treatments.timepoint_category,,
clinical.tsv,TCGA-L6-A4EQ,treatments.timepoint_category,,
clinical.tsv,TCGA-DJ-A3UO,treatments.timepoint_category,,
clinical.tsv,TCGA-ET-A3BT,treatments.timepoint_category,,
clinical.tsv,TCGA-DJ-A3VD,treatments.timepoint_category,,
clinical.tsv,TCGA-MK-A4N6,treatments.timepoint_category,,
clinical.tsv,TCGA-EL-A3H4,treatments.timepoint_category,,
clinical.tsv,TCGA-L6-A4ET,treatments.timepoint_category,,
clinical.tsv,TCGA-DJ-A2Q1,treatments.timepoint_category,,
clinical.tsv,TCGA-FK-A3SH,treatments.timepoint_category,,
clinical.tsv,TCGA-DJ-A3VJ,treatments.timepoint_category,,
clinical.tsv,TCGA-E3-A3E2,treatments.timepoint_category,,
clinical.tsv,TCGA-MK-A4N7,treatments.timepoint_category,,
clinical.tsv,TCGA-DJ-A1QO,treatments.timepoint_category,,
clinical.tsv,TCGA-E8-A3X7,treatments.timepoint_category,,
clinical.tsv,TCGA-DJ-A1QH,treatments.timepoint_category,,
clinical.tsv,TCGA-J8-A3O1,treatments.timepoint_category,,
clinical.tsv,TCGA-EL-A3N3,treatments.timepoint_category,,
clinical.tsv,TCGA-J8-A3YF,treatments.timepoint_category,,
clinical.tsv,TCGA-FY-A3NP,treatments.timepoint_category,,
clinical.tsv,TCGA-J8-A3O2,treatments.timepoint_category,,
clinical.tsv,TCGA-FE-A3PB,treatments.timepoint_category,,
clinical.tsv,TCGA-FE-A3PA,treatments.timepoint_category,,
clinical.tsv,TCGA-EL-A4KI,treatments.timepoint_category,,
clinical.tsv,TCGA-MK-A84Z,treatments.timepoint_category,,
clinical.tsv,TCGA-EL-A3GS,treatments.timepoint_category,,
clinical.tsv,TCGA-ET-A40R,treatments.timepoint_category,,
clinical.tsv,TCGA-DJ-A3UP,treatments.timepoint_category,,
clinical.tsv,TCGA-EL-A4K4,treatments.timepoint_category,,
clinical.tsv,TCGA-EL-A3N2,treatments.timepoint_category,,
clinical.tsv,TCGA-IM-A4EB,treatments.timepoint_category,,
clinical.tsv,TCGA-EL-A3ZK,treatments.timepoint_category,,
clinical.tsv,TCGA-DJ-A13R,treatments.timepoint_category,,
clinical.tsv,TCGA-FY-A40L,treatments.timepoint_category,,
clinical.tsv,TCGA-EL-A3H5,treatments.timepoint_category,,
clinical.tsv,TCGA-J8-A3NZ,treatments.timepoint_category,,
clinical.tsv,TCGA-EL-A3CN,treatments.timepoint_category,,
clinical.tsv,TCGA-BJ-A3PU,treatments.timepoint_category,,
clinical.tsv,TCGA-IM-A41Y,treatments.timepoint_category,,
clinical.tsv,TCGA-FY-A3RA,treatments.timepoint_category,,
clinical.tsv,TCGA-EL-A3D4,treatments.timepoint_category,,
clinical.tsv,TCGA-EL-A4KH,treatments.timepoint_category,,
clinical.tsv,TCGA-DE-A0Y2,treatments.timepoint_category,,
clinical.tsv,TCGA-ET-A40Q,treatments.timepoint_category,,
clinical.tsv,TCGA-FY-A40M,treatments.timepoint_category,,
clinical.tsv,TCGA-EL-A3MY,treatments.timepoint_category,,
clinical.tsv,TCGA-DE-A2OL,treatments.timepoint_category,,
clinical.tsv,TCGA-ET-A2N5,treatments.timepoint_category,,
clinical.tsv,TCGA-EL-A3GX,treatments.timepoint_category,,
clinical.tsv,TCGA-EL-A3T0,treatments.timepoint_category,,
clinical.tsv,TCGA-FY-A40K,treatments.timepoint_category,,
clinical.tsv,TCGA-ET-A3BP,treatments.timepoint_category,,
clinical.tsv,TCGA-EL-A3T8,treatments.timepoint_category,,
clinical.tsv,TCGA-DJ-A13V,treatments.timepoint_category,,
clinical.tsv,TCGA-BJ-A45C,treatments.timepoint_category,,
clinical.tsv,TCGA-EL-A3ZS,treatments.timepoint_category,,
clinical.tsv,TCGA-EL-A3GR,treatments.timepoint_category,,
clinical.tsv,TCGA-DJ-A3VB,treatments.timepoint_category,,
clinical.tsv,TCGA-BJ-A28X,treatments.timepoint_category,,
clinical.tsv,TCGA-EL-A4KD,treatments.timepoint_category,,
clinical.tsv,TCGA-DJ-A3V0,treatments.timepoint_category,,
clinical.tsv,TCGA-EL-A3D1,treatments.timepoint_category,,
clinical.tsv,TCGA-H2-A3RI,treatments.timepoint_category,,
clinical.tsv,TCGA-DE-A0Y3,treatments.timepoint_category,,
clinical.tsv,TCGA-BJ-A45I,treatments.timepoint_category,,
clinical.tsv,TCGA-FY-A3R8,treatments.timepoint_category,,
clinical.tsv,TCGA-FY-A3I4,treatments.timepoint_category,,
clinical.tsv,TCGA-FY-A3YR,treatments.timepoint_category,,
clinical.tsv,TCGA-EL-A3TA,treatments.timepoint_category,,
clinical.tsv,TCGA-EL-A3GU,treatments.timepoint_category,,
clinical.tsv,TCGA-EL-A3ZL,treatments.timepoint_category,,
clinical.tsv,TCGA-ET-A2N1,treatments.timepoint_category,,
clinical.tsv,TCGA-EL-A3GV,treatments.timepoint_category,,
clinical.tsv,TCGA-EL-A3D5,treatments.timepoint_category,,
clinical.tsv,TCGA-EL-A3ZP,treatments.timepoint_category,,
clinical.tsv,TCGA-DJ-A2PQ,treatments.timepoint_category,,
clinical.tsv,TCGA-E8-A2JQ,treatments.timepoint_category,,
clinical.tsv,TCGA-EL-A3CV,treatments.timepoint_category,,
clinical.tsv,TCGA-EM-A1YC,treatments.timepoint_category,,
clinical.tsv,TCGA-BJ-A4O8,treatments.timepoint_category,,
clinical.tsv,TCGA-EM-A4FM,treatments.timepoint_category,,
clinical.tsv,TCGA-EL-A3GY,treatments.timepoint_category,,
clinical.tsv,TCGA-EL-A3D6,treatments.timepoint_category,,
clinical.tsv,TCGA-ET-A2N0,treatments.timepoint_category,First Treatment,
clinical.tsv,TCGA-EL-A3CM,treatments.timepoint_category,,
clinical.tsv,TCGA-EM-A3O3,treatments.timepoint_category,,
clinical.tsv,TCGA-CE-A481,treatments.timepoint_category,,
clinical.tsv,TCGA-ET-A25K,treatments.timepoint_category,First Treatment,
clinical.tsv,TCGA-EL-A3GZ,treatments.timepoint_category,,
clinical.tsv,TCGA-EL-A3ZO,treatments.timepoint_category,,
clinical.tsv,TCGA-BJ-A290,treatments.timepoint_category,,
clinical.tsv,TCGA-ET-A25L,treatments.timepoint_category,First Treatment,
clinical.tsv,TCGA-KS-A4IC,treatments.timepoint_category,,
clinical.tsv,TCGA-J8-A3YD,treatments.timepoint_category,,
clinical.tsv,TCGA-EM-A4FQ,treatments.timepoint_category,,
clinical.tsv,TCGA-KS-A4I9,treatments.timepoint_category,,
clinical.tsv,TCGA-EL-A3D0,treatments.timepoint_category,,
clinical.tsv,TCGA-EL-A3ZT,treatments.timepoint_category,,
clinical.tsv,TCGA-EM-A3AI,treatments.timepoint_category,First Treatment,
clinical.tsv,TCGA-BJ-A28Z,treatments.timepoint_category,,
clinical.tsv,TCGA-KS-A4I1,treatments.timepoint_category,,
clinical.tsv,TCGA-EM-A3AR,treatments.timepoint_category,,
clinical.tsv,TCGA-EM-A2CS,treatments.timepoint_category,,
clinical.tsv,TCGA-ET-A4KN,treatments.timepoint_category,,
clinical.tsv,TCGA-EL-A3H2,treatments.timepoint_category,,
clinical.tsv,TCGA-BJ-A45H,treatments.timepoint_category,,
clinical.tsv,TCGA-ET-A25M,treatments.timepoint_category,First Treatment,
clinical.tsv,TCGA-H2-A422,treatments.timepoint_category,First Treatment,
clinical.tsv,TCGA-EM-A2OX,treatments.timepoint_category,,
clinical.tsv,TCGA-J8-A3YG,treatments.timepoint_category,,
clinical.tsv,TCGA-DJ-A2Q2,treatments.timepoint_category,First Treatment,
clinical.tsv,TCGA-CE-A482,treatments.timepoint_category,,
clinical.tsv,TCGA-FE-A3PC,treatments.timepoint_category,,
clinical.tsv,TCGA-BJ-A45G,treatments.timepoint_category,,
clinical.tsv,TCGA-ET-A25O,treatments.timepoint_category,First Treatment,
clinical.tsv,TCGA-J8-A3YE,treatments.timepoint_category,,
clinical.tsv,TCGA-EL-A3CZ,treatments.timepoint_category,,
clinical.tsv,TCGA-KS-A4IB,treatments.timepoint_category,,
clinical.tsv,TCGA-E3-A3DY,treatments.timepoint_category,,
clinical.tsv,TCGA-KS-A4I7,treatments.timepoint_category,,
clinical.tsv,TCGA-ET-A25G,treatments.timepoint_category,,
clinical.tsv,TCGA-KS-A4I5,treatments.timepoint_category,,
clinical.tsv,TCGA-ET-A39M,treatments.timepoint_category,,
clinical.tsv,TCGA-EL-A3MX,treatments.timepoint_category,,
clinical.tsv,TCGA-ET-A2MY,treatments.timepoint_category,,
clinical.tsv,TCGA-ET-A25N,treatments.timepoint_category,First Treatment,
clinical.tsv,TCGA-EL-A3MZ,treatments.timepoint_category,,
clinical.tsv,TCGA-KS-A4I3,treatments.timepoint_category,,
clinical.tsv,TCGA-EL-A3CO,treatments.timepoint_category,,
clinical.tsv,TCGA-H2-A3RH,treatments.timepoint_category,First Treatment,
clinical.tsv,TCGA-EL-A3ZM,treatments.timepoint_category,,
clinical.tsv,TCGA-BJ-A18Z,treatments.timepoint_category,,
clinical.tsv,TCGA-EM-A22P,treatments.timepoint_category,,
clinical.tsv,TCGA-H2-A2K9,treatments.timepoint_category,First Treatment,
clinical.tsv,TCGA-E8-A44M,treatments.timepoint_category,,
clinical.tsv,TCGA-BJ-A0Z3,treatments.timepoint_category,First Treatment,
clinical.tsv,TCGA-EM-A3O6,treatments.timepoint_category,,
clinical.tsv,TCGA-FE-A3PD,treatments.timepoint_category,First Treatment,
clinical.tsv,TCGA-FY-A40N,treatments.timepoint_category,,
clinical.tsv,TCGA-EM-A4FH,treatments.timepoint_category,,
clinical.tsv,TCGA-KS-A41L,treatments.timepoint_category,,
clinical.tsv,TCGA-E8-A242,treatments.timepoint_category,,
clinical.tsv,TCGA-EM-A4FU,treatments.timepoint_category,,
clinical.tsv,TCGA-EM-A1YA,treatments.timepoint_category,,
clinical.tsv,TCGA-ET-A2MX,treatments.timepoint_category,First Treatment,
clinical.tsv,TCGA-EM-A3AN,treatments.timepoint_category,,
clinical.tsv,TCGA-EM-A2CU,treatments.timepoint_category,,
clinical.tsv,TCGA-BJ-A45J,treatments.timepoint_category,,
clinical.tsv,TCGA-EL-A3CU,treatments.timepoint_category,,
clinical.tsv,TCGA-EM-A2P0,treatments.timepoint_category,,
clinical.tsv,TCGA-E3-A3E1,treatments.timepoint_category,,
clinical.tsv,TCGA-KS-A4ID,treatments.timepoint_category,,
clinical.tsv,TCGA-EL-A3T2,treatments.timepoint_category,,
clinical.tsv,TCGA-EL-A3CS,treatments.timepoint_category,,
clinical.tsv,TCGA-EL-A3H1,treatments.timepoint_category,,
clinical.tsv,TCGA-EM-A4FR,treatments.timepoint_category,,
clinical.tsv,TCGA-KS-A41F,treatments.timepoint_category,,
clinical.tsv,TCGA-EM-A22M,treatments.timepoint_category,First Treatment,
clinical.tsv,TCGA-EM-A2P1,treatments.timepoint_category,,
clinical.tsv,TCGA-J8-A3YH,treatments.timepoint_category,,
clinical.tsv,TCGA-BJ-A0ZE,treatments.timepoint_category,First Treatment,
clinical.tsv,TCGA-EM-A1YB,treatments.timepoint_category,,
clinical.tsv,TCGA-EM-A4FF,treatments.timepoint_category,,
clinical.tsv,TCGA-EM-A2P2,treatments.timepoint_category,,
clinical.tsv,TCGA-ET-A3BV,treatments.timepoint_category,,
clinical.tsv,TCGA-BJ-A2N7,treatments.timepoint_category,,
clinical.tsv,TCGA-IM-A3ED,treatments.timepoint_category,,
clinical.tsv,TCGA-EM-A2OY,treatments.timepoint_category,,
clinical.tsv,TCGA-EM-A3ST,treatments.timepoint_category,,
clinical.tsv,TCGA-EM-A3AJ,treatments.timepoint_category,,
clinical.tsv,TCGA-FY-A3R9,treatments.timepoint_category,,
clinical.tsv,TCGA-BJ-A0ZB,treatments.timepoint_category,First Treatment,
clinical.tsv,TCGA-EM-A4FO,treatments.timepoint_category,,
clinical.tsv,TCGA-H2-A26U,treatments.timepoint_category,,
clinical.tsv,TCGA-EL-A3MW,treatments.timepoint_category,,
clinical.tsv,TCGA-EM-A4FN,treatments.timepoint_category,,
clinical.tsv,TCGA-J8-A4HW,treatments.timepoint_category,,
clinical.tsv,TCGA-EM-A3SU,treatments.timepoint_category,,
clinical.tsv,TCGA-EM-A3FQ,treatments.timepoint_category,,
clinical.tsv,TCGA-EM-A2CO,treatments.timepoint_category,First Treatment,
clinical.tsv,TCGA-BJ-A190,treatments.timepoint_category,,
clinical.tsv,TCGA-EM-A3FK,treatments.timepoint_category,First Treatment,
clinical.tsv,TCGA-EM-A3SX,treatments.timepoint_category,,
clinical.tsv,TCGA-EM-A3AO,treatments.timepoint_category,First Treatment,
clinical.tsv,TCGA-KS-A41J,treatments.timepoint_category,,
clinical.tsv,TCGA-BJ-A191,treatments.timepoint_category,,
clinical.tsv,TCGA-BJ-A3PT,treatments.timepoint_category,,
clinical.tsv,TCGA-EM-A2CM,treatments.timepoint_category,First Treatment,
clinical.tsv,TCGA-EM-A3FR,treatments.timepoint_category,First Treatment,
clinical.tsv,TCGA-EM-A3O9,treatments.timepoint_category,First Treatment,
clinical.tsv,TCGA-EM-A3O7,treatments.timepoint_category,,
clinical.tsv,TCGA-ET-A2N4,treatments.timepoint_category,,
clinical.tsv,TCGA-EM-A2CN,treatments.timepoint_category,First Treatment,
clinical.tsv,TCGA-BJ-A0ZA,treatments.timepoint_category,First Treatment,
clinical.tsv,TCGA-E3-A3E0,treatments.timepoint_category,,
clinical.tsv,TCGA-BJ-A0Z0,treatments.timepoint_category,First Treatment,
clinical.tsv,TCGA-KS-A41I,treatments.timepoint_category,,
clinical.tsv,TCGA-EM-A2CK,treatments.timepoint_category,First Treatment,
clinical.tsv,TCGA-DJ-A3V5,treatments.timepoint_category,,
clinical.tsv,TCGA-GE-A2C6,treatments.timepoint_category,,
clinical.tsv,TCGA-H2-A421,treatments.timepoint_category,,
clinical.tsv,TCGA-EM-A3FM,treatments.timepoint_category,First Treatment,
clinical.tsv,TCGA-BJ-A18Y,treatments.timepoint_category,,
clinical.tsv,TCGA-EM-A3FO,treatments.timepoint_category,First Treatment,
clinical.tsv,TCGA-EM-A3FP,treatments.timepoint_category,First Treatment,
clinical.tsv,TCGA-EM-A22J,treatments.timepoint_category,,
clinical.tsv,TCGA-EM-A3FJ,treatments.timepoint_category,First Treatment,
clinical.tsv,TCGA-EM-A3FL,treatments.timepoint_category,First Treatment,
clinical.tsv,TCGA-BJ-A45F,treatments.timepoint_category,,
clinical.tsv,TCGA-EM-A22K,treatments.timepoint_category,,
clinical.tsv,TCGA-BJ-A2P4,treatments.timepoint_category,First Treatment,
clinical.tsv,TCGA-EM-A22I,treatments.timepoint_category,,
clinical.tsv,TCGA-BJ-A0Z5,treatments.timepoint_category,First Treatment,
clinical.tsv,TCGA-ET-A25I,treatments.timepoint_category,,
clinical.tsv,TCGA-EM-A1CW,treatments.timepoint_category,First Treatment,
clinical.tsv,TCGA-EL-A3CP,treatments.timepoint_category,,
clinical.tsv,TCGA-ET-A25J,treatments.timepoint_category,,
clinical.tsv,TCGA-EM-A22Q,treatments.timepoint_category,First Treatment,
clinical.tsv,TCGA-ET-A2N3,treatments.timepoint_category,First Treatment,
clinical.tsv,TCGA-QD-A8IV,treatments.timepoint_category,,
clinical.tsv,TCGA-EM-A22N,treatments.timepoint_category,First Treatment,
clinical.tsv,TCGA-EM-A1YE,treatments.timepoint_category,First Treatment,
clinical.tsv,TCGA-FY-A4B3,treatments.timepoint_category,,
clinical.tsv,TCGA-DJ-A3UY,treatments.timepoint_category,,
clinical.tsv,TCGA-EL-A4K0,treatments.timepoint_category,,
clinical.tsv,TCGA-ET-A25R,treatments.timepoint_category,,
clinical.tsv,TCGA-ET-A25P,treatments.timepoint_category,,
clinical.tsv,TCGA-DJ-A2PU,treatments.timepoint_category,,
clinical.tsv,TCGA-CE-A3MD,treatments.timepoint_category,,
clinical.tsv,TCGA-DJ-A3VI,treatments.timepoint_category,,
clinical.tsv,TCGA-ET-A3DP,treatments.timepoint_category,,
clinical.tsv,TCGA-BJ-A2N9,treatments.timepoint_category,,
clinical.tsv,TCGA-EL-A3ZN,treatments.timepoint_category,,
clinical.tsv,TCGA-DE-A7U5,treatments.timepoint_category,,
clinical.tsv,TCGA-E8-A414,treatments.timepoint_category,,
clinical.tsv,TCGA-EM-A1CT,treatments.timepoint_category,First Treatment,
clinical.tsv,TCGA-ET-A40T,treatments.timepoint_category,,
clinical.tsv,TCGA-ET-A3BW,treatments.timepoint_category,,
clinical.tsv,TCGA-DJ-A2PR,treatments.timepoint_category,,
clinical.tsv,TCGA-ET-A39I,treatments.timepoint_category,,
clinical.tsv,TCGA-EL-A3H3,treatments.timepoint_category,,
clinical.tsv,TCGA-DJ-A13W,treatments.timepoint_category,,
clinical.tsv,TCGA-EL-A4JZ,treatments.timepoint_category,,
clinical.tsv,TCGA-ET-A3BU,treatments.timepoint_category,,
clinical.tsv,TCGA-E8-A433,treatments.timepoint_category,,
clinical.tsv,TCGA-EM-A1CU,treatments.timepoint_category,First Treatment,
clinical.tsv,TCGA-EL-A3GQ,treatments.timepoint_category,,
clinical.tsv,TCGA-ET-A2MZ,treatments.timepoint_category,,
clinical.tsv,TCGA-J8-A3O0,treatments.timepoint_category,,
clinical.tsv,TCGA-FY-A3WA,treatments.timepoint_category,,
clinical.tsv,TCGA-ET-A3DS,treatments.timepoint_category,,
clinical.tsv,TCGA-DJ-A3UW,treatments.timepoint_category,,
clinical.tsv,TCGA-DJ-A2PV,treatments.timepoint_category,,
clinical.tsv,TCGA-FK-A3SD,treatments.timepoint_category,,
clinical.tsv,TCGA-DJ-A3V3,treatments.timepoint_category,,
clinical.tsv,TCGA-DJ-A3UN,treatments.timepoint_category,,
clinical.tsv,TCGA-EL-A4JX,treatments.timepoint_category,,
clinical.tsv,TCGA-DJ-A3US,treatments.timepoint_category,,
clinical.tsv,TCGA-DJ-A13O,treatments.timepoint_category,,
clinical.tsv,TCGA-DJ-A4UL,treatments.timepoint_category,,
clinical.tsv,TCGA-ET-A39T,treatments.timepoint_category,,
clinical.tsv,TCGA-DJ-A2Q7,treatments.timepoint_category,,
clinical.tsv,TCGA-DJ-A3V2,treatments.timepoint_category,,
clinical.tsv,TCGA-ET-A40P,treatments.timepoint_category,,
clinical.tsv,TCGA-CE-A483,treatments.timepoint_category,,
clinical.tsv,TCGA-IM-A3U2,treatments.timepoint_category,,
clinical.tsv,TCGA-E8-A416,treatments.timepoint_category,,
clinical.tsv,TCGA-BJ-A0Z9,treatments.timepoint_category,,
clinical.tsv,TCGA-FK-A3SB,treatments.timepoint_category,,
clinical.tsv,TCGA-ET-A3BX,treatments.timepoint_category,,
clinical.tsv,TCGA-DJ-A2Q0,treatments.timepoint_category,,
clinical.tsv,TCGA-BJ-A0ZF,treatments.timepoint_category,,
clinical.tsv,TCGA-FY-A3R6,treatments.timepoint_category,,
clinical.tsv,TCGA-EL-A3CX,treatments.timepoint_category,,
clinical.tsv,TCGA-E8-A417,treatments.timepoint_category,,
clinical.tsv,TCGA-EL-A3T1,treatments.timepoint_category,,
clinical.tsv,TCGA-E8-A2EA,treatments.timepoint_category,,
clinical.tsv,TCGA-ET-A39R,treatments.timepoint_category,,
clinical.tsv,TCGA-CE-A485,treatments.timepoint_category,,
clinical.tsv,TCGA-DJ-A3UT,treatments.timepoint_category,,
clinical.tsv,TCGA-ET-A3DT,treatments.timepoint_category,,
clinical.tsv,TCGA-ET-A3DR,treatments.timepoint_category,,
clinical.tsv,TCGA-CE-A13K,treatments.timepoint_category,,
clinical.tsv,TCGA-DJ-A2PX,treatments.timepoint_category,,
clinical.tsv,TCGA-DJ-A3UX,treatments.timepoint_category,,
clinical.tsv,TCGA-EL-A4K2,treatments.timepoint_category,,
clinical.tsv,TCGA-E8-A44K,treatments.timepoint_category,,
clinical.tsv,TCGA-BJ-A3F0,treatments.timepoint_category,,
clinical.tsv,TCGA-E8-A432,treatments.timepoint_category,,
clinical.tsv,TCGA-EL-A3GO,treatments.timepoint_category,,
clinical.tsv,TCGA-EL-A4K1,treatments.timepoint_category,,
clinical.tsv,TCGA-DJ-A3UZ,treatments.timepoint_category,,
clinical.tsv,TCGA-EL-A3CY,treatments.timepoint_category,,
clinical.tsv,TCGA-DJ-A4UT,treatments.timepoint_category,,
clinical.tsv,TCGA-DJ-A2QA,treatments.timepoint_category,,
clinical.tsv,TCGA-DJ-A4V4,treatments.timepoint_category,,
clinical.tsv,TCGA-DJ-A13M,treatments.timepoint_category,,
clinical.tsv,TCGA-BJ-A3EZ,treatments.timepoint_category,,
clinical.tsv,TCGA-DJ-A3VG,treatments.timepoint_category,,
clinical.tsv,TCGA-ET-A3BO,treatments.timepoint_category,,
clinical.tsv,TCGA-E8-A415,treatments.timepoint_category,,
clinical.tsv,TCGA-DJ-A3UR,treatments.timepoint_category,,
clinical.tsv,TCGA-ET-A40S,treatments.timepoint_category,,
clinical.tsv,TCGA-DJ-A13P,treatments.timepoint_category,,
clinical.tsv,TCGA-DJ-A3VL,treatments.timepoint_category,,
clinical.tsv,TCGA-DJ-A1QG,treatments.timepoint_category,,
clinical.tsv,TCGA-ET-A39O,treatments.timepoint_category,,
clinical.tsv,TCGA-DJ-A3UM,treatments.timepoint_category,,
clinical.tsv,TCGA-E8-A413,treatments.timepoint_category,,
clinical.tsv,TCGA-DJ-A3UK,treatments.timepoint_category,,
clinical.tsv,TCGA-DJ-A1QD,treatments.timepoint_category,,
clinical.tsv,TCGA-EL-A4K7,treatments.timepoint_category,,
clinical.tsv,TCGA-EL-A4KG,treatments.timepoint_category,,
clinical.tsv,TCGA-IM-A3U3,treatments.timepoint_category,,
clinical.tsv,TCGA-EL-A3GP,treatments.timepoint_category,,
clinical.tsv,TCGA-CE-A3ME,treatments.timepoint_category,,
clinical.tsv,TCGA-E8-A436,treatments.timepoint_category,,
clinical.tsv,TCGA-DJ-A3VE,treatments.timepoint_category,,
clinical.tsv,TCGA-4C-A93U,treatments.timepoint_category,,
clinical.tsv,TCGA-IM-A420,treatments.timepoint_category,,
clinical.tsv,TCGA-CE-A484,treatments.timepoint_category,,
clinical.tsv,TCGA-E8-A418,treatments.timepoint_category,,
clinical.tsv,TCGA-E8-A434,treatments.timepoint_category,,
clinical.tsv,TCGA-DJ-A2Q4,treatments.timepoint_category,,
clinical.tsv,TCGA-E8-A438,treatments.timepoint_category,,
clinical.tsv,TCGA-DJ-A3UV,treatments.timepoint_category,,
clinical.tsv,TCGA-ET-A3DQ,treatments.timepoint_category,,
clinical.tsv,TCGA-BJ-A0Z2,treatments.timepoint_category,,
clinical.tsv,TCGA-BJ-A2NA,treatments.timepoint_category,,
clinical.tsv,TCGA-EL-A3H8,treatments.timepoint_category,,
clinical.tsv,TCGA-EL-A3H7,treatments.timepoint_category,,
clinical.tsv,TCGA-BJ-A3PR,treatments.timepoint_category,,
clinical.tsv,TCGA-DJ-A2PY,treatments.timepoint_category,,
clinical.tsv,TCGA-DJ-A4V0,treatments.timepoint_category,,
clinical.tsv,TCGA-EL-A3CW,treatments.timepoint_category,,
clinical.tsv,TCGA-DJ-A2PP,treatments.timepoint_category,,
clinical.tsv,TCGA-DJ-A13T,treatments.timepoint_category,,
clinical.tsv,TCGA-E8-A437,treatments.timepoint_category,,
clinical.tsv,TCGA-DJ-A2QC,treatments.timepoint_category,,
clinical.tsv,TCGA-DJ-A1QN,treatments.timepoint_category,,
clinical.tsv,TCGA-EL-A3CR,treatments.timepoint_category,,
clinical.tsv,TCGA-DJ-A3VA,treatments.timepoint_category,,
clinical.tsv,TCGA-ET-A4KQ,treatments.timepoint_category,,
clinical.tsv,TCGA-J8-A4HY,treatments.timepoint_category,,
clinical.tsv,TCGA-DJ-A1QM,treatments.timepoint_category,,
clinical.tsv,TCGA-BJ-A45E,treatments.timepoint_category,,
clinical.tsv,TCGA-DJ-A1QI,treatments.timepoint_category,,
clinical.tsv,TCGA-ET-A3BN,treatments.timepoint_category,,
clinical.tsv,TCGA-EL-A3CT,treatments.timepoint_category,,
clinical.tsv,TCGA-BJ-A28R,treatments.timepoint_category,,
clinical.tsv,TCGA-FY-A3TY,treatments.timepoint_category,,
clinical.tsv,TCGA-BJ-A28S,treatments.timepoint_category,,
clinical.tsv,TCGA-DJ-A2PZ,treatments.timepoint_category,,
clinical.tsv,TCGA-EL-A3CL,treatments.timepoint_category,,
clinical.tsv,TCGA-BJ-A2N8,treatments.timepoint_category,,
clinical.tsv,TCGA-DO-A2HM,treatments.timepoint_category,,
clinical.tsv,TCGA-FK-A3SG,treatments.timepoint_category,,
clinical.tsv,TCGA-BJ-A0ZJ,treatments.timepoint_category,,
clinical.tsv,TCGA-DJ-A13S,treatments.timepoint_category,,
clinical.tsv,TCGA-DJ-A1QQ,treatments.timepoint_category,,
clinical.tsv,TCGA-BJ-A0ZG,treatments.timepoint_category,,
clinical.tsv,TCGA-BJ-A28W,treatments.timepoint_category,,
clinical.tsv,TCGA-BJ-A28T,treatments.timepoint_category,,
clinical.tsv,TCGA-EL-A3T7,treatments.timepoint_category,,
clinical.tsv,TCGA-BJ-A192,treatments.timepoint_category,,
clinical.tsv,TCGA-BJ-A28V,treatments.timepoint_category,,
clinical.tsv,TCGA-FY-A3BL,treatments.timepoint_category,,
clinical.tsv,TCGA-DJ-A13L,treatments.timepoint_category,,
clinical.tsv,TCGA-BJ-A4O9,treatments.timepoint_category,,
clinical.tsv,TCGA-BJ-A291,treatments.timepoint_category,,
clinical.tsv,TCGA-DJ-A2PO,treatments.timepoint_category,,
clinical.tsv,TCGA-DJ-A4V2,treatments.timepoint_category,,
clinical.tsv,TCGA-DJ-A1QE,treatments.timepoint_category,,
clinical.tsv,TCGA-ET-A39S,treatments.timepoint_category,,
clinical.tsv,TCGA-DJ-A1QL,treatments.timepoint_category,,
clinical.tsv,TCGA-BJ-A45D,treatments.timepoint_category,,
clinical.tsv,TCGA-BJ-A0YZ,treatments.timepoint_category,,
clinical.tsv,TCGA-FY-A3NM,treatments.timepoint_category,,
clinical.tsv,TCGA-DJ-A2Q8,treatments.timepoint_category,,
clinical.tsv,TCGA-DJ-A2PN,treatments.timepoint_category,,
clinical.tsv,TCGA-EM-A3AL,treatments.timepoint_category,,
clinical.tsv,TCGA-EM-A4FK,treatments.timepoint_category,,
clinical.tsv,TCGA-EM-A3SZ,treatments.timepoint_category,,
clinical.tsv,TCGA-EM-A3AP,treatments.timepoint_category,,
clinical.tsv,TCGA-EM-A2OZ,treatments.timepoint_category,,
clinical.tsv,TCGA-EM-A2CR,treatments.timepoint_category,,
clinical.tsv,TCGA-EM-A3OA,treatments.timepoint_category,,
clinical.tsv,TCGA-EM-A2CL,treatments.timepoint_category,,
clinical.tsv,TCGA-EM-A2CP,treatments.timepoint_category,,
clinical.tsv,TCGA-DJ-A13X,treatments.timepoint_category,,
clinical.tsv,TCGA-EM-A3AK,treatments.timepoint_category,,
clinical.tsv,TCGA-EM-A3FN,treatments.timepoint_category,,
clinical.tsv,TCGA-J8-A42S,treatments.timepoint_category,,
clinical.tsv,TCGA-EM-A4FV,treatments.timepoint_category,,
clinical.tsv,TCGA-BJ-A0ZC,treatments.timepoint_category,,
clinical.tsv,TCGA-EM-A2CQ,treatments.timepoint_category,,
clinical.tsv,TCGA-CE-A27D,treatments.timepoint_category,,
clinical.tsv,TCGA-FY-A76V,treatments.timepoint_category,,
clinical.tsv,TCGA-BJ-A0ZH,treatments.timepoint_category,,
clinical.tsv,TCGA-EL-A3T9,treatments.timepoint_category,,
clinical.tsv,TCGA-BJ-A45K,treatments.timepoint_category,,
clinical.tsv,TCGA-EM-A3OB,treatments.timepoint_category,,
clinical.tsv,TCGA-EM-A3SY,treatments.timepoint_category,,
clinical.tsv,TCGA-EM-A3O8,treatments.timepoint_category,,
clinical.tsv,TCGA-EM-A2OW,treatments.timepoint_category,,
clinical.tsv,TCGA-FY-A3R7,treatments.timepoint_category,,
clinical.tsv,TCGA-EM-A2CT,treatments.timepoint_category,,
clinical.tsv,TCGA-EM-A2P3,treatments.timepoint_category,,
clinical.tsv,TCGA-EM-A4G1,treatments.timepoint_category,,
clinical.tsv,TCGA-ET-A39L,treatments.timepoint_category,,
clinical.tsv,TCGA-EM-A2CJ,treatments.timepoint_category,,
clinical.tsv,TCGA-EM-A3AQ,treatments.timepoint_category,,
clinical.tsv,TCGA-DJ-A1QF,treatments.timepoint_category,,
clinical.tsv,TCGA-ET-A3BQ,treatments.timepoint_category,,
clinical.tsv,TCGA-EM-A1CV,treatments.timepoint_category,,
clinical.tsv,TCGA-EM-A1YD,treatments.timepoint_category,,
clinical.tsv,TCGA-EM-A22L,treatments.timepoint_category,,
clinical.tsv,TCGA-EM-A1CS,treatments.timepoint_category,,
clinical.tsv,TCGA-FY-A3I5,treatments.timepoint_category,,
clinical.tsv,TCGA-FY-A3NN,treatments.timepoint_category,,
clinical.tsv,TCGA-FY-A2QD,treatments.timepoint_category,,
follow_up.tsv,TCGA-ET-A3DO,follow_ups.days_to_adverse_event,,
follow_up.tsv,TCGA-EL-A4KI,follow_ups.days_to_adverse_event,,
follow_up.tsv,TCGA-BJ-A290,follow_ups.days_to_adverse_event,,
follow_up.tsv,TCGA-EL-A4K6,follow_ups.days_to_adverse_event,,
follow_up.tsv,TCGA-EM-A4FU,follow_ups.days_to_adverse_event,,
follow_up.tsv,TCGA-ET-A39K,follow_ups.days_to_adverse_event,,
follow_up.tsv,TCGA-FE-A22Z,follow_ups.days_to_adverse_event,,
follow_up.tsv,TCGA-FE-A237,follow_ups.days_to_adverse_event,,
follow_up.tsv,TCGA-EL-A3GX,follow_ups.days_to_adverse_event,,
follow_up.tsv,TCGA-DO-A1K0,follow_ups.days_to_adverse_event,,
follow_up.tsv,TCGA-EM-A4FF,follow_ups.days_to_adverse_event,,
follow_up.tsv,TCGA-ET-A3BV,follow_ups.days_to_adverse_event,,
follow_up.tsv,TCGA-DE-A0Y3,follow_ups.days_to_adverse_event,,
follow_up.tsv,TCGA-DJ-A4UR,follow_ups.days_to_adverse_event,,
follow_up.tsv,TCGA-DE-A4MD,follow_ups.days_to_adverse_event,,
follow_up.tsv,TCGA-ET-A3BT,follow_ups.days_to_adverse_event,,
follow_up.tsv,TCGA-EL-A3GU,follow_ups.days_to_adverse_event,,
follow_up.tsv,TCGA-FE-A234,follow_ups.days_to_adverse_event,,
follow_up.tsv,TCGA-FE-A233,follow_ups.days_to_adverse_event,,
follow_up.tsv,TCGA-BJ-A0Z2,follow_ups.days_to_adverse_event,,
follow_up.tsv,TCGA-FE-A239,follow_ups.days_to_adverse_event,,
follow_up.tsv,TCGA-E3-A3E3,follow_ups.days_to_adverse_event,,
follow_up.tsv,TCGA-ET-A40Q,follow_ups.days_to_adverse_event,,
follow_up.tsv,TCGA-DE-A4MC,follow_ups.days_to_adverse_event,,
follow_up.tsv,TCGA-EL-A3T2,follow_ups.days_to_adverse_event,,
follow_up.tsv,TCGA-EM-A3FM,follow_ups.days_to_adverse_event,,
follow_up.tsv,TCGA-E8-A432,follow_ups.days_to_adverse_event,,
follow_up.tsv,TCGA-EL-A3GO,follow_ups.days_to_adverse_event,,
follow_up.tsv,TCGA-FE-A230,follow_ups.days_to_adverse_event,,
follow_up.tsv,TCGA-H2-A3RI,follow_ups.days_to_adverse_event,,
follow_up.tsv,TCGA-EL-A3CZ,follow_ups.days_to_adverse_event,,
follow_up.tsv,TCGA-FE-A238,follow_ups.days_to_adverse_event,,
follow_up.tsv,TCGA-EL-A3MX,follow_ups.days_to_adverse_event,,
follow_up.tsv,TCGA-BJ-A3PU,follow_ups.days_to_adverse_event,,
follow_up.tsv,TCGA-EM-A2P1,follow_ups.days_to_adverse_event,,
follow_up.tsv,TCGA-BJ-A18Z,follow_ups.days_to_adverse_event,,
follow_up.tsv,TCGA-BJ-A0Z5,follow_ups.days_to_adverse_event,,
follow_up.tsv,TCGA-BJ-A4O8,follow_ups.days_to_adverse_event,,
follow_up.tsv,TCGA-FE-A3PA,follow_ups.days_to_adverse_event,,
follow_up.tsv,TCGA-BJ-A2N9,follow_ups.days_to_adverse_event,,
follow_up.tsv,TCGA-BJ-A191,follow_ups.days_to_adverse_event,,
follow_up.tsv,TCGA-EL-A3ZG,follow_ups.days_to_adverse_event,,
follow_up.tsv,TCGA-BJ-A0Z3,follow_ups.days_to_adverse_event,,
follow_up.tsv,TCGA-EM-A2CN,follow_ups.days_to_adverse_event,,
follow_up.tsv,TCGA-EL-A3D0,follow_ups.days_to_adverse_event,,
follow_up.tsv,TCGA-BJ-A45J,follow_ups.days_to_adverse_event,,
follow_up.tsv,TCGA-EL-A3MY,follow_ups.days_to_adverse_event,,
follow_up.tsv,TCGA-BJ-A45H,follow_ups.days_to_adverse_event,,
follow_up.tsv,TCGA-FK-A4UB,follow_ups.days_to_adverse_event,,
follow_up.tsv,TCGA-DE-A69K,follow_ups.days_to_adverse_event,,
follow_up.tsv,TCGA-BJ-A0ZH,follow_ups.days_to_adverse_event,,
follow_up.tsv,TCGA-BJ-A0ZF,follow_ups.days_to_adverse_event,,
follow_up.tsv,TCGA-DJ-A3UX,follow_ups.days_to_adverse_event,,
follow_up.tsv,TCGA-BJ-A0ZG,follow_ups.days_to_adverse_event,,
follow_up.tsv,TCGA-BJ-A28W,follow_ups.days_to_adverse_event,,
follow_up.tsv,TCGA-QD-A8IV,follow_ups.days_to_adverse_event,,
follow_up.tsv,TCGA-BJ-A4O9,follow_ups.days_to_adverse_event,,
follow_up.tsv,TCGA-EM-A3ST,follow_ups.days_to_adverse_event,,
follow_up.tsv,TCGA-BJ-A0ZB,follow_ups.days_to_adverse_event,,
follow_up.tsv,TCGA-L6-A4ET,follow_ups.days_to_adverse_event,,
follow_up.tsv,TCGA-BJ-A2NA,follow_ups.days_to_adverse_event,,
follow_up.tsv,TCGA-J8-A3YF,follow_ups.days_to_adverse_event,,
follow_up.tsv,TCGA-BJ-A190,follow_ups.days_to_adverse_event,,
follow_up.tsv,TCGA-DE-A7U5,follow_ups.days_to_adverse_event,,
follow_up.tsv,TCGA-BJ-A45E,follow_ups.days_to_adverse_event,,
follow_up.tsv,TCGA-BJ-A0ZA,follow_ups.days_to_adverse_event,,
follow_up.tsv,TCGA-J8-A3YD,follow_ups.days_to_adverse_event,,
follow_up.tsv,TCGA-BJ-A0ZC,follow_ups.days_to_adverse_event,,
follow_up.tsv,TCGA-BJ-A28Z,follow_ups.days_to_adverse_event,,
follow_up.tsv,TCGA-BJ-A0ZJ,follow_ups.days_to_adverse_event,,
follow_up.tsv,TCGA-BJ-A45K,follow_ups.days_to_adverse_event,,
follow_up.tsv,TCGA-J8-A3YG,follow_ups.days_to_adverse_event,,
follow_up.tsv,TCGA-BJ-A0ZE,follow_ups.days_to_adverse_event,,
follow_up.tsv,TCGA-BJ-A18Y,follow_ups.days_to_adverse_event,,
follow_up.tsv,TCGA-BJ-A28X,follow_ups.days_to_adverse_event,,
follow_up.tsv,TCGA-BJ-A192,follow_ups.days_to_adverse_event,,
follow_up.tsv,TCGA-BJ-A45I,follow_ups.days_to_adverse_event,,
follow_up.tsv,TCGA-BJ-A45F,follow_ups.days_to_adverse_event,,
follow_up.tsv,TCGA-J8-A3O1,follow_ups.days_to_adverse_event,,
follow_up.tsv,TCGA-DJ-A4V0,follow_ups.days_to_adverse_event,,
follow_up.tsv,TCGA-EL-A3N3,follow_ups.days_to_adverse_event,,
follow_up.tsv,TCGA-FY-A4B3,follow_ups.days_to_adverse_event,,
follow_up.tsv,TCGA-FY-A3NP,follow_ups.days_to_adverse_event,,
follow_up.tsv,TCGA-DJ-A3UY,follow_ups.days_to_adverse_event,,
follow_up.tsv,TCGA-H2-A3RH,follow_ups.days_to_adverse_event,,
follow_up.tsv,TCGA-J8-A3O2,follow_ups.days_to_adverse_event,,
follow_up.tsv,TCGA-EM-A2CO,follow_ups.days_to_adverse_event,,
follow_up.tsv,TCGA-EL-A3ZM,follow_ups.days_to_adverse_event,,
follow_up.tsv,TCGA-DJ-A2PP,follow_ups.days_to_adverse_event,,
follow_up.tsv,TCGA-FE-A3PB,follow_ups.days_to_adverse_event,,
follow_up.tsv,TCGA-DJ-A2Q9,follow_ups.days_to_adverse_event,,
follow_up.tsv,TCGA-EL-A4K0,follow_ups.days_to_adverse_event,,
follow_up.tsv,TCGA-DE-A3KN,follow_ups.days_to_adverse_event,,
follow_up.tsv,TCGA-ET-A25R,follow_ups.days_to_adverse_event,,
follow_up.tsv,TCGA-EM-A1YC,follow_ups.days_to_adverse_event,,
follow_up.tsv,TCGA-DJ-A13T,follow_ups.days_to_adverse_event,,
follow_up.tsv,TCGA-EM-A3AL,follow_ups.days_to_adverse_event,,
follow_up.tsv,TCGA-EM-A4FK,follow_ups.days_to_adverse_event,,
follow_up.tsv,TCGA-EM-A3FK,follow_ups.days_to_adverse_event,,
follow_up.tsv,TCGA-ET-A25I,follow_ups.days_to_adverse_event,,
follow_up.tsv,TCGA-EM-A3SZ,follow_ups.days_to_adverse_event,,
follow_up.tsv,TCGA-EM-A3AP,follow_ups.days_to_adverse_event,,
follow_up.tsv,TCGA-ET-A25P,follow_ups.days_to_adverse_event,,
follow_up.tsv,TCGA-EM-A4FM,follow_ups.days_to_adverse_event,,
follow_up.tsv,TCGA-DJ-A2PU,follow_ups.days_to_adverse_event,,
follow_up.tsv,TCGA-DJ-A2Q5,follow_ups.days_to_adverse_event,,
follow_up.tsv,TCGA-EM-A3SX,follow_ups.days_to_adverse_event,,
follow_up.tsv,TCGA-EL-A3ZH,follow_ups.days_to_adverse_event,,
follow_up.tsv,TCGA-EL-A3GY,follow_ups.days_to_adverse_event,,
follow_up.tsv,TCGA-CE-A3MD,follow_ups.days_to_adverse_event,,
follow_up.tsv,TCGA-DO-A1JZ,follow_ups.days_to_adverse_event,,
follow_up.tsv,TCGA-ET-A39J,follow_ups.days_to_adverse_event,,
follow_up.tsv,TCGA-DJ-A3VI,follow_ups.days_to_adverse_event,,
follow_up.tsv,TCGA-ET-A3DP,follow_ups.days_to_adverse_event,,
follow_up.tsv,TCGA-EM-A3AO,follow_ups.days_to_adverse_event,,
follow_up.tsv,TCGA-EM-A22P,follow_ups.days_to_adverse_event,,
follow_up.tsv,TCGA-E8-A437,follow_ups.days_to_adverse_event,,
follow_up.tsv,TCGA-DJ-A3VM,follow_ups.days_to_adverse_event,,
follow_up.tsv,TCGA-DJ-A2QC,follow_ups.days_to_adverse_event,,
follow_up.tsv,TCGA-EL-A3ZN,follow_ups.days_to_adverse_event,,
follow_up.tsv,TCGA-EM-A2OZ,follow_ups.days_to_adverse_event,,
follow_up.tsv,TCGA-DJ-A1QN,follow_ups.days_to_adverse_event,,
follow_up.tsv,TCGA-EL-A3D6,follow_ups.days_to_adverse_event,,
follow_up.tsv,TCGA-ET-A2N0,follow_ups.days_to_adverse_event,,
follow_up.tsv,TCGA-EM-A2CR,follow_ups.days_to_adverse_event,,
follow_up.tsv,TCGA-MK-A84Z,follow_ups.days_to_adverse_event,,
follow_up.tsv,TCGA-EL-A3CM,follow_ups.days_to_adverse_event,,
follow_up.tsv,TCGA-EM-A1CW,follow_ups.days_to_adverse_event,,
follow_up.tsv,TCGA-KS-A41J,follow_ups.days_to_adverse_event,,
follow_up.tsv,TCGA-E8-A414,follow_ups.days_to_adverse_event,,
follow_up.tsv,TCGA-EL-A3GS,follow_ups.days_to_adverse_event,,
follow_up.tsv,TCGA-EM-A3OA,follow_ups.days_to_adverse_event,,
follow_up.tsv,TCGA-ET-A40R,follow_ups.days_to_adverse_event,,
follow_up.tsv,TCGA-MK-A4N9,follow_ups.days_to_adverse_event,,
follow_up.tsv,TCGA-DJ-A4UP,follow_ups.days_to_adverse_event,,
follow_up.tsv,TCGA-EL-A3CR,follow_ups.days_to_adverse_event,,
follow_up.tsv,TCGA-H2-A2K9,follow_ups.days_to_adverse_event,,
follow_up.tsv,TCGA-DJ-A3UP,follow_ups.days_to_adverse_event,,
follow_up.tsv,TCGA-DJ-A4UQ,follow_ups.days_to_adverse_event,,
follow_up.tsv,TCGA-EM-A2CL,follow_ups.days_to_adverse_event,,
follow_up.tsv,TCGA-DJ-A3VA,follow_ups.days_to_adverse_event,,
follow_up.tsv,TCGA-EM-A1CT,follow_ups.days_to_adverse_event,,
follow_up.tsv,TCGA-ET-A4KQ,follow_ups.days_to_adverse_event,,
follow_up.tsv,TCGA-EL-A4K4,follow_ups.days_to_adverse_event,,
follow_up.tsv,TCGA-BJ-A3PT,follow_ups.days_to_adverse_event,,
follow_up.tsv,TCGA-EM-A3O3,follow_ups.days_to_adverse_event,,
follow_up.tsv,TCGA-EM-A2CM,follow_ups.days_to_adverse_event,,
follow_up.tsv,TCGA-J8-A4HY,follow_ups.days_to_adverse_event,,
follow_up.tsv,TCGA-EM-A3FR,follow_ups.days_to_adverse_event,,
follow_up.tsv,TCGA-CE-A481,follow_ups.days_to_adverse_event,,
follow_up.tsv,TCGA-ET-A40T,follow_ups.days_to_adverse_event,,
follow_up.tsv,TCGA-ET-A3BW,follow_ups.days_to_adverse_event,,
follow_up.tsv,TCGA-DJ-A2PR,follow_ups.days_to_adverse_event,,
follow_up.tsv,TCGA-E8-A44M,follow_ups.days_to_adverse_event,,
follow_up.tsv,TCGA-DJ-A3V9,follow_ups.days_to_adverse_event,,
follow_up.tsv,TCGA-EM-A2CP,follow_ups.days_to_adverse_event,,
follow_up.tsv,TCGA-ET-A25K,follow_ups.days_to_adverse_event,,
follow_up.tsv,TCGA-EL-A3GZ,follow_ups.days_to_adverse_event,,
follow_up.tsv,TCGA-FE-A236,follow_ups.days_to_adverse_event,,
follow_up.tsv,TCGA-EL-A3ZQ,follow_ups.days_to_adverse_event,,
follow_up.tsv,TCGA-EM-A3O9,follow_ups.days_to_adverse_event,,
follow_up.tsv,TCGA-EL-A3N2,follow_ups.days_to_adverse_event,,
follow_up.tsv,TCGA-DJ-A3V4,follow_ups.days_to_adverse_event,,
follow_up.tsv,TCGA-EL-A3CP,follow_ups.days_to_adverse_event,,
follow_up.tsv,TCGA-DJ-A1QM,follow_ups.days_to_adverse_event,,
follow_up.tsv,TCGA-DJ-A3UQ,follow_ups.days_to_adverse_event,,
follow_up.tsv,TCGA-ET-A39I,follow_ups.days_to_adverse_event,,
follow_up.tsv,TCGA-IM-A4EB,follow_ups.days_to_adverse_event,,
follow_up.tsv,TCGA-EM-A3O6,follow_ups.days_to_adverse_event,,
follow_up.tsv,TCGA-EL-A3H3,follow_ups.days_to_adverse_event,,
follow_up.tsv,TCGA-FE-A3PD,follow_ups.days_to_adverse_event,,
follow_up.tsv,TCGA-DJ-A2PT,follow_ups.days_to_adverse_event,,
follow_up.tsv,TCGA-EM-A3O7,follow_ups.days_to_adverse_event,,
follow_up.tsv,TCGA-IM-A3EB,follow_ups.days_to_adverse_event,,
follow_up.tsv,TCGA-DJ-A1QI,follow_ups.days_to_adverse_event,,
follow_up.tsv,TCGA-DJ-A13X,follow_ups.days_to_adverse_event,,
follow_up.tsv,TCGA-DJ-A13W,follow_ups.days_to_adverse_event,,
follow_up.tsv,TCGA-ET-A3BN,follow_ups.days_to_adverse_event,,
follow_up.tsv,TCGA-EL-A3ZO,follow_ups.days_to_adverse_event,,
follow_up.tsv,TCGA-EL-A3ZK,follow_ups.days_to_adverse_event,,
follow_up.tsv,TCGA-EL-A4JZ,follow_ups.days_to_adverse_event,,
follow_up.tsv,TCGA-ET-A2N4,follow_ups.days_to_adverse_event,,
follow_up.tsv,TCGA-DJ-A13R,follow_ups.days_to_adverse_event,,
follow_up.tsv,TCGA-DE-A0XZ,follow_ups.days_to_adverse_event,,
follow_up.tsv,TCGA-FY-A40L,follow_ups.days_to_adverse_event,,
follow_up.tsv,TCGA-EL-A3H5,follow_ups.days_to_adverse_event,,
follow_up.tsv,TCGA-ET-A3DW,follow_ups.days_to_adverse_event,,
follow_up.tsv,TCGA-J8-A3NZ,follow_ups.days_to_adverse_event,,
follow_up.tsv,TCGA-ET-A39P,follow_ups.days_to_adverse_event,,
follow_up.tsv,TCGA-ET-A25L,follow_ups.days_to_adverse_event,,
follow_up.tsv,TCGA-FY-A40N,follow_ups.days_to_adverse_event,,
follow_up.tsv,TCGA-DJ-A3UU,follow_ups.days_to_adverse_event,,
follow_up.tsv,TCGA-ET-A3BU,follow_ups.days_to_adverse_event,,
follow_up.tsv,TCGA-EL-A3CN,follow_ups.days_to_adverse_event,,
follow_up.tsv,TCGA-EM-A4FH,follow_ups.days_to_adverse_event,,
follow_up.tsv,TCGA-EM-A3AK,follow_ups.days_to_adverse_event,,
follow_up.tsv,TCGA-KS-A41L,follow_ups.days_to_adverse_event,,
follow_up.tsv,TCGA-E8-A433,follow_ups.days_to_adverse_event,,
follow_up.tsv,TCGA-EL-A3CT,follow_ups.days_to_adverse_event,,
follow_up.tsv,TCGA-FY-A3ON,follow_ups.days_to_adverse_event,,
follow_up.tsv,TCGA-KS-A4IC,follow_ups.days_to_adverse_event,,
follow_up.tsv,TCGA-E8-A242,follow_ups.days_to_adverse_event,,
follow_up.tsv,TCGA-EM-A1CU,follow_ups.days_to_adverse_event,,
follow_up.tsv,TCGA-EL-A3GQ,follow_ups.days_to_adverse_event,,
follow_up.tsv,TCGA-DE-A4MB,follow_ups.days_to_adverse_event,,
follow_up.tsv,TCGA-EL-A4JW,follow_ups.days_to_adverse_event,,
follow_up.tsv,TCGA-ET-A2MZ,follow_ups.days_to_adverse_event,,
follow_up.tsv,TCGA-EM-A4FQ,follow_ups.days_to_adverse_event,,
follow_up.tsv,TCGA-FY-A3I5,follow_ups.days_to_adverse_event,,
follow_up.tsv,TCGA-BJ-A28R,follow_ups.days_to_adverse_event,,
follow_up.tsv,TCGA-KS-A4I9,follow_ups.days_to_adverse_event,,
follow_up.tsv,TCGA-FY-A3TY,follow_ups.days_to_adverse_event,,
follow_up.tsv,TCGA-IM-A41Y,follow_ups.days_to_adverse_event,,
follow_up.tsv,TCGA-EM-A2OV,follow_ups.days_to_adverse_event,,
follow_up.tsv,TCGA-EM-A1YA,follow_ups.days_to_adverse_event,,
follow_up.tsv,TCGA-J8-A3O0,follow_ups.days_to_adverse_event,,
follow_up.tsv,TCGA-FY-A3RA,follow_ups.days_to_adverse_event,,
follow_up.tsv,TCGA-FY-A3WA,follow_ups.days_to_adverse_event,,
follow_up.tsv,TCGA-ET-A2MX,follow_ups.days_to_adverse_event,,
follow_up.tsv,TCGA-EM-A3FN,follow_ups.days_to_adverse_event,,
follow_up.tsv,TCGA-E3-A3DZ,follow_ups.days_to_adverse_event,,
follow_up.tsv,TCGA-BJ-A28S,follow_ups.days_to_adverse_event,,
follow_up.tsv,TCGA-ET-A3BQ,follow_ups.days_to_adverse_event,,
follow_up.tsv,TCGA-E3-A3E0,follow_ups.days_to_adverse_event,,
follow_up.tsv,TCGA-FY-A4B4,follow_ups.days_to_adverse_event,,
follow_up.tsv,TCGA-ET-A3DS,follow_ups.days_to_adverse_event,,
follow_up.tsv,TCGA-EL-A3D4,follow_ups.days_to_adverse_event,,
follow_up.tsv,TCGA-DJ-A2PZ,follow_ups.days_to_adverse_event,,
follow_up.tsv,TCGA-DJ-A3UW,follow_ups.days_to_adverse_event,,
follow_up.tsv,TCGA-FE-A232,follow_ups.days_to_adverse_event,,
follow_up.tsv,TCGA-ET-A25J,follow_ups.days_to_adverse_event,,
follow_up.tsv,TCGA-DJ-A2PV,follow_ups.days_to_adverse_event,,
follow_up.tsv,TCGA-FK-A3SD,follow_ups.days_to_adverse_event,,
follow_up.tsv,TCGA-J8-A42S,follow_ups.days_to_adverse_event,,
follow_up.tsv,TCGA-EL-A4KH,follow_ups.days_to_adverse_event,,
follow_up.tsv,TCGA-EL-A3T3,follow_ups.days_to_adverse_event,,
follow_up.tsv,TCGA-EM-A4FV,follow_ups.days_to_adverse_event,,
follow_up.tsv,TCGA-EM-A3AN,follow_ups.days_to_adverse_event,,
follow_up.tsv,TCGA-EL-A3ZT,follow_ups.days_to_adverse_event,,
follow_up.tsv,TCGA-DJ-A3V3,follow_ups.days_to_adverse_event,,
follow_up.tsv,TCGA-EM-A2CU,follow_ups.days_to_adverse_event,,
follow_up.tsv,TCGA-DJ-A3UN,follow_ups.days_to_adverse_event,,
follow_up.tsv,TCGA-EL-A4JX,follow_ups.days_to_adverse_event,,
follow_up.tsv,TCGA-EM-A3AI,follow_ups.days_to_adverse_event,,
follow_up.tsv,TCGA-EM-A22O,follow_ups.days_to_adverse_event,,
follow_up.tsv,TCGA-DE-A0Y2,follow_ups.days_to_adverse_event,,
follow_up.tsv,TCGA-FY-A4B0,follow_ups.days_to_adverse_event,,
follow_up.tsv,TCGA-DJ-A3US,follow_ups.days_to_adverse_event,,
follow_up.tsv,TCGA-EL-A4JV,follow_ups.days_to_adverse_event,,
follow_up.tsv,TCGA-KS-A4I1,follow_ups.days_to_adverse_event,,
follow_up.tsv,TCGA-FE-A231,follow_ups.days_to_adverse_event,,
follow_up.tsv,TCGA-EM-A3AR,follow_ups.days_to_adverse_event,,
follow_up.tsv,TCGA-EM-A2CQ,follow_ups.days_to_adverse_event,,
follow_up.tsv,TCGA-BJ-A2N8,follow_ups.days_to_adverse_event,,
follow_up.tsv,TCGA-BJ-A0Z0,follow_ups.days_to_adverse_event,,
follow_up.tsv,TCGA-FY-A40M,follow_ups.days_to_adverse_event,,
follow_up.tsv,TCGA-EL-A3CU,follow_ups.days_to_adverse_event,,
follow_up.tsv,TCGA-KS-A41I,follow_ups.days_to_adverse_event,,
follow_up.tsv,TCGA-EM-A2CS,follow_ups.days_to_adverse_event,,
follow_up.tsv,TCGA-CE-A27D,follow_ups.days_to_adverse_event,,
follow_up.tsv,TCGA-ET-A4KN,follow_ups.days_to_adverse_event,,
follow_up.tsv,TCGA-EM-A1CV,follow_ups.days_to_adverse_event,,
follow_up.tsv,TCGA-DJ-A3V6,follow_ups.days_to_adverse_event,,
follow_up.tsv,TCGA-EL-A3H2,follow_ups.days_to_adverse_event,,
follow_up.tsv,TCGA-DE-A2OL,follow_ups.days_to_adverse_event,,
follow_up.tsv,TCGA-DJ-A13O,follow_ups.days_to_adverse_event,,
follow_up.tsv,TCGA-EM-A2CK,follow_ups.days_to_adverse_event,,
follow_up.tsv,TCGA-DJ-A4UL,follow_ups.days_to_adverse_event,,
follow_up.tsv,TCGA-FK-A3S3,follow_ups.days_to_adverse_event,,
follow_up.tsv,TCGA-ET-A39T,follow_ups.days_to_adverse_event,,
follow_up.tsv,TCGA-DJ-A2Q7,follow_ups.days_to_adverse_event,,
follow_up.tsv,TCGA-DJ-A3V2,follow_ups.days_to_adverse_event,,
follow_up.tsv,TCGA-ET-A40P,follow_ups.days_to_adverse_event,,
follow_up.tsv,TCGA-DJ-A3V5,follow_ups.days_to_adverse_event,,
follow_up.tsv,TCGA-ET-A2N5,follow_ups.days_to_adverse_event,,
follow_up.tsv,TCGA-GE-A2C6,follow_ups.days_to_adverse_event,,
follow_up.tsv,TCGA-FY-A3W9,follow_ups.days_to_adverse_event,,
follow_up.tsv,TCGA-ET-A25M,follow_ups.days_to_adverse_event,,
follow_up.tsv,TCGA-EM-A2P0,follow_ups.days_to_adverse_event,,
follow_up.tsv,TCGA-H2-A421,follow_ups.days_to_adverse_event,,
follow_up.tsv,TCGA-CE-A483,follow_ups.days_to_adverse_event,,
follow_up.tsv,TCGA-FY-A76V,follow_ups.days_to_adverse_event,,
follow_up.tsv,TCGA-DO-A2HM,follow_ups.days_to_adverse_event,,
follow_up.tsv,TCGA-IM-A3U2,follow_ups.days_to_adverse_event,,
follow_up.tsv,TCGA-FK-A3SG,follow_ups.days_to_adverse_event,,
follow_up.tsv,TCGA-EM-A22Q,follow_ups.days_to_adverse_event,,
follow_up.tsv,TCGA-EL-A3T0,follow_ups.days_to_adverse_event,,
follow_up.tsv,TCGA-DE-A4M9,follow_ups.days_to_adverse_event,,
follow_up.tsv,TCGA-E8-A416,follow_ups.days_to_adverse_event,,
follow_up.tsv,TCGA-DJ-A4V5,follow_ups.days_to_adverse_event,,
follow_up.tsv,TCGA-BJ-A0Z9,follow_ups.days_to_adverse_event,,
follow_up.tsv,TCGA-ET-A39N,follow_ups.days_to_adverse_event,,
follow_up.tsv,TCGA-E3-A3E1,follow_ups.days_to_adverse_event,,
follow_up.tsv,TCGA-FK-A3SB,follow_ups.days_to_adverse_event,,
follow_up.tsv,TCGA-KS-A4ID,follow_ups.days_to_adverse_event,,
follow_up.tsv,TCGA-DE-A4MA,follow_ups.days_to_adverse_event,,
follow_up.tsv,TCGA-EL-A4K9,follow_ups.days_to_adverse_event,,
follow_up.tsv,TCGA-ET-A3BX,follow_ups.days_to_adverse_event,,
follow_up.tsv,TCGA-EL-A3T9,follow_ups.days_to_adverse_event,,
follow_up.tsv,TCGA-EM-A1YD,follow_ups.days_to_adverse_event,,
follow_up.tsv,TCGA-FY-A40K,follow_ups.days_to_adverse_event,,
follow_up.tsv,TCGA-DJ-A13S,follow_ups.days_to_adverse_event,,
follow_up.tsv,TCGA-EL-A3CS,follow_ups.days_to_adverse_event,,
follow_up.tsv,TCGA-DJ-A2Q0,follow_ups.days_to_adverse_event,,
follow_up.tsv,TCGA-DJ-A13U,follow_ups.days_to_adverse_event,,
follow_up.tsv,TCGA-EM-A3OB,follow_ups.days_to_adverse_event,,
follow_up.tsv,TCGA-EL-A3H1,follow_ups.days_to_adverse_event,,
follow_up.tsv,TCGA-EM-A4FR,follow_ups.days_to_adverse_event,,
follow_up.tsv,TCGA-KS-A41F,follow_ups.days_to_adverse_event,,
follow_up.tsv,TCGA-DJ-A3V7,follow_ups.days_to_adverse_event,,
follow_up.tsv,TCGA-H2-A422,follow_ups.days_to_adverse_event,,
follow_up.tsv,TCGA-EL-A3T6,follow_ups.days_to_adverse_event,,
follow_up.tsv,TCGA-FY-A3R6,follow_ups.days_to_adverse_event,,
follow_up.tsv,TCGA-E3-A3E5,follow_ups.days_to_adverse_event,,
follow_up.tsv,TCGA-EM-A22M,follow_ups.days_to_adverse_event,,
follow_up.tsv,TCGA-IM-A41Z,follow_ups.days_to_adverse_event,,
follow_up.tsv,TCGA-EL-A3CX,follow_ups.days_to_adverse_event,,
follow_up.tsv,TCGA-E8-A417,follow_ups.days_to_adverse_event,,
follow_up.tsv,TCGA-ET-A3BP,follow_ups.days_to_adverse_event,,
follow_up.tsv,TCGA-DJ-A3VK,follow_ups.days_to_adverse_event,,
follow_up.tsv,TCGA-EM-A3SY,follow_ups.days_to_adverse_event,,
follow_up.tsv,TCGA-EL-A3ZR,follow_ups.days_to_adverse_event,,
follow_up.tsv,TCGA-DJ-A4UW,follow_ups.days_to_adverse_event,,
follow_up.tsv,TCGA-EM-A3O8,follow_ups.days_to_adverse_event,,
follow_up.tsv,TCGA-EL-A3T1,follow_ups.days_to_adverse_event,,
follow_up.tsv,TCGA-E8-A2EA,follow_ups.days_to_adverse_event,,
follow_up.tsv,TCGA-EL-A3T8,follow_ups.days_to_adverse_event,,
follow_up.tsv,TCGA-EM-A2OX,follow_ups.days_to_adverse_event,,
follow_up.tsv,TCGA-DJ-A13V,follow_ups.days_to_adverse_event,,
follow_up.tsv,TCGA-DJ-A1QQ,follow_ups.days_to_adverse_event,,
follow_up.tsv,TCGA-ET-A39R,follow_ups.days_to_adverse_event,,
follow_up.tsv,TCGA-CE-A485,follow_ups.days_to_adverse_event,,
follow_up.tsv,TCGA-L6-A4EP,follow_ups.days_to_adverse_event,,
follow_up.tsv,TCGA-DJ-A3UT,follow_ups.days_to_adverse_event,,
follow_up.tsv,TCGA-ET-A2N3,follow_ups.days_to_adverse_event,,
follow_up.tsv,TCGA-DE-A69J,follow_ups.days_to_adverse_event,,
follow_up.tsv,TCGA-DJ-A2PS,follow_ups.days_to_adverse_event,,
follow_up.tsv,TCGA-ET-A3DT,follow_ups.days_to_adverse_event,,
follow_up.tsv,TCGA-DJ-A2Q2,follow_ups.days_to_adverse_event,,
follow_up.tsv,TCGA-ET-A3DR,follow_ups.days_to_adverse_event,,
follow_up.tsv,TCGA-J8-A3YH,follow_ups.days_to_adverse_event,,
follow_up.tsv,TCGA-EL-A3TB,follow_ups.days_to_adverse_event,,
follow_up.tsv,TCGA-BJ-A45C,follow_ups.days_to_adverse_event,,
follow_up.tsv,TCGA-CE-A13K,follow_ups.days_to_adverse_event,,
follow_up.tsv,TCGA-DJ-A2PX,follow_ups.days_to_adverse_event,,
follow_up.tsv,TCGA-EL-A3ZS,follow_ups.days_to_adverse_event,,
follow_up.tsv,TCGA-E8-A419,follow_ups.days_to_adverse_event,,
follow_up.tsv,TCGA-DJ-A3V8,follow_ups.days_to_adverse_event,,
follow_up.tsv,TCGA-EL-A4K2,follow_ups.days_to_adverse_event,,
follow_up.tsv,TCGA-DE-A4M8,follow_ups.days_to_adverse_event,,
follow_up.tsv,TCGA-CE-A482,follow_ups.days_to_adverse_event,,
follow_up.tsv,TCGA-E8-A44K,follow_ups.days_to_adverse_event,,
follow_up.tsv,TCGA-EM-A2OW,follow_ups.days_to_adverse_event,,
follow_up.tsv,TCGA-BJ-A3F0,follow_ups.days_to_adverse_event,,
follow_up.tsv,TCGA-DJ-A3VF,follow_ups.days_to_adverse_event,,
follow_up.tsv,TCGA-FE-A3PC,follow_ups.days_to_adverse_event,,
follow_up.tsv,TCGA-BJ-A28T,follow_ups.days_to_adverse_event,,
follow_up.tsv,TCGA-EL-A4K1,follow_ups.days_to_adverse_event,,
follow_up.tsv,TCGA-EM-A22L,follow_ups.days_to_adverse_event,,
follow_up.tsv,TCGA-DJ-A3UZ,follow_ups.days_to_adverse_event,,
follow_up.tsv,TCGA-EL-A3CY,follow_ups.days_to_adverse_event,,
follow_up.tsv,TCGA-DJ-A4UT,follow_ups.days_to_adverse_event,,
follow_up.tsv,TCGA-DJ-A2Q3,follow_ups.days_to_adverse_event,,
follow_up.tsv,TCGA-DJ-A2Q6,follow_ups.days_to_adverse_event,,
follow_up.tsv,TCGA-FK-A3SE,follow_ups.days_to_adverse_event,,
follow_up.tsv,TCGA-DJ-A2QA,follow_ups.days_to_adverse_event,,
follow_up.tsv,TCGA-FY-A2QD,follow_ups.days_to_adverse_event,,
follow_up.tsv,TCGA-EL-A3GR,follow_ups.days_to_adverse_event,,
follow_up.tsv,TCGA-EL-A3T7,follow_ups.days_to_adverse_event,,
follow_up.tsv,TCGA-EM-A3FO,follow_ups.days_to_adverse_event,,
follow_up.tsv,TCGA-DJ-A3VB,follow_ups.days_to_adverse_event,,
follow_up.tsv,TCGA-FY-A3NN,follow_ups.days_to_adverse_event,,
follow_up.tsv,TCGA-EM-A1YB,follow_ups.days_to_adverse_event,,
follow_up.tsv,TCGA-ET-A3DV,follow_ups.days_to_adverse_event,,
follow_up.tsv,TCGA-EL-A4KD,follow_ups.days_to_adverse_event,,
follow_up.tsv,TCGA-L6-A4EU,follow_ups.days_to_adverse_event,,
follow_up.tsv,TCGA-DJ-A2QB,follow_ups.days_to_adverse_event,,
follow_up.tsv,TCGA-DJ-A4V4,follow_ups.days_to_adverse_event,,
follow_up.tsv,TCGA-DJ-A3V0,follow_ups.days_to_adverse_event,,
follow_up.tsv,TCGA-BJ-A45G,follow_ups.days_to_adverse_event,,
follow_up.tsv,TCGA-FY-A3R7,follow_ups.days_to_adverse_event,,
follow_up.tsv,TCGA-EM-A2P2,follow_ups.days_to_adverse_event,,
follow_up.tsv,TCGA-DJ-A13M,follow_ups.days_to_adverse_event,,
follow_up.tsv,TCGA-EL-A3D1,follow_ups.days_to_adverse_event,,
follow_up.tsv,TCGA-BJ-A28V,follow_ups.days_to_adverse_event,,
follow_up.tsv,TCGA-BJ-A3EZ,follow_ups.days_to_adverse_event,,
follow_up.tsv,TCGA-DJ-A3VG,follow_ups.days_to_adverse_event,,
follow_up.tsv,TCGA-ET-A3DU,follow_ups.days_to_adverse_event,,
follow_up.tsv,TCGA-ET-A3BO,follow_ups.days_to_adverse_event,,
follow_up.tsv,TCGA-EM-A3FP,follow_ups.days_to_adverse_event,,
follow_up.tsv,TCGA-ET-A25O,follow_ups.days_to_adverse_event,,
follow_up.tsv,TCGA-E8-A415,follow_ups.days_to_adverse_event,,
follow_up.tsv,TCGA-EM-A22J,follow_ups.days_to_adverse_event,,
follow_up.tsv,TCGA-DJ-A3UR,follow_ups.days_to_adverse_event,,
follow_up.tsv,TCGA-EM-A22N,follow_ups.days_to_adverse_event,,
follow_up.tsv,TCGA-FY-A3BL,follow_ups.days_to_adverse_event,,
follow_up.tsv,TCGA-FY-A3R8,follow_ups.days_to_adverse_event,,
follow_up.tsv,TCGA-FE-A235,follow_ups.days_to_adverse_event,,
follow_up.tsv,TCGA-DJ-A13L,follow_ups.days_to_adverse_event,,
follow_up.tsv,TCGA-ET-A3BS,follow_ups.days_to_adverse_event,,
follow_up.tsv,TCGA-EM-A2CT,follow_ups.days_to_adverse_event,,
follow_up.tsv,TCGA-ET-A40S,follow_ups.days_to_adverse_event,,
follow_up.tsv,TCGA-J8-A3YE,follow_ups.days_to_adverse_event,,
follow_up.tsv,TCGA-EM-A3FJ,follow_ups.days_to_adverse_event,,
follow_up.tsv,TCGA-EM-A2P3,follow_ups.days_to_adverse_event,,
follow_up.tsv,TCGA-EM-A4G1,follow_ups.days_to_adverse_event,,
follow_up.tsv,TCGA-EL-A3GW,follow_ups.days_to_adverse_event,,
follow_up.tsv,TCGA-DJ-A13P,follow_ups.days_to_adverse_event,,
follow_up.tsv,TCGA-DJ-A3VL,follow_ups.days_to_adverse_event,,
follow_up.tsv,TCGA-DJ-A1QG,follow_ups.days_to_adverse_event,,
follow_up.tsv,TCGA-BJ-A2N7,follow_ups.days_to_adverse_event,,
follow_up.tsv,TCGA-FY-A3I4,follow_ups.days_to_adverse_event,,
follow_up.tsv,TCGA-ET-A39L,follow_ups.days_to_adverse_event,,
follow_up.tsv,TCGA-EM-A3FL,follow_ups.days_to_adverse_event,,
follow_up.tsv,TCGA-ET-A39O,follow_ups.days_to_adverse_event,,
follow_up.tsv,TCGA-IM-A3ED,follow_ups.days_to_adverse_event,,
follow_up.tsv,TCGA-FY-A3YR,follow_ups.days_to_adverse_event,,
follow_up.tsv,TCGA-KS-A4IB,follow_ups.days_to_adverse_event,,
follow_up.tsv,TCGA-EM-A2OY,follow_ups.days_to_adverse_event,,
follow_up.tsv,TCGA-EL-A3TA,follow_ups.days_to_adverse_event,,
follow_up.tsv,TCGA-DJ-A2PW,follow_ups.days_to_adverse_event,,
follow_up.tsv,TCGA-BJ-A291,follow_ups.days_to_adverse_event,,
follow_up.tsv,TCGA-DJ-A3UM,follow_ups.days_to_adverse_event,,
follow_up.tsv,TCGA-E8-A413,follow_ups.days_to_adverse_event,,
follow_up.tsv,TCGA-DJ-A2PO,follow_ups.days_to_adverse_event,,
follow_up.tsv,TCGA-DJ-A3UK,follow_ups.days_to_adverse_event,,
follow_up.tsv,TCGA-L6-A4EQ,follow_ups.days_to_adverse_event,,
follow_up.tsv,TCGA-DJ-A3UO,follow_ups.days_to_adverse_event,,
follow_up.tsv,TCGA-EM-A3AJ,follow_ups.days_to_adverse_event,,
follow_up.tsv,TCGA-FY-A3R9,follow_ups.days_to_adverse_event,,
follow_up.tsv,TCGA-DJ-A1QD,follow_ups.days_to_adverse_event,,
follow_up.tsv,TCGA-DJ-A4V2,follow_ups.days_to_adverse_event,,
follow_up.tsv,TCGA-EM-A2CJ,follow_ups.days_to_adverse_event,,
follow_up.tsv,TCGA-EL-A4K7,follow_ups.days_to_adverse_event,,
follow_up.tsv,TCGA-EL-A4KG,follow_ups.days_to_adverse_event,,
follow_up.tsv,TCGA-DJ-A3VD,follow_ups.days_to_adverse_event,,
follow_up.tsv,TCGA-DJ-A1QE,follow_ups.days_to_adverse_event,,
follow_up.tsv,TCGA-IM-A3U3,follow_ups.days_to_adverse_event,,
follow_up.tsv,TCGA-MK-A4N6,follow_ups.days_to_adverse_event,,
follow_up.tsv,TCGA-EL-A3GP,follow_ups.days_to_adverse_event,,
follow_up.tsv,TCGA-EM-A22K,follow_ups.days_to_adverse_event,,
follow_up.tsv,TCGA-CE-A3ME,follow_ups.days_to_adverse_event,,
follow_up.tsv,TCGA-ET-A39S,follow_ups.days_to_adverse_event,,
follow_up.tsv,TCGA-E8-A436,follow_ups.days_to_adverse_event,,
follow_up.tsv,TCGA-E3-A3DY,follow_ups.days_to_adverse_event,,
follow_up.tsv,TCGA-KS-A4I7,follow_ups.days_to_adverse_event,,
follow_up.tsv,TCGA-EL-A3H4,follow_ups.days_to_adverse_event,,
follow_up.tsv,TCGA-DJ-A3VE,follow_ups.days_to_adverse_event,,
follow_up.tsv,TCGA-EM-A4FO,follow_ups.days_to_adverse_event,,
follow_up.tsv,TCGA-4C-A93U,follow_ups.days_to_adverse_event,,
follow_up.tsv,TCGA-ET-A25G,follow_ups.days_to_adverse_event,,
follow_up.tsv,TCGA-EL-A3ZL,follow_ups.days_to_adverse_event,,
follow_up.tsv,TCGA-IM-A420,follow_ups.days_to_adverse_event,,
follow_up.tsv,TCGA-DJ-A2Q1,follow_ups.days_to_adverse_event,,
follow_up.tsv,TCGA-FK-A3SH,follow_ups.days_to_adverse_event,,
follow_up.tsv,TCGA-DJ-A1QL,follow_ups.days_to_adverse_event,,
follow_up.tsv,TCGA-H2-A26U,follow_ups.days_to_adverse_event,,
follow_up.tsv,TCGA-CE-A484,follow_ups.days_to_adverse_event,,
follow_up.tsv,TCGA-DJ-A3VJ,follow_ups.days_to_adverse_event,,
follow_up.tsv,TCGA-EM-A1YE,follow_ups.days_to_adverse_event,,
follow_up.tsv,TCGA-ET-A2N1,follow_ups.days_to_adverse_event,,
follow_up.tsv,TCGA-BJ-A45D,follow_ups.days_to_adverse_event,,
follow_up.tsv,TCGA-BJ-A2P4,follow_ups.days_to_adverse_event,,
follow_up.tsv,TCGA-EM-A3AQ,follow_ups.days_to_adverse_event,,
follow_up.tsv,TCGA-EM-A1CS,follow_ups.days_to_adverse_event,,
follow_up.tsv,TCGA-KS-A4I5,follow_ups.days_to_adverse_event,,
follow_up.tsv,TCGA-EL-A3GV,follow_ups.days_to_adverse_event,,
follow_up.tsv,TCGA-ET-A39M,follow_ups.days_to_adverse_event,,
follow_up.tsv,TCGA-EL-A3D5,follow_ups.days_to_adverse_event,,
follow_up.tsv,TCGA-EL-A3ZP,follow_ups.days_to_adverse_event,,
follow_up.tsv,TCGA-ET-A2MY,follow_ups.days_to_adverse_event,,
follow_up.tsv,TCGA-E8-A418,follow_ups.days_to_adverse_event,,
follow_up.tsv,TCGA-ET-A25N,follow_ups.days_to_adverse_event,,
follow_up.tsv,TCGA-DJ-A2PQ,follow_ups.days_to_adverse_event,,
follow_up.tsv,TCGA-EM-A22I,follow_ups.days_to_adverse_event,,
follow_up.tsv,TCGA-EL-A3MW,follow_ups.days_to_adverse_event,,
follow_up.tsv,TCGA-E3-A3E2,follow_ups.days_to_adverse_event,,
follow_up.tsv,TCGA-E8-A434,follow_ups.days_to_adverse_event,,
follow_up.tsv,TCGA-DJ-A2Q4,follow_ups.days_to_adverse_event,,
follow_up.tsv,TCGA-MK-A4N7,follow_ups.days_to_adverse_event,,
follow_up.tsv,TCGA-E8-A438,follow_ups.days_to_adverse_event,,
follow_up.tsv,TCGA-DJ-A1QO,follow_ups.days_to_adverse_event,,
follow_up.tsv,TCGA-DJ-A3UV,follow_ups.days_to_adverse_event,,
follow_up.tsv,TCGA-E8-A3X7,follow_ups.days_to_adverse_event,,
follow_up.tsv,TCGA-DJ-A1QH,follow_ups.days_to_adverse_event,,
follow_up.tsv,TCGA-BJ-A0YZ,follow_ups.days_to_adverse_event,,
follow_up.tsv,TCGA-E8-A2JQ,follow_ups.days_to_adverse_event,,
follow_up.tsv,TCGA-FY-A3NM,follow_ups.days_to_adverse_event,,
follow_up.tsv,TCGA-EL-A3MZ,follow_ups.days_to_adverse_event,,
follow_up.tsv,TCGA-EM-A4FN,follow_ups.days_to_adverse_event,,
follow_up.tsv,TCGA-ET-A3DQ,follow_ups.days_to_adverse_event,,
follow_up.tsv,TCGA-DJ-A2Q8,follow_ups.days_to_adverse_event,,
follow_up.tsv,TCGA-KS-A4I3,follow_ups.days_to_adverse_event,,
follow_up.tsv,TCGA-EL-A3H8,follow_ups.days_to_adverse_event,,
follow_up.tsv,TCGA-EL-A3H7,follow_ups.days_to_adverse_event,,
follow_up.tsv,TCGA-DJ-A2PN,follow_ups.days_to_adverse_event,,
follow_up.tsv,TCGA-EL-A3CV,follow_ups.days_to_adverse_event,,
follow_up.tsv,TCGA-DJ-A1QF,follow_ups.days_to_adverse_event,,
follow_up.tsv,TCGA-BJ-A3PR,follow_ups.days_to_adverse_event,,
follow_up.tsv,TCGA-DJ-A2PY,follow_ups.days_to_adverse_event,,
follow_up.tsv,TCGA-J8-A4HW,follow_ups.days_to_adverse_event,,
follow_up.tsv,TCGA-FE-A23A,follow_ups.days_to_adverse_event,,
follow_up.tsv,TCGA-EM-A3SU,follow_ups.days_to_adverse_event,,
follow_up.tsv,TCGA-EM-A3FQ,follow_ups.days_to_adverse_event,,
follow_up.tsv,TCGA-EL-A3CW,follow_ups.days_to_adverse_event,,
follow_up.tsv,TCGA-EL-A3CL,follow_ups.days_to_adverse_event,,
follow_up.tsv,TCGA-EL-A3CO,follow_ups.days_to_adverse_event,,
follow_up.tsv,TCGA-ET-A3DO,follow_ups.days_to_first_event,,
follow_up.tsv,TCGA-EL-A4KI,follow_ups.days_to_first_event,,
follow_up.tsv,TCGA-BJ-A290,follow_ups.days_to_first_event,,
follow_up.tsv,TCGA-EL-A4K6,follow_ups.days_to_first_event,,
follow_up.tsv,TCGA-EM-A4FU,follow_ups.days_to_first_event,,
follow_up.tsv,TCGA-ET-A39K,follow_ups.days_to_first_event,,
follow_up.tsv,TCGA-FE-A22Z,follow_ups.days_to_first_event,,
follow_up.tsv,TCGA-FE-A237,follow_ups.days_to_first_event,,
follow_up.tsv,TCGA-EL-A3GX,follow_ups.days_to_first_event,,
follow_up.tsv,TCGA-DO-A1K0,follow_ups.days_to_first_event,,
follow_up.tsv,TCGA-EM-A4FF,follow_ups.days_to_first_event,,
follow_up.tsv,TCGA-ET-A3BV,follow_ups.days_to_first_event,,
follow_up.tsv,TCGA-DE-A0Y3,follow_ups.days_to_first_event,,
follow_up.tsv,TCGA-DJ-A4UR,follow_ups.days_to_first_event,,
follow_up.tsv,TCGA-DE-A4MD,follow_ups.days_to_first_event,,
follow_up.tsv,TCGA-ET-A3BT,follow_ups.days_to_first_event,,
follow_up.tsv,TCGA-EL-A3GU,follow_ups.days_to_first_event,,
follow_up.tsv,TCGA-FE-A234,follow_ups.days_to_first_event,,
follow_up.tsv,TCGA-FE-A233,follow_ups.days_to_first_event,,
follow_up.tsv,TCGA-BJ-A0Z2,follow_ups.days_to_first_event,,
follow_up.tsv,TCGA-FE-A239,follow_ups.days_to_first_event,,
follow_up.tsv,TCGA-E3-A3E3,follow_ups.days_to_first_event,,
follow_up.tsv,TCGA-ET-A40Q,follow_ups.days_to_first_event,,
follow_up.tsv,TCGA-DE-A4MC,follow_ups.days_to_first_event,,
follow_up.tsv,TCGA-EL-A3T2,follow_ups.days_to_first_event,,
follow_up.tsv,TCGA-EM-A3FM,follow_ups.days_to_first_event,,
follow_up.tsv,TCGA-E8-A432,follow_ups.days_to_first_event,,
follow_up.tsv,TCGA-EL-A3GO,follow_ups.days_to_first_event,,
follow_up.tsv,TCGA-FE-A230,follow_ups.days_to_first_event,,
follow_up.tsv,TCGA-H2-A3RI,follow_ups.days_to_first_event,,
follow_up.tsv,TCGA-EL-A3CZ,follow_ups.days_to_first_event,,
follow_up.tsv,TCGA-FE-A238,follow_ups.days_to_first_event,,
follow_up.tsv,TCGA-EL-A3MX,follow_ups.days_to_first_event,,
follow_up.tsv,TCGA-BJ-A3PU,follow_ups.days_to_first_event,,
follow_up.tsv,TCGA-EM-A2P1,follow_ups.days_to_first_event,,
follow_up.tsv,TCGA-BJ-A18Z,follow_ups.days_to_first_event,,
follow_up.tsv,TCGA-BJ-A0Z5,follow_ups.days_to_first_event,,
follow_up.tsv,TCGA-BJ-A4O8,follow_ups.days_to_first_event,,
follow_up.tsv,TCGA-FE-A3PA,follow_ups.days_to_first_event,,
follow_up.tsv,TCGA-BJ-A2N9,follow_ups.days_to_first_event,,
follow_up.tsv,TCGA-BJ-A191,follow_ups.days_to_first_event,,
follow_up.tsv,TCGA-EL-A3ZG,follow_ups.days_to_first_event,,
follow_up.tsv,TCGA-BJ-A0Z3,follow_ups.days_to_first_event,,
follow_up.tsv,TCGA-EM-A2CN,follow_ups.days_to_first_event,,
follow_up.tsv,TCGA-EL-A3D0,follow_ups.days_to_first_event,,
follow_up.tsv,TCGA-BJ-A45J,follow_ups.days_to_first_event,,
follow_up.tsv,TCGA-EL-A3MY,follow_ups.days_to_first_event,,
follow_up.tsv,TCGA-BJ-A45H,follow_ups.days_to_first_event,,
follow_up.tsv,TCGA-FK-A4UB,follow_ups.days_to_first_event,,
follow_up.tsv,TCGA-DE-A69K,follow_ups.days_to_first_event,,
follow_up.tsv,TCGA-BJ-A0ZH,follow_ups.days_to_first_event,,
follow_up.tsv,TCGA-BJ-A0ZF,follow_ups.days_to_first_event,,
follow_up.tsv,TCGA-DJ-A3UX,follow_ups.days_to_first_event,,
follow_up.tsv,TCGA-BJ-A0ZG,follow_ups.days_to_first_event,,
follow_up.tsv,TCGA-BJ-A28W,follow_ups.days_to_first_event,,
follow_up.tsv,TCGA-QD-A8IV,follow_ups.days_to_first_event,,
follow_up.tsv,TCGA-BJ-A4O9,follow_ups.days_to_first_event,,
follow_up.tsv,TCGA-EM-A3ST,follow_ups.days_to_first_event,,
follow_up.tsv,TCGA-BJ-A0ZB,follow_ups.days_to_first_event,,
follow_up.tsv,TCGA-L6-A4ET,follow_ups.days_to_first_event,,
follow_up.tsv,TCGA-BJ-A2NA,follow_ups.days_to_first_event,,
follow_up.tsv,TCGA-J8-A3YF,follow_ups.days_to_first_event,,
follow_up.tsv,TCGA-BJ-A190,follow_ups.days_to_first_event,,
follow_up.tsv,TCGA-DE-A7U5,follow_ups.days_to_first_event,,
follow_up.tsv,TCGA-BJ-A45E,follow_ups.days_to_first_event,,
follow_up.tsv,TCGA-BJ-A0ZA,follow_ups.days_to_first_event,,
follow_up.tsv,TCGA-J8-A3YD,follow_ups.days_to_first_event,,
follow_up.tsv,TCGA-BJ-A0ZC,follow_ups.days_to_first_event,,
follow_up.tsv,TCGA-BJ-A28Z,follow_ups.days_to_first_event,,
follow_up.tsv,TCGA-BJ-A0ZJ,follow_ups.days_to_first_event,,
follow_up.tsv,TCGA-BJ-A45K,follow_ups.days_to_first_event,,
follow_up.tsv,TCGA-J8-A3YG,follow_ups.days_to_first_event,,
follow_up.tsv,TCGA-BJ-A0ZE,follow_ups.days_to_first_event,,
follow_up.tsv,TCGA-BJ-A18Y,follow_ups.days_to_first_event,,
follow_up.tsv,TCGA-BJ-A28X,follow_ups.days_to_first_event,,
follow_up.tsv,TCGA-BJ-A192,follow_ups.days_to_first_event,,
follow_up.tsv,TCGA-BJ-A45I,follow_ups.days_to_first_event,,
follow_up.tsv,TCGA-BJ-A45F,follow_ups.days_to_first_event,,
follow_up.tsv,TCGA-J8-A3O1,follow_ups.days_to_first_event,,
follow_up.tsv,TCGA-DJ-A4V0,follow_ups.days_to_first_event,,
follow_up.tsv,TCGA-EL-A3N3,follow_ups.days_to_first_event,,
follow_up.tsv,TCGA-FY-A4B3,follow_ups.days_to_first_event,,
follow_up.tsv,TCGA-FY-A3NP,follow_ups.days_to_first_event,,
follow_up.tsv,TCGA-DJ-A3UY,follow_ups.days_to_first_event,,
follow_up.tsv,TCGA-H2-A3RH,follow_ups.days_to_first_event,,
follow_up.tsv,TCGA-J8-A3O2,follow_ups.days_to_first_event,,
follow_up.tsv,TCGA-EM-A2CO,follow_ups.days_to_first_event,,
follow_up.tsv,TCGA-EL-A3ZM,follow_ups.days_to_first_event,,
follow_up.tsv,TCGA-DJ-A2PP,follow_ups.days_to_first_event,,
follow_up.tsv,TCGA-FE-A3PB,follow_ups.days_to_first_event,,
follow_up.tsv,TCGA-DJ-A2Q9,follow_ups.days_to_first_event,,
follow_up.tsv,TCGA-EL-A4K0,follow_ups.days_to_first_event,,
follow_up.tsv,TCGA-DE-A3KN,follow_ups.days_to_first_event,,
follow_up.tsv,TCGA-ET-A25R,follow_ups.days_to_first_event,,
follow_up.tsv,TCGA-EM-A1YC,follow_ups.days_to_first_event,,
follow_up.tsv,TCGA-DJ-A13T,follow_ups.days_to_first_event,,
follow_up.tsv,TCGA-EM-A3AL,follow_ups.days_to_first_event,,
follow_up.tsv,TCGA-EM-A4FK,follow_ups.days_to_first_event,,
follow_up.tsv,TCGA-EM-A3FK,follow_ups.days_to_first_event,,
follow_up.tsv,TCGA-ET-A25I,follow_ups.days_to_first_event,,
follow_up.tsv,TCGA-EM-A3SZ,follow_ups.days_to_first_event,,
follow_up.tsv,TCGA-EM-A3AP,follow_ups.days_to_first_event,,
follow_up.tsv,TCGA-ET-A25P,follow_ups.days_to_first_event,,
follow_up.tsv,TCGA-EM-A4FM,follow_ups.days_to_first_event,,
follow_up.tsv,TCGA-DJ-A2PU,follow_ups.days_to_first_event,,
follow_up.tsv,TCGA-DJ-A2Q5,follow_ups.days_to_first_event,,
follow_up.tsv,TCGA-EM-A3SX,follow_ups.days_to_first_event,,
follow_up.tsv,TCGA-EL-A3ZH,follow_ups.days_to_first_event,,
follow_up.tsv,TCGA-EL-A3GY,follow_ups.days_to_first_event,,
follow_up.tsv,TCGA-CE-A3MD,follow_ups.days_to_first_event,,
follow_up.tsv,TCGA-DO-A1JZ,follow_ups.days_to_first_event,,
follow_up.tsv,TCGA-ET-A39J,follow_ups.days_to_first_event,,
follow_up.tsv,TCGA-DJ-A3VI,follow_ups.days_to_first_event,,
follow_up.tsv,TCGA-ET-A3DP,follow_ups.days_to_first_event,,
follow_up.tsv,TCGA-EM-A3AO,follow_ups.days_to_first_event,,
follow_up.tsv,TCGA-EM-A22P,follow_ups.days_to_first_event,,
follow_up.tsv,TCGA-E8-A437,follow_ups.days_to_first_event,,
follow_up.tsv,TCGA-DJ-A3VM,follow_ups.days_to_first_event,,
follow_up.tsv,TCGA-DJ-A2QC,follow_ups.days_to_first_event,,
follow_up.tsv,TCGA-EL-A3ZN,follow_ups.days_to_first_event,,
follow_up.tsv,TCGA-EM-A2OZ,follow_ups.days_to_first_event,,
follow_up.tsv,TCGA-DJ-A1QN,follow_ups.days_to_first_event,,
follow_up.tsv,TCGA-EL-A3D6,follow_ups.days_to_first_event,,
follow_up.tsv,TCGA-ET-A2N0,follow_ups.days_to_first_event,,
follow_up.tsv,TCGA-EM-A2CR,follow_ups.days_to_first_event,,
follow_up.tsv,TCGA-MK-A84Z,follow_ups.days_to_first_event,,
follow_up.tsv,TCGA-EL-A3CM,follow_ups.days_to_first_event,,
follow_up.tsv,TCGA-EM-A1CW,follow_ups.days_to_first_event,,
follow_up.tsv,TCGA-KS-A41J,follow_ups.days_to_first_event,,
follow_up.tsv,TCGA-E8-A414,follow_ups.days_to_first_event,,
follow_up.tsv,TCGA-EL-A3GS,follow_ups.days_to_first_event,,
follow_up.tsv,TCGA-EM-A3OA,follow_ups.days_to_first_event,,
follow_up.tsv,TCGA-ET-A40R,follow_ups.days_to_first_event,,
follow_up.tsv,TCGA-MK-A4N9,follow_ups.days_to_first_event,,
follow_up.tsv,TCGA-DJ-A4UP,follow_ups.days_to_first_event,,
follow_up.tsv,TCGA-EL-A3CR,follow_ups.days_to_first_event,,
follow_up.tsv,TCGA-H2-A2K9,follow_ups.days_to_first_event,,
follow_up.tsv,TCGA-DJ-A3UP,follow_ups.days_to_first_event,,
follow_up.tsv,TCGA-DJ-A4UQ,follow_ups.days_to_first_event,,
follow_up.tsv,TCGA-EM-A2CL,follow_ups.days_to_first_event,,
follow_up.tsv,TCGA-DJ-A3VA,follow_ups.days_to_first_event,,
follow_up.tsv,TCGA-EM-A1CT,follow_ups.days_to_first_event,,
follow_up.tsv,TCGA-ET-A4KQ,follow_ups.days_to_first_event,,
follow_up.tsv,TCGA-EL-A4K4,follow_ups.days_to_first_event,,
follow_up.tsv,TCGA-BJ-A3PT,follow_ups.days_to_first_event,,
follow_up.tsv,TCGA-EM-A3O3,follow_ups.days_to_first_event,,
follow_up.tsv,TCGA-EM-A2CM,follow_ups.days_to_first_event,,
follow_up.tsv,TCGA-J8-A4HY,follow_ups.days_to_first_event,,
follow_up.tsv,TCGA-EM-A3FR,follow_ups.days_to_first_event,,
follow_up.tsv,TCGA-CE-A481,follow_ups.days_to_first_event,,
follow_up.tsv,TCGA-ET-A40T,follow_ups.days_to_first_event,,
follow_up.tsv,TCGA-ET-A3BW,follow_ups.days_to_first_event,,
follow_up.tsv,TCGA-DJ-A2PR,follow_ups.days_to_first_event,,
follow_up.tsv,TCGA-E8-A44M,follow_ups.days_to_first_event,,
follow_up.tsv,TCGA-DJ-A3V9,follow_ups.days_to_first_event,,
follow_up.tsv,TCGA-EM-A2CP,follow_ups.days_to_first_event,,
follow_up.tsv,TCGA-ET-A25K,follow_ups.days_to_first_event,,
follow_up.tsv,TCGA-EL-A3GZ,follow_ups.days_to_first_event,,
follow_up.tsv,TCGA-FE-A236,follow_ups.days_to_first_event,,
follow_up.tsv,TCGA-EL-A3ZQ,follow_ups.days_to_first_event,,
follow_up.tsv,TCGA-EM-A3O9,follow_ups.days_to_first_event,,
follow_up.tsv,TCGA-EL-A3N2,follow_ups.days_to_first_event,,
follow_up.tsv,TCGA-DJ-A3V4,follow_ups.days_to_first_event,,
follow_up.tsv,TCGA-EL-A3CP,follow_ups.days_to_first_event,,
follow_up.tsv,TCGA-DJ-A1QM,follow_ups.days_to_first_event,,
follow_up.tsv,TCGA-DJ-A3UQ,follow_ups.days_to_first_event,,
follow_up.tsv,TCGA-ET-A39I,follow_ups.days_to_first_event,,
follow_up.tsv,TCGA-IM-A4EB,follow_ups.days_to_first_event,,
follow_up.tsv,TCGA-EM-A3O6,follow_ups.days_to_first_event,,
follow_up.tsv,TCGA-EL-A3H3,follow_ups.days_to_first_event,,
follow_up.tsv,TCGA-FE-A3PD,follow_ups.days_to_first_event,,
follow_up.tsv,TCGA-DJ-A2PT,follow_ups.days_to_first_event,,
follow_up.tsv,TCGA-EM-A3O7,follow_ups.days_to_first_event,,
follow_up.tsv,TCGA-IM-A3EB,follow_ups.days_to_first_event,,
follow_up.tsv,TCGA-DJ-A1QI,follow_ups.days_to_first_event,,
follow_up.tsv,TCGA-DJ-A13X,follow_ups.days_to_first_event,,
follow_up.tsv,TCGA-DJ-A13W,follow_ups.days_to_first_event,,
follow_up.tsv,TCGA-ET-A3BN,follow_ups.days_to_first_event,,
follow_up.tsv,TCGA-EL-A3ZO,follow_ups.days_to_first_event,,
follow_up.tsv,TCGA-EL-A3ZK,follow_ups.days_to_first_event,,
follow_up.tsv,TCGA-EL-A4JZ,follow_ups.days_to_first_event,,
follow_up.tsv,TCGA-ET-A2N4,follow_ups.days_to_first_event,,
follow_up.tsv,TCGA-DJ-A13R,follow_ups.days_to_first_event,,
follow_up.tsv,TCGA-DE-A0XZ,follow_ups.days_to_first_event,,
follow_up.tsv,TCGA-FY-A40L,follow_ups.days_to_first_event,,
follow_up.tsv,TCGA-EL-A3H5,follow_ups.days_to_first_event,,
follow_up.tsv,TCGA-ET-A3DW,follow_ups.days_to_first_event,,
follow_up.tsv,TCGA-J8-A3NZ,follow_ups.days_to_first_event,,
follow_up.tsv,TCGA-ET-A39P,follow_ups.days_to_first_event,,
follow_up.tsv,TCGA-ET-A25L,follow_ups.days_to_first_event,,
follow_up.tsv,TCGA-FY-A40N,follow_ups.days_to_first_event,,
follow_up.tsv,TCGA-DJ-A3UU,follow_ups.days_to_first_event,,
follow_up.tsv,TCGA-ET-A3BU,follow_ups.days_to_first_event,,
follow_up.tsv,TCGA-EL-A3CN,follow_ups.days_to_first_event,,
follow_up.tsv,TCGA-EM-A4FH,follow_ups.days_to_first_event,,
follow_up.tsv,TCGA-EM-A3AK,follow_ups.days_to_first_event,,
follow_up.tsv,TCGA-KS-A41L,follow_ups.days_to_first_event,,
follow_up.tsv,TCGA-E8-A433,follow_ups.days_to_first_event,,
follow_up.tsv,TCGA-EL-A3CT,follow_ups.days_to_first_event,,
follow_up.tsv,TCGA-FY-A3ON,follow_ups.days_to_first_event,,
follow_up.tsv,TCGA-KS-A4IC,follow_ups.days_to_first_event,,
follow_up.tsv,TCGA-E8-A242,follow_ups.days_to_first_event,,
follow_up.tsv,TCGA-EM-A1CU,follow_ups.days_to_first_event,,
follow_up.tsv,TCGA-EL-A3GQ,follow_ups.days_to_first_event,,
follow_up.tsv,TCGA-DE-A4MB,follow_ups.days_to_first_event,,
follow_up.tsv,TCGA-EL-A4JW,follow_ups.days_to_first_event,,
follow_up.tsv,TCGA-ET-A2MZ,follow_ups.days_to_first_event,,
follow_up.tsv,TCGA-EM-A4FQ,follow_ups.days_to_first_event,,
follow_up.tsv,TCGA-FY-A3I5,follow_ups.days_to_first_event,,
follow_up.tsv,TCGA-BJ-A28R,follow_ups.days_to_first_event,,
follow_up.tsv,TCGA-KS-A4I9,follow_ups.days_to_first_event,,
follow_up.tsv,TCGA-FY-A3TY,follow_ups.days_to_first_event,,
follow_up.tsv,TCGA-IM-A41Y,follow_ups.days_to_first_event,,
follow_up.tsv,TCGA-EM-A2OV,follow_ups.days_to_first_event,,
follow_up.tsv,TCGA-EM-A1YA,follow_ups.days_to_first_event,,
follow_up.tsv,TCGA-J8-A3O0,follow_ups.days_to_first_event,,
follow_up.tsv,TCGA-FY-A3RA,follow_ups.days_to_first_event,,
follow_up.tsv,TCGA-FY-A3WA,follow_ups.days_to_first_event,,
follow_up.tsv,TCGA-ET-A2MX,follow_ups.days_to_first_event,,
follow_up.tsv,TCGA-EM-A3FN,follow_ups.days_to_first_event,,
follow_up.tsv,TCGA-E3-A3DZ,follow_ups.days_to_first_event,,
follow_up.tsv,TCGA-BJ-A28S,follow_ups.days_to_first_event,,
follow_up.tsv,TCGA-ET-A3BQ,follow_ups.days_to_first_event,,
follow_up.tsv,TCGA-E3-A3E0,follow_ups.days_to_first_event,,
follow_up.tsv,TCGA-FY-A4B4,follow_ups.days_to_first_event,,
follow_up.tsv,TCGA-ET-A3DS,follow_ups.days_to_first_event,,
follow_up.tsv,TCGA-EL-A3D4,follow_ups.days_to_first_event,,
follow_up.tsv,TCGA-DJ-A2PZ,follow_ups.days_to_first_event,,
follow_up.tsv,TCGA-DJ-A3UW,follow_ups.days_to_first_event,,
follow_up.tsv,TCGA-FE-A232,follow_ups.days_to_first_event,,
follow_up.tsv,TCGA-ET-A25J,follow_ups.days_to_first_event,,
follow_up.tsv,TCGA-DJ-A2PV,follow_ups.days_to_first_event,,
follow_up.tsv,TCGA-FK-A3SD,follow_ups.days_to_first_event,,
follow_up.tsv,TCGA-J8-A42S,follow_ups.days_to_first_event,,
follow_up.tsv,TCGA-EL-A4KH,follow_ups.days_to_first_event,,
follow_up.tsv,TCGA-EL-A3T3,follow_ups.days_to_first_event,,
follow_up.tsv,TCGA-EM-A4FV,follow_ups.days_to_first_event,,
follow_up.tsv,TCGA-EM-A3AN,follow_ups.days_to_first_event,,
follow_up.tsv,TCGA-EL-A3ZT,follow_ups.days_to_first_event,,
follow_up.tsv,TCGA-DJ-A3V3,follow_ups.days_to_first_event,,
follow_up.tsv,TCGA-EM-A2CU,follow_ups.days_to_first_event,,
follow_up.tsv,TCGA-DJ-A3UN,follow_ups.days_to_first_event,,
follow_up.tsv,TCGA-EL-A4JX,follow_ups.days_to_first_event,,
follow_up.tsv,TCGA-EM-A3AI,follow_ups.days_to_first_event,,
follow_up.tsv,TCGA-EM-A22O,follow_ups.days_to_first_event,,
follow_up.tsv,TCGA-DE-A0Y2,follow_ups.days_to_first_event,,
follow_up.tsv,TCGA-FY-A4B0,follow_ups.days_to_first_event,,
follow_up.tsv,TCGA-DJ-A3US,follow_ups.days_to_first_event,,
follow_up.tsv,TCGA-EL-A4JV,follow_ups.days_to_first_event,,
follow_up.tsv,TCGA-KS-A4I1,follow_ups.days_to_first_event,,
follow_up.tsv,TCGA-FE-A231,follow_ups.days_to_first_event,,
follow_up.tsv,TCGA-EM-A3AR,follow_ups.days_to_first_event,,
follow_up.tsv,TCGA-EM-A2CQ,follow_ups.days_to_first_event,,
follow_up.tsv,TCGA-BJ-A2N8,follow_ups.days_to_first_event,,
follow_up.tsv,TCGA-BJ-A0Z0,follow_ups.days_to_first_event,,
follow_up.tsv,TCGA-FY-A40M,follow_ups.days_to_first_event,,
follow_up.tsv,TCGA-EL-A3CU,follow_ups.days_to_first_event,,
follow_up.tsv,TCGA-KS-A41I,follow_ups.days_to_first_event,,
follow_up.tsv,TCGA-EM-A2CS,follow_ups.days_to_first_event,,
follow_up.tsv,TCGA-CE-A27D,follow_ups.days_to_first_event,,
follow_up.tsv,TCGA-ET-A4KN,follow_ups.days_to_first_event,,
follow_up.tsv,TCGA-EM-A1CV,follow_ups.days_to_first_event,,
follow_up.tsv,TCGA-DJ-A3V6,follow_ups.days_to_first_event,,
follow_up.tsv,TCGA-EL-A3H2,follow_ups.days_to_first_event,,
follow_up.tsv,TCGA-DE-A2OL,follow_ups.days_to_first_event,,
follow_up.tsv,TCGA-DJ-A13O,follow_ups.days_to_first_event,,
follow_up.tsv,TCGA-EM-A2CK,follow_ups.days_to_first_event,,
follow_up.tsv,TCGA-DJ-A4UL,follow_ups.days_to_first_event,,
follow_up.tsv,TCGA-FK-A3S3,follow_ups.days_to_first_event,,
follow_up.tsv,TCGA-ET-A39T,follow_ups.days_to_first_event,,
follow_up.tsv,TCGA-DJ-A2Q7,follow_ups.days_to_first_event,,
follow_up.tsv,TCGA-DJ-A3V2,follow_ups.days_to_first_event,,
follow_up.tsv,TCGA-ET-A40P,follow_ups.days_to_first_event,,
follow_up.tsv,TCGA-DJ-A3V5,follow_ups.days_to_first_event,,
follow_up.tsv,TCGA-ET-A2N5,follow_ups.days_to_first_event,,
follow_up.tsv,TCGA-GE-A2C6,follow_ups.days_to_first_event,,
follow_up.tsv,TCGA-FY-A3W9,follow_ups.days_to_first_event,,
follow_up.tsv,TCGA-ET-A25M,follow_ups.days_to_first_event,,
follow_up.tsv,TCGA-EM-A2P0,follow_ups.days_to_first_event,,
follow_up.tsv,TCGA-H2-A421,follow_ups.days_to_first_event,,
follow_up.tsv,TCGA-CE-A483,follow_ups.days_to_first_event,,
follow_up.tsv,TCGA-FY-A76V,follow_ups.days_to_first_event,,
follow_up.tsv,TCGA-DO-A2HM,follow_ups.days_to_first_event,,
follow_up.tsv,TCGA-IM-A3U2,follow_ups.days_to_first_event,,
follow_up.tsv,TCGA-FK-A3SG,follow_ups.days_to_first_event,,
follow_up.tsv,TCGA-EM-A22Q,follow_ups.days_to_first_event,,
follow_up.tsv,TCGA-EL-A3T0,follow_ups.days_to_first_event,,
follow_up.tsv,TCGA-DE-A4M9,follow_ups.days_to_first_event,,
follow_up.tsv,TCGA-E8-A416,follow_ups.days_to_first_event,,
follow_up.tsv,TCGA-DJ-A4V5,follow_ups.days_to_first_event,,
follow_up.tsv,TCGA-BJ-A0Z9,follow_ups.days_to_first_event,,
follow_up.tsv,TCGA-ET-A39N,follow_ups.days_to_first_event,,
follow_up.tsv,TCGA-E3-A3E1,follow_ups.days_to_first_event,,
follow_up.tsv,TCGA-FK-A3SB,follow_ups.days_to_first_event,,
follow_up.tsv,TCGA-KS-A4ID,follow_ups.days_to_first_event,,
follow_up.tsv,TCGA-DE-A4MA,follow_ups.days_to_first_event,,
follow_up.tsv,TCGA-EL-A4K9,follow_ups.days_to_first_event,,
follow_up.tsv,TCGA-ET-A3BX,follow_ups.days_to_first_event,,
follow_up.tsv,TCGA-EL-A3T9,follow_ups.days_to_first_event,,
follow_up.tsv,TCGA-EM-A1YD,follow_ups.days_to_first_event,,
follow_up.tsv,TCGA-FY-A40K,follow_ups.days_to_first_event,,
follow_up.tsv,TCGA-DJ-A13S,follow_ups.days_to_first_event,,
follow_up.tsv,TCGA-EL-A3CS,follow_ups.days_to_first_event,,
follow_up.tsv,TCGA-DJ-A2Q0,follow_ups.days_to_first_event,,
follow_up.tsv,TCGA-DJ-A13U,follow_ups.days_to_first_event,,
follow_up.tsv,TCGA-EM-A3OB,follow_ups.days_to_first_event,,
follow_up.tsv,TCGA-EL-A3H1,follow_ups.days_to_first_event,,
follow_up.tsv,TCGA-EM-A4FR,follow_ups.days_to_first_event,,
follow_up.tsv,TCGA-KS-A41F,follow_ups.days_to_first_event,,
follow_up.tsv,TCGA-DJ-A3V7,follow_ups.days_to_first_event,,
follow_up.tsv,TCGA-H2-A422,follow_ups.days_to_first_event,,
follow_up.tsv,TCGA-EL-A3T6,follow_ups.days_to_first_event,,
follow_up.tsv,TCGA-FY-A3R6,follow_ups.days_to_first_event,,
follow_up.tsv,TCGA-E3-A3E5,follow_ups.days_to_first_event,,
follow_up.tsv,TCGA-EM-A22M,follow_ups.days_to_first_event,,
follow_up.tsv,TCGA-IM-A41Z,follow_ups.days_to_first_event,,
follow_up.tsv,TCGA-EL-A3CX,follow_ups.days_to_first_event,,
follow_up.tsv,TCGA-E8-A417,follow_ups.days_to_first_event,,
follow_up.tsv,TCGA-ET-A3BP,follow_ups.days_to_first_event,,
follow_up.tsv,TCGA-DJ-A3VK,follow_ups.days_to_first_event,,
follow_up.tsv,TCGA-EM-A3SY,follow_ups.days_to_first_event,,
follow_up.tsv,TCGA-EL-A3ZR,follow_ups.days_to_first_event,,
follow_up.tsv,TCGA-DJ-A4UW,follow_ups.days_to_first_event,,
follow_up.tsv,TCGA-EM-A3O8,follow_ups.days_to_first_event,,
follow_up.tsv,TCGA-EL-A3T1,follow_ups.days_to_first_event,,
follow_up.tsv,TCGA-E8-A2EA,follow_ups.days_to_first_event,,
follow_up.tsv,TCGA-EL-A3T8,follow_ups.days_to_first_event,,
follow_up.tsv,TCGA-EM-A2OX,follow_ups.days_to_first_event,,
follow_up.tsv,TCGA-DJ-A13V,follow_ups.days_to_first_event,,
follow_up.tsv,TCGA-DJ-A1QQ,follow_ups.days_to_first_event,,
follow_up.tsv,TCGA-ET-A39R,follow_ups.days_to_first_event,,
follow_up.tsv,TCGA-CE-A485,follow_ups.days_to_first_event,,
follow_up.tsv,TCGA-L6-A4EP,follow_ups.days_to_first_event,,
follow_up.tsv,TCGA-DJ-A3UT,follow_ups.days_to_first_event,,
follow_up.tsv,TCGA-ET-A2N3,follow_ups.days_to_first_event,,
follow_up.tsv,TCGA-DE-A69J,follow_ups.days_to_first_event,,
follow_up.tsv,TCGA-DJ-A2PS,follow_ups.days_to_first_event,,
follow_up.tsv,TCGA-ET-A3DT,follow_ups.days_to_first_event,,
follow_up.tsv,TCGA-DJ-A2Q2,follow_ups.days_to_first_event,,
follow_up.tsv,TCGA-ET-A3DR,follow_ups.days_to_first_event,,
follow_up.tsv,TCGA-J8-A3YH,follow_ups.days_to_first_event,,
follow_up.tsv,TCGA-EL-A3TB,follow_ups.days_to_first_event,,
follow_up.tsv,TCGA-BJ-A45C,follow_ups.days_to_first_event,,
follow_up.tsv,TCGA-CE-A13K,follow_ups.days_to_first_event,,
follow_up.tsv,TCGA-DJ-A2PX,follow_ups.days_to_first_event,,
follow_up.tsv,TCGA-EL-A3ZS,follow_ups.days_to_first_event,,
follow_up.tsv,TCGA-E8-A419,follow_ups.days_to_first_event,,
follow_up.tsv,TCGA-DJ-A3V8,follow_ups.days_to_first_event,,
follow_up.tsv,TCGA-EL-A4K2,follow_ups.days_to_first_event,,
follow_up.tsv,TCGA-DE-A4M8,follow_ups.days_to_first_event,,
follow_up.tsv,TCGA-CE-A482,follow_ups.days_to_first_event,,
follow_up.tsv,TCGA-E8-A44K,follow_ups.days_to_first_event,,
follow_up.tsv,TCGA-EM-A2OW,follow_ups.days_to_first_event,,
follow_up.tsv,TCGA-BJ-A3F0,follow_ups.days_to_first_event,,
follow_up.tsv,TCGA-DJ-A3VF,follow_ups.days_to_first_event,,
follow_up.tsv,TCGA-FE-A3PC,follow_ups.days_to_first_event,,
follow_up.tsv,TCGA-BJ-A28T,follow_ups.days_to_first_event,,
follow_up.tsv,TCGA-EL-A4K1,follow_ups.days_to_first_event,,
follow_up.tsv,TCGA-EM-A22L,follow_ups.days_to_first_event,,
follow_up.tsv,TCGA-DJ-A3UZ,follow_ups.days_to_first_event,,
follow_up.tsv,TCGA-EL-A3CY,follow_ups.days_to_first_event,,
follow_up.tsv,TCGA-DJ-A4UT,follow_ups.days_to_first_event,,
follow_up.tsv,TCGA-DJ-A2Q3,follow_ups.days_to_first_event,,
follow_up.tsv,TCGA-DJ-A2Q6,follow_ups.days_to_first_event,,
follow_up.tsv,TCGA-FK-A3SE,follow_ups.days_to_first_event,,
follow_up.tsv,TCGA-DJ-A2QA,follow_ups.days_to_first_event,,
follow_up.tsv,TCGA-FY-A2QD,follow_ups.days_to_first_event,,
follow_up.tsv,TCGA-EL-A3GR,follow_ups.days_to_first_event,,
follow_up.tsv,TCGA-EL-A3T7,follow_ups.days_to_first_event,,
follow_up.tsv,TCGA-EM-A3FO,follow_ups.days_to_first_event,,
follow_up.tsv,TCGA-DJ-A3VB,follow_ups.days_to_first_event,,
follow_up.tsv,TCGA-FY-A3NN,follow_ups.days_to_first_event,,
follow_up.tsv,TCGA-EM-A1YB,follow_ups.days_to_first_event,,
follow_up.tsv,TCGA-ET-A3DV,follow_ups.days_to_first_event,,
follow_up.tsv,TCGA-EL-A4KD,follow_ups.days_to_first_event,,
follow_up.tsv,TCGA-L6-A4EU,follow_ups.days_to_first_event,,
follow_up.tsv,TCGA-DJ-A2QB,follow_ups.days_to_first_event,,
follow_up.tsv,TCGA-DJ-A4V4,follow_ups.days_to_first_event,,
follow_up.tsv,TCGA-DJ-A3V0,follow_ups.days_to_first_event,,
follow_up.tsv,TCGA-BJ-A45G,follow_ups.days_to_first_event,,
follow_up.tsv,TCGA-FY-A3R7,follow_ups.days_to_first_event,,
follow_up.tsv,TCGA-EM-A2P2,follow_ups.days_to_first_event,,
follow_up.tsv,TCGA-DJ-A13M,follow_ups.days_to_first_event,,
follow_up.tsv,TCGA-EL-A3D1,follow_ups.days_to_first_event,,
follow_up.tsv,TCGA-BJ-A28V,follow_ups.days_to_first_event,,
follow_up.tsv,TCGA-BJ-A3EZ,follow_ups.days_to_first_event,,
follow_up.tsv,TCGA-DJ-A3VG,follow_ups.days_to_first_event,,
follow_up.tsv,TCGA-ET-A3DU,follow_ups.days_to_first_event,,
follow_up.tsv,TCGA-ET-A3BO,follow_ups.days_to_first_event,,
follow_up.tsv,TCGA-EM-A3FP,follow_ups.days_to_first_event,,
follow_up.tsv,TCGA-ET-A25O,follow_ups.days_to_first_event,,
follow_up.tsv,TCGA-E8-A415,follow_ups.days_to_first_event,,
follow_up.tsv,TCGA-EM-A22J,follow_ups.days_to_first_event,,
follow_up.tsv,TCGA-DJ-A3UR,follow_ups.days_to_first_event,,
follow_up.tsv,TCGA-EM-A22N,follow_ups.days_to_first_event,,
follow_up.tsv,TCGA-FY-A3BL,follow_ups.days_to_first_event,,
follow_up.tsv,TCGA-FY-A3R8,follow_ups.days_to_first_event,,
follow_up.tsv,TCGA-FE-A235,follow_ups.days_to_first_event,,
follow_up.tsv,TCGA-DJ-A13L,follow_ups.days_to_first_event,,
follow_up.tsv,TCGA-ET-A3BS,follow_ups.days_to_first_event,,
follow_up.tsv,TCGA-EM-A2CT,follow_ups.days_to_first_event,,
follow_up.tsv,TCGA-ET-A40S,follow_ups.days_to_first_event,,
follow_up.tsv,TCGA-J8-A3YE,follow_ups.days_to_first_event,,
follow_up.tsv,TCGA-EM-A3FJ,follow_ups.days_to_first_event,,
follow_up.tsv,TCGA-EM-A2P3,follow_ups.days_to_first_event,,
follow_up.tsv,TCGA-EM-A4G1,follow_ups.days_to_first_event,,
follow_up.tsv,TCGA-EL-A3GW,follow_ups.days_to_first_event,,
follow_up.tsv,TCGA-DJ-A13P,follow_ups.days_to_first_event,,
follow_up.tsv,TCGA-DJ-A3VL,follow_ups.days_to_first_event,,
follow_up.tsv,TCGA-DJ-A1QG,follow_ups.days_to_first_event,,
follow_up.tsv,TCGA-BJ-A2N7,follow_ups.days_to_first_event,,
follow_up.tsv,TCGA-FY-A3I4,follow_ups.days_to_first_event,,
follow_up.tsv,TCGA-ET-A39L,follow_ups.days_to_first_event,,
follow_up.tsv,TCGA-EM-A3FL,follow_ups.days_to_first_event,,
follow_up.tsv,TCGA-ET-A39O,follow_ups.days_to_first_event,,
follow_up.tsv,TCGA-IM-A3ED,follow_ups.days_to_first_event,,
follow_up.tsv,TCGA-FY-A3YR,follow_ups.days_to_first_event,,
follow_up.tsv,TCGA-KS-A4IB,follow_ups.days_to_first_event,,
follow_up.tsv,TCGA-EM-A2OY,follow_ups.days_to_first_event,,
follow_up.tsv,TCGA-EL-A3TA,follow_ups.days_to_first_event,,
follow_up.tsv,TCGA-DJ-A2PW,follow_ups.days_to_first_event,,
follow_up.tsv,TCGA-BJ-A291,follow_ups.days_to_first_event,,
follow_up.tsv,TCGA-DJ-A3UM,follow_ups.days_to_first_event,,
follow_up.tsv,TCGA-E8-A413,follow_ups.days_to_first_event,,
follow_up.tsv,TCGA-DJ-A2PO,follow_ups.days_to_first_event,,
follow_up.tsv,TCGA-DJ-A3UK,follow_ups.days_to_first_event,,
follow_up.tsv,TCGA-L6-A4EQ,follow_ups.days_to_first_event,,
follow_up.tsv,TCGA-DJ-A3UO,follow_ups.days_to_first_event,,
follow_up.tsv,TCGA-EM-A3AJ,follow_ups.days_to_first_event,,
follow_up.tsv,TCGA-FY-A3R9,follow_ups.days_to_first_event,,
follow_up.tsv,TCGA-DJ-A1QD,follow_ups.days_to_first_event,,
follow_up.tsv,TCGA-DJ-A4V2,follow_ups.days_to_first_event,,
follow_up.tsv,TCGA-EM-A2CJ,follow_ups.days_to_first_event,,
follow_up.tsv,TCGA-EL-A4K7,follow_ups.days_to_first_event,,
follow_up.tsv,TCGA-EL-A4KG,follow_ups.days_to_first_event,,
follow_up.tsv,TCGA-DJ-A3VD,follow_ups.days_to_first_event,,
follow_up.tsv,TCGA-DJ-A1QE,follow_ups.days_to_first_event,,
follow_up.tsv,TCGA-IM-A3U3,follow_ups.days_to_first_event,,
follow_up.tsv,TCGA-MK-A4N6,follow_ups.days_to_first_event,,
follow_up.tsv,TCGA-EL-A3GP,follow_ups.days_to_first_event,,
follow_up.tsv,TCGA-EM-A22K,follow_ups.days_to_first_event,,
follow_up.tsv,TCGA-CE-A3ME,follow_ups.days_to_first_event,,
follow_up.tsv,TCGA-ET-A39S,follow_ups.days_to_first_event,,
follow_up.tsv,TCGA-E8-A436,follow_ups.days_to_first_event,,
follow_up.tsv,TCGA-E3-A3DY,follow_ups.days_to_first_event,,
follow_up.tsv,TCGA-KS-A4I7,follow_ups.days_to_first_event,,
follow_up.tsv,TCGA-EL-A3H4,follow_ups.days_to_first_event,,
follow_up.tsv,TCGA-DJ-A3VE,follow_ups.days_to_first_event,,
follow_up.tsv,TCGA-EM-A4FO,follow_ups.days_to_first_event,,
follow_up.tsv,TCGA-4C-A93U,follow_ups.days_to_first_event,,
follow_up.tsv,TCGA-ET-A25G,follow_ups.days_to_first_event,,
follow_up.tsv,TCGA-EL-A3ZL,follow_ups.days_to_first_event,,
follow_up.tsv,TCGA-IM-A420,follow_ups.days_to_first_event,,
follow_up.tsv,TCGA-DJ-A2Q1,follow_ups.days_to_first_event,,
follow_up.tsv,TCGA-FK-A3SH,follow_ups.days_to_first_event,,
follow_up.tsv,TCGA-DJ-A1QL,follow_ups.days_to_first_event,,
follow_up.tsv,TCGA-H2-A26U,follow_ups.days_to_first_event,,
follow_up.tsv,TCGA-CE-A484,follow_ups.days_to_first_event,,
follow_up.tsv,TCGA-DJ-A3VJ,follow_ups.days_to_first_event,,
follow_up.tsv,TCGA-EM-A1YE,follow_ups.days_to_first_event,,
follow_up.tsv,TCGA-ET-A2N1,follow_ups.days_to_first_event,,
follow_up.tsv,TCGA-BJ-A45D,follow_ups.days_to_first_event,,
follow_up.tsv,TCGA-BJ-A2P4,follow_ups.days_to_first_event,,
follow_up.tsv,TCGA-EM-A3AQ,follow_ups.days_to_first_event,,
follow_up.tsv,TCGA-EM-A1CS,follow_ups.days_to_first_event,,
follow_up.tsv,TCGA-KS-A4I5,follow_ups.days_to_first_event,,
follow_up.tsv,TCGA-EL-A3GV,follow_ups.days_to_first_event,,
follow_up.tsv,TCGA-ET-A39M,follow_ups.days_to_first_event,,
follow_up.tsv,TCGA-EL-A3D5,follow_ups.days_to_first_event,,
follow_up.tsv,TCGA-EL-A3ZP,follow_ups.days_to_first_event,,
follow_up.tsv,TCGA-ET-A2MY,follow_ups.days_to_first_event,,
follow_up.tsv,TCGA-E8-A418,follow_ups.days_to_first_event,,
follow_up.tsv,TCGA-ET-A25N,follow_ups.days_to_first_event,,
follow_up.tsv,TCGA-DJ-A2PQ,follow_ups.days_to_first_event,,
follow_up.tsv,TCGA-EM-A22I,follow_ups.days_to_first_event,,
follow_up.tsv,TCGA-EL-A3MW,follow_ups.days_to_first_event,,
follow_up.tsv,TCGA-E3-A3E2,follow_ups.days_to_first_event,,
follow_up.tsv,TCGA-E8-A434,follow_ups.days_to_first_event,,
follow_up.tsv,TCGA-DJ-A2Q4,follow_ups.days_to_first_event,,
follow_up.tsv,TCGA-MK-A4N7,follow_ups.days_to_first_event,,
follow_up.tsv,TCGA-E8-A438,follow_ups.days_to_first_event,,
follow_up.tsv,TCGA-DJ-A1QO,follow_ups.days_to_first_event,,
follow_up.tsv,TCGA-DJ-A3UV,follow_ups.days_to_first_event,,
follow_up.tsv,TCGA-E8-A3X7,follow_ups.days_to_first_event,,
follow_up.tsv,TCGA-DJ-A1QH,follow_ups.days_to_first_event,,
follow_up.tsv,TCGA-BJ-A0YZ,follow_ups.days_to_first_event,,
follow_up.tsv,TCGA-E8-A2JQ,follow_ups.days_to_first_event,,
follow_up.tsv,TCGA-FY-A3NM,follow_ups.days_to_first_event,,
follow_up.tsv,TCGA-EL-A3MZ,follow_ups.days_to_first_event,,
follow_up.tsv,TCGA-EM-A4FN,follow_ups.days_to_first_event,,
follow_up.tsv,TCGA-ET-A3DQ,follow_ups.days_to_first_event,,
follow_up.tsv,TCGA-DJ-A2Q8,follow_ups.days_to_first_event,,
follow_up.tsv,TCGA-KS-A4I3,follow_ups.days_to_first_event,,
follow_up.tsv,TCGA-EL-A3H8,follow_ups.days_to_first_event,,
follow_up.tsv,TCGA-EL-A3H7,follow_ups.days_to_first_event,,
follow_up.tsv,TCGA-DJ-A2PN,follow_ups.days_to_first_event,,
follow_up.tsv,TCGA-EL-A3CV,follow_ups.days_to_first_event,,
follow_up.tsv,TCGA-DJ-A1QF,follow_ups.days_to_first_event,,
follow_up.tsv,TCGA-BJ-A3PR,follow_ups.days_to_first_event,,
follow_up.tsv,TCGA-DJ-A2PY,follow_ups.days_to_first_event,,
follow_up.tsv,TCGA-J8-A4HW,follow_ups.days_to_first_event,,
follow_up.tsv,TCGA-FE-A23A,follow_ups.days_to_first_event,,
follow_up.tsv,TCGA-EM-A3SU,follow_ups.days_to_first_event,,
follow_up.tsv,TCGA-EM-A3FQ,follow_ups.days_to_first_event,,
follow_up.tsv,TCGA-EL-A3CW,follow_ups.days_to_first_event,,
follow_up.tsv,TCGA-EL-A3CL,follow_ups.days_to_first_event,,
follow_up.tsv,TCGA-EL-A3CO,follow_ups.days_to_first_event,,
follow_up.tsv,TCGA-ET-A3DO,follow_ups.days_to_follow_up,659,659.0
follow_up.tsv,TCGA-EL-A4KI,follow_ups.days_to_follow_up,265,265.0
follow_up.tsv,TCGA-BJ-A290,follow_ups.days_to_follow_up,329,329.0
follow_up.tsv,TCGA-EL-A4K6,follow_ups.days_to_follow_up,874,874.0
follow_up.tsv,TCGA-EM-A4FU,follow_ups.days_to_follow_up,781,781.0
follow_up.tsv,TCGA-ET-A39K,follow_ups.days_to_follow_up,1249,1249.0
follow_up.tsv,TCGA-FE-A22Z,follow_ups.days_to_follow_up,2072,2072.0
follow_up.tsv,TCGA-FE-A237,follow_ups.days_to_follow_up,693,693.0
follow_up.tsv,TCGA-EL-A3GX,follow_ups.days_to_follow_up,439,439.0
follow_up.tsv,TCGA-DO-A1K0,follow_ups.days_to_follow_up,577,577.0
follow_up.tsv,TCGA-EM-A4FF,follow_ups.days_to_follow_up,1855,1855.0
follow_up.tsv,TCGA-ET-A3BV,follow_ups.days_to_follow_up,1279,1279.0
follow_up.tsv,TCGA-DE-A0Y3,follow_ups.days_to_follow_up,30,30.0
follow_up.tsv,TCGA-DJ-A4UR,follow_ups.days_to_follow_up,113,113.0
follow_up.tsv,TCGA-DE-A4MD,follow_ups.days_to_follow_up,267,267.0
follow_up.tsv,TCGA-ET-A3BT,follow_ups.days_to_follow_up,267,267.0
follow_up.tsv,TCGA-EL-A3GU,follow_ups.days_to_follow_up,544,544.0
follow_up.tsv,TCGA-FE-A234,follow_ups.days_to_follow_up,483,483.0
follow_up.tsv,TCGA-FE-A233,follow_ups.days_to_follow_up,567,567.0
follow_up.tsv,TCGA-BJ-A0Z2,follow_ups.days_to_follow_up,158,158.0
follow_up.tsv,TCGA-FE-A239,follow_ups.days_to_follow_up,933,933.0
follow_up.tsv,TCGA-E3-A3E3,follow_ups.days_to_follow_up,445,445.0
follow_up.tsv,TCGA-ET-A40Q,follow_ups.days_to_follow_up,218,218.0
follow_up.tsv,TCGA-DE-A4MC,follow_ups.days_to_follow_up,332,332.0
follow_up.tsv,TCGA-EL-A3T2,follow_ups.days_to_follow_up,903,903.0
follow_up.tsv,TCGA-EM-A3FM,follow_ups.days_to_follow_up,514,514.0
follow_up.tsv,TCGA-E8-A432,follow_ups.days_to_follow_up,720,720.0
follow_up.tsv,TCGA-EL-A3GO,follow_ups.days_to_follow_up,6,6.0
follow_up.tsv,TCGA-FE-A230,follow_ups.days_to_follow_up,526,526.0
follow_up.tsv,TCGA-H2-A3RI,follow_ups.days_to_follow_up,279,279.0
follow_up.tsv,TCGA-EL-A3CZ,follow_ups.days_to_follow_up,1426,1426.0
follow_up.tsv,TCGA-FE-A238,follow_ups.days_to_follow_up,431,431.0
follow_up.tsv,TCGA-EL-A3MX,follow_ups.days_to_follow_up,1708,1708.0
follow_up.tsv,TCGA-BJ-A3PU,follow_ups.days_to_follow_up,221,221.0
follow_up.tsv,TCGA-EM-A2P1,follow_ups.days_to_follow_up,363,363.0
follow_up.tsv,TCGA-BJ-A18Z,follow_ups.days_to_follow_up,,
follow_up.tsv,TCGA-BJ-A0Z5,follow_ups.days_to_follow_up,,
follow_up.tsv,TCGA-BJ-A4O8,follow_ups.days_to_follow_up,,
follow_up.tsv,TCGA-FE-A3PA,follow_ups.days_to_follow_up,,
follow_up.tsv,TCGA-BJ-A2N9,follow_ups.days_to_follow_up,225,225.0
follow_up.tsv,TCGA-BJ-A191,follow_ups.days_to_follow_up,,
follow_up.tsv,TCGA-EL-A3ZG,follow_ups.days_to_follow_up,,
follow_up.tsv,TCGA-BJ-A0Z3,follow_ups.days_to_follow_up,,
follow_up.tsv,TCGA-EM-A2CN,follow_ups.days_to_follow_up,,
follow_up.tsv,TCGA-EL-A3D0,follow_ups.days_to_follow_up,,
follow_up.tsv,TCGA-BJ-A45J,follow_ups.days_to_follow_up,,
follow_up.tsv,TCGA-EL-A3MY,follow_ups.days_to_follow_up,,
follow_up.tsv,TCGA-BJ-A45H,follow_ups.days_to_follow_up,,
follow_up.tsv,TCGA-FK-A4UB,follow_ups.days_to_follow_up,,
follow_up.tsv,TCGA-DE-A69K,follow_ups.days_to_follow_up,434,434.0
follow_up.tsv,TCGA-BJ-A0ZH,follow_ups.days_to_follow_up,,
follow_up.tsv,TCGA-BJ-A0ZF,follow_ups.days_to_follow_up,735,735.0
follow_up.tsv,TCGA-DJ-A3UX,follow_ups.days_to_follow_up,,
follow_up.tsv,TCGA-BJ-A0ZG,follow_ups.days_to_follow_up,,
follow_up.tsv,TCGA-BJ-A28W,follow_ups.days_to_follow_up,,
follow_up.tsv,TCGA-QD-A8IV,follow_ups.days_to_follow_up,,
follow_up.tsv,TCGA-BJ-A4O9,follow_ups.days_to_follow_up,,
follow_up.tsv,TCGA-EM-A3ST,follow_ups.days_to_follow_up,966,966.0
follow_up.tsv,TCGA-BJ-A0ZB,follow_ups.days_to_follow_up,,
follow_up.tsv,TCGA-L6-A4ET,follow_ups.days_to_follow_up,,
follow_up.tsv,TCGA-BJ-A2NA,follow_ups.days_to_follow_up,127,127.0
follow_up.tsv,TCGA-J8-A3YF,follow_ups.days_to_follow_up,,
follow_up.tsv,TCGA-BJ-A190,follow_ups.days_to_follow_up,,
follow_up.tsv,TCGA-DE-A7U5,follow_ups.days_to_follow_up,,
follow_up.tsv,TCGA-BJ-A45E,follow_ups.days_to_follow_up,,
follow_up.tsv,TCGA-BJ-A0ZA,follow_ups.days_to_follow_up,,
follow_up.tsv,TCGA-J8-A3YD,follow_ups.days_to_follow_up,,
follow_up.tsv,TCGA-BJ-A0ZC,follow_ups.days_to_follow_up,,
follow_up.tsv,TCGA-BJ-A28Z,follow_ups.days_to_follow_up,,
follow_up.tsv,TCGA-BJ-A0ZJ,follow_ups.days_to_follow_up,,
follow_up.tsv,TCGA-BJ-A45K,follow_ups.days_to_follow_up,,
follow_up.tsv,TCGA-J8-A3YG,follow_ups.days_to_follow_up,,
follow_up.tsv,TCGA-BJ-A0ZE,follow_ups.days_to_follow_up,,
follow_up.tsv,TCGA-BJ-A18Y,follow_ups.days_to_follow_up,,
follow_up.tsv,TCGA-BJ-A28X,follow_ups.days_to_follow_up,494,494.0
follow_up.tsv,TCGA-BJ-A192,follow_ups.days_to_follow_up,,
follow_up.tsv,TCGA-BJ-A45I,follow_ups.days_to_follow_up,,
follow_up.tsv,TCGA-BJ-A45F,follow_ups.days_to_follow_up,,
follow_up.tsv,TCGA-J8-A3O1,follow_ups.days_to_follow_up,,
follow_up.tsv,TCGA-DJ-A4V0,follow_ups.days_to_follow_up,,
follow_up.tsv,TCGA-EL-A3N3,follow_ups.days_to_follow_up,5423,5423.0
follow_up.tsv,TCGA-FY-A4B3,follow_ups.days_to_follow_up,41,41.0
follow_up.tsv,TCGA-FY-A3NP,follow_ups.days_to_follow_up,,
follow_up.tsv,TCGA-DJ-A3UY,follow_ups.days_to_follow_up,650,650.0
follow_up.tsv,TCGA-H2-A3RH,follow_ups.days_to_follow_up,149,149.0
follow_up.tsv,TCGA-J8-A3O2,follow_ups.days_to_follow_up,342,342.0
follow_up.tsv,TCGA-EM-A2CO,follow_ups.days_to_follow_up,184,184.0
follow_up.tsv,TCGA-EL-A3ZM,follow_ups.days_to_follow_up,1096,1096.0
follow_up.tsv,TCGA-DJ-A2PP,follow_ups.days_to_follow_up,930,930.0
follow_up.tsv,TCGA-FE-A3PB,follow_ups.days_to_follow_up,2590,2590.0
follow_up.tsv,TCGA-DJ-A2Q9,follow_ups.days_to_follow_up,1092,1092.0
follow_up.tsv,TCGA-EL-A4K0,follow_ups.days_to_follow_up,944,944.0
follow_up.tsv,TCGA-DE-A3KN,follow_ups.days_to_follow_up,286,286.0
follow_up.tsv,TCGA-ET-A25R,follow_ups.days_to_follow_up,1930,1930.0
follow_up.tsv,TCGA-EM-A1YC,follow_ups.days_to_follow_up,1421,1421.0
follow_up.tsv,TCGA-DJ-A13T,follow_ups.days_to_follow_up,953,953.0
follow_up.tsv,TCGA-EM-A3AL,follow_ups.days_to_follow_up,203,203.0
follow_up.tsv,TCGA-EM-A4FK,follow_ups.days_to_follow_up,274,274.0
follow_up.tsv,TCGA-EM-A3FK,follow_ups.days_to_follow_up,,
follow_up.tsv,TCGA-ET-A25I,follow_ups.days_to_follow_up,10,10.0
follow_up.tsv,TCGA-EM-A3SZ,follow_ups.days_to_follow_up,389,389.0
follow_up.tsv,TCGA-EM-A3AP,follow_ups.days_to_follow_up,,
follow_up.tsv,TCGA-ET-A25P,follow_ups.days_to_follow_up,15,15.0
follow_up.tsv,TCGA-EM-A4FM,follow_ups.days_to_follow_up,147,147.0
follow_up.tsv,TCGA-DJ-A2PU,follow_ups.days_to_follow_up,1033,1033.0
follow_up.tsv,TCGA-DJ-A2Q5,follow_ups.days_to_follow_up,301,301.0
follow_up.tsv,TCGA-EM-A3SX,follow_ups.days_to_follow_up,231,231.0
follow_up.tsv,TCGA-EL-A3ZH,follow_ups.days_to_follow_up,2773,2773.0
follow_up.tsv,TCGA-EL-A3GY,follow_ups.days_to_follow_up,,
follow_up.tsv,TCGA-CE-A3MD,follow_ups.days_to_follow_up,389,389.0
follow_up.tsv,TCGA-DO-A1JZ,follow_ups.days_to_follow_up,,
follow_up.tsv,TCGA-ET-A39J,follow_ups.days_to_follow_up,3227,3227.0
follow_up.tsv,TCGA-DJ-A3VI,follow_ups.days_to_follow_up,95,95.0
follow_up.tsv,TCGA-ET-A3DP,follow_ups.days_to_follow_up,2877,2877.0
follow_up.tsv,TCGA-EM-A3AO,follow_ups.days_to_follow_up,,
follow_up.tsv,TCGA-EM-A22P,follow_ups.days_to_follow_up,339,339.0
follow_up.tsv,TCGA-E8-A437,follow_ups.days_to_follow_up,835,835.0
follow_up.tsv,TCGA-DJ-A3VM,follow_ups.days_to_follow_up,840,840.0
follow_up.tsv,TCGA-DJ-A2QC,follow_ups.days_to_follow_up,,
follow_up.tsv,TCGA-EL-A3ZN,follow_ups.days_to_follow_up,1614,1614.0
follow_up.tsv,TCGA-EM-A2OZ,follow_ups.days_to_follow_up,,
follow_up.tsv,TCGA-DJ-A1QN,follow_ups.days_to_follow_up,1295,1295.0
follow_up.tsv,TCGA-EL-A3D6,follow_ups.days_to_follow_up,,
follow_up.tsv,TCGA-ET-A2N0,follow_ups.days_to_follow_up,1600,1600.0
follow_up.tsv,TCGA-EM-A2CR,follow_ups.days_to_follow_up,415,415.0
follow_up.tsv,TCGA-MK-A84Z,follow_ups.days_to_follow_up,728,728.0
follow_up.tsv,TCGA-EL-A3CM,follow_ups.days_to_follow_up,,
follow_up.tsv,TCGA-EM-A1CW,follow_ups.days_to_follow_up,549,549.0
follow_up.tsv,TCGA-KS-A41J,follow_ups.days_to_follow_up,477,477.0
follow_up.tsv,TCGA-E8-A414,follow_ups.days_to_follow_up,434,434.0
follow_up.tsv,TCGA-EL-A3GS,follow_ups.days_to_follow_up,1616,1616.0
follow_up.tsv,TCGA-EM-A3OA,follow_ups.days_to_follow_up,822,822.0
follow_up.tsv,TCGA-ET-A40R,follow_ups.days_to_follow_up,146,146.0
follow_up.tsv,TCGA-MK-A4N9,follow_ups.days_to_follow_up,265,265.0
follow_up.tsv,TCGA-DJ-A4UP,follow_ups.days_to_follow_up,356,356.0
follow_up.tsv,TCGA-EL-A3CR,follow_ups.days_to_follow_up,,
follow_up.tsv,TCGA-H2-A2K9,follow_ups.days_to_follow_up,659,659.0
follow_up.tsv,TCGA-DJ-A3UP,follow_ups.days_to_follow_up,499,499.0
follow_up.tsv,TCGA-DJ-A4UQ,follow_ups.days_to_follow_up,,
follow_up.tsv,TCGA-EM-A2CL,follow_ups.days_to_follow_up,,
follow_up.tsv,TCGA-DJ-A3VA,follow_ups.days_to_follow_up,,
follow_up.tsv,TCGA-EM-A1CT,follow_ups.days_to_follow_up,553,553.0
follow_up.tsv,TCGA-ET-A4KQ,follow_ups.days_to_follow_up,955,955.0
follow_up.tsv,TCGA-EL-A4K4,follow_ups.days_to_follow_up,1022,1022.0
follow_up.tsv,TCGA-BJ-A3PT,follow_ups.days_to_follow_up,367,367.0
follow_up.tsv,TCGA-EM-A3O3,follow_ups.days_to_follow_up,,
follow_up.tsv,TCGA-EM-A2CM,follow_ups.days_to_follow_up,,
follow_up.tsv,TCGA-J8-A4HY,follow_ups.days_to_follow_up,,
follow_up.tsv,TCGA-EM-A3FR,follow_ups.days_to_follow_up,,
follow_up.tsv,TCGA-CE-A481,follow_ups.days_to_follow_up,346,346.0
follow_up.tsv,TCGA-ET-A40T,follow_ups.days_to_follow_up,1140,1140.0
follow_up.tsv,TCGA-ET-A3BW,follow_ups.days_to_follow_up,72,72.0
follow_up.tsv,TCGA-DJ-A2PR,follow_ups.days_to_follow_up,381,381.0
follow_up.tsv,TCGA-E8-A44M,follow_ups.days_to_follow_up,,
follow_up.tsv,TCGA-DJ-A3V9,follow_ups.days_to_follow_up,217,217.0
follow_up.tsv,TCGA-EM-A2CP,follow_ups.days_to_follow_up,91,91.0
follow_up.tsv,TCGA-ET-A25K,follow_ups.days_to_follow_up,,
follow_up.tsv,TCGA-EL-A3GZ,follow_ups.days_to_follow_up,4258,4258.0
follow_up.tsv,TCGA-FE-A236,follow_ups.days_to_follow_up,2031,2031.0
follow_up.tsv,TCGA-EL-A3ZQ,follow_ups.days_to_follow_up,,
follow_up.tsv,TCGA-EM-A3O9,follow_ups.days_to_follow_up,281,281.0
follow_up.tsv,TCGA-EL-A3N2,follow_ups.days_to_follow_up,902,902.0
follow_up.tsv,TCGA-DJ-A3V4,follow_ups.days_to_follow_up,443,443.0
follow_up.tsv,TCGA-EL-A3CP,follow_ups.days_to_follow_up,,
follow_up.tsv,TCGA-DJ-A1QM,follow_ups.days_to_follow_up,183,183.0
follow_up.tsv,TCGA-DJ-A3UQ,follow_ups.days_to_follow_up,595,595.0
follow_up.tsv,TCGA-ET-A39I,follow_ups.days_to_follow_up,,
follow_up.tsv,TCGA-IM-A4EB,follow_ups.days_to_follow_up,780,780.0
follow_up.tsv,TCGA-EM-A3O6,follow_ups.days_to_follow_up,458,458.0
follow_up.tsv,TCGA-EL-A3H3,follow_ups.days_to_follow_up,1319,1319.0
follow_up.tsv,TCGA-FE-A3PD,follow_ups.days_to_follow_up,2396,2396.0
follow_up.tsv,TCGA-DJ-A2PT,follow_ups.days_to_follow_up,,
follow_up.tsv,TCGA-EM-A3O7,follow_ups.days_to_follow_up,,
follow_up.tsv,TCGA-IM-A3EB,follow_ups.days_to_follow_up,1070,1070.0
follow_up.tsv,TCGA-DJ-A1QI,follow_ups.days_to_follow_up,,
follow_up.tsv,TCGA-DJ-A13X,follow_ups.days_to_follow_up,253,253.0
follow_up.tsv,TCGA-DJ-A13W,follow_ups.days_to_follow_up,,
follow_up.tsv,TCGA-ET-A3BN,follow_ups.days_to_follow_up,51,51.0
follow_up.tsv,TCGA-EL-A3ZO,follow_ups.days_to_follow_up,2211,2211.0
follow_up.tsv,TCGA-EL-A3ZK,follow_ups.days_to_follow_up,,
follow_up.tsv,TCGA-EL-A4JZ,follow_ups.days_to_follow_up,1856,1856.0
follow_up.tsv,TCGA-ET-A2N4,follow_ups.days_to_follow_up,81,81.0
follow_up.tsv,TCGA-DJ-A13R,follow_ups.days_to_follow_up,92,92.0
follow_up.tsv,TCGA-DE-A0XZ,follow_ups.days_to_follow_up,402,402.0
follow_up.tsv,TCGA-FY-A40L,follow_ups.days_to_follow_up,726,726.0
follow_up.tsv,TCGA-EL-A3H5,follow_ups.days_to_follow_up,2542,2542.0
follow_up.tsv,TCGA-ET-A3DW,follow_ups.days_to_follow_up,752,752.0
follow_up.tsv,TCGA-J8-A3NZ,follow_ups.days_to_follow_up,524,524.0
follow_up.tsv,TCGA-ET-A39P,follow_ups.days_to_follow_up,2900,2900.0
follow_up.tsv,TCGA-ET-A25L,follow_ups.days_to_follow_up,450,450.0
follow_up.tsv,TCGA-FY-A40N,follow_ups.days_to_follow_up,579,579.0
follow_up.tsv,TCGA-DJ-A3UU,follow_ups.days_to_follow_up,538,538.0
follow_up.tsv,TCGA-ET-A3BU,follow_ups.days_to_follow_up,2367,2367.0
follow_up.tsv,TCGA-EL-A3CN,follow_ups.days_to_follow_up,,
follow_up.tsv,TCGA-EM-A4FH,follow_ups.days_to_follow_up,514,514.0
follow_up.tsv,TCGA-EM-A3AK,follow_ups.days_to_follow_up,477,477.0
follow_up.tsv,TCGA-KS-A41L,follow_ups.days_to_follow_up,3463,3463.0
follow_up.tsv,TCGA-E8-A433,follow_ups.days_to_follow_up,951,951.0
follow_up.tsv,TCGA-EL-A3CT,follow_ups.days_to_follow_up,,
follow_up.tsv,TCGA-FY-A3ON,follow_ups.days_to_follow_up,46,46.0
follow_up.tsv,TCGA-KS-A4IC,follow_ups.days_to_follow_up,1073,1073.0
follow_up.tsv,TCGA-E8-A242,follow_ups.days_to_follow_up,950,950.0
follow_up.tsv,TCGA-EM-A1CU,follow_ups.days_to_follow_up,636,636.0
follow_up.tsv,TCGA-EL-A3GQ,follow_ups.days_to_follow_up,,
follow_up.tsv,TCGA-DE-A4MB,follow_ups.days_to_follow_up,352,352.0
follow_up.tsv,TCGA-EL-A4JW,follow_ups.days_to_follow_up,,
follow_up.tsv,TCGA-ET-A2MZ,follow_ups.days_to_follow_up,373,373.0
follow_up.tsv,TCGA-EM-A4FQ,follow_ups.days_to_follow_up,,
follow_up.tsv,TCGA-FY-A3I5,follow_ups.days_to_follow_up,50,50.0
follow_up.tsv,TCGA-BJ-A28R,follow_ups.days_to_follow_up,1282,1282.0
follow_up.tsv,TCGA-KS-A4I9,follow_ups.days_to_follow_up,2658,2658.0
follow_up.tsv,TCGA-FY-A3TY,follow_ups.days_to_follow_up,709,709.0
follow_up.tsv,TCGA-IM-A41Y,follow_ups.days_to_follow_up,,
follow_up.tsv,TCGA-EM-A2OV,follow_ups.days_to_follow_up,,
follow_up.tsv,TCGA-EM-A1YA,follow_ups.days_to_follow_up,217,217.0
follow_up.tsv,TCGA-J8-A3O0,follow_ups.days_to_follow_up,1313,1313.0
follow_up.tsv,TCGA-FY-A3RA,follow_ups.days_to_follow_up,550,550.0
follow_up.tsv,TCGA-FY-A3WA,follow_ups.days_to_follow_up,30,30.0
follow_up.tsv,TCGA-ET-A2MX,follow_ups.days_to_follow_up,1644,1644.0
follow_up.tsv,TCGA-EM-A3FN,follow_ups.days_to_follow_up,367,367.0
follow_up.tsv,TCGA-E3-A3DZ,follow_ups.days_to_follow_up,,
follow_up.tsv,TCGA-BJ-A28S,follow_ups.days_to_follow_up,,
follow_up.tsv,TCGA-ET-A3BQ,follow_ups.days_to_follow_up,74,74.0
follow_up.tsv,TCGA-E3-A3E0,follow_ups.days_to_follow_up,,
follow_up.tsv,TCGA-FY-A4B4,follow_ups.days_to_follow_up,35,35.0
follow_up.tsv,TCGA-ET-A3DS,follow_ups.days_to_follow_up,2033,2033.0
follow_up.tsv,TCGA-EL-A3D4,follow_ups.days_to_follow_up,2116,2116.0
follow_up.tsv,TCGA-DJ-A2PZ,follow_ups.days_to_follow_up,256,256.0
follow_up.tsv,TCGA-DJ-A3UW,follow_ups.days_to_follow_up,1812,1812.0
follow_up.tsv,TCGA-FE-A232,follow_ups.days_to_follow_up,1346,1346.0
follow_up.tsv,TCGA-ET-A25J,follow_ups.days_to_follow_up,,
follow_up.tsv,TCGA-DJ-A2PV,follow_ups.days_to_follow_up,973,973.0
follow_up.tsv,TCGA-FK-A3SD,follow_ups.days_to_follow_up,32,32.0
follow_up.tsv,TCGA-J8-A42S,follow_ups.days_to_follow_up,,
follow_up.tsv,TCGA-EL-A4KH,follow_ups.days_to_follow_up,823,823.0
follow_up.tsv,TCGA-EL-A3T3,follow_ups.days_to_follow_up,4017,4017.0
follow_up.tsv,TCGA-EM-A4FV,follow_ups.days_to_follow_up,744,744.0
follow_up.tsv,TCGA-EM-A3AN,follow_ups.days_to_follow_up,1006,1006.0
follow_up.tsv,TCGA-EL-A3ZT,follow_ups.days_to_follow_up,,
follow_up.tsv,TCGA-DJ-A3V3,follow_ups.days_to_follow_up,931,931.0
follow_up.tsv,TCGA-EM-A2CU,follow_ups.days_to_follow_up,177,177.0
follow_up.tsv,TCGA-DJ-A3UN,follow_ups.days_to_follow_up,986,986.0
follow_up.tsv,TCGA-EL-A4JX,follow_ups.days_to_follow_up,,
follow_up.tsv,TCGA-EM-A3AI,follow_ups.days_to_follow_up,355,355.0
follow_up.tsv,TCGA-EM-A22O,follow_ups.days_to_follow_up,190,190.0
follow_up.tsv,TCGA-DE-A0Y2,follow_ups.days_to_follow_up,469,469.0
follow_up.tsv,TCGA-FY-A4B0,follow_ups.days_to_follow_up,0,0.0
follow_up.tsv,TCGA-DJ-A3US,follow_ups.days_to_follow_up,998,998.0
follow_up.tsv,TCGA-EL-A4JV,follow_ups.days_to_follow_up,1748,1748.0
follow_up.tsv,TCGA-KS-A4I1,follow_ups.days_to_follow_up,812,812.0
follow_up.tsv,TCGA-FE-A231,follow_ups.days_to_follow_up,961,961.0
follow_up.tsv,TCGA-EM-A3AR,follow_ups.days_to_follow_up,,
follow_up.tsv,TCGA-EM-A2CQ,follow_ups.days_to_follow_up,200,200.0
follow_up.tsv,TCGA-BJ-A2N8,follow_ups.days_to_follow_up,1,1.0
follow_up.tsv,TCGA-BJ-A0Z0,follow_ups.days_to_follow_up,419,419.0
follow_up.tsv,TCGA-FY-A40M,follow_ups.days_to_follow_up,138,138.0
follow_up.tsv,TCGA-EL-A3CU,follow_ups.days_to_follow_up,4422,4422.0
follow_up.tsv,TCGA-KS-A41I,follow_ups.days_to_follow_up,486,486.0
follow_up.tsv,TCGA-EM-A2CS,follow_ups.days_to_follow_up,,
follow_up.tsv,TCGA-CE-A27D,follow_ups.days_to_follow_up,374,374.0
follow_up.tsv,TCGA-ET-A4KN,follow_ups.days_to_follow_up,1009,1009.0
follow_up.tsv,TCGA-EM-A1CV,follow_ups.days_to_follow_up,1475,1475.0
follow_up.tsv,TCGA-DJ-A3V6,follow_ups.days_to_follow_up,454,454.0
follow_up.tsv,TCGA-EL-A3H2,follow_ups.days_to_follow_up,,
follow_up.tsv,TCGA-DE-A2OL,follow_ups.days_to_follow_up,161,161.0
follow_up.tsv,TCGA-DJ-A13O,follow_ups.days_to_follow_up,,
follow_up.tsv,TCGA-EM-A2CK,follow_ups.days_to_follow_up,544,544.0
follow_up.tsv,TCGA-DJ-A4UL,follow_ups.days_to_follow_up,363,363.0
follow_up.tsv,TCGA-FK-A3S3,follow_ups.days_to_follow_up,1401,1401.0
follow_up.tsv,TCGA-ET-A39T,follow_ups.days_to_follow_up,238,238.0
follow_up.tsv,TCGA-DJ-A2Q7,follow_ups.days_to_follow_up,291,291.0
follow_up.tsv,TCGA-DJ-A3V2,follow_ups.days_to_follow_up,615,615.0
follow_up.tsv,TCGA-ET-A40P,follow_ups.days_to_follow_up,98,98.0
follow_up.tsv,TCGA-DJ-A3V5,follow_ups.days_to_follow_up,584,584.0
follow_up.tsv,TCGA-ET-A2N5,follow_ups.days_to_follow_up,2460,2460.0
follow_up.tsv,TCGA-GE-A2C6,follow_ups.days_to_follow_up,,
follow_up.tsv,TCGA-FY-A3W9,follow_ups.days_to_follow_up,658,658.0
follow_up.tsv,TCGA-ET-A25M,follow_ups.days_to_follow_up,1831,1831.0
follow_up.tsv,TCGA-EM-A2P0,follow_ups.days_to_follow_up,535,535.0
follow_up.tsv,TCGA-H2-A421,follow_ups.days_to_follow_up,610,610.0
follow_up.tsv,TCGA-CE-A483,follow_ups.days_to_follow_up,457,457.0
follow_up.tsv,TCGA-FY-A76V,follow_ups.days_to_follow_up,51,51.0
follow_up.tsv,TCGA-DO-A2HM,follow_ups.days_to_follow_up,71,71.0
follow_up.tsv,TCGA-IM-A3U2,follow_ups.days_to_follow_up,190,190.0
follow_up.tsv,TCGA-FK-A3SG,follow_ups.days_to_follow_up,28,28.0
follow_up.tsv,TCGA-EM-A22Q,follow_ups.days_to_follow_up,433,433.0
follow_up.tsv,TCGA-EL-A3T0,follow_ups.days_to_follow_up,3976,3976.0
follow_up.tsv,TCGA-DE-A4M9,follow_ups.days_to_follow_up,573,573.0
follow_up.tsv,TCGA-E8-A416,follow_ups.days_to_follow_up,952,952.0
follow_up.tsv,TCGA-DJ-A4V5,follow_ups.days_to_follow_up,740,740.0
follow_up.tsv,TCGA-BJ-A0Z9,follow_ups.days_to_follow_up,1257,1257.0
follow_up.tsv,TCGA-ET-A39N,follow_ups.days_to_follow_up,3751,3751.0
follow_up.tsv,TCGA-E3-A3E1,follow_ups.days_to_follow_up,1223,1223.0
follow_up.tsv,TCGA-FK-A3SB,follow_ups.days_to_follow_up,124,124.0
follow_up.tsv,TCGA-KS-A4ID,follow_ups.days_to_follow_up,1011,1011.0
follow_up.tsv,TCGA-DE-A4MA,follow_ups.days_to_follow_up,916,916.0
follow_up.tsv,TCGA-EL-A4K9,follow_ups.days_to_follow_up,1455,1455.0
follow_up.tsv,TCGA-ET-A3BX,follow_ups.days_to_follow_up,1596,1596.0
follow_up.tsv,TCGA-EL-A3T9,follow_ups.days_to_follow_up,,
follow_up.tsv,TCGA-EM-A1YD,follow_ups.days_to_follow_up,1209,1209.0
follow_up.tsv,TCGA-FY-A40K,follow_ups.days_to_follow_up,461,461.0
follow_up.tsv,TCGA-DJ-A13S,follow_ups.days_to_follow_up,265,265.0
follow_up.tsv,TCGA-EL-A3CS,follow_ups.days_to_follow_up,,
follow_up.tsv,TCGA-DJ-A2Q0,follow_ups.days_to_follow_up,1045,1045.0
follow_up.tsv,TCGA-DJ-A13U,follow_ups.days_to_follow_up,408,408.0
follow_up.tsv,TCGA-EM-A3OB,follow_ups.days_to_follow_up,,
follow_up.tsv,TCGA-EL-A3H1,follow_ups.days_to_follow_up,,
follow_up.tsv,TCGA-EM-A4FR,follow_ups.days_to_follow_up,655,655.0
follow_up.tsv,TCGA-KS-A41F,follow_ups.days_to_follow_up,4367,4367.0
follow_up.tsv,TCGA-DJ-A3V7,follow_ups.days_to_follow_up,,
follow_up.tsv,TCGA-H2-A422,follow_ups.days_to_follow_up,371,371.0
follow_up.tsv,TCGA-EL-A3T6,follow_ups.days_to_follow_up,2988,2988.0
follow_up.tsv,TCGA-FY-A3R6,follow_ups.days_to_follow_up,423,423.0
follow_up.tsv,TCGA-E3-A3E5,follow_ups.days_to_follow_up,1215,1215.0
follow_up.tsv,TCGA-EM-A22M,follow_ups.days_to_follow_up,107,107.0
follow_up.tsv,TCGA-IM-A41Z,follow_ups.days_to_follow_up,293,293.0
follow_up.tsv,TCGA-EL-A3CX,follow_ups.days_to_follow_up,2214,2214.0
follow_up.tsv,TCGA-E8-A417,follow_ups.days_to_follow_up,938,938.0
follow_up.tsv,TCGA-ET-A3BP,follow_ups.days_to_follow_up,,
follow_up.tsv,TCGA-DJ-A3VK,follow_ups.days_to_follow_up,753,753.0
follow_up.tsv,TCGA-EM-A3SY,follow_ups.days_to_follow_up,411,411.0
follow_up.tsv,TCGA-EL-A3ZR,follow_ups.days_to_follow_up,,
follow_up.tsv,TCGA-DJ-A4UW,follow_ups.days_to_follow_up,819,819.0
follow_up.tsv,TCGA-EM-A3O8,follow_ups.days_to_follow_up,,
follow_up.tsv,TCGA-EL-A3T1,follow_ups.days_to_follow_up,,
follow_up.tsv,TCGA-E8-A2EA,follow_ups.days_to_follow_up,1085,1085.0
follow_up.tsv,TCGA-EL-A3T8,follow_ups.days_to_follow_up,2901,2901.0
follow_up.tsv,TCGA-EM-A2OX,follow_ups.days_to_follow_up,600,600.0
follow_up.tsv,TCGA-DJ-A13V,follow_ups.days_to_follow_up,362,362.0
follow_up.tsv,TCGA-DJ-A1QQ,follow_ups.days_to_follow_up,534,534.0
follow_up.tsv,TCGA-ET-A39R,follow_ups.days_to_follow_up,1737,1737.0
follow_up.tsv,TCGA-CE-A485,follow_ups.days_to_follow_up,3,3.0
follow_up.tsv,TCGA-L6-A4EP,follow_ups.days_to_follow_up,1016,1016.0
follow_up.tsv,TCGA-DJ-A3UT,follow_ups.days_to_follow_up,737,737.0
follow_up.tsv,TCGA-ET-A2N3,follow_ups.days_to_follow_up,,
follow_up.tsv,TCGA-DE-A69J,follow_ups.days_to_follow_up,,
follow_up.tsv,TCGA-DJ-A2PS,follow_ups.days_to_follow_up,797,797.0
follow_up.tsv,TCGA-ET-A3DT,follow_ups.days_to_follow_up,145,145.0
follow_up.tsv,TCGA-DJ-A2Q2,follow_ups.days_to_follow_up,,
follow_up.tsv,TCGA-ET-A3DR,follow_ups.days_to_follow_up,2451,2451.0
follow_up.tsv,TCGA-J8-A3YH,follow_ups.days_to_follow_up,,
follow_up.tsv,TCGA-EL-A3TB,follow_ups.days_to_follow_up,2519,2519.0
follow_up.tsv,TCGA-BJ-A45C,follow_ups.days_to_follow_up,243,243.0
follow_up.tsv,TCGA-CE-A13K,follow_ups.days_to_follow_up,16,16.0
follow_up.tsv,TCGA-DJ-A2PX,follow_ups.days_to_follow_up,881,881.0
follow_up.tsv,TCGA-EL-A3ZS,follow_ups.days_to_follow_up,,
follow_up.tsv,TCGA-E8-A419,follow_ups.days_to_follow_up,774,774.0
follow_up.tsv,TCGA-DJ-A3V8,follow_ups.days_to_follow_up,647,647.0
follow_up.tsv,TCGA-EL-A4K2,follow_ups.days_to_follow_up,,
follow_up.tsv,TCGA-DE-A4M8,follow_ups.days_to_follow_up,564,564.0
follow_up.tsv,TCGA-CE-A482,follow_ups.days_to_follow_up,2,2.0
follow_up.tsv,TCGA-E8-A44K,follow_ups.days_to_follow_up,943,943.0
follow_up.tsv,TCGA-EM-A2OW,follow_ups.days_to_follow_up,219,219.0
follow_up.tsv,TCGA-BJ-A3F0,follow_ups.days_to_follow_up,424,424.0
follow_up.tsv,TCGA-DJ-A3VF,follow_ups.days_to_follow_up,292,292.0
follow_up.tsv,TCGA-FE-A3PC,follow_ups.days_to_follow_up,1868,1868.0
follow_up.tsv,TCGA-BJ-A28T,follow_ups.days_to_follow_up,85,85.0
follow_up.tsv,TCGA-EL-A4K1,follow_ups.days_to_follow_up,1046,1046.0
follow_up.tsv,TCGA-EM-A22L,follow_ups.days_to_follow_up,318,318.0
follow_up.tsv,TCGA-DJ-A3UZ,follow_ups.days_to_follow_up,563,563.0
follow_up.tsv,TCGA-EL-A3CY,follow_ups.days_to_follow_up,127,127.0
follow_up.tsv,TCGA-DJ-A4UT,follow_ups.days_to_follow_up,371,371.0
follow_up.tsv,TCGA-DJ-A2Q3,follow_ups.days_to_follow_up,280,280.0
follow_up.tsv,TCGA-DJ-A2Q6,follow_ups.days_to_follow_up,,
follow_up.tsv,TCGA-FK-A3SE,follow_ups.days_to_follow_up,670,670.0
follow_up.tsv,TCGA-DJ-A2QA,follow_ups.days_to_follow_up,1020,1020.0
follow_up.tsv,TCGA-FY-A2QD,follow_ups.days_to_follow_up,38,38.0
follow_up.tsv,TCGA-EL-A3GR,follow_ups.days_to_follow_up,3501,3501.0
follow_up.tsv,TCGA-EL-A3T7,follow_ups.days_to_follow_up,1256,1256.0
follow_up.tsv,TCGA-EM-A3FO,follow_ups.days_to_follow_up,,
follow_up.tsv,TCGA-DJ-A3VB,follow_ups.days_to_follow_up,341,341.0
follow_up.tsv,TCGA-FY-A3NN,follow_ups.days_to_follow_up,,
follow_up.tsv,TCGA-EM-A1YB,follow_ups.days_to_follow_up,592,592.0
follow_up.tsv,TCGA-ET-A3DV,follow_ups.days_to_follow_up,3424,3424.0
follow_up.tsv,TCGA-EL-A4KD,follow_ups.days_to_follow_up,1326,1326.0
follow_up.tsv,TCGA-L6-A4EU,follow_ups.days_to_follow_up,289,289.0
follow_up.tsv,TCGA-DJ-A2QB,follow_ups.days_to_follow_up,1070,1070.0
follow_up.tsv,TCGA-DJ-A4V4,follow_ups.days_to_follow_up,481,481.0
follow_up.tsv,TCGA-DJ-A3V0,follow_ups.days_to_follow_up,761,761.0
follow_up.tsv,TCGA-BJ-A45G,follow_ups.days_to_follow_up,725,725.0
follow_up.tsv,TCGA-FY-A3R7,follow_ups.days_to_follow_up,495,495.0
follow_up.tsv,TCGA-EM-A2P2,follow_ups.days_to_follow_up,,
follow_up.tsv,TCGA-DJ-A13M,follow_ups.days_to_follow_up,1484,1484.0
follow_up.tsv,TCGA-EL-A3D1,follow_ups.days_to_follow_up,2997,2997.0
follow_up.tsv,TCGA-BJ-A28V,follow_ups.days_to_follow_up,987,987.0
follow_up.tsv,TCGA-BJ-A3EZ,follow_ups.days_to_follow_up,42,42.0
follow_up.tsv,TCGA-DJ-A3VG,follow_ups.days_to_follow_up,1085,1085.0
follow_up.tsv,TCGA-ET-A3DU,follow_ups.days_to_follow_up,139,139.0
follow_up.tsv,TCGA-ET-A3BO,follow_ups.days_to_follow_up,499,499.0
follow_up.tsv,TCGA-EM-A3FP,follow_ups.days_to_follow_up,529,529.0
follow_up.tsv,TCGA-ET-A25O,follow_ups.days_to_follow_up,,
follow_up.tsv,TCGA-E8-A415,follow_ups.days_to_follow_up,5,5.0
follow_up.tsv,TCGA-EM-A22J,follow_ups.days_to_follow_up,441,441.0
follow_up.tsv,TCGA-DJ-A3UR,follow_ups.days_to_follow_up,1105,1105.0
follow_up.tsv,TCGA-EM-A22N,follow_ups.days_to_follow_up,324,324.0
follow_up.tsv,TCGA-FY-A3BL,follow_ups.days_to_follow_up,35,35.0
follow_up.tsv,TCGA-FY-A3R8,follow_ups.days_to_follow_up,477,477.0
follow_up.tsv,TCGA-FE-A235,follow_ups.days_to_follow_up,,
follow_up.tsv,TCGA-DJ-A13L,follow_ups.days_to_follow_up,,
follow_up.tsv,TCGA-ET-A3BS,follow_ups.days_to_follow_up,176,176.0
follow_up.tsv,TCGA-EM-A2CT,follow_ups.days_to_follow_up,1474,1474.0
follow_up.tsv,TCGA-ET-A40S,follow_ups.days_to_follow_up,,
follow_up.tsv,TCGA-J8-A3YE,follow_ups.days_to_follow_up,847,847.0
follow_up.tsv,TCGA-EM-A3FJ,follow_ups.days_to_follow_up,850,850.0
follow_up.tsv,TCGA-EM-A2P3,follow_ups.days_to_follow_up,,
follow_up.tsv,TCGA-EM-A4G1,follow_ups.days_to_follow_up,416,416.0
follow_up.tsv,TCGA-EL-A3GW,follow_ups.days_to_follow_up,,
follow_up.tsv,TCGA-DJ-A13P,follow_ups.days_to_follow_up,4194,4194.0
follow_up.tsv,TCGA-DJ-A3VL,follow_ups.days_to_follow_up,,
follow_up.tsv,TCGA-DJ-A1QG,follow_ups.days_to_follow_up,212,212.0
follow_up.tsv,TCGA-BJ-A2N7,follow_ups.days_to_follow_up,191,191.0
follow_up.tsv,TCGA-FY-A3I4,follow_ups.days_to_follow_up,542,542.0
follow_up.tsv,TCGA-ET-A39L,follow_ups.days_to_follow_up,3299,3299.0
follow_up.tsv,TCGA-EM-A3FL,follow_ups.days_to_follow_up,511,511.0
follow_up.tsv,TCGA-ET-A39O,follow_ups.days_to_follow_up,1856,1856.0
follow_up.tsv,TCGA-IM-A3ED,follow_ups.days_to_follow_up,,
follow_up.tsv,TCGA-FY-A3YR,follow_ups.days_to_follow_up,528,528.0
follow_up.tsv,TCGA-KS-A4IB,follow_ups.days_to_follow_up,2577,2577.0
follow_up.tsv,TCGA-EM-A2OY,follow_ups.days_to_follow_up,535,535.0
follow_up.tsv,TCGA-EL-A3TA,follow_ups.days_to_follow_up,,
follow_up.tsv,TCGA-DJ-A2PW,follow_ups.days_to_follow_up,234,234.0
follow_up.tsv,TCGA-BJ-A291,follow_ups.days_to_follow_up,696,696.0
follow_up.tsv,TCGA-DJ-A3UM,follow_ups.days_to_follow_up,524,524.0
follow_up.tsv,TCGA-E8-A413,follow_ups.days_to_follow_up,10,10.0
follow_up.tsv,TCGA-DJ-A2PO,follow_ups.days_to_follow_up,243,243.0
follow_up.tsv,TCGA-DJ-A3UK,follow_ups.days_to_follow_up,,
follow_up.tsv,TCGA-L6-A4EQ,follow_ups.days_to_follow_up,,
follow_up.tsv,TCGA-DJ-A3UO,follow_ups.days_to_follow_up,957,957.0
follow_up.tsv,TCGA-EM-A3AJ,follow_ups.days_to_follow_up,941,941.0
follow_up.tsv,TCGA-FY-A3R9,follow_ups.days_to_follow_up,504,504.0
follow_up.tsv,TCGA-DJ-A1QD,follow_ups.days_to_follow_up,332,332.0
follow_up.tsv,TCGA-DJ-A4V2,follow_ups.days_to_follow_up,,
follow_up.tsv,TCGA-EM-A2CJ,follow_ups.days_to_follow_up,348,348.0
follow_up.tsv,TCGA-EL-A4K7,follow_ups.days_to_follow_up,1251,1251.0
follow_up.tsv,TCGA-EL-A4KG,follow_ups.days_to_follow_up,739,739.0
follow_up.tsv,TCGA-DJ-A3VD,follow_ups.days_to_follow_up,350,350.0
follow_up.tsv,TCGA-DJ-A1QE,follow_ups.days_to_follow_up,3042,3042.0
follow_up.tsv,TCGA-IM-A3U3,follow_ups.days_to_follow_up,514,514.0
follow_up.tsv,TCGA-MK-A4N6,follow_ups.days_to_follow_up,1098,1098.0
follow_up.tsv,TCGA-EL-A3GP,follow_ups.days_to_follow_up,,
follow_up.tsv,TCGA-EM-A22K,follow_ups.days_to_follow_up,203,203.0
follow_up.tsv,TCGA-CE-A3ME,follow_ups.days_to_follow_up,379,379.0
follow_up.tsv,TCGA-ET-A39S,follow_ups.days_to_follow_up,1676,1676.0
follow_up.tsv,TCGA-E8-A436,follow_ups.days_to_follow_up,35,35.0
follow_up.tsv,TCGA-E3-A3DY,follow_ups.days_to_follow_up,,
follow_up.tsv,TCGA-KS-A4I7,follow_ups.days_to_follow_up,376,376.0
follow_up.tsv,TCGA-EL-A3H4,follow_ups.days_to_follow_up,,
follow_up.tsv,TCGA-DJ-A3VE,follow_ups.days_to_follow_up,,
follow_up.tsv,TCGA-EM-A4FO,follow_ups.days_to_follow_up,255,255.0
follow_up.tsv,TCGA-4C-A93U,follow_ups.days_to_follow_up,3,3.0
follow_up.tsv,TCGA-ET-A25G,follow_ups.days_to_follow_up,2492,2492.0
follow_up.tsv,TCGA-EL-A3ZL,follow_ups.days_to_follow_up,1895,1895.0
follow_up.tsv,TCGA-IM-A420,follow_ups.days_to_follow_up,250,250.0
follow_up.tsv,TCGA-DJ-A2Q1,follow_ups.days_to_follow_up,,
follow_up.tsv,TCGA-FK-A3SH,follow_ups.days_to_follow_up,1463,1463.0
follow_up.tsv,TCGA-DJ-A1QL,follow_ups.days_to_follow_up,535,535.0
follow_up.tsv,TCGA-H2-A26U,follow_ups.days_to_follow_up,334,334.0
follow_up.tsv,TCGA-CE-A484,follow_ups.days_to_follow_up,378,378.0
follow_up.tsv,TCGA-DJ-A3VJ,follow_ups.days_to_follow_up,1108,1108.0
follow_up.tsv,TCGA-EM-A1YE,follow_ups.days_to_follow_up,650,650.0
follow_up.tsv,TCGA-ET-A2N1,follow_ups.days_to_follow_up,,
follow_up.tsv,TCGA-BJ-A45D,follow_ups.days_to_follow_up,197,197.0
follow_up.tsv,TCGA-BJ-A2P4,follow_ups.days_to_follow_up,214,214.0
follow_up.tsv,TCGA-EM-A3AQ,follow_ups.days_to_follow_up,262,262.0
follow_up.tsv,TCGA-EM-A1CS,follow_ups.days_to_follow_up,817,817.0
follow_up.tsv,TCGA-KS-A4I5,follow_ups.days_to_follow_up,205,205.0
follow_up.tsv,TCGA-EL-A3GV,follow_ups.days_to_follow_up,,
follow_up.tsv,TCGA-ET-A39M,follow_ups.days_to_follow_up,2266,2266.0
follow_up.tsv,TCGA-EL-A3D5,follow_ups.days_to_follow_up,1737,1737.0
follow_up.tsv,TCGA-EL-A3ZP,follow_ups.days_to_follow_up,1597,1597.0
follow_up.tsv,TCGA-ET-A2MY,follow_ups.days_to_follow_up,1787,1787.0
follow_up.tsv,TCGA-E8-A418,follow_ups.days_to_follow_up,45,45.0
follow_up.tsv,TCGA-ET-A25N,follow_ups.days_to_follow_up,1928,1928.0
follow_up.tsv,TCGA-DJ-A2PQ,follow_ups.days_to_follow_up,,
follow_up.tsv,TCGA-EM-A22I,follow_ups.days_to_follow_up,82,82.0
follow_up.tsv,TCGA-EL-A3MW,follow_ups.days_to_follow_up,3305,3305.0
follow_up.tsv,TCGA-E3-A3E2,follow_ups.days_to_follow_up,1922,1922.0
follow_up.tsv,TCGA-E8-A434,follow_ups.days_to_follow_up,429,429.0
follow_up.tsv,TCGA-DJ-A2Q4,follow_ups.days_to_follow_up,1032,1032.0
follow_up.tsv,TCGA-MK-A4N7,follow_ups.days_to_follow_up,,
follow_up.tsv,TCGA-E8-A438,follow_ups.days_to_follow_up,1019,1019.0
follow_up.tsv,TCGA-DJ-A1QO,follow_ups.days_to_follow_up,31,31.0
follow_up.tsv,TCGA-DJ-A3UV,follow_ups.days_to_follow_up,1466,1466.0
follow_up.tsv,TCGA-E8-A3X7,follow_ups.days_to_follow_up,596,596.0
follow_up.tsv,TCGA-DJ-A1QH,follow_ups.days_to_follow_up,1293,1293.0
follow_up.tsv,TCGA-BJ-A0YZ,follow_ups.days_to_follow_up,754,754.0
follow_up.tsv,TCGA-E8-A2JQ,follow_ups.days_to_follow_up,356,356.0
follow_up.tsv,TCGA-FY-A3NM,follow_ups.days_to_follow_up,30,30.0
follow_up.tsv,TCGA-EL-A3MZ,follow_ups.days_to_follow_up,1597,1597.0
follow_up.tsv,TCGA-EM-A4FN,follow_ups.days_to_follow_up,802,802.0
follow_up.tsv,TCGA-ET-A3DQ,follow_ups.days_to_follow_up,2581,2581.0
follow_up.tsv,TCGA-DJ-A2Q8,follow_ups.days_to_follow_up,215,215.0
follow_up.tsv,TCGA-KS-A4I3,follow_ups.days_to_follow_up,600,600.0
follow_up.tsv,TCGA-EL-A3H8,follow_ups.days_to_follow_up,3912,3912.0
follow_up.tsv,TCGA-EL-A3H7,follow_ups.days_to_follow_up,,
follow_up.tsv,TCGA-DJ-A2PN,follow_ups.days_to_follow_up,307,307.0
follow_up.tsv,TCGA-EL-A3CV,follow_ups.days_to_follow_up,,
follow_up.tsv,TCGA-DJ-A1QF,follow_ups.days_to_follow_up,931,931.0
follow_up.tsv,TCGA-BJ-A3PR,follow_ups.days_to_follow_up,471,471.0
follow_up.tsv,TCGA-DJ-A2PY,follow_ups.days_to_follow_up,267,267.0
follow_up.tsv,TCGA-J8-A4HW,follow_ups.days_to_follow_up,79,79.0
follow_up.tsv,TCGA-FE-A23A,follow_ups.days_to_follow_up,2111,2111.0
follow_up.tsv,TCGA-EM-A3SU,follow_ups.days_to_follow_up,911,911.0
follow_up.tsv,TCGA-EM-A3FQ,follow_ups.days_to_follow_up,,
follow_up.tsv,TCGA-EL-A3CW,follow_ups.days_to_follow_up,938,938.0
follow_up.tsv,TCGA-EL-A3CL,follow_ups.days_to_follow_up,963,963.0
follow_up.tsv,TCGA-EL-A3CO,follow_ups.days_to_follow_up,726,726.0
follow_up.tsv,TCGA-ET-A3DO,follow_ups.days_to_imaging,,
follow_up.tsv,TCGA-EL-A4KI,follow_ups.days_to_imaging,,
follow_up.tsv,TCGA-BJ-A290,follow_ups.days_to_imaging,,
follow_up.tsv,TCGA-EL-A4K6,follow_ups.days_to_imaging,,
follow_up.tsv,TCGA-EM-A4FU,follow_ups.days_to_imaging,,
follow_up.tsv,TCGA-ET-A39K,follow_ups.days_to_imaging,,
follow_up.tsv,TCGA-FE-A22Z,follow_ups.days_to_imaging,,
follow_up.tsv,TCGA-FE-A237,follow_ups.days_to_imaging,,
follow_up.tsv,TCGA-EL-A3GX,follow_ups.days_to_imaging,,
follow_up.tsv,TCGA-DO-A1K0,follow_ups.days_to_imaging,,
follow_up.tsv,TCGA-EM-A4FF,follow_ups.days_to_imaging,,
follow_up.tsv,TCGA-ET-A3BV,follow_ups.days_to_imaging,,
follow_up.tsv,TCGA-DE-A0Y3,follow_ups.days_to_imaging,,
follow_up.tsv,TCGA-DJ-A4UR,follow_ups.days_to_imaging,,
follow_up.tsv,TCGA-DE-A4MD,follow_ups.days_to_imaging,,
follow_up.tsv,TCGA-ET-A3BT,follow_ups.days_to_imaging,,
follow_up.tsv,TCGA-EL-A3GU,follow_ups.days_to_imaging,,
follow_up.tsv,TCGA-FE-A234,follow_ups.days_to_imaging,,
follow_up.tsv,TCGA-FE-A233,follow_ups.days_to_imaging,,
follow_up.tsv,TCGA-BJ-A0Z2,follow_ups.days_to_imaging,,
follow_up.tsv,TCGA-FE-A239,follow_ups.days_to_imaging,,
follow_up.tsv,TCGA-E3-A3E3,follow_ups.days_to_imaging,,
follow_up.tsv,TCGA-ET-A40Q,follow_ups.days_to_imaging,,
follow_up.tsv,TCGA-DE-A4MC,follow_ups.days_to_imaging,,
follow_up.tsv,TCGA-EL-A3T2,follow_ups.days_to_imaging,,
follow_up.tsv,TCGA-EM-A3FM,follow_ups.days_to_imaging,,
follow_up.tsv,TCGA-E8-A432,follow_ups.days_to_imaging,,
follow_up.tsv,TCGA-EL-A3GO,follow_ups.days_to_imaging,,
follow_up.tsv,TCGA-FE-A230,follow_ups.days_to_imaging,,
follow_up.tsv,TCGA-H2-A3RI,follow_ups.days_to_imaging,,
follow_up.tsv,TCGA-EL-A3CZ,follow_ups.days_to_imaging,,
follow_up.tsv,TCGA-FE-A238,follow_ups.days_to_imaging,,
follow_up.tsv,TCGA-EL-A3MX,follow_ups.days_to_imaging,,
follow_up.tsv,TCGA-BJ-A3PU,follow_ups.days_to_imaging,,
follow_up.tsv,TCGA-EM-A2P1,follow_ups.days_to_imaging,,
follow_up.tsv,TCGA-BJ-A18Z,follow_ups.days_to_imaging,,
follow_up.tsv,TCGA-BJ-A0Z5,follow_ups.days_to_imaging,,
follow_up.tsv,TCGA-BJ-A4O8,follow_ups.days_to_imaging,,
follow_up.tsv,TCGA-FE-A3PA,follow_ups.days_to_imaging,,
follow_up.tsv,TCGA-BJ-A2N9,follow_ups.days_to_imaging,,
follow_up.tsv,TCGA-BJ-A191,follow_ups.days_to_imaging,,
follow_up.tsv,TCGA-EL-A3ZG,follow_ups.days_to_imaging,,
follow_up.tsv,TCGA-BJ-A0Z3,follow_ups.days_to_imaging,,
follow_up.tsv,TCGA-EM-A2CN,follow_ups.days_to_imaging,,
follow_up.tsv,TCGA-EL-A3D0,follow_ups.days_to_imaging,,
follow_up.tsv,TCGA-BJ-A45J,follow_ups.days_to_imaging,,
follow_up.tsv,TCGA-EL-A3MY,follow_ups.days_to_imaging,,
follow_up.tsv,TCGA-BJ-A45H,follow_ups.days_to_imaging,,
follow_up.tsv,TCGA-FK-A4UB,follow_ups.days_to_imaging,,
follow_up.tsv,TCGA-DE-A69K,follow_ups.days_to_imaging,,
follow_up.tsv,TCGA-BJ-A0ZH,follow_ups.days_to_imaging,,
follow_up.tsv,TCGA-BJ-A0ZF,follow_ups.days_to_imaging,,
follow_up.tsv,TCGA-DJ-A3UX,follow_ups.days_to_imaging,,
follow_up.tsv,TCGA-BJ-A0ZG,follow_ups.days_to_imaging,,
follow_up.tsv,TCGA-BJ-A28W,follow_ups.days_to_imaging,,
follow_up.tsv,TCGA-QD-A8IV,follow_ups.days_to_imaging,,
follow_up.tsv,TCGA-BJ-A4O9,follow_ups.days_to_imaging,,
follow_up.tsv,TCGA-EM-A3ST,follow_ups.days_to_imaging,,
follow_up.tsv,TCGA-BJ-A0ZB,follow_ups.days_to_imaging,,
follow_up.tsv,TCGA-L6-A4ET,follow_ups.days_to_imaging,,
follow_up.tsv,TCGA-BJ-A2NA,follow_ups.days_to_imaging,,
follow_up.tsv,TCGA-J8-A3YF,follow_ups.days_to_imaging,,
follow_up.tsv,TCGA-BJ-A190,follow_ups.days_to_imaging,,
follow_up.tsv,TCGA-DE-A7U5,follow_ups.days_to_imaging,,
follow_up.tsv,TCGA-BJ-A45E,follow_ups.days_to_imaging,,
follow_up.tsv,TCGA-BJ-A0ZA,follow_ups.days_to_imaging,,
follow_up.tsv,TCGA-J8-A3YD,follow_ups.days_to_imaging,,
follow_up.tsv,TCGA-BJ-A0ZC,follow_ups.days_to_imaging,,
follow_up.tsv,TCGA-BJ-A28Z,follow_ups.days_to_imaging,,
follow_up.tsv,TCGA-BJ-A0ZJ,follow_ups.days_to_imaging,,
follow_up.tsv,TCGA-BJ-A45K,follow_ups.days_to_imaging,,
follow_up.tsv,TCGA-J8-A3YG,follow_ups.days_to_imaging,,
follow_up.tsv,TCGA-BJ-A0ZE,follow_ups.days_to_imaging,,
follow_up.tsv,TCGA-BJ-A18Y,follow_ups.days_to_imaging,,
follow_up.tsv,TCGA-BJ-A28X,follow_ups.days_to_imaging,,
follow_up.tsv,TCGA-BJ-A192,follow_ups.days_to_imaging,,
follow_up.tsv,TCGA-BJ-A45I,follow_ups.days_to_imaging,,
follow_up.tsv,TCGA-BJ-A45F,follow_ups.days_to_imaging,,
follow_up.tsv,TCGA-J8-A3O1,follow_ups.days_to_imaging,,
follow_up.tsv,TCGA-DJ-A4V0,follow_ups.days_to_imaging,,
follow_up.tsv,TCGA-EL-A3N3,follow_ups.days_to_imaging,,
follow_up.tsv,TCGA-FY-A4B3,follow_ups.days_to_imaging,,
follow_up.tsv,TCGA-FY-A3NP,follow_ups.days_to_imaging,,
follow_up.tsv,TCGA-DJ-A3UY,follow_ups.days_to_imaging,,
follow_up.tsv,TCGA-H2-A3RH,follow_ups.days_to_imaging,,
follow_up.tsv,TCGA-J8-A3O2,follow_ups.days_to_imaging,,
follow_up.tsv,TCGA-EM-A2CO,follow_ups.days_to_imaging,,
follow_up.tsv,TCGA-EL-A3ZM,follow_ups.days_to_imaging,,
follow_up.tsv,TCGA-DJ-A2PP,follow_ups.days_to_imaging,,
follow_up.tsv,TCGA-FE-A3PB,follow_ups.days_to_imaging,,
follow_up.tsv,TCGA-DJ-A2Q9,follow_ups.days_to_imaging,,
follow_up.tsv,TCGA-EL-A4K0,follow_ups.days_to_imaging,,
follow_up.tsv,TCGA-DE-A3KN,follow_ups.days_to_imaging,,
follow_up.tsv,TCGA-ET-A25R,follow_ups.days_to_imaging,,
follow_up.tsv,TCGA-EM-A1YC,follow_ups.days_to_imaging,,
follow_up.tsv,TCGA-DJ-A13T,follow_ups.days_to_imaging,,
follow_up.tsv,TCGA-EM-A3AL,follow_ups.days_to_imaging,,
follow_up.tsv,TCGA-EM-A4FK,follow_ups.days_to_imaging,,
follow_up.tsv,TCGA-EM-A3FK,follow_ups.days_to_imaging,,
follow_up.tsv,TCGA-ET-A25I,follow_ups.days_to_imaging,,
follow_up.tsv,TCGA-EM-A3SZ,follow_ups.days_to_imaging,,
follow_up.tsv,TCGA-EM-A3AP,follow_ups.days_to_imaging,,
follow_up.tsv,TCGA-ET-A25P,follow_ups.days_to_imaging,,
follow_up.tsv,TCGA-EM-A4FM,follow_ups.days_to_imaging,,
follow_up.tsv,TCGA-DJ-A2PU,follow_ups.days_to_imaging,,
follow_up.tsv,TCGA-DJ-A2Q5,follow_ups.days_to_imaging,,
follow_up.tsv,TCGA-EM-A3SX,follow_ups.days_to_imaging,,
follow_up.tsv,TCGA-EL-A3ZH,follow_ups.days_to_imaging,,
follow_up.tsv,TCGA-EL-A3GY,follow_ups.days_to_imaging,,
follow_up.tsv,TCGA-CE-A3MD,follow_ups.days_to_imaging,,
follow_up.tsv,TCGA-DO-A1JZ,follow_ups.days_to_imaging,,
follow_up.tsv,TCGA-ET-A39J,follow_ups.days_to_imaging,,
follow_up.tsv,TCGA-DJ-A3VI,follow_ups.days_to_imaging,,
follow_up.tsv,TCGA-ET-A3DP,follow_ups.days_to_imaging,,
follow_up.tsv,TCGA-EM-A3AO,follow_ups.days_to_imaging,,
follow_up.tsv,TCGA-EM-A22P,follow_ups.days_to_imaging,,
follow_up.tsv,TCGA-E8-A437,follow_ups.days_to_imaging,,
follow_up.tsv,TCGA-DJ-A3VM,follow_ups.days_to_imaging,,
follow_up.tsv,TCGA-DJ-A2QC,follow_ups.days_to_imaging,,
follow_up.tsv,TCGA-EL-A3ZN,follow_ups.days_to_imaging,,
follow_up.tsv,TCGA-EM-A2OZ,follow_ups.days_to_imaging,,
follow_up.tsv,TCGA-DJ-A1QN,follow_ups.days_to_imaging,,
follow_up.tsv,TCGA-EL-A3D6,follow_ups.days_to_imaging,,
follow_up.tsv,TCGA-ET-A2N0,follow_ups.days_to_imaging,,
follow_up.tsv,TCGA-EM-A2CR,follow_ups.days_to_imaging,,
follow_up.tsv,TCGA-MK-A84Z,follow_ups.days_to_imaging,,
follow_up.tsv,TCGA-EL-A3CM,follow_ups.days_to_imaging,,
follow_up.tsv,TCGA-EM-A1CW,follow_ups.days_to_imaging,,
follow_up.tsv,TCGA-KS-A41J,follow_ups.days_to_imaging,,
follow_up.tsv,TCGA-E8-A414,follow_ups.days_to_imaging,,
follow_up.tsv,TCGA-EL-A3GS,follow_ups.days_to_imaging,,
follow_up.tsv,TCGA-EM-A3OA,follow_ups.days_to_imaging,,
follow_up.tsv,TCGA-ET-A40R,follow_ups.days_to_imaging,,
follow_up.tsv,TCGA-MK-A4N9,follow_ups.days_to_imaging,,
follow_up.tsv,TCGA-DJ-A4UP,follow_ups.days_to_imaging,,
follow_up.tsv,TCGA-EL-A3CR,follow_ups.days_to_imaging,,
follow_up.tsv,TCGA-H2-A2K9,follow_ups.days_to_imaging,,
follow_up.tsv,TCGA-DJ-A3UP,follow_ups.days_to_imaging,,
follow_up.tsv,TCGA-DJ-A4UQ,follow_ups.days_to_imaging,,
follow_up.tsv,TCGA-EM-A2CL,follow_ups.days_to_imaging,,
follow_up.tsv,TCGA-DJ-A3VA,follow_ups.days_to_imaging,,
follow_up.tsv,TCGA-EM-A1CT,follow_ups.days_to_imaging,,
follow_up.tsv,TCGA-ET-A4KQ,follow_ups.days_to_imaging,,
follow_up.tsv,TCGA-EL-A4K4,follow_ups.days_to_imaging,,
follow_up.tsv,TCGA-BJ-A3PT,follow_ups.days_to_imaging,,
follow_up.tsv,TCGA-EM-A3O3,follow_ups.days_to_imaging,,
follow_up.tsv,TCGA-EM-A2CM,follow_ups.days_to_imaging,,
follow_up.tsv,TCGA-J8-A4HY,follow_ups.days_to_imaging,,
follow_up.tsv,TCGA-EM-A3FR,follow_ups.days_to_imaging,,
follow_up.tsv,TCGA-CE-A481,follow_ups.days_to_imaging,,
follow_up.tsv,TCGA-ET-A40T,follow_ups.days_to_imaging,,
follow_up.tsv,TCGA-ET-A3BW,follow_ups.days_to_imaging,,
follow_up.tsv,TCGA-DJ-A2PR,follow_ups.days_to_imaging,,
follow_up.tsv,TCGA-E8-A44M,follow_ups.days_to_imaging,,
follow_up.tsv,TCGA-DJ-A3V9,follow_ups.days_to_imaging,,
follow_up.tsv,TCGA-EM-A2CP,follow_ups.days_to_imaging,,
follow_up.tsv,TCGA-ET-A25K,follow_ups.days_to_imaging,,
follow_up.tsv,TCGA-EL-A3GZ,follow_ups.days_to_imaging,,
follow_up.tsv,TCGA-FE-A236,follow_ups.days_to_imaging,,
follow_up.tsv,TCGA-EL-A3ZQ,follow_ups.days_to_imaging,,
follow_up.tsv,TCGA-EM-A3O9,follow_ups.days_to_imaging,,
follow_up.tsv,TCGA-EL-A3N2,follow_ups.days_to_imaging,,
follow_up.tsv,TCGA-DJ-A3V4,follow_ups.days_to_imaging,,
follow_up.tsv,TCGA-EL-A3CP,follow_ups.days_to_imaging,,
follow_up.tsv,TCGA-DJ-A1QM,follow_ups.days_to_imaging,,
follow_up.tsv,TCGA-DJ-A3UQ,follow_ups.days_to_imaging,,
follow_up.tsv,TCGA-ET-A39I,follow_ups.days_to_imaging,,
follow_up.tsv,TCGA-IM-A4EB,follow_ups.days_to_imaging,,
follow_up.tsv,TCGA-EM-A3O6,follow_ups.days_to_imaging,,
follow_up.tsv,TCGA-EL-A3H3,follow_ups.days_to_imaging,,
follow_up.tsv,TCGA-FE-A3PD,follow_ups.days_to_imaging,,
follow_up.tsv,TCGA-DJ-A2PT,follow_ups.days_to_imaging,,
follow_up.tsv,TCGA-EM-A3O7,follow_ups.days_to_imaging,,
follow_up.tsv,TCGA-IM-A3EB,follow_ups.days_to_imaging,,
follow_up.tsv,TCGA-DJ-A1QI,follow_ups.days_to_imaging,,
follow_up.tsv,TCGA-DJ-A13X,follow_ups.days_to_imaging,,
follow_up.tsv,TCGA-DJ-A13W,follow_ups.days_to_imaging,,
follow_up.tsv,TCGA-ET-A3BN,follow_ups.days_to_imaging,,
follow_up.tsv,TCGA-EL-A3ZO,follow_ups.days_to_imaging,,
follow_up.tsv,TCGA-EL-A3ZK,follow_ups.days_to_imaging,,
follow_up.tsv,TCGA-EL-A4JZ,follow_ups.days_to_imaging,,
follow_up.tsv,TCGA-ET-A2N4,follow_ups.days_to_imaging,,
follow_up.tsv,TCGA-DJ-A13R,follow_ups.days_to_imaging,,
follow_up.tsv,TCGA-DE-A0XZ,follow_ups.days_to_imaging,,
follow_up.tsv,TCGA-FY-A40L,follow_ups.days_to_imaging,,
follow_up.tsv,TCGA-EL-A3H5,follow_ups.days_to_imaging,,
follow_up.tsv,TCGA-ET-A3DW,follow_ups.days_to_imaging,,
follow_up.tsv,TCGA-J8-A3NZ,follow_ups.days_to_imaging,,
follow_up.tsv,TCGA-ET-A39P,follow_ups.days_to_imaging,,
follow_up.tsv,TCGA-ET-A25L,follow_ups.days_to_imaging,,
follow_up.tsv,TCGA-FY-A40N,follow_ups.days_to_imaging,,
follow_up.tsv,TCGA-DJ-A3UU,follow_ups.days_to_imaging,,
follow_up.tsv,TCGA-ET-A3BU,follow_ups.days_to_imaging,,
follow_up.tsv,TCGA-EL-A3CN,follow_ups.days_to_imaging,,
follow_up.tsv,TCGA-EM-A4FH,follow_ups.days_to_imaging,,
follow_up.tsv,TCGA-EM-A3AK,follow_ups.days_to_imaging,,
follow_up.tsv,TCGA-KS-A41L,follow_ups.days_to_imaging,,
follow_up.tsv,TCGA-E8-A433,follow_ups.days_to_imaging,,
follow_up.tsv,TCGA-EL-A3CT,follow_ups.days_to_imaging,,
follow_up.tsv,TCGA-FY-A3ON,follow_ups.days_to_imaging,,
follow_up.tsv,TCGA-KS-A4IC,follow_ups.days_to_imaging,,
follow_up.tsv,TCGA-E8-A242,follow_ups.days_to_imaging,,
follow_up.tsv,TCGA-EM-A1CU,follow_ups.days_to_imaging,,
follow_up.tsv,TCGA-EL-A3GQ,follow_ups.days_to_imaging,,
follow_up.tsv,TCGA-DE-A4MB,follow_ups.days_to_imaging,,
follow_up.tsv,TCGA-EL-A4JW,follow_ups.days_to_imaging,,
follow_up.tsv,TCGA-ET-A2MZ,follow_ups.days_to_imaging,,
follow_up.tsv,TCGA-EM-A4FQ,follow_ups.days_to_imaging,,
follow_up.tsv,TCGA-FY-A3I5,follow_ups.days_to_imaging,,
follow_up.tsv,TCGA-BJ-A28R,follow_ups.days_to_imaging,,
follow_up.tsv,TCGA-KS-A4I9,follow_ups.days_to_imaging,,
follow_up.tsv,TCGA-FY-A3TY,follow_ups.days_to_imaging,,
follow_up.tsv,TCGA-IM-A41Y,follow_ups.days_to_imaging,,
follow_up.tsv,TCGA-EM-A2OV,follow_ups.days_to_imaging,,
follow_up.tsv,TCGA-EM-A1YA,follow_ups.days_to_imaging,,
follow_up.tsv,TCGA-J8-A3O0,follow_ups.days_to_imaging,,
follow_up.tsv,TCGA-FY-A3RA,follow_ups.days_to_imaging,,
follow_up.tsv,TCGA-FY-A3WA,follow_ups.days_to_imaging,,
follow_up.tsv,TCGA-ET-A2MX,follow_ups.days_to_imaging,,
follow_up.tsv,TCGA-EM-A3FN,follow_ups.days_to_imaging,,
follow_up.tsv,TCGA-E3-A3DZ,follow_ups.days_to_imaging,,
follow_up.tsv,TCGA-BJ-A28S,follow_ups.days_to_imaging,,
follow_up.tsv,TCGA-ET-A3BQ,follow_ups.days_to_imaging,,
follow_up.tsv,TCGA-E3-A3E0,follow_ups.days_to_imaging,,
follow_up.tsv,TCGA-FY-A4B4,follow_ups.days_to_imaging,,
follow_up.tsv,TCGA-ET-A3DS,follow_ups.days_to_imaging,,
follow_up.tsv,TCGA-EL-A3D4,follow_ups.days_to_imaging,,
follow_up.tsv,TCGA-DJ-A2PZ,follow_ups.days_to_imaging,,
follow_up.tsv,TCGA-DJ-A3UW,follow_ups.days_to_imaging,,
follow_up.tsv,TCGA-FE-A232,follow_ups.days_to_imaging,,
follow_up.tsv,TCGA-ET-A25J,follow_ups.days_to_imaging,,
follow_up.tsv,TCGA-DJ-A2PV,follow_ups.days_to_imaging,,
follow_up.tsv,TCGA-FK-A3SD,follow_ups.days_to_imaging,,
follow_up.tsv,TCGA-J8-A42S,follow_ups.days_to_imaging,,
follow_up.tsv,TCGA-EL-A4KH,follow_ups.days_to_imaging,,
follow_up.tsv,TCGA-EL-A3T3,follow_ups.days_to_imaging,,
follow_up.tsv,TCGA-EM-A4FV,follow_ups.days_to_imaging,,
follow_up.tsv,TCGA-EM-A3AN,follow_ups.days_to_imaging,,
follow_up.tsv,TCGA-EL-A3ZT,follow_ups.days_to_imaging,,
follow_up.tsv,TCGA-DJ-A3V3,follow_ups.days_to_imaging,,
follow_up.tsv,TCGA-EM-A2CU,follow_ups.days_to_imaging,,
follow_up.tsv,TCGA-DJ-A3UN,follow_ups.days_to_imaging,,
follow_up.tsv,TCGA-EL-A4JX,follow_ups.days_to_imaging,,
follow_up.tsv,TCGA-EM-A3AI,follow_ups.days_to_imaging,,
follow_up.tsv,TCGA-EM-A22O,follow_ups.days_to_imaging,,
follow_up.tsv,TCGA-DE-A0Y2,follow_ups.days_to_imaging,,
follow_up.tsv,TCGA-FY-A4B0,follow_ups.days_to_imaging,,
follow_up.tsv,TCGA-DJ-A3US,follow_ups.days_to_imaging,,
follow_up.tsv,TCGA-EL-A4JV,follow_ups.days_to_imaging,,
follow_up.tsv,TCGA-KS-A4I1,follow_ups.days_to_imaging,,
follow_up.tsv,TCGA-FE-A231,follow_ups.days_to_imaging,,
follow_up.tsv,TCGA-EM-A3AR,follow_ups.days_to_imaging,,
follow_up.tsv,TCGA-EM-A2CQ,follow_ups.days_to_imaging,,
follow_up.tsv,TCGA-BJ-A2N8,follow_ups.days_to_imaging,,
follow_up.tsv,TCGA-BJ-A0Z0,follow_ups.days_to_imaging,,
follow_up.tsv,TCGA-FY-A40M,follow_ups.days_to_imaging,,
follow_up.tsv,TCGA-EL-A3CU,follow_ups.days_to_imaging,,
follow_up.tsv,TCGA-KS-A41I,follow_ups.days_to_imaging,,
follow_up.tsv,TCGA-EM-A2CS,follow_ups.days_to_imaging,,
follow_up.tsv,TCGA-CE-A27D,follow_ups.days_to_imaging,,
follow_up.tsv,TCGA-ET-A4KN,follow_ups.days_to_imaging,,
follow_up.tsv,TCGA-EM-A1CV,follow_ups.days_to_imaging,,
follow_up.tsv,TCGA-DJ-A3V6,follow_ups.days_to_imaging,,
follow_up.tsv,TCGA-EL-A3H2,follow_ups.days_to_imaging,,
follow_up.tsv,TCGA-DE-A2OL,follow_ups.days_to_imaging,,
follow_up.tsv,TCGA-DJ-A13O,follow_ups.days_to_imaging,,
follow_up.tsv,TCGA-EM-A2CK,follow_ups.days_to_imaging,,
follow_up.tsv,TCGA-DJ-A4UL,follow_ups.days_to_imaging,,
follow_up.tsv,TCGA-FK-A3S3,follow_ups.days_to_imaging,,
follow_up.tsv,TCGA-ET-A39T,follow_ups.days_to_imaging,,
follow_up.tsv,TCGA-DJ-A2Q7,follow_ups.days_to_imaging,,
follow_up.tsv,TCGA-DJ-A3V2,follow_ups.days_to_imaging,,
follow_up.tsv,TCGA-ET-A40P,follow_ups.days_to_imaging,,
follow_up.tsv,TCGA-DJ-A3V5,follow_ups.days_to_imaging,,
follow_up.tsv,TCGA-ET-A2N5,follow_ups.days_to_imaging,,
follow_up.tsv,TCGA-GE-A2C6,follow_ups.days_to_imaging,,
follow_up.tsv,TCGA-FY-A3W9,follow_ups.days_to_imaging,,
follow_up.tsv,TCGA-ET-A25M,follow_ups.days_to_imaging,,
follow_up.tsv,TCGA-EM-A2P0,follow_ups.days_to_imaging,,
follow_up.tsv,TCGA-H2-A421,follow_ups.days_to_imaging,,
follow_up.tsv,TCGA-CE-A483,follow_ups.days_to_imaging,,
follow_up.tsv,TCGA-FY-A76V,follow_ups.days_to_imaging,,
follow_up.tsv,TCGA-DO-A2HM,follow_ups.days_to_imaging,,
follow_up.tsv,TCGA-IM-A3U2,follow_ups.days_to_imaging,,
follow_up.tsv,TCGA-FK-A3SG,follow_ups.days_to_imaging,,
follow_up.tsv,TCGA-EM-A22Q,follow_ups.days_to_imaging,,
follow_up.tsv,TCGA-EL-A3T0,follow_ups.days_to_imaging,,
follow_up.tsv,TCGA-DE-A4M9,follow_ups.days_to_imaging,,
follow_up.tsv,TCGA-E8-A416,follow_ups.days_to_imaging,,
follow_up.tsv,TCGA-DJ-A4V5,follow_ups.days_to_imaging,,
follow_up.tsv,TCGA-BJ-A0Z9,follow_ups.days_to_imaging,,
follow_up.tsv,TCGA-ET-A39N,follow_ups.days_to_imaging,,
follow_up.tsv,TCGA-E3-A3E1,follow_ups.days_to_imaging,,
follow_up.tsv,TCGA-FK-A3SB,follow_ups.days_to_imaging,,
follow_up.tsv,TCGA-KS-A4ID,follow_ups.days_to_imaging,,
follow_up.tsv,TCGA-DE-A4MA,follow_ups.days_to_imaging,,
follow_up.tsv,TCGA-EL-A4K9,follow_ups.days_to_imaging,,
follow_up.tsv,TCGA-ET-A3BX,follow_ups.days_to_imaging,,
follow_up.tsv,TCGA-EL-A3T9,follow_ups.days_to_imaging,,
follow_up.tsv,TCGA-EM-A1YD,follow_ups.days_to_imaging,,
follow_up.tsv,TCGA-FY-A40K,follow_ups.days_to_imaging,,
follow_up.tsv,TCGA-DJ-A13S,follow_ups.days_to_imaging,,
follow_up.tsv,TCGA-EL-A3CS,follow_ups.days_to_imaging,,
follow_up.tsv,TCGA-DJ-A2Q0,follow_ups.days_to_imaging,,
follow_up.tsv,TCGA-DJ-A13U,follow_ups.days_to_imaging,,
follow_up.tsv,TCGA-EM-A3OB,follow_ups.days_to_imaging,,
follow_up.tsv,TCGA-EL-A3H1,follow_ups.days_to_imaging,,
follow_up.tsv,TCGA-EM-A4FR,follow_ups.days_to_imaging,,
follow_up.tsv,TCGA-KS-A41F,follow_ups.days_to_imaging,,
follow_up.tsv,TCGA-DJ-A3V7,follow_ups.days_to_imaging,,
follow_up.tsv,TCGA-H2-A422,follow_ups.days_to_imaging,,
follow_up.tsv,TCGA-EL-A3T6,follow_ups.days_to_imaging,,
follow_up.tsv,TCGA-FY-A3R6,follow_ups.days_to_imaging,,
follow_up.tsv,TCGA-E3-A3E5,follow_ups.days_to_imaging,,
follow_up.tsv,TCGA-EM-A22M,follow_ups.days_to_imaging,,
follow_up.tsv,TCGA-IM-A41Z,follow_ups.days_to_imaging,,
follow_up.tsv,TCGA-EL-A3CX,follow_ups.days_to_imaging,,
follow_up.tsv,TCGA-E8-A417,follow_ups.days_to_imaging,,
follow_up.tsv,TCGA-ET-A3BP,follow_ups.days_to_imaging,,
follow_up.tsv,TCGA-DJ-A3VK,follow_ups.days_to_imaging,,
follow_up.tsv,TCGA-EM-A3SY,follow_ups.days_to_imaging,,
follow_up.tsv,TCGA-EL-A3ZR,follow_ups.days_to_imaging,,
follow_up.tsv,TCGA-DJ-A4UW,follow_ups.days_to_imaging,,
follow_up.tsv,TCGA-EM-A3O8,follow_ups.days_to_imaging,,
follow_up.tsv,TCGA-EL-A3T1,follow_ups.days_to_imaging,,
follow_up.tsv,TCGA-E8-A2EA,follow_ups.days_to_imaging,,
follow_up.tsv,TCGA-EL-A3T8,follow_ups.days_to_imaging,,
follow_up.tsv,TCGA-EM-A2OX,follow_ups.days_to_imaging,,
follow_up.tsv,TCGA-DJ-A13V,follow_ups.days_to_imaging,,
follow_up.tsv,TCGA-DJ-A1QQ,follow_ups.days_to_imaging,,
follow_up.tsv,TCGA-ET-A39R,follow_ups.days_to_imaging,,
follow_up.tsv,TCGA-CE-A485,follow_ups.days_to_imaging,,
follow_up.tsv,TCGA-L6-A4EP,follow_ups.days_to_imaging,,
follow_up.tsv,TCGA-DJ-A3UT,follow_ups.days_to_imaging,,
follow_up.tsv,TCGA-ET-A2N3,follow_ups.days_to_imaging,,
follow_up.tsv,TCGA-DE-A69J,follow_ups.days_to_imaging,,
follow_up.tsv,TCGA-DJ-A2PS,follow_ups.days_to_imaging,,
follow_up.tsv,TCGA-ET-A3DT,follow_ups.days_to_imaging,,
follow_up.tsv,TCGA-DJ-A2Q2,follow_ups.days_to_imaging,,
follow_up.tsv,TCGA-ET-A3DR,follow_ups.days_to_imaging,,
follow_up.tsv,TCGA-J8-A3YH,follow_ups.days_to_imaging,,
follow_up.tsv,TCGA-EL-A3TB,follow_ups.days_to_imaging,,
follow_up.tsv,TCGA-BJ-A45C,follow_ups.days_to_imaging,,
follow_up.tsv,TCGA-CE-A13K,follow_ups.days_to_imaging,,
follow_up.tsv,TCGA-DJ-A2PX,follow_ups.days_to_imaging,,
follow_up.tsv,TCGA-EL-A3ZS,follow_ups.days_to_imaging,,
follow_up.tsv,TCGA-E8-A419,follow_ups.days_to_imaging,,
follow_up.tsv,TCGA-DJ-A3V8,follow_ups.days_to_imaging,,
follow_up.tsv,TCGA-EL-A4K2,follow_ups.days_to_imaging,,
follow_up.tsv,TCGA-DE-A4M8,follow_ups.days_to_imaging,,
follow_up.tsv,TCGA-CE-A482,follow_ups.days_to_imaging,,
follow_up.tsv,TCGA-E8-A44K,follow_ups.days_to_imaging,,
follow_up.tsv,TCGA-EM-A2OW,follow_ups.days_to_imaging,,
follow_up.tsv,TCGA-BJ-A3F0,follow_ups.days_to_imaging,,
follow_up.tsv,TCGA-DJ-A3VF,follow_ups.days_to_imaging,,
follow_up.tsv,TCGA-FE-A3PC,follow_ups.days_to_imaging,,
follow_up.tsv,TCGA-BJ-A28T,follow_ups.days_to_imaging,,
follow_up.tsv,TCGA-EL-A4K1,follow_ups.days_to_imaging,,
follow_up.tsv,TCGA-EM-A22L,follow_ups.days_to_imaging,,
follow_up.tsv,TCGA-DJ-A3UZ,follow_ups.days_to_imaging,,
follow_up.tsv,TCGA-EL-A3CY,follow_ups.days_to_imaging,,
follow_up.tsv,TCGA-DJ-A4UT,follow_ups.days_to_imaging,,
follow_up.tsv,TCGA-DJ-A2Q3,follow_ups.days_to_imaging,,
follow_up.tsv,TCGA-DJ-A2Q6,follow_ups.days_to_imaging,,
follow_up.tsv,TCGA-FK-A3SE,follow_ups.days_to_imaging,,
follow_up.tsv,TCGA-DJ-A2QA,follow_ups.days_to_imaging,,
follow_up.tsv,TCGA-FY-A2QD,follow_ups.days_to_imaging,,
follow_up.tsv,TCGA-EL-A3GR,follow_ups.days_to_imaging,,
follow_up.tsv,TCGA-EL-A3T7,follow_ups.days_to_imaging,,
follow_up.tsv,TCGA-EM-A3FO,follow_ups.days_to_imaging,,
follow_up.tsv,TCGA-DJ-A3VB,follow_ups.days_to_imaging,,
follow_up.tsv,TCGA-FY-A3NN,follow_ups.days_to_imaging,,
follow_up.tsv,TCGA-EM-A1YB,follow_ups.days_to_imaging,,
follow_up.tsv,TCGA-ET-A3DV,follow_ups.days_to_imaging,,
follow_up.tsv,TCGA-EL-A4KD,follow_ups.days_to_imaging,,
follow_up.tsv,TCGA-L6-A4EU,follow_ups.days_to_imaging,,
follow_up.tsv,TCGA-DJ-A2QB,follow_ups.days_to_imaging,,
follow_up.tsv,TCGA-DJ-A4V4,follow_ups.days_to_imaging,,
follow_up.tsv,TCGA-DJ-A3V0,follow_ups.days_to_imaging,,
follow_up.tsv,TCGA-BJ-A45G,follow_ups.days_to_imaging,,
follow_up.tsv,TCGA-FY-A3R7,follow_ups.days_to_imaging,,
follow_up.tsv,TCGA-EM-A2P2,follow_ups.days_to_imaging,,
follow_up.tsv,TCGA-DJ-A13M,follow_ups.days_to_imaging,,
follow_up.tsv,TCGA-EL-A3D1,follow_ups.days_to_imaging,,
follow_up.tsv,TCGA-BJ-A28V,follow_ups.days_to_imaging,,
follow_up.tsv,TCGA-BJ-A3EZ,follow_ups.days_to_imaging,,
follow_up.tsv,TCGA-DJ-A3VG,follow_ups.days_to_imaging,,
follow_up.tsv,TCGA-ET-A3DU,follow_ups.days_to_imaging,,
follow_up.tsv,TCGA-ET-A3BO,follow_ups.days_to_imaging,,
follow_up.tsv,TCGA-EM-A3FP,follow_ups.days_to_imaging,,
follow_up.tsv,TCGA-ET-A25O,follow_ups.days_to_imaging,,
follow_up.tsv,TCGA-E8-A415,follow_ups.days_to_imaging,,
follow_up.tsv,TCGA-EM-A22J,follow_ups.days_to_imaging,,
follow_up.tsv,TCGA-DJ-A3UR,follow_ups.days_to_imaging,,
follow_up.tsv,TCGA-EM-A22N,follow_ups.days_to_imaging,,
follow_up.tsv,TCGA-FY-A3BL,follow_ups.days_to_imaging,,
follow_up.tsv,TCGA-FY-A3R8,follow_ups.days_to_imaging,,
follow_up.tsv,TCGA-FE-A235,follow_ups.days_to_imaging,,
follow_up.tsv,TCGA-DJ-A13L,follow_ups.days_to_imaging,,
follow_up.tsv,TCGA-ET-A3BS,follow_ups.days_to_imaging,,
follow_up.tsv,TCGA-EM-A2CT,follow_ups.days_to_imaging,,
follow_up.tsv,TCGA-ET-A40S,follow_ups.days_to_imaging,,
follow_up.tsv,TCGA-J8-A3YE,follow_ups.days_to_imaging,,
follow_up.tsv,TCGA-EM-A3FJ,follow_ups.days_to_imaging,,
follow_up.tsv,TCGA-EM-A2P3,follow_ups.days_to_imaging,,
follow_up.tsv,TCGA-EM-A4G1,follow_ups.days_to_imaging,,
follow_up.tsv,TCGA-EL-A3GW,follow_ups.days_to_imaging,,
follow_up.tsv,TCGA-DJ-A13P,follow_ups.days_to_imaging,,
follow_up.tsv,TCGA-DJ-A3VL,follow_ups.days_to_imaging,,
follow_up.tsv,TCGA-DJ-A1QG,follow_ups.days_to_imaging,,
follow_up.tsv,TCGA-BJ-A2N7,follow_ups.days_to_imaging,,
follow_up.tsv,TCGA-FY-A3I4,follow_ups.days_to_imaging,,
follow_up.tsv,TCGA-ET-A39L,follow_ups.days_to_imaging,,
follow_up.tsv,TCGA-EM-A3FL,follow_ups.days_to_imaging,,
follow_up.tsv,TCGA-ET-A39O,follow_ups.days_to_imaging,,
follow_up.tsv,TCGA-IM-A3ED,follow_ups.days_to_imaging,,
follow_up.tsv,TCGA-FY-A3YR,follow_ups.days_to_imaging,,
follow_up.tsv,TCGA-KS-A4IB,follow_ups.days_to_imaging,,
follow_up.tsv,TCGA-EM-A2OY,follow_ups.days_to_imaging,,
follow_up.tsv,TCGA-EL-A3TA,follow_ups.days_to_imaging,,
follow_up.tsv,TCGA-DJ-A2PW,follow_ups.days_to_imaging,,
follow_up.tsv,TCGA-BJ-A291,follow_ups.days_to_imaging,,
follow_up.tsv,TCGA-DJ-A3UM,follow_ups.days_to_imaging,,
follow_up.tsv,TCGA-E8-A413,follow_ups.days_to_imaging,,
follow_up.tsv,TCGA-DJ-A2PO,follow_ups.days_to_imaging,,
follow_up.tsv,TCGA-DJ-A3UK,follow_ups.days_to_imaging,,
follow_up.tsv,TCGA-L6-A4EQ,follow_ups.days_to_imaging,,
follow_up.tsv,TCGA-DJ-A3UO,follow_ups.days_to_imaging,,
follow_up.tsv,TCGA-EM-A3AJ,follow_ups.days_to_imaging,,
follow_up.tsv,TCGA-FY-A3R9,follow_ups.days_to_imaging,,
follow_up.tsv,TCGA-DJ-A1QD,follow_ups.days_to_imaging,,
follow_up.tsv,TCGA-DJ-A4V2,follow_ups.days_to_imaging,,
follow_up.tsv,TCGA-EM-A2CJ,follow_ups.days_to_imaging,,
follow_up.tsv,TCGA-EL-A4K7,follow_ups.days_to_imaging,,
follow_up.tsv,TCGA-EL-A4KG,follow_ups.days_to_imaging,,
follow_up.tsv,TCGA-DJ-A3VD,follow_ups.days_to_imaging,,
follow_up.tsv,TCGA-DJ-A1QE,follow_ups.days_to_imaging,,
follow_up.tsv,TCGA-IM-A3U3,follow_ups.days_to_imaging,,
follow_up.tsv,TCGA-MK-A4N6,follow_ups.days_to_imaging,,
follow_up.tsv,TCGA-EL-A3GP,follow_ups.days_to_imaging,,
follow_up.tsv,TCGA-EM-A22K,follow_ups.days_to_imaging,,
follow_up.tsv,TCGA-CE-A3ME,follow_ups.days_to_imaging,,
follow_up.tsv,TCGA-ET-A39S,follow_ups.days_to_imaging,,
follow_up.tsv,TCGA-E8-A436,follow_ups.days_to_imaging,,
follow_up.tsv,TCGA-E3-A3DY,follow_ups.days_to_imaging,,
follow_up.tsv,TCGA-KS-A4I7,follow_ups.days_to_imaging,,
follow_up.tsv,TCGA-EL-A3H4,follow_ups.days_to_imaging,,
follow_up.tsv,TCGA-DJ-A3VE,follow_ups.days_to_imaging,,
follow_up.tsv,TCGA-EM-A4FO,follow_ups.days_to_imaging,,
follow_up.tsv,TCGA-4C-A93U,follow_ups.days_to_imaging,,
follow_up.tsv,TCGA-ET-A25G,follow_ups.days_to_imaging,,
follow_up.tsv,TCGA-EL-A3ZL,follow_ups.days_to_imaging,,
follow_up.tsv,TCGA-IM-A420,follow_ups.days_to_imaging,,
follow_up.tsv,TCGA-DJ-A2Q1,follow_ups.days_to_imaging,,
follow_up.tsv,TCGA-FK-A3SH,follow_ups.days_to_imaging,,
follow_up.tsv,TCGA-DJ-A1QL,follow_ups.days_to_imaging,,
follow_up.tsv,TCGA-H2-A26U,follow_ups.days_to_imaging,,
follow_up.tsv,TCGA-CE-A484,follow_ups.days_to_imaging,,
follow_up.tsv,TCGA-DJ-A3VJ,follow_ups.days_to_imaging,,
follow_up.tsv,TCGA-EM-A1YE,follow_ups.days_to_imaging,,
follow_up.tsv,TCGA-ET-A2N1,follow_ups.days_to_imaging,,
follow_up.tsv,TCGA-BJ-A45D,follow_ups.days_to_imaging,,
follow_up.tsv,TCGA-BJ-A2P4,follow_ups.days_to_imaging,,
follow_up.tsv,TCGA-EM-A3AQ,follow_ups.days_to_imaging,,
follow_up.tsv,TCGA-EM-A1CS,follow_ups.days_to_imaging,,
follow_up.tsv,TCGA-KS-A4I5,follow_ups.days_to_imaging,,
follow_up.tsv,TCGA-EL-A3GV,follow_ups.days_to_imaging,,
follow_up.tsv,TCGA-ET-A39M,follow_ups.days_to_imaging,,
follow_up.tsv,TCGA-EL-A3D5,follow_ups.days_to_imaging,,
follow_up.tsv,TCGA-EL-A3ZP,follow_ups.days_to_imaging,,
follow_up.tsv,TCGA-ET-A2MY,follow_ups.days_to_imaging,,
follow_up.tsv,TCGA-E8-A418,follow_ups.days_to_imaging,,
follow_up.tsv,TCGA-ET-A25N,follow_ups.days_to_imaging,,
follow_up.tsv,TCGA-DJ-A2PQ,follow_ups.days_to_imaging,,
follow_up.tsv,TCGA-EM-A22I,follow_ups.days_to_imaging,,
follow_up.tsv,TCGA-EL-A3MW,follow_ups.days_to_imaging,,
follow_up.tsv,TCGA-E3-A3E2,follow_ups.days_to_imaging,,
follow_up.tsv,TCGA-E8-A434,follow_ups.days_to_imaging,,
follow_up.tsv,TCGA-DJ-A2Q4,follow_ups.days_to_imaging,,
follow_up.tsv,TCGA-MK-A4N7,follow_ups.days_to_imaging,,
follow_up.tsv,TCGA-E8-A438,follow_ups.days_to_imaging,,
follow_up.tsv,TCGA-DJ-A1QO,follow_ups.days_to_imaging,,
follow_up.tsv,TCGA-DJ-A3UV,follow_ups.days_to_imaging,,
follow_up.tsv,TCGA-E8-A3X7,follow_ups.days_to_imaging,,
follow_up.tsv,TCGA-DJ-A1QH,follow_ups.days_to_imaging,,
follow_up.tsv,TCGA-BJ-A0YZ,follow_ups.days_to_imaging,,
follow_up.tsv,TCGA-E8-A2JQ,follow_ups.days_to_imaging,,
follow_up.tsv,TCGA-FY-A3NM,follow_ups.days_to_imaging,,
follow_up.tsv,TCGA-EL-A3MZ,follow_ups.days_to_imaging,,
follow_up.tsv,TCGA-EM-A4FN,follow_ups.days_to_imaging,,
follow_up.tsv,TCGA-ET-A3DQ,follow_ups.days_to_imaging,,
follow_up.tsv,TCGA-DJ-A2Q8,follow_ups.days_to_imaging,,
follow_up.tsv,TCGA-KS-A4I3,follow_ups.days_to_imaging,,
follow_up.tsv,TCGA-EL-A3H8,follow_ups.days_to_imaging,,
follow_up.tsv,TCGA-EL-A3H7,follow_ups.days_to_imaging,,
follow_up.tsv,TCGA-DJ-A2PN,follow_ups.days_to_imaging,,
follow_up.tsv,TCGA-EL-A3CV,follow_ups.days_to_imaging,,
follow_up.tsv,TCGA-DJ-A1QF,follow_ups.days_to_imaging,,
follow_up.tsv,TCGA-BJ-A3PR,follow_ups.days_to_imaging,,
follow_up.tsv,TCGA-DJ-A2PY,follow_ups.days_to_imaging,,
follow_up.tsv,TCGA-J8-A4HW,follow_ups.days_to_imaging,,
follow_up.tsv,TCGA-FE-A23A,follow_ups.days_to_imaging,,
follow_up.tsv,TCGA-EM-A3SU,follow_ups.days_to_imaging,,
follow_up.tsv,TCGA-EM-A3FQ,follow_ups.days_to_imaging,,
follow_up.tsv,TCGA-EL-A3CW,follow_ups.days_to_imaging,,
follow_up.tsv,TCGA-EL-A3CL,follow_ups.days_to_imaging,,
follow_up.tsv,TCGA-EL-A3CO,follow_ups.days_to_imaging,,
follow_up.tsv,TCGA-ET-A3DO,follow_ups.days_to_progression,,
follow_up.tsv,TCGA-EL-A4KI,follow_ups.days_to_progression,265,265.0
follow_up.tsv,TCGA-BJ-A290,follow_ups.days_to_progression,329,329.0
follow_up.tsv,TCGA-EL-A4K6,follow_ups.days_to_progression,874,874.0
follow_up.tsv,TCGA-EM-A4FU,follow_ups.days_to_progression,,
follow_up.tsv,TCGA-ET-A39K,follow_ups.days_to_progression,,
follow_up.tsv,TCGA-FE-A22Z,follow_ups.days_to_progression,2072,2072.0
follow_up.tsv,TCGA-FE-A237,follow_ups.days_to_progression,,
follow_up.tsv,TCGA-EL-A3GX,follow_ups.days_to_progression,,
follow_up.tsv,TCGA-DO-A1K0,follow_ups.days_to_progression,,
follow_up.tsv,TCGA-EM-A4FF,follow_ups.days_to_progression,,
follow_up.tsv,TCGA-ET-A3BV,follow_ups.days_to_progression,,
follow_up.tsv,TCGA-DE-A0Y3,follow_ups.days_to_progression,30,30.0
follow_up.tsv,TCGA-DJ-A4UR,follow_ups.days_to_progression,113,113.0
follow_up.tsv,TCGA-DE-A4MD,follow_ups.days_to_progression,,
follow_up.tsv,TCGA-ET-A3BT,follow_ups.days_to_progression,,
follow_up.tsv,TCGA-EL-A3GU,follow_ups.days_to_progression,544,544.0
follow_up.tsv,TCGA-FE-A234,follow_ups.days_to_progression,,
follow_up.tsv,TCGA-FE-A233,follow_ups.days_to_progression,,
follow_up.tsv,TCGA-BJ-A0Z2,follow_ups.days_to_progression,158,158.0
follow_up.tsv,TCGA-FE-A239,follow_ups.days_to_progression,,
follow_up.tsv,TCGA-E3-A3E3,follow_ups.days_to_progression,445,445.0
follow_up.tsv,TCGA-ET-A40Q,follow_ups.days_to_progression,218,218.0
follow_up.tsv,TCGA-DE-A4MC,follow_ups.days_to_progression,,
follow_up.tsv,TCGA-EL-A3T2,follow_ups.days_to_progression,,
follow_up.tsv,TCGA-EM-A3FM,follow_ups.days_to_progression,,
follow_up.tsv,TCGA-E8-A432,follow_ups.days_to_progression,,
follow_up.tsv,TCGA-EL-A3GO,follow_ups.days_to_progression,,
follow_up.tsv,TCGA-FE-A230,follow_ups.days_to_progression,,
follow_up.tsv,TCGA-H2-A3RI,follow_ups.days_to_progression,,
follow_up.tsv,TCGA-EL-A3CZ,follow_ups.days_to_progression,,
follow_up.tsv,TCGA-FE-A238,follow_ups.days_to_progression,431,431.0
follow_up.tsv,TCGA-EL-A3MX,follow_ups.days_to_progression,1708,1708.0
follow_up.tsv,TCGA-BJ-A3PU,follow_ups.days_to_progression,221,221.0
follow_up.tsv,TCGA-EM-A2P1,follow_ups.days_to_progression,,
follow_up.tsv,TCGA-BJ-A18Z,follow_ups.days_to_progression,,
follow_up.tsv,TCGA-BJ-A0Z5,follow_ups.days_to_progression,,
follow_up.tsv,TCGA-BJ-A4O8,follow_ups.days_to_progression,,
follow_up.tsv,TCGA-FE-A3PA,follow_ups.days_to_progression,,
follow_up.tsv,TCGA-BJ-A2N9,follow_ups.days_to_progression,225,225.0
follow_up.tsv,TCGA-BJ-A191,follow_ups.days_to_progression,,
follow_up.tsv,TCGA-EL-A3ZG,follow_ups.days_to_progression,,
follow_up.tsv,TCGA-BJ-A0Z3,follow_ups.days_to_progression,,
follow_up.tsv,TCGA-EM-A2CN,follow_ups.days_to_progression,,
follow_up.tsv,TCGA-EL-A3D0,follow_ups.days_to_progression,,
follow_up.tsv,TCGA-BJ-A45J,follow_ups.days_to_progression,,
follow_up.tsv,TCGA-EL-A3MY,follow_ups.days_to_progression,,
follow_up.tsv,TCGA-BJ-A45H,follow_ups.days_to_progression,,
follow_up.tsv,TCGA-FK-A4UB,follow_ups.days_to_progression,,
follow_up.tsv,TCGA-DE-A69K,follow_ups.days_to_progression,,
follow_up.tsv,TCGA-BJ-A0ZH,follow_ups.days_to_progression,,
follow_up.tsv,TCGA-BJ-A0ZF,follow_ups.days_to_progression,,
follow_up.tsv,TCGA-DJ-A3UX,follow_ups.days_to_progression,,
follow_up.tsv,TCGA-BJ-A0ZG,follow_ups.days_to_progression,,
follow_up.tsv,TCGA-BJ-A28W,follow_ups.days_to_progression,,
follow_up.tsv,TCGA-QD-A8IV,follow_ups.days_to_progression,,
follow_up.tsv,TCGA-BJ-A4O9,follow_ups.days_to_progression,,
follow_up.tsv,TCGA-EM-A3ST,follow_ups.days_to_progression,,
follow_up.tsv,TCGA-BJ-A0ZB,follow_ups.days_to_progression,,
follow_up.tsv,TCGA-L6-A4ET,follow_ups.days_to_progression,,
follow_up.tsv,TCGA-BJ-A2NA,follow_ups.days_to_progression,127,127.0
follow_up.tsv,TCGA-J8-A3YF,follow_ups.days_to_progression,,
follow_up.tsv,TCGA-BJ-A190,follow_ups.days_to_progression,,
follow_up.tsv,TCGA-DE-A7U5,follow_ups.days_to_progression,,
follow_up.tsv,TCGA-BJ-A45E,follow_ups.days_to_progression,,
follow_up.tsv,TCGA-BJ-A0ZA,follow_ups.days_to_progression,,
follow_up.tsv,TCGA-J8-A3YD,follow_ups.days_to_progression,,
follow_up.tsv,TCGA-BJ-A0ZC,follow_ups.days_to_progression,,
follow_up.tsv,TCGA-BJ-A28Z,follow_ups.days_to_progression,,
follow_up.tsv,TCGA-BJ-A0ZJ,follow_ups.days_to_progression,,
follow_up.tsv,TCGA-BJ-A45K,follow_ups.days_to_progression,,
follow_up.tsv,TCGA-J8-A3YG,follow_ups.days_to_progression,,
follow_up.tsv,TCGA-BJ-A0ZE,follow_ups.days_to_progression,,
follow_up.tsv,TCGA-BJ-A18Y,follow_ups.days_to_progression,,
follow_up.tsv,TCGA-BJ-A28X,follow_ups.days_to_progression,,
follow_up.tsv,TCGA-BJ-A192,follow_ups.days_to_progression,,
follow_up.tsv,TCGA-BJ-A45I,follow_ups.days_to_progression,,
follow_up.tsv,TCGA-BJ-A45F,follow_ups.days_to_progression,,
follow_up.tsv,TCGA-J8-A3O1,follow_ups.days_to_progression,,
follow_up.tsv,TCGA-DJ-A4V0,follow_ups.days_to_progression,,
follow_up.tsv,TCGA-EL-A3N3,follow_ups.days_to_progression,,
follow_up.tsv,TCGA-FY-A4B3,follow_ups.days_to_progression,,
follow_up.tsv,TCGA-FY-A3NP,follow_ups.days_to_progression,,
follow_up.tsv,TCGA-DJ-A3UY,follow_ups.days_to_progression,,
follow_up.tsv,TCGA-H2-A3RH,follow_ups.days_to_progression,,
follow_up.tsv,TCGA-J8-A3O2,follow_ups.days_to_progression,,
follow_up.tsv,TCGA-EM-A2CO,follow_ups.days_to_progression,,
follow_up.tsv,TCGA-EL-A3ZM,follow_ups.days_to_progression,,
follow_up.tsv,TCGA-DJ-A2PP,follow_ups.days_to_progression,,
follow_up.tsv,TCGA-FE-A3PB,follow_ups.days_to_progression,,
follow_up.tsv,TCGA-DJ-A2Q9,follow_ups.days_to_progression,,
follow_up.tsv,TCGA-EL-A4K0,follow_ups.days_to_progression,,
follow_up.tsv,TCGA-DE-A3KN,follow_ups.days_to_progression,,
follow_up.tsv,TCGA-ET-A25R,follow_ups.days_to_progression,,
follow_up.tsv,TCGA-EM-A1YC,follow_ups.days_to_progression,,
follow_up.tsv,TCGA-DJ-A13T,follow_ups.days_to_progression,,
follow_up.tsv,TCGA-EM-A3AL,follow_ups.days_to_progression,,
follow_up.tsv,TCGA-EM-A4FK,follow_ups.days_to_progression,,
follow_up.tsv,TCGA-EM-A3FK,follow_ups.days_to_progression,,
follow_up.tsv,TCGA-ET-A25I,follow_ups.days_to_progression,,
follow_up.tsv,TCGA-EM-A3SZ,follow_ups.days_to_progression,,
follow_up.tsv,TCGA-EM-A3AP,follow_ups.days_to_progression,,
follow_up.tsv,TCGA-ET-A25P,follow_ups.days_to_progression,,
follow_up.tsv,TCGA-EM-A4FM,follow_ups.days_to_progression,,
follow_up.tsv,TCGA-DJ-A2PU,follow_ups.days_to_progression,,
follow_up.tsv,TCGA-DJ-A2Q5,follow_ups.days_to_progression,,
follow_up.tsv,TCGA-EM-A3SX,follow_ups.days_to_progression,,
follow_up.tsv,TCGA-EL-A3ZH,follow_ups.days_to_progression,,
follow_up.tsv,TCGA-EL-A3GY,follow_ups.days_to_progression,,
follow_up.tsv,TCGA-CE-A3MD,follow_ups.days_to_progression,,
follow_up.tsv,TCGA-DO-A1JZ,follow_ups.days_to_progression,,
follow_up.tsv,TCGA-ET-A39J,follow_ups.days_to_progression,,
follow_up.tsv,TCGA-DJ-A3VI,follow_ups.days_to_progression,,
follow_up.tsv,TCGA-ET-A3DP,follow_ups.days_to_progression,,
follow_up.tsv,TCGA-EM-A3AO,follow_ups.days_to_progression,,
follow_up.tsv,TCGA-EM-A22P,follow_ups.days_to_progression,,
follow_up.tsv,TCGA-E8-A437,follow_ups.days_to_progression,,
follow_up.tsv,TCGA-DJ-A3VM,follow_ups.days_to_progression,,
follow_up.tsv,TCGA-DJ-A2QC,follow_ups.days_to_progression,,
follow_up.tsv,TCGA-EL-A3ZN,follow_ups.days_to_progression,,
follow_up.tsv,TCGA-EM-A2OZ,follow_ups.days_to_progression,,
follow_up.tsv,TCGA-DJ-A1QN,follow_ups.days_to_progression,,
follow_up.tsv,TCGA-EL-A3D6,follow_ups.days_to_progression,,
follow_up.tsv,TCGA-ET-A2N0,follow_ups.days_to_progression,,
follow_up.tsv,TCGA-EM-A2CR,follow_ups.days_to_progression,,
follow_up.tsv,TCGA-MK-A84Z,follow_ups.days_to_progression,,
follow_up.tsv,TCGA-EL-A3CM,follow_ups.days_to_progression,,
follow_up.tsv,TCGA-EM-A1CW,follow_ups.days_to_progression,,
follow_up.tsv,TCGA-KS-A41J,follow_ups.days_to_progression,,
follow_up.tsv,TCGA-E8-A414,follow_ups.days_to_progression,,
follow_up.tsv,TCGA-EL-A3GS,follow_ups.days_to_progression,,
follow_up.tsv,TCGA-EM-A3OA,follow_ups.days_to_progression,,
follow_up.tsv,TCGA-ET-A40R,follow_ups.days_to_progression,,
follow_up.tsv,TCGA-MK-A4N9,follow_ups.days_to_progression,,
follow_up.tsv,TCGA-DJ-A4UP,follow_ups.days_to_progression,,
follow_up.tsv,TCGA-EL-A3CR,follow_ups.days_to_progression,,
follow_up.tsv,TCGA-H2-A2K9,follow_ups.days_to_progression,,
follow_up.tsv,TCGA-DJ-A3UP,follow_ups.days_to_progression,,
follow_up.tsv,TCGA-DJ-A4UQ,follow_ups.days_to_progression,,
follow_up.tsv,TCGA-EM-A2CL,follow_ups.days_to_progression,,
follow_up.tsv,TCGA-DJ-A3VA,follow_ups.days_to_progression,,
follow_up.tsv,TCGA-EM-A1CT,follow_ups.days_to_progression,,
follow_up.tsv,TCGA-ET-A4KQ,follow_ups.days_to_progression,,
follow_up.tsv,TCGA-EL-A4K4,follow_ups.days_to_progression,,
follow_up.tsv,TCGA-BJ-A3PT,follow_ups.days_to_progression,,
follow_up.tsv,TCGA-EM-A3O3,follow_ups.days_to_progression,,
follow_up.tsv,TCGA-EM-A2CM,follow_ups.days_to_progression,,
follow_up.tsv,TCGA-J8-A4HY,follow_ups.days_to_progression,,
follow_up.tsv,TCGA-EM-A3FR,follow_ups.days_to_progression,,
follow_up.tsv,TCGA-CE-A481,follow_ups.days_to_progression,,
follow_up.tsv,TCGA-ET-A40T,follow_ups.days_to_progression,,
follow_up.tsv,TCGA-ET-A3BW,follow_ups.days_to_progression,,
follow_up.tsv,TCGA-DJ-A2PR,follow_ups.days_to_progression,,
follow_up.tsv,TCGA-E8-A44M,follow_ups.days_to_progression,,
follow_up.tsv,TCGA-DJ-A3V9,follow_ups.days_to_progression,,
follow_up.tsv,TCGA-EM-A2CP,follow_ups.days_to_progression,,
follow_up.tsv,TCGA-ET-A25K,follow_ups.days_to_progression,,
follow_up.tsv,TCGA-EL-A3GZ,follow_ups.days_to_progression,,
follow_up.tsv,TCGA-FE-A236,follow_ups.days_to_progression,,
follow_up.tsv,TCGA-EL-A3ZQ,follow_ups.days_to_progression,,
follow_up.tsv,TCGA-EM-A3O9,follow_ups.days_to_progression,,
follow_up.tsv,TCGA-EL-A3N2,follow_ups.days_to_progression,,
follow_up.tsv,TCGA-DJ-A3V4,follow_ups.days_to_progression,,
follow_up.tsv,TCGA-EL-A3CP,follow_ups.days_to_progression,,
follow_up.tsv,TCGA-DJ-A1QM,follow_ups.days_to_progression,,
follow_up.tsv,TCGA-DJ-A3UQ,follow_ups.days_to_progression,,
follow_up.tsv,TCGA-ET-A39I,follow_ups.days_to_progression,,
follow_up.tsv,TCGA-IM-A4EB,follow_ups.days_to_progression,,
follow_up.tsv,TCGA-EM-A3O6,follow_ups.days_to_progression,,
follow_up.tsv,TCGA-EL-A3H3,follow_ups.days_to_progression,,
follow_up.tsv,TCGA-FE-A3PD,follow_ups.days_to_progression,,
follow_up.tsv,TCGA-DJ-A2PT,follow_ups.days_to_progression,,
follow_up.tsv,TCGA-EM-A3O7,follow_ups.days_to_progression,,
follow_up.tsv,TCGA-IM-A3EB,follow_ups.days_to_progression,,
follow_up.tsv,TCGA-DJ-A1QI,follow_ups.days_to_progression,,
follow_up.tsv,TCGA-DJ-A13X,follow_ups.days_to_progression,,
follow_up.tsv,TCGA-DJ-A13W,follow_ups.days_to_progression,,
follow_up.tsv,TCGA-ET-A3BN,follow_ups.days_to_progression,,
follow_up.tsv,TCGA-EL-A3ZO,follow_ups.days_to_progression,,
follow_up.tsv,TCGA-EL-A3ZK,follow_ups.days_to_progression,,
follow_up.tsv,TCGA-EL-A4JZ,follow_ups.days_to_progression,,
follow_up.tsv,TCGA-ET-A2N4,follow_ups.days_to_progression,,
follow_up.tsv,TCGA-DJ-A13R,follow_ups.days_to_progression,,
follow_up.tsv,TCGA-DE-A0XZ,follow_ups.days_to_progression,,
follow_up.tsv,TCGA-FY-A40L,follow_ups.days_to_progression,,
follow_up.tsv,TCGA-EL-A3H5,follow_ups.days_to_progression,,
follow_up.tsv,TCGA-ET-A3DW,follow_ups.days_to_progression,,
follow_up.tsv,TCGA-J8-A3NZ,follow_ups.days_to_progression,,
follow_up.tsv,TCGA-ET-A39P,follow_ups.days_to_progression,,
follow_up.tsv,TCGA-ET-A25L,follow_ups.days_to_progression,,
follow_up.tsv,TCGA-FY-A40N,follow_ups.days_to_progression,,
follow_up.tsv,TCGA-DJ-A3UU,follow_ups.days_to_progression,,
follow_up.tsv,TCGA-ET-A3BU,follow_ups.days_to_progression,,
follow_up.tsv,TCGA-EL-A3CN,follow_ups.days_to_progression,,
follow_up.tsv,TCGA-EM-A4FH,follow_ups.days_to_progression,,
follow_up.tsv,TCGA-EM-A3AK,follow_ups.days_to_progression,,
follow_up.tsv,TCGA-KS-A41L,follow_ups.days_to_progression,,
follow_up.tsv,TCGA-E8-A433,follow_ups.days_to_progression,,
follow_up.tsv,TCGA-EL-A3CT,follow_ups.days_to_progression,,
follow_up.tsv,TCGA-FY-A3ON,follow_ups.days_to_progression,,
follow_up.tsv,TCGA-KS-A4IC,follow_ups.days_to_progression,,
follow_up.tsv,TCGA-E8-A242,follow_ups.days_to_progression,,
follow_up.tsv,TCGA-EM-A1CU,follow_ups.days_to_progression,,
follow_up.tsv,TCGA-EL-A3GQ,follow_ups.days_to_progression,,
follow_up.tsv,TCGA-DE-A4MB,follow_ups.days_to_progression,,
follow_up.tsv,TCGA-EL-A4JW,follow_ups.days_to_progression,,
follow_up.tsv,TCGA-ET-A2MZ,follow_ups.days_to_progression,,
follow_up.tsv,TCGA-EM-A4FQ,follow_ups.days_to_progression,,
follow_up.tsv,TCGA-FY-A3I5,follow_ups.days_to_progression,,
follow_up.tsv,TCGA-BJ-A28R,follow_ups.days_to_progression,,
follow_up.tsv,TCGA-KS-A4I9,follow_ups.days_to_progression,,
follow_up.tsv,TCGA-FY-A3TY,follow_ups.days_to_progression,,
follow_up.tsv,TCGA-IM-A41Y,follow_ups.days_to_progression,,
follow_up.tsv,TCGA-EM-A2OV,follow_ups.days_to_progression,,
follow_up.tsv,TCGA-EM-A1YA,follow_ups.days_to_progression,,
follow_up.tsv,TCGA-J8-A3O0,follow_ups.days_to_progression,,
follow_up.tsv,TCGA-FY-A3RA,follow_ups.days_to_progression,,
follow_up.tsv,TCGA-FY-A3WA,follow_ups.days_to_progression,,
follow_up.tsv,TCGA-ET-A2MX,follow_ups.days_to_progression,,
follow_up.tsv,TCGA-EM-A3FN,follow_ups.days_to_progression,,
follow_up.tsv,TCGA-E3-A3DZ,follow_ups.days_to_progression,,
follow_up.tsv,TCGA-BJ-A28S,follow_ups.days_to_progression,,
follow_up.tsv,TCGA-ET-A3BQ,follow_ups.days_to_progression,,
follow_up.tsv,TCGA-E3-A3E0,follow_ups.days_to_progression,,
follow_up.tsv,TCGA-FY-A4B4,follow_ups.days_to_progression,,
follow_up.tsv,TCGA-ET-A3DS,follow_ups.days_to_progression,,
follow_up.tsv,TCGA-EL-A3D4,follow_ups.days_to_progression,,
follow_up.tsv,TCGA-DJ-A2PZ,follow_ups.days_to_progression,,
follow_up.tsv,TCGA-DJ-A3UW,follow_ups.days_to_progression,,
follow_up.tsv,TCGA-FE-A232,follow_ups.days_to_progression,,
follow_up.tsv,TCGA-ET-A25J,follow_ups.days_to_progression,,
follow_up.tsv,TCGA-DJ-A2PV,follow_ups.days_to_progression,,
follow_up.tsv,TCGA-FK-A3SD,follow_ups.days_to_progression,,
follow_up.tsv,TCGA-J8-A42S,follow_ups.days_to_progression,,
follow_up.tsv,TCGA-EL-A4KH,follow_ups.days_to_progression,,
follow_up.tsv,TCGA-EL-A3T3,follow_ups.days_to_progression,,
follow_up.tsv,TCGA-EM-A4FV,follow_ups.days_to_progression,,
follow_up.tsv,TCGA-EM-A3AN,follow_ups.days_to_progression,,
follow_up.tsv,TCGA-EL-A3ZT,follow_ups.days_to_progression,,
follow_up.tsv,TCGA-DJ-A3V3,follow_ups.days_to_progression,,
follow_up.tsv,TCGA-EM-A2CU,follow_ups.days_to_progression,,
follow_up.tsv,TCGA-DJ-A3UN,follow_ups.days_to_progression,,
follow_up.tsv,TCGA-EL-A4JX,follow_ups.days_to_progression,,
follow_up.tsv,TCGA-EM-A3AI,follow_ups.days_to_progression,,
follow_up.tsv,TCGA-EM-A22O,follow_ups.days_to_progression,,
follow_up.tsv,TCGA-DE-A0Y2,follow_ups.days_to_progression,,
follow_up.tsv,TCGA-FY-A4B0,follow_ups.days_to_progression,,
follow_up.tsv,TCGA-DJ-A3US,follow_ups.days_to_progression,,
follow_up.tsv,TCGA-EL-A4JV,follow_ups.days_to_progression,,
follow_up.tsv,TCGA-KS-A4I1,follow_ups.days_to_progression,,
follow_up.tsv,TCGA-FE-A231,follow_ups.days_to_progression,,
follow_up.tsv,TCGA-EM-A3AR,follow_ups.days_to_progression,,
follow_up.tsv,TCGA-EM-A2CQ,follow_ups.days_to_progression,,
follow_up.tsv,TCGA-BJ-A2N8,follow_ups.days_to_progression,,
follow_up.tsv,TCGA-BJ-A0Z0,follow_ups.days_to_progression,,
follow_up.tsv,TCGA-FY-A40M,follow_ups.days_to_progression,,
follow_up.tsv,TCGA-EL-A3CU,follow_ups.days_to_progression,,
follow_up.tsv,TCGA-KS-A41I,follow_ups.days_to_progression,,
follow_up.tsv,TCGA-EM-A2CS,follow_ups.days_to_progression,,
follow_up.tsv,TCGA-CE-A27D,follow_ups.days_to_progression,,
follow_up.tsv,TCGA-ET-A4KN,follow_ups.days_to_progression,,
follow_up.tsv,TCGA-EM-A1CV,follow_ups.days_to_progression,,
follow_up.tsv,TCGA-DJ-A3V6,follow_ups.days_to_progression,,
follow_up.tsv,TCGA-EL-A3H2,follow_ups.days_to_progression,,
follow_up.tsv,TCGA-DE-A2OL,follow_ups.days_to_progression,,
follow_up.tsv,TCGA-DJ-A13O,follow_ups.days_to_progression,,
follow_up.tsv,TCGA-EM-A2CK,follow_ups.days_to_progression,,
follow_up.tsv,TCGA-DJ-A4UL,follow_ups.days_to_progression,,
follow_up.tsv,TCGA-FK-A3S3,follow_ups.days_to_progression,,
follow_up.tsv,TCGA-ET-A39T,follow_ups.days_to_progression,,
follow_up.tsv,TCGA-DJ-A2Q7,follow_ups.days_to_progression,,
follow_up.tsv,TCGA-DJ-A3V2,follow_ups.days_to_progression,,
follow_up.tsv,TCGA-ET-A40P,follow_ups.days_to_progression,,
follow_up.tsv,TCGA-DJ-A3V5,follow_ups.days_to_progression,,
follow_up.tsv,TCGA-ET-A2N5,follow_ups.days_to_progression,,
follow_up.tsv,TCGA-GE-A2C6,follow_ups.days_to_progression,,
follow_up.tsv,TCGA-FY-A3W9,follow_ups.days_to_progression,,
follow_up.tsv,TCGA-ET-A25M,follow_ups.days_to_progression,,
follow_up.tsv,TCGA-EM-A2P0,follow_ups.days_to_progression,,
follow_up.tsv,TCGA-H2-A421,follow_ups.days_to_progression,,
follow_up.tsv,TCGA-CE-A483,follow_ups.days_to_progression,,
follow_up.tsv,TCGA-FY-A76V,follow_ups.days_to_progression,,
follow_up.tsv,TCGA-DO-A2HM,follow_ups.days_to_progression,,
follow_up.tsv,TCGA-IM-A3U2,follow_ups.days_to_progression,,
follow_up.tsv,TCGA-FK-A3SG,follow_ups.days_to_progression,,
follow_up.tsv,TCGA-EM-A22Q,follow_ups.days_to_progression,,
follow_up.tsv,TCGA-EL-A3T0,follow_ups.days_to_progression,,
follow_up.tsv,TCGA-DE-A4M9,follow_ups.days_to_progression,,
follow_up.tsv,TCGA-E8-A416,follow_ups.days_to_progression,,
follow_up.tsv,TCGA-DJ-A4V5,follow_ups.days_to_progression,,
follow_up.tsv,TCGA-BJ-A0Z9,follow_ups.days_to_progression,,
follow_up.tsv,TCGA-ET-A39N,follow_ups.days_to_progression,,
follow_up.tsv,TCGA-E3-A3E1,follow_ups.days_to_progression,,
follow_up.tsv,TCGA-FK-A3SB,follow_ups.days_to_progression,,
follow_up.tsv,TCGA-KS-A4ID,follow_ups.days_to_progression,,
follow_up.tsv,TCGA-DE-A4MA,follow_ups.days_to_progression,,
follow_up.tsv,TCGA-EL-A4K9,follow_ups.days_to_progression,,
follow_up.tsv,TCGA-ET-A3BX,follow_ups.days_to_progression,,
follow_up.tsv,TCGA-EL-A3T9,follow_ups.days_to_progression,,
follow_up.tsv,TCGA-EM-A1YD,follow_ups.days_to_progression,,
follow_up.tsv,TCGA-FY-A40K,follow_ups.days_to_progression,,
follow_up.tsv,TCGA-DJ-A13S,follow_ups.days_to_progression,,
follow_up.tsv,TCGA-EL-A3CS,follow_ups.days_to_progression,,
follow_up.tsv,TCGA-DJ-A2Q0,follow_ups.days_to_progression,,
follow_up.tsv,TCGA-DJ-A13U,follow_ups.days_to_progression,,
follow_up.tsv,TCGA-EM-A3OB,follow_ups.days_to_progression,,
follow_up.tsv,TCGA-EL-A3H1,follow_ups.days_to_progression,,
follow_up.tsv,TCGA-EM-A4FR,follow_ups.days_to_progression,,
follow_up.tsv,TCGA-KS-A41F,follow_ups.days_to_progression,,
follow_up.tsv,TCGA-DJ-A3V7,follow_ups.days_to_progression,,
follow_up.tsv,TCGA-H2-A422,follow_ups.days_to_progression,,
follow_up.tsv,TCGA-EL-A3T6,follow_ups.days_to_progression,,
follow_up.tsv,TCGA-FY-A3R6,follow_ups.days_to_progression,,
follow_up.tsv,TCGA-E3-A3E5,follow_ups.days_to_progression,,
follow_up.tsv,TCGA-EM-A22M,follow_ups.days_to_progression,,
follow_up.tsv,TCGA-IM-A41Z,follow_ups.days_to_progression,,
follow_up.tsv,TCGA-EL-A3CX,follow_ups.days_to_progression,,
follow_up.tsv,TCGA-E8-A417,follow_ups.days_to_progression,,
follow_up.tsv,TCGA-ET-A3BP,follow_ups.days_to_progression,,
follow_up.tsv,TCGA-DJ-A3VK,follow_ups.days_to_progression,,
follow_up.tsv,TCGA-EM-A3SY,follow_ups.days_to_progression,,
follow_up.tsv,TCGA-EL-A3ZR,follow_ups.days_to_progression,,
follow_up.tsv,TCGA-DJ-A4UW,follow_ups.days_to_progression,,
follow_up.tsv,TCGA-EM-A3O8,follow_ups.days_to_progression,,
follow_up.tsv,TCGA-EL-A3T1,follow_ups.days_to_progression,,
follow_up.tsv,TCGA-E8-A2EA,follow_ups.days_to_progression,,
follow_up.tsv,TCGA-EL-A3T8,follow_ups.days_to_progression,,
follow_up.tsv,TCGA-EM-A2OX,follow_ups.days_to_progression,,
follow_up.tsv,TCGA-DJ-A13V,follow_ups.days_to_progression,,
follow_up.tsv,TCGA-DJ-A1QQ,follow_ups.days_to_progression,,
follow_up.tsv,TCGA-ET-A39R,follow_ups.days_to_progression,,
follow_up.tsv,TCGA-CE-A485,follow_ups.days_to_progression,,
follow_up.tsv,TCGA-L6-A4EP,follow_ups.days_to_progression,,
follow_up.tsv,TCGA-DJ-A3UT,follow_ups.days_to_progression,,
follow_up.tsv,TCGA-ET-A2N3,follow_ups.days_to_progression,,
follow_up.tsv,TCGA-DE-A69J,follow_ups.days_to_progression,,
follow_up.tsv,TCGA-DJ-A2PS,follow_ups.days_to_progression,,
follow_up.tsv,TCGA-ET-A3DT,follow_ups.days_to_progression,,
follow_up.tsv,TCGA-DJ-A2Q2,follow_ups.days_to_progression,,
follow_up.tsv,TCGA-ET-A3DR,follow_ups.days_to_progression,,
follow_up.tsv,TCGA-J8-A3YH,follow_ups.days_to_progression,,
follow_up.tsv,TCGA-EL-A3TB,follow_ups.days_to_progression,,
follow_up.tsv,TCGA-BJ-A45C,follow_ups.days_to_progression,,
follow_up.tsv,TCGA-CE-A13K,follow_ups.days_to_progression,,
follow_up.tsv,TCGA-DJ-A2PX,follow_ups.days_to_progression,,
follow_up.tsv,TCGA-EL-A3ZS,follow_ups.days_to_progression,,
follow_up.tsv,TCGA-E8-A419,follow_ups.days_to_progression,,
follow_up.tsv,TCGA-DJ-A3V8,follow_ups.days_to_progression,,
follow_up.tsv,TCGA-EL-A4K2,follow_ups.days_to_progression,,
follow_up.tsv,TCGA-DE-A4M8,follow_ups.days_to_progression,,
follow_up.tsv,TCGA-CE-A482,follow_ups.days_to_progression,,
follow_up.tsv,TCGA-E8-A44K,follow_ups.days_to_progression,,
follow_up.tsv,TCGA-EM-A2OW,follow_ups.days_to_progression,,
follow_up.tsv,TCGA-BJ-A3F0,follow_ups.days_to_progression,,
follow_up.tsv,TCGA-DJ-A3VF,follow_ups.days_to_progression,,
follow_up.tsv,TCGA-FE-A3PC,follow_ups.days_to_progression,,
follow_up.tsv,TCGA-BJ-A28T,follow_ups.days_to_progression,,
follow_up.tsv,TCGA-EL-A4K1,follow_ups.days_to_progression,,
follow_up.tsv,TCGA-EM-A22L,follow_ups.days_to_progression,,
follow_up.tsv,TCGA-DJ-A3UZ,follow_ups.days_to_progression,,
follow_up.tsv,TCGA-EL-A3CY,follow_ups.days_to_progression,,
follow_up.tsv,TCGA-DJ-A4UT,follow_ups.days_to_progression,,
follow_up.tsv,TCGA-DJ-A2Q3,follow_ups.days_to_progression,,
follow_up.tsv,TCGA-DJ-A2Q6,follow_ups.days_to_progression,,
follow_up.tsv,TCGA-FK-A3SE,follow_ups.days_to_progression,,
follow_up.tsv,TCGA-DJ-A2QA,follow_ups.days_to_progression,,
follow_up.tsv,TCGA-FY-A2QD,follow_ups.days_to_progression,,
follow_up.tsv,TCGA-EL-A3GR,follow_ups.days_to_progression,,
follow_up.tsv,TCGA-EL-A3T7,follow_ups.days_to_progression,,
follow_up.tsv,TCGA-EM-A3FO,follow_ups.days_to_progression,,
follow_up.tsv,TCGA-DJ-A3VB,follow_ups.days_to_progression,,
follow_up.tsv,TCGA-FY-A3NN,follow_ups.days_to_progression,,
follow_up.tsv,TCGA-EM-A1YB,follow_ups.days_to_progression,,
follow_up.tsv,TCGA-ET-A3DV,follow_ups.days_to_progression,,
follow_up.tsv,TCGA-EL-A4KD,follow_ups.days_to_progression,,
follow_up.tsv,TCGA-L6-A4EU,follow_ups.days_to_progression,,
follow_up.tsv,TCGA-DJ-A2QB,follow_ups.days_to_progression,,
follow_up.tsv,TCGA-DJ-A4V4,follow_ups.days_to_progression,,
follow_up.tsv,TCGA-DJ-A3V0,follow_ups.days_to_progression,,
follow_up.tsv,TCGA-BJ-A45G,follow_ups.days_to_progression,,
follow_up.tsv,TCGA-FY-A3R7,follow_ups.days_to_progression,,
follow_up.tsv,TCGA-EM-A2P2,follow_ups.days_to_progression,,
follow_up.tsv,TCGA-DJ-A13M,follow_ups.days_to_progression,,
follow_up.tsv,TCGA-EL-A3D1,follow_ups.days_to_progression,,
follow_up.tsv,TCGA-BJ-A28V,follow_ups.days_to_progression,,
follow_up.tsv,TCGA-BJ-A3EZ,follow_ups.days_to_progression,,
follow_up.tsv,TCGA-DJ-A3VG,follow_ups.days_to_progression,,
follow_up.tsv,TCGA-ET-A3DU,follow_ups.days_to_progression,,
follow_up.tsv,TCGA-ET-A3BO,follow_ups.days_to_progression,,
follow_up.tsv,TCGA-EM-A3FP,follow_ups.days_to_progression,,
follow_up.tsv,TCGA-ET-A25O,follow_ups.days_to_progression,,
follow_up.tsv,TCGA-E8-A415,follow_ups.days_to_progression,,
follow_up.tsv,TCGA-EM-A22J,follow_ups.days_to_progression,,
follow_up.tsv,TCGA-DJ-A3UR,follow_ups.days_to_progression,,
follow_up.tsv,TCGA-EM-A22N,follow_ups.days_to_progression,,
follow_up.tsv,TCGA-FY-A3BL,follow_ups.days_to_progression,,
follow_up.tsv,TCGA-FY-A3R8,follow_ups.days_to_progression,,
follow_up.tsv,TCGA-FE-A235,follow_ups.days_to_progression,,
follow_up.tsv,TCGA-DJ-A13L,follow_ups.days_to_progression,,
follow_up.tsv,TCGA-ET-A3BS,follow_ups.days_to_progression,,
follow_up.tsv,TCGA-EM-A2CT,follow_ups.days_to_progression,,
follow_up.tsv,TCGA-ET-A40S,follow_ups.days_to_progression,,
follow_up.tsv,TCGA-J8-A3YE,follow_ups.days_to_progression,,
follow_up.tsv,TCGA-EM-A3FJ,follow_ups.days_to_progression,,
follow_up.tsv,TCGA-EM-A2P3,follow_ups.days_to_progression,,
follow_up.tsv,TCGA-EM-A4G1,follow_ups.days_to_progression,,
follow_up.tsv,TCGA-EL-A3GW,follow_ups.days_to_progression,,
follow_up.tsv,TCGA-DJ-A13P,follow_ups.days_to_progression,,
follow_up.tsv,TCGA-DJ-A3VL,follow_ups.days_to_progression,,
follow_up.tsv,TCGA-DJ-A1QG,follow_ups.days_to_progression,,
follow_up.tsv,TCGA-BJ-A2N7,follow_ups.days_to_progression,,
follow_up.tsv,TCGA-FY-A3I4,follow_ups.days_to_progression,,
follow_up.tsv,TCGA-ET-A39L,follow_ups.days_to_progression,,
follow_up.tsv,TCGA-EM-A3FL,follow_ups.days_to_progression,,
follow_up.tsv,TCGA-ET-A39O,follow_ups.days_to_progression,,
follow_up.tsv,TCGA-IM-A3ED,follow_ups.days_to_progression,,
follow_up.tsv,TCGA-FY-A3YR,follow_ups.days_to_progression,,
follow_up.tsv,TCGA-KS-A4IB,follow_ups.days_to_progression,,
follow_up.tsv,TCGA-EM-A2OY,follow_ups.days_to_progression,,
follow_up.tsv,TCGA-EL-A3TA,follow_ups.days_to_progression,,
follow_up.tsv,TCGA-DJ-A2PW,follow_ups.days_to_progression,,
follow_up.tsv,TCGA-BJ-A291,follow_ups.days_to_progression,,
follow_up.tsv,TCGA-DJ-A3UM,follow_ups.days_to_progression,,
follow_up.tsv,TCGA-E8-A413,follow_ups.days_to_progression,,
follow_up.tsv,TCGA-DJ-A2PO,follow_ups.days_to_progression,,
follow_up.tsv,TCGA-DJ-A3UK,follow_ups.days_to_progression,,
follow_up.tsv,TCGA-L6-A4EQ,follow_ups.days_to_progression,,
follow_up.tsv,TCGA-DJ-A3UO,follow_ups.days_to_progression,,
follow_up.tsv,TCGA-EM-A3AJ,follow_ups.days_to_progression,,
follow_up.tsv,TCGA-FY-A3R9,follow_ups.days_to_progression,,
follow_up.tsv,TCGA-DJ-A1QD,follow_ups.days_to_progression,,
follow_up.tsv,TCGA-DJ-A4V2,follow_ups.days_to_progression,,
follow_up.tsv,TCGA-EM-A2CJ,follow_ups.days_to_progression,,
follow_up.tsv,TCGA-EL-A4K7,follow_ups.days_to_progression,,
follow_up.tsv,TCGA-EL-A4KG,follow_ups.days_to_progression,,
follow_up.tsv,TCGA-DJ-A3VD,follow_ups.days_to_progression,,
follow_up.tsv,TCGA-DJ-A1QE,follow_ups.days_to_progression,,
follow_up.tsv,TCGA-IM-A3U3,follow_ups.days_to_progression,,
follow_up.tsv,TCGA-MK-A4N6,follow_ups.days_to_progression,,
follow_up.tsv,TCGA-EL-A3GP,follow_ups.days_to_progression,,
follow_up.tsv,TCGA-EM-A22K,follow_ups.days_to_progression,,
follow_up.tsv,TCGA-CE-A3ME,follow_ups.days_to_progression,,
follow_up.tsv,TCGA-ET-A39S,follow_ups.days_to_progression,,
follow_up.tsv,TCGA-E8-A436,follow_ups.days_to_progression,,
follow_up.tsv,TCGA-E3-A3DY,follow_ups.days_to_progression,,
follow_up.tsv,TCGA-KS-A4I7,follow_ups.days_to_progression,,
follow_up.tsv,TCGA-EL-A3H4,follow_ups.days_to_progression,,
follow_up.tsv,TCGA-DJ-A3VE,follow_ups.days_to_progression,,
follow_up.tsv,TCGA-EM-A4FO,follow_ups.days_to_progression,,
follow_up.tsv,TCGA-4C-A93U,follow_ups.days_to_progression,,
follow_up.tsv,TCGA-ET-A25G,follow_ups.days_to_progression,,
follow_up.tsv,TCGA-EL-A3ZL,follow_ups.days_to_progression,,
follow_up.tsv,TCGA-IM-A420,follow_ups.days_to_progression,,
follow_up.tsv,TCGA-DJ-A2Q1,follow_ups.days_to_progression,,
follow_up.tsv,TCGA-FK-A3SH,follow_ups.days_to_progression,,
follow_up.tsv,TCGA-DJ-A1QL,follow_ups.days_to_progression,,
follow_up.tsv,TCGA-H2-A26U,follow_ups.days_to_progression,,
follow_up.tsv,TCGA-CE-A484,follow_ups.days_to_progression,,
follow_up.tsv,TCGA-DJ-A3VJ,follow_ups.days_to_progression,,
follow_up.tsv,TCGA-EM-A1YE,follow_ups.days_to_progression,,
follow_up.tsv,TCGA-ET-A2N1,follow_ups.days_to_progression,,
follow_up.tsv,TCGA-BJ-A45D,follow_ups.days_to_progression,,
follow_up.tsv,TCGA-BJ-A2P4,follow_ups.days_to_progression,,
follow_up.tsv,TCGA-EM-A3AQ,follow_ups.days_to_progression,,
follow_up.tsv,TCGA-EM-A1CS,follow_ups.days_to_progression,,
follow_up.tsv,TCGA-KS-A4I5,follow_ups.days_to_progression,,
follow_up.tsv,TCGA-EL-A3GV,follow_ups.days_to_progression,,
follow_up.tsv,TCGA-ET-A39M,follow_ups.days_to_progression,,
follow_up.tsv,TCGA-EL-A3D5,follow_ups.days_to_progression,,
follow_up.tsv,TCGA-EL-A3ZP,follow_ups.days_to_progression,,
follow_up.tsv,TCGA-ET-A2MY,follow_ups.days_to_progression,,
follow_up.tsv,TCGA-E8-A418,follow_ups.days_to_progression,,
follow_up.tsv,TCGA-ET-A25N,follow_ups.days_to_progression,,
follow_up.tsv,TCGA-DJ-A2PQ,follow_ups.days_to_progression,,
follow_up.tsv,TCGA-EM-A22I,follow_ups.days_to_progression,,
follow_up.tsv,TCGA-EL-A3MW,follow_ups.days_to_progression,,
follow_up.tsv,TCGA-E3-A3E2,follow_ups.days_to_progression,,
follow_up.tsv,TCGA-E8-A434,follow_ups.days_to_progression,,
follow_up.tsv,TCGA-DJ-A2Q4,follow_ups.days_to_progression,,
follow_up.tsv,TCGA-MK-A4N7,follow_ups.days_to_progression,,
follow_up.tsv,TCGA-E8-A438,follow_ups.days_to_progression,,
follow_up.tsv,TCGA-DJ-A1QO,follow_ups.days_to_progression,,
follow_up.tsv,TCGA-DJ-A3UV,follow_ups.days_to_progression,,
follow_up.tsv,TCGA-E8-A3X7,follow_ups.days_to_progression,,
follow_up.tsv,TCGA-DJ-A1QH,follow_ups.days_to_progression,,
follow_up.tsv,TCGA-BJ-A0YZ,follow_ups.days_to_progression,,
follow_up.tsv,TCGA-E8-A2JQ,follow_ups.days_to_progression,,
follow_up.tsv,TCGA-FY-A3NM,follow_ups.days_to_progression,,
follow_up.tsv,TCGA-EL-A3MZ,follow_ups.days_to_progression,,
follow_up.tsv,TCGA-EM-A4FN,follow_ups.days_to_progression,,
follow_up.tsv,TCGA-ET-A3DQ,follow_ups.days_to_progression,,
follow_up.tsv,TCGA-DJ-A2Q8,follow_ups.days_to_progression,,
follow_up.tsv,TCGA-KS-A4I3,follow_ups.days_to_progression,,
follow_up.tsv,TCGA-EL-A3H8,follow_ups.days_to_progression,,
follow_up.tsv,TCGA-EL-A3H7,follow_ups.days_to_progression,,
follow_up.tsv,TCGA-DJ-A2PN,follow_ups.days_to_progression,,
follow_up.tsv,TCGA-EL-A3CV,follow_ups.days_to_progression,,
follow_up.tsv,TCGA-DJ-A1QF,follow_ups.days_to_progression,,
follow_up.tsv,TCGA-BJ-A3PR,follow_ups.days_to_progression,,
follow_up.tsv,TCGA-DJ-A2PY,follow_ups.days_to_progression,,
follow_up.tsv,TCGA-J8-A4HW,follow_ups.days_to_progression,,
follow_up.tsv,TCGA-FE-A23A,follow_ups.days_to_progression,,
follow_up.tsv,TCGA-EM-A3SU,follow_ups.days_to_progression,,
follow_up.tsv,TCGA-EM-A3FQ,follow_ups.days_to_progression,,
follow_up.tsv,TCGA-EL-A3CW,follow_ups.days_to_progression,,
follow_up.tsv,TCGA-EL-A3CL,follow_ups.days_to_progression,,
follow_up.tsv,TCGA-EL-A3CO,follow_ups.days_to_progression,,
follow_up.tsv,TCGA-ET-A3DO,follow_ups.days_to_progression_free,,
follow_up.tsv,TCGA-EL-A4KI,follow_ups.days_to_progression_free,,
follow_up.tsv,TCGA-BJ-A290,follow_ups.days_to_progression_free,,
follow_up.tsv,TCGA-EL-A4K6,follow_ups.days_to_progression_free,,
follow_up.tsv,TCGA-EM-A4FU,follow_ups.days_to_progression_free,,
follow_up.tsv,TCGA-ET-A39K,follow_ups.days_to_progression_free,,
follow_up.tsv,TCGA-FE-A22Z,follow_ups.days_to_progression_free,,
follow_up.tsv,TCGA-FE-A237,follow_ups.days_to_progression_free,,
follow_up.tsv,TCGA-EL-A3GX,follow_ups.days_to_progression_free,,
follow_up.tsv,TCGA-DO-A1K0,follow_ups.days_to_progression_free,,
follow_up.tsv,TCGA-EM-A4FF,follow_ups.days_to_progression_free,,
follow_up.tsv,TCGA-ET-A3BV,follow_ups.days_to_progression_free,,
follow_up.tsv,TCGA-DE-A0Y3,follow_ups.days_to_progression_free,,
follow_up.tsv,TCGA-DJ-A4UR,follow_ups.days_to_progression_free,,
follow_up.tsv,TCGA-DE-A4MD,follow_ups.days_to_progression_free,,
follow_up.tsv,TCGA-ET-A3BT,follow_ups.days_to_progression_free,,
follow_up.tsv,TCGA-EL-A3GU,follow_ups.days_to_progression_free,,
follow_up.tsv,TCGA-FE-A234,follow_ups.days_to_progression_free,,
follow_up.tsv,TCGA-FE-A233,follow_ups.days_to_progression_free,,
follow_up.tsv,TCGA-BJ-A0Z2,follow_ups.days_to_progression_free,,
follow_up.tsv,TCGA-FE-A239,follow_ups.days_to_progression_free,,
follow_up.tsv,TCGA-E3-A3E3,follow_ups.days_to_progression_free,,
follow_up.tsv,TCGA-ET-A40Q,follow_ups.days_to_progression_free,,
follow_up.tsv,TCGA-DE-A4MC,follow_ups.days_to_progression_free,,
follow_up.tsv,TCGA-EL-A3T2,follow_ups.days_to_progression_free,,
follow_up.tsv,TCGA-EM-A3FM,follow_ups.days_to_progression_free,,
follow_up.tsv,TCGA-E8-A432,follow_ups.days_to_progression_free,,
follow_up.tsv,TCGA-EL-A3GO,follow_ups.days_to_progression_free,,
follow_up.tsv,TCGA-FE-A230,follow_ups.days_to_progression_free,,
follow_up.tsv,TCGA-H2-A3RI,follow_ups.days_to_progression_free,,
follow_up.tsv,TCGA-EL-A3CZ,follow_ups.days_to_progression_free,,
follow_up.tsv,TCGA-FE-A238,follow_ups.days_to_progression_free,,
follow_up.tsv,TCGA-EL-A3MX,follow_ups.days_to_progression_free,,
follow_up.tsv,TCGA-BJ-A3PU,follow_ups.days_to_progression_free,,
follow_up.tsv,TCGA-EM-A2P1,follow_ups.days_to_progression_free,,
follow_up.tsv,TCGA-BJ-A18Z,follow_ups.days_to_progression_free,,
follow_up.tsv,TCGA-BJ-A0Z5,follow_ups.days_to_progression_free,,
follow_up.tsv,TCGA-BJ-A4O8,follow_ups.days_to_progression_free,,
follow_up.tsv,TCGA-FE-A3PA,follow_ups.days_to_progression_free,,
follow_up.tsv,TCGA-BJ-A2N9,follow_ups.days_to_progression_free,,
follow_up.tsv,TCGA-BJ-A191,follow_ups.days_to_progression_free,,
follow_up.tsv,TCGA-EL-A3ZG,follow_ups.days_to_progression_free,,
follow_up.tsv,TCGA-BJ-A0Z3,follow_ups.days_to_progression_free,,
follow_up.tsv,TCGA-EM-A2CN,follow_ups.days_to_progression_free,,
follow_up.tsv,TCGA-EL-A3D0,follow_ups.days_to_progression_free,,
follow_up.tsv,TCGA-BJ-A45J,follow_ups.days_to_progression_free,,
follow_up.tsv,TCGA-EL-A3MY,follow_ups.days_to_progression_free,,
follow_up.tsv,TCGA-BJ-A45H,follow_ups.days_to_progression_free,,
follow_up.tsv,TCGA-FK-A4UB,follow_ups.days_to_progression_free,,
follow_up.tsv,TCGA-DE-A69K,follow_ups.days_to_progression_free,,
follow_up.tsv,TCGA-BJ-A0ZH,follow_ups.days_to_progression_free,,
follow_up.tsv,TCGA-BJ-A0ZF,follow_ups.days_to_progression_free,,
follow_up.tsv,TCGA-DJ-A3UX,follow_ups.days_to_progression_free,,
follow_up.tsv,TCGA-BJ-A0ZG,follow_ups.days_to_progression_free,,
follow_up.tsv,TCGA-BJ-A28W,follow_ups.days_to_progression_free,,
follow_up.tsv,TCGA-QD-A8IV,follow_ups.days_to_progression_free,,
follow_up.tsv,TCGA-BJ-A4O9,follow_ups.days_to_progression_free,,
follow_up.tsv,TCGA-EM-A3ST,follow_ups.days_to_progression_free,,
follow_up.tsv,TCGA-BJ-A0ZB,follow_ups.days_to_progression_free,,
follow_up.tsv,TCGA-L6-A4ET,follow_ups.days_to_progression_free,,
follow_up.tsv,TCGA-BJ-A2NA,follow_ups.days_to_progression_free,,
follow_up.tsv,TCGA-J8-A3YF,follow_ups.days_to_progression_free,,
follow_up.tsv,TCGA-BJ-A190,follow_ups.days_to_progression_free,,
follow_up.tsv,TCGA-DE-A7U5,follow_ups.days_to_progression_free,,
follow_up.tsv,TCGA-BJ-A45E,follow_ups.days_to_progression_free,,
follow_up.tsv,TCGA-BJ-A0ZA,follow_ups.days_to_progression_free,,
follow_up.tsv,TCGA-J8-A3YD,follow_ups.days_to_progression_free,,
follow_up.tsv,TCGA-BJ-A0ZC,follow_ups.days_to_progression_free,,
follow_up.tsv,TCGA-BJ-A28Z,follow_ups.days_to_progression_free,,
follow_up.tsv,TCGA-BJ-A0ZJ,follow_ups.days_to_progression_free,,
follow_up.tsv,TCGA-BJ-A45K,follow_ups.days_to_progression_free,,
follow_up.tsv,TCGA-J8-A3YG,follow_ups.days_to_progression_free,,
follow_up.tsv,TCGA-BJ-A0ZE,follow_ups.days_to_progression_free,,
follow_up.tsv,TCGA-BJ-A18Y,follow_ups.days_to_progression_free,,
follow_up.tsv,TCGA-BJ-A28X,follow_ups.days_to_progression_free,,
follow_up.tsv,TCGA-BJ-A192,follow_ups.days_to_progression_free,,
follow_up.tsv,TCGA-BJ-A45I,follow_ups.days_to_progression_free,,
follow_up.tsv,TCGA-BJ-A45F,follow_ups.days_to_progression_free,,
follow_up.tsv,TCGA-J8-A3O1,follow_ups.days_to_progression_free,,
follow_up.tsv,TCGA-DJ-A4V0,follow_ups.days_to_progression_free,,
follow_up.tsv,TCGA-EL-A3N3,follow_ups.days_to_progression_free,,
follow_up.tsv,TCGA-FY-A4B3,follow_ups.days_to_progression_free,,
follow_up.tsv,TCGA-FY-A3NP,follow_ups.days_to_progression_free,,
follow_up.tsv,TCGA-DJ-A3UY,follow_ups.days_to_progression_free,,
follow_up.tsv,TCGA-H2-A3RH,follow_ups.days_to_progression_free,,
follow_up.tsv,TCGA-J8-A3O2,follow_ups.days_to_progression_free,,
follow_up.tsv,TCGA-EM-A2CO,follow_ups.days_to_progression_free,,
follow_up.tsv,TCGA-EL-A3ZM,follow_ups.days_to_progression_free,,
follow_up.tsv,TCGA-DJ-A2PP,follow_ups.days_to_progression_free,,
follow_up.tsv,TCGA-FE-A3PB,follow_ups.days_to_progression_free,,
follow_up.tsv,TCGA-DJ-A2Q9,follow_ups.days_to_progression_free,,
follow_up.tsv,TCGA-EL-A4K0,follow_ups.days_to_progression_free,,
follow_up.tsv,TCGA-DE-A3KN,follow_ups.days_to_progression_free,,
follow_up.tsv,TCGA-ET-A25R,follow_ups.days_to_progression_free,,
follow_up.tsv,TCGA-EM-A1YC,follow_ups.days_to_progression_free,,
follow_up.tsv,TCGA-DJ-A13T,follow_ups.days_to_progression_free,,
follow_up.tsv,TCGA-EM-A3AL,follow_ups.days_to_progression_free,,
follow_up.tsv,TCGA-EM-A4FK,follow_ups.days_to_progression_free,,
follow_up.tsv,TCGA-EM-A3FK,follow_ups.days_to_progression_free,,
follow_up.tsv,TCGA-ET-A25I,follow_ups.days_to_progression_free,,
follow_up.tsv,TCGA-EM-A3SZ,follow_ups.days_to_progression_free,,
follow_up.tsv,TCGA-EM-A3AP,follow_ups.days_to_progression_free,,
follow_up.tsv,TCGA-ET-A25P,follow_ups.days_to_progression_free,,
follow_up.tsv,TCGA-EM-A4FM,follow_ups.days_to_progression_free,,
follow_up.tsv,TCGA-DJ-A2PU,follow_ups.days_to_progression_free,,
follow_up.tsv,TCGA-DJ-A2Q5,follow_ups.days_to_progression_free,,
follow_up.tsv,TCGA-EM-A3SX,follow_ups.days_to_progression_free,,
follow_up.tsv,TCGA-EL-A3ZH,follow_ups.days_to_progression_free,,
follow_up.tsv,TCGA-EL-A3GY,follow_ups.days_to_progression_free,,
follow_up.tsv,TCGA-CE-A3MD,follow_ups.days_to_progression_free,,
follow_up.tsv,TCGA-DO-A1JZ,follow_ups.days_to_progression_free,,
follow_up.tsv,TCGA-ET-A39J,follow_ups.days_to_progression_free,,
follow_up.tsv,TCGA-DJ-A3VI,follow_ups.days_to_progression_free,,
follow_up.tsv,TCGA-ET-A3DP,follow_ups.days_to_progression_free,,
follow_up.tsv,TCGA-EM-A3AO,follow_ups.days_to_progression_free,,
follow_up.tsv,TCGA-EM-A22P,follow_ups.days_to_progression_free,,
follow_up.tsv,TCGA-E8-A437,follow_ups.days_to_progression_free,,
follow_up.tsv,TCGA-DJ-A3VM,follow_ups.days_to_progression_free,,
follow_up.tsv,TCGA-DJ-A2QC,follow_ups.days_to_progression_free,,
follow_up.tsv,TCGA-EL-A3ZN,follow_ups.days_to_progression_free,,
follow_up.tsv,TCGA-EM-A2OZ,follow_ups.days_to_progression_free,,
follow_up.tsv,TCGA-DJ-A1QN,follow_ups.days_to_progression_free,,
follow_up.tsv,TCGA-EL-A3D6,follow_ups.days_to_progression_free,,
follow_up.tsv,TCGA-ET-A2N0,follow_ups.days_to_progression_free,,
follow_up.tsv,TCGA-EM-A2CR,follow_ups.days_to_progression_free,,
follow_up.tsv,TCGA-MK-A84Z,follow_ups.days_to_progression_free,,
follow_up.tsv,TCGA-EL-A3CM,follow_ups.days_to_progression_free,,
follow_up.tsv,TCGA-EM-A1CW,follow_ups.days_to_progression_free,,
follow_up.tsv,TCGA-KS-A41J,follow_ups.days_to_progression_free,,
follow_up.tsv,TCGA-E8-A414,follow_ups.days_to_progression_free,,
follow_up.tsv,TCGA-EL-A3GS,follow_ups.days_to_progression_free,,
follow_up.tsv,TCGA-EM-A3OA,follow_ups.days_to_progression_free,,
follow_up.tsv,TCGA-ET-A40R,follow_ups.days_to_progression_free,,
follow_up.tsv,TCGA-MK-A4N9,follow_ups.days_to_progression_free,,
follow_up.tsv,TCGA-DJ-A4UP,follow_ups.days_to_progression_free,,
follow_up.tsv,TCGA-EL-A3CR,follow_ups.days_to_progression_free,,
follow_up.tsv,TCGA-H2-A2K9,follow_ups.days_to_progression_free,,
follow_up.tsv,TCGA-DJ-A3UP,follow_ups.days_to_progression_free,,
follow_up.tsv,TCGA-DJ-A4UQ,follow_ups.days_to_progression_free,,
follow_up.tsv,TCGA-EM-A2CL,follow_ups.days_to_progression_free,,
follow_up.tsv,TCGA-DJ-A3VA,follow_ups.days_to_progression_free,,
follow_up.tsv,TCGA-EM-A1CT,follow_ups.days_to_progression_free,,
follow_up.tsv,TCGA-ET-A4KQ,follow_ups.days_to_progression_free,,
follow_up.tsv,TCGA-EL-A4K4,follow_ups.days_to_progression_free,,
follow_up.tsv,TCGA-BJ-A3PT,follow_ups.days_to_progression_free,,
follow_up.tsv,TCGA-EM-A3O3,follow_ups.days_to_progression_free,,
follow_up.tsv,TCGA-EM-A2CM,follow_ups.days_to_progression_free,,
follow_up.tsv,TCGA-J8-A4HY,follow_ups.days_to_progression_free,,
follow_up.tsv,TCGA-EM-A3FR,follow_ups.days_to_progression_free,,
follow_up.tsv,TCGA-CE-A481,follow_ups.days_to_progression_free,,
follow_up.tsv,TCGA-ET-A40T,follow_ups.days_to_progression_free,,
follow_up.tsv,TCGA-ET-A3BW,follow_ups.days_to_progression_free,,
follow_up.tsv,TCGA-DJ-A2PR,follow_ups.days_to_progression_free,,
follow_up.tsv,TCGA-E8-A44M,follow_ups.days_to_progression_free,,
follow_up.tsv,TCGA-DJ-A3V9,follow_ups.days_to_progression_free,,
follow_up.tsv,TCGA-EM-A2CP,follow_ups.days_to_progression_free,,
follow_up.tsv,TCGA-ET-A25K,follow_ups.days_to_progression_free,,
follow_up.tsv,TCGA-EL-A3GZ,follow_ups.days_to_progression_free,,
follow_up.tsv,TCGA-FE-A236,follow_ups.days_to_progression_free,,
follow_up.tsv,TCGA-EL-A3ZQ,follow_ups.days_to_progression_free,,
follow_up.tsv,TCGA-EM-A3O9,follow_ups.days_to_progression_free,,
follow_up.tsv,TCGA-EL-A3N2,follow_ups.days_to_progression_free,,
follow_up.tsv,TCGA-DJ-A3V4,follow_ups.days_to_progression_free,,
follow_up.tsv,TCGA-EL-A3CP,follow_ups.days_to_progression_free,,
follow_up.tsv,TCGA-DJ-A1QM,follow_ups.days_to_progression_free,,
follow_up.tsv,TCGA-DJ-A3UQ,follow_ups.days_to_progression_free,,
follow_up.tsv,TCGA-ET-A39I,follow_ups.days_to_progression_free,,
follow_up.tsv,TCGA-IM-A4EB,follow_ups.days_to_progression_free,,
follow_up.tsv,TCGA-EM-A3O6,follow_ups.days_to_progression_free,,
follow_up.tsv,TCGA-EL-A3H3,follow_ups.days_to_progression_free,,
follow_up.tsv,TCGA-FE-A3PD,follow_ups.days_to_progression_free,,
follow_up.tsv,TCGA-DJ-A2PT,follow_ups.days_to_progression_free,,
follow_up.tsv,TCGA-EM-A3O7,follow_ups.days_to_progression_free,,
follow_up.tsv,TCGA-IM-A3EB,follow_ups.days_to_progression_free,,
follow_up.tsv,TCGA-DJ-A1QI,follow_ups.days_to_progression_free,,
follow_up.tsv,TCGA-DJ-A13X,follow_ups.days_to_progression_free,,
follow_up.tsv,TCGA-DJ-A13W,follow_ups.days_to_progression_free,,
follow_up.tsv,TCGA-ET-A3BN,follow_ups.days_to_progression_free,,
follow_up.tsv,TCGA-EL-A3ZO,follow_ups.days_to_progression_free,,
follow_up.tsv,TCGA-EL-A3ZK,follow_ups.days_to_progression_free,,
follow_up.tsv,TCGA-EL-A4JZ,follow_ups.days_to_progression_free,,
follow_up.tsv,TCGA-ET-A2N4,follow_ups.days_to_progression_free,,
follow_up.tsv,TCGA-DJ-A13R,follow_ups.days_to_progression_free,,
follow_up.tsv,TCGA-DE-A0XZ,follow_ups.days_to_progression_free,,
follow_up.tsv,TCGA-FY-A40L,follow_ups.days_to_progression_free,,
follow_up.tsv,TCGA-EL-A3H5,follow_ups.days_to_progression_free,,
follow_up.tsv,TCGA-ET-A3DW,follow_ups.days_to_progression_free,,
follow_up.tsv,TCGA-J8-A3NZ,follow_ups.days_to_progression_free,,
follow_up.tsv,TCGA-ET-A39P,follow_ups.days_to_progression_free,,
follow_up.tsv,TCGA-ET-A25L,follow_ups.days_to_progression_free,,
follow_up.tsv,TCGA-FY-A40N,follow_ups.days_to_progression_free,,
follow_up.tsv,TCGA-DJ-A3UU,follow_ups.days_to_progression_free,,
follow_up.tsv,TCGA-ET-A3BU,follow_ups.days_to_progression_free,,
follow_up.tsv,TCGA-EL-A3CN,follow_ups.days_to_progression_free,,
follow_up.tsv,TCGA-EM-A4FH,follow_ups.days_to_progression_free,,
follow_up.tsv,TCGA-EM-A3AK,follow_ups.days_to_progression_free,,
follow_up.tsv,TCGA-KS-A41L,follow_ups.days_to_progression_free,,
follow_up.tsv,TCGA-E8-A433,follow_ups.days_to_progression_free,,
follow_up.tsv,TCGA-EL-A3CT,follow_ups.days_to_progression_free,,
follow_up.tsv,TCGA-FY-A3ON,follow_ups.days_to_progression_free,,
follow_up.tsv,TCGA-KS-A4IC,follow_ups.days_to_progression_free,,
follow_up.tsv,TCGA-E8-A242,follow_ups.days_to_progression_free,,
follow_up.tsv,TCGA-EM-A1CU,follow_ups.days_to_progression_free,,
follow_up.tsv,TCGA-EL-A3GQ,follow_ups.days_to_progression_free,,
follow_up.tsv,TCGA-DE-A4MB,follow_ups.days_to_progression_free,,
follow_up.tsv,TCGA-EL-A4JW,follow_ups.days_to_progression_free,,
follow_up.tsv,TCGA-ET-A2MZ,follow_ups.days_to_progression_free,,
follow_up.tsv,TCGA-EM-A4FQ,follow_ups.days_to_progression_free,,
follow_up.tsv,TCGA-FY-A3I5,follow_ups.days_to_progression_free,,
follow_up.tsv,TCGA-BJ-A28R,follow_ups.days_to_progression_free,,
follow_up.tsv,TCGA-KS-A4I9,follow_ups.days_to_progression_free,,
follow_up.tsv,TCGA-FY-A3TY,follow_ups.days_to_progression_free,,
follow_up.tsv,TCGA-IM-A41Y,follow_ups.days_to_progression_free,,
follow_up.tsv,TCGA-EM-A2OV,follow_ups.days_to_progression_free,,
follow_up.tsv,TCGA-EM-A1YA,follow_ups.days_to_progression_free,,
follow_up.tsv,TCGA-J8-A3O0,follow_ups.days_to_progression_free,,
follow_up.tsv,TCGA-FY-A3RA,follow_ups.days_to_progression_free,,
follow_up.tsv,TCGA-FY-A3WA,follow_ups.days_to_progression_free,,
follow_up.tsv,TCGA-ET-A2MX,follow_ups.days_to_progression_free,,
follow_up.tsv,TCGA-EM-A3FN,follow_ups.days_to_progression_free,,
follow_up.tsv,TCGA-E3-A3DZ,follow_ups.days_to_progression_free,,
follow_up.tsv,TCGA-BJ-A28S,follow_ups.days_to_progression_free,,
follow_up.tsv,TCGA-ET-A3BQ,follow_ups.days_to_progression_free,,
follow_up.tsv,TCGA-E3-A3E0,follow_ups.days_to_progression_free,,
follow_up.tsv,TCGA-FY-A4B4,follow_ups.days_to_progression_free,,
follow_up.tsv,TCGA-ET-A3DS,follow_ups.days_to_progression_free,,
follow_up.tsv,TCGA-EL-A3D4,follow_ups.days_to_progression_free,,
follow_up.tsv,TCGA-DJ-A2PZ,follow_ups.days_to_progression_free,,
follow_up.tsv,TCGA-DJ-A3UW,follow_ups.days_to_progression_free,,
follow_up.tsv,TCGA-FE-A232,follow_ups.days_to_progression_free,,
follow_up.tsv,TCGA-ET-A25J,follow_ups.days_to_progression_free,,
follow_up.tsv,TCGA-DJ-A2PV,follow_ups.days_to_progression_free,,
follow_up.tsv,TCGA-FK-A3SD,follow_ups.days_to_progression_free,,
follow_up.tsv,TCGA-J8-A42S,follow_ups.days_to_progression_free,,
follow_up.tsv,TCGA-EL-A4KH,follow_ups.days_to_progression_free,,
follow_up.tsv,TCGA-EL-A3T3,follow_ups.days_to_progression_free,,
follow_up.tsv,TCGA-EM-A4FV,follow_ups.days_to_progression_free,,
follow_up.tsv,TCGA-EM-A3AN,follow_ups.days_to_progression_free,,
follow_up.tsv,TCGA-EL-A3ZT,follow_ups.days_to_progression_free,,
follow_up.tsv,TCGA-DJ-A3V3,follow_ups.days_to_progression_free,,
follow_up.tsv,TCGA-EM-A2CU,follow_ups.days_to_progression_free,,
follow_up.tsv,TCGA-DJ-A3UN,follow_ups.days_to_progression_free,,
follow_up.tsv,TCGA-EL-A4JX,follow_ups.days_to_progression_free,,
follow_up.tsv,TCGA-EM-A3AI,follow_ups.days_to_progression_free,,
follow_up.tsv,TCGA-EM-A22O,follow_ups.days_to_progression_free,,
follow_up.tsv,TCGA-DE-A0Y2,follow_ups.days_to_progression_free,,
follow_up.tsv,TCGA-FY-A4B0,follow_ups.days_to_progression_free,,
follow_up.tsv,TCGA-DJ-A3US,follow_ups.days_to_progression_free,,
follow_up.tsv,TCGA-EL-A4JV,follow_ups.days_to_progression_free,,
follow_up.tsv,TCGA-KS-A4I1,follow_ups.days_to_progression_free,,
follow_up.tsv,TCGA-FE-A231,follow_ups.days_to_progression_free,,
follow_up.tsv,TCGA-EM-A3AR,follow_ups.days_to_progression_free,,
follow_up.tsv,TCGA-EM-A2CQ,follow_ups.days_to_progression_free,,
follow_up.tsv,TCGA-BJ-A2N8,follow_ups.days_to_progression_free,,
follow_up.tsv,TCGA-BJ-A0Z0,follow_ups.days_to_progression_free,,
follow_up.tsv,TCGA-FY-A40M,follow_ups.days_to_progression_free,,
follow_up.tsv,TCGA-EL-A3CU,follow_ups.days_to_progression_free,,
follow_up.tsv,TCGA-KS-A41I,follow_ups.days_to_progression_free,,
follow_up.tsv,TCGA-EM-A2CS,follow_ups.days_to_progression_free,,
follow_up.tsv,TCGA-CE-A27D,follow_ups.days_to_progression_free,,
follow_up.tsv,TCGA-ET-A4KN,follow_ups.days_to_progression_free,,
follow_up.tsv,TCGA-EM-A1CV,follow_ups.days_to_progression_free,,
follow_up.tsv,TCGA-DJ-A3V6,follow_ups.days_to_progression_free,,
follow_up.tsv,TCGA-EL-A3H2,follow_ups.days_to_progression_free,,
follow_up.tsv,TCGA-DE-A2OL,follow_ups.days_to_progression_free,,
follow_up.tsv,TCGA-DJ-A13O,follow_ups.days_to_progression_free,,
follow_up.tsv,TCGA-EM-A2CK,follow_ups.days_to_progression_free,,
follow_up.tsv,TCGA-DJ-A4UL,follow_ups.days_to_progression_free,,
follow_up.tsv,TCGA-FK-A3S3,follow_ups.days_to_progression_free,,
follow_up.tsv,TCGA-ET-A39T,follow_ups.days_to_progression_free,,
follow_up.tsv,TCGA-DJ-A2Q7,follow_ups.days_to_progression_free,,
follow_up.tsv,TCGA-DJ-A3V2,follow_ups.days_to_progression_free,,
follow_up.tsv,TCGA-ET-A40P,follow_ups.days_to_progression_free,,
follow_up.tsv,TCGA-DJ-A3V5,follow_ups.days_to_progression_free,,
follow_up.tsv,TCGA-ET-A2N5,follow_ups.days_to_progression_free,,
follow_up.tsv,TCGA-GE-A2C6,follow_ups.days_to_progression_free,,
follow_up.tsv,TCGA-FY-A3W9,follow_ups.days_to_progression_free,,
follow_up.tsv,TCGA-ET-A25M,follow_ups.days_to_progression_free,,
follow_up.tsv,TCGA-EM-A2P0,follow_ups.days_to_progression_free,,
follow_up.tsv,TCGA-H2-A421,follow_ups.days_to_progression_free,,
follow_up.tsv,TCGA-CE-A483,follow_ups.days_to_progression_free,,
follow_up.tsv,TCGA-FY-A76V,follow_ups.days_to_progression_free,,
follow_up.tsv,TCGA-DO-A2HM,follow_ups.days_to_progression_free,,
follow_up.tsv,TCGA-IM-A3U2,follow_ups.days_to_progression_free,,
follow_up.tsv,TCGA-FK-A3SG,follow_ups.days_to_progression_free,,
follow_up.tsv,TCGA-EM-A22Q,follow_ups.days_to_progression_free,,
follow_up.tsv,TCGA-EL-A3T0,follow_ups.days_to_progression_free,,
follow_up.tsv,TCGA-DE-A4M9,follow_ups.days_to_progression_free,,
follow_up.tsv,TCGA-E8-A416,follow_ups.days_to_progression_free,,
follow_up.tsv,TCGA-DJ-A4V5,follow_ups.days_to_progression_free,,
follow_up.tsv,TCGA-BJ-A0Z9,follow_ups.days_to_progression_free,,
follow_up.tsv,TCGA-ET-A39N,follow_ups.days_to_progression_free,,
follow_up.tsv,TCGA-E3-A3E1,follow_ups.days_to_progression_free,,
follow_up.tsv,TCGA-FK-A3SB,follow_ups.days_to_progression_free,,
follow_up.tsv,TCGA-KS-A4ID,follow_ups.days_to_progression_free,,
follow_up.tsv,TCGA-DE-A4MA,follow_ups.days_to_progression_free,,
follow_up.tsv,TCGA-EL-A4K9,follow_ups.days_to_progression_free,,
follow_up.tsv,TCGA-ET-A3BX,follow_ups.days_to_progression_free,,
follow_up.tsv,TCGA-EL-A3T9,follow_ups.days_to_progression_free,,
follow_up.tsv,TCGA-EM-A1YD,follow_ups.days_to_progression_free,,
follow_up.tsv,TCGA-FY-A40K,follow_ups.days_to_progression_free,,
follow_up.tsv,TCGA-DJ-A13S,follow_ups.days_to_progression_free,,
follow_up.tsv,TCGA-EL-A3CS,follow_ups.days_to_progression_free,,
follow_up.tsv,TCGA-DJ-A2Q0,follow_ups.days_to_progression_free,,
follow_up.tsv,TCGA-DJ-A13U,follow_ups.days_to_progression_free,,
follow_up.tsv,TCGA-EM-A3OB,follow_ups.days_to_progression_free,,
follow_up.tsv,TCGA-EL-A3H1,follow_ups.days_to_progression_free,,
follow_up.tsv,TCGA-EM-A4FR,follow_ups.days_to_progression_free,,
follow_up.tsv,TCGA-KS-A41F,follow_ups.days_to_progression_free,,
follow_up.tsv,TCGA-DJ-A3V7,follow_ups.days_to_progression_free,,
follow_up.tsv,TCGA-H2-A422,follow_ups.days_to_progression_free,,
follow_up.tsv,TCGA-EL-A3T6,follow_ups.days_to_progression_free,,
follow_up.tsv,TCGA-FY-A3R6,follow_ups.days_to_progression_free,,
follow_up.tsv,TCGA-E3-A3E5,follow_ups.days_to_progression_free,,
follow_up.tsv,TCGA-EM-A22M,follow_ups.days_to_progression_free,,
follow_up.tsv,TCGA-IM-A41Z,follow_ups.days_to_progression_free,,
follow_up.tsv,TCGA-EL-A3CX,follow_ups.days_to_progression_free,,
follow_up.tsv,TCGA-E8-A417,follow_ups.days_to_progression_free,,
follow_up.tsv,TCGA-ET-A3BP,follow_ups.days_to_progression_free,,
follow_up.tsv,TCGA-DJ-A3VK,follow_ups.days_to_progression_free,,
follow_up.tsv,TCGA-EM-A3SY,follow_ups.days_to_progression_free,,
follow_up.tsv,TCGA-EL-A3ZR,follow_ups.days_to_progression_free,,
follow_up.tsv,TCGA-DJ-A4UW,follow_ups.days_to_progression_free,,
follow_up.tsv,TCGA-EM-A3O8,follow_ups.days_to_progression_free,,
follow_up.tsv,TCGA-EL-A3T1,follow_ups.days_to_progression_free,,
follow_up.tsv,TCGA-E8-A2EA,follow_ups.days_to_progression_free,,
follow_up.tsv,TCGA-EL-A3T8,follow_ups.days_to_progression_free,,
follow_up.tsv,TCGA-EM-A2OX,follow_ups.days_to_progression_free,,
follow_up.tsv,TCGA-DJ-A13V,follow_ups.days_to_progression_free,,
follow_up.tsv,TCGA-DJ-A1QQ,follow_ups.days_to_progression_free,,
follow_up.tsv,TCGA-ET-A39R,follow_ups.days_to_progression_free,,
follow_up.tsv,TCGA-CE-A485,follow_ups.days_to_progression_free,,
follow_up.tsv,TCGA-L6-A4EP,follow_ups.days_to_progression_free,,
follow_up.tsv,TCGA-DJ-A3UT,follow_ups.days_to_progression_free,,
follow_up.tsv,TCGA-ET-A2N3,follow_ups.days_to_progression_free,,
follow_up.tsv,TCGA-DE-A69J,follow_ups.days_to_progression_free,,
follow_up.tsv,TCGA-DJ-A2PS,follow_ups.days_to_progression_free,,
follow_up.tsv,TCGA-ET-A3DT,follow_ups.days_to_progression_free,,
follow_up.tsv,TCGA-DJ-A2Q2,follow_ups.days_to_progression_free,,
follow_up.tsv,TCGA-ET-A3DR,follow_ups.days_to_progression_free,,
follow_up.tsv,TCGA-J8-A3YH,follow_ups.days_to_progression_free,,
follow_up.tsv,TCGA-EL-A3TB,follow_ups.days_to_progression_free,,
follow_up.tsv,TCGA-BJ-A45C,follow_ups.days_to_progression_free,,
follow_up.tsv,TCGA-CE-A13K,follow_ups.days_to_progression_free,,
follow_up.tsv,TCGA-DJ-A2PX,follow_ups.days_to_progression_free,,
follow_up.tsv,TCGA-EL-A3ZS,follow_ups.days_to_progression_free,,
follow_up.tsv,TCGA-E8-A419,follow_ups.days_to_progression_free,,
follow_up.tsv,TCGA-DJ-A3V8,follow_ups.days_to_progression_free,,
follow_up.tsv,TCGA-EL-A4K2,follow_ups.days_to_progression_free,,
follow_up.tsv,TCGA-DE-A4M8,follow_ups.days_to_progression_free,,
follow_up.tsv,TCGA-CE-A482,follow_ups.days_to_progression_free,,
follow_up.tsv,TCGA-E8-A44K,follow_ups.days_to_progression_free,,
follow_up.tsv,TCGA-EM-A2OW,follow_ups.days_to_progression_free,,
follow_up.tsv,TCGA-BJ-A3F0,follow_ups.days_to_progression_free,,
follow_up.tsv,TCGA-DJ-A3VF,follow_ups.days_to_progression_free,,
follow_up.tsv,TCGA-FE-A3PC,follow_ups.days_to_progression_free,,
follow_up.tsv,TCGA-BJ-A28T,follow_ups.days_to_progression_free,,
follow_up.tsv,TCGA-EL-A4K1,follow_ups.days_to_progression_free,,
follow_up.tsv,TCGA-EM-A22L,follow_ups.days_to_progression_free,,
follow_up.tsv,TCGA-DJ-A3UZ,follow_ups.days_to_progression_free,,
follow_up.tsv,TCGA-EL-A3CY,follow_ups.days_to_progression_free,,
follow_up.tsv,TCGA-DJ-A4UT,follow_ups.days_to_progression_free,,
follow_up.tsv,TCGA-DJ-A2Q3,follow_ups.days_to_progression_free,,
follow_up.tsv,TCGA-DJ-A2Q6,follow_ups.days_to_progression_free,,
follow_up.tsv,TCGA-FK-A3SE,follow_ups.days_to_progression_free,,
follow_up.tsv,TCGA-DJ-A2QA,follow_ups.days_to_progression_free,,
follow_up.tsv,TCGA-FY-A2QD,follow_ups.days_to_progression_free,,
follow_up.tsv,TCGA-EL-A3GR,follow_ups.days_to_progression_free,,
follow_up.tsv,TCGA-EL-A3T7,follow_ups.days_to_progression_free,,
follow_up.tsv,TCGA-EM-A3FO,follow_ups.days_to_progression_free,,
follow_up.tsv,TCGA-DJ-A3VB,follow_ups.days_to_progression_free,,
follow_up.tsv,TCGA-FY-A3NN,follow_ups.days_to_progression_free,,
follow_up.tsv,TCGA-EM-A1YB,follow_ups.days_to_progression_free,,
follow_up.tsv,TCGA-ET-A3DV,follow_ups.days_to_progression_free,,
follow_up.tsv,TCGA-EL-A4KD,follow_ups.days_to_progression_free,,
follow_up.tsv,TCGA-L6-A4EU,follow_ups.days_to_progression_free,,
follow_up.tsv,TCGA-DJ-A2QB,follow_ups.days_to_progression_free,,
follow_up.tsv,TCGA-DJ-A4V4,follow_ups.days_to_progression_free,,
follow_up.tsv,TCGA-DJ-A3V0,follow_ups.days_to_progression_free,,
follow_up.tsv,TCGA-BJ-A45G,follow_ups.days_to_progression_free,,
follow_up.tsv,TCGA-FY-A3R7,follow_ups.days_to_progression_free,,
follow_up.tsv,TCGA-EM-A2P2,follow_ups.days_to_progression_free,,
follow_up.tsv,TCGA-DJ-A13M,follow_ups.days_to_progression_free,,
follow_up.tsv,TCGA-EL-A3D1,follow_ups.days_to_progression_free,,
follow_up.tsv,TCGA-BJ-A28V,follow_ups.days_to_progression_free,,
follow_up.tsv,TCGA-BJ-A3EZ,follow_ups.days_to_progression_free,,
follow_up.tsv,TCGA-DJ-A3VG,follow_ups.days_to_progression_free,,
follow_up.tsv,TCGA-ET-A3DU,follow_ups.days_to_progression_free,,
follow_up.tsv,TCGA-ET-A3BO,follow_ups.days_to_progression_free,,
follow_up.tsv,TCGA-EM-A3FP,follow_ups.days_to_progression_free,,
follow_up.tsv,TCGA-ET-A25O,follow_ups.days_to_progression_free,,
follow_up.tsv,TCGA-E8-A415,follow_ups.days_to_progression_free,,
follow_up.tsv,TCGA-EM-A22J,follow_ups.days_to_progression_free,,
follow_up.tsv,TCGA-DJ-A3UR,follow_ups.days_to_progression_free,,
follow_up.tsv,TCGA-EM-A22N,follow_ups.days_to_progression_free,,
follow_up.tsv,TCGA-FY-A3BL,follow_ups.days_to_progression_free,,
follow_up.tsv,TCGA-FY-A3R8,follow_ups.days_to_progression_free,,
follow_up.tsv,TCGA-FE-A235,follow_ups.days_to_progression_free,,
follow_up.tsv,TCGA-DJ-A13L,follow_ups.days_to_progression_free,,
follow_up.tsv,TCGA-ET-A3BS,follow_ups.days_to_progression_free,,
follow_up.tsv,TCGA-EM-A2CT,follow_ups.days_to_progression_free,,
follow_up.tsv,TCGA-ET-A40S,follow_ups.days_to_progression_free,,
follow_up.tsv,TCGA-J8-A3YE,follow_ups.days_to_progression_free,,
follow_up.tsv,TCGA-EM-A3FJ,follow_ups.days_to_progression_free,,
follow_up.tsv,TCGA-EM-A2P3,follow_ups.days_to_progression_free,,
follow_up.tsv,TCGA-EM-A4G1,follow_ups.days_to_progression_free,,
follow_up.tsv,TCGA-EL-A3GW,follow_ups.days_to_progression_free,,
follow_up.tsv,TCGA-DJ-A13P,follow_ups.days_to_progression_free,,
follow_up.tsv,TCGA-DJ-A3VL,follow_ups.days_to_progression_free,,
follow_up.tsv,TCGA-DJ-A1QG,follow_ups.days_to_progression_free,,
follow_up.tsv,TCGA-BJ-A2N7,follow_ups.days_to_progression_free,,
follow_up.tsv,TCGA-FY-A3I4,follow_ups.days_to_progression_free,,
follow_up.tsv,TCGA-ET-A39L,follow_ups.days_to_progression_free,,
follow_up.tsv,TCGA-EM-A3FL,follow_ups.days_to_progression_free,,
follow_up.tsv,TCGA-ET-A39O,follow_ups.days_to_progression_free,,
follow_up.tsv,TCGA-IM-A3ED,follow_ups.days_to_progression_free,,
follow_up.tsv,TCGA-FY-A3YR,follow_ups.days_to_progression_free,,
follow_up.tsv,TCGA-KS-A4IB,follow_ups.days_to_progression_free,,
follow_up.tsv,TCGA-EM-A2OY,follow_ups.days_to_progression_free,,
follow_up.tsv,TCGA-EL-A3TA,follow_ups.days_to_progression_free,,
follow_up.tsv,TCGA-DJ-A2PW,follow_ups.days_to_progression_free,,
follow_up.tsv,TCGA-BJ-A291,follow_ups.days_to_progression_free,,
follow_up.tsv,TCGA-DJ-A3UM,follow_ups.days_to_progression_free,,
follow_up.tsv,TCGA-E8-A413,follow_ups.days_to_progression_free,,
follow_up.tsv,TCGA-DJ-A2PO,follow_ups.days_to_progression_free,,
follow_up.tsv,TCGA-DJ-A3UK,follow_ups.days_to_progression_free,,
follow_up.tsv,TCGA-L6-A4EQ,follow_ups.days_to_progression_free,,
follow_up.tsv,TCGA-DJ-A3UO,follow_ups.days_to_progression_free,,
follow_up.tsv,TCGA-EM-A3AJ,follow_ups.days_to_progression_free,,
follow_up.tsv,TCGA-FY-A3R9,follow_ups.days_to_progression_free,,
follow_up.tsv,TCGA-DJ-A1QD,follow_ups.days_to_progression_free,,
follow_up.tsv,TCGA-DJ-A4V2,follow_ups.days_to_progression_free,,
follow_up.tsv,TCGA-EM-A2CJ,follow_ups.days_to_progression_free,,
follow_up.tsv,TCGA-EL-A4K7,follow_ups.days_to_progression_free,,
follow_up.tsv,TCGA-EL-A4KG,follow_ups.days_to_progression_free,,
follow_up.tsv,TCGA-DJ-A3VD,follow_ups.days_to_progression_free,,
follow_up.tsv,TCGA-DJ-A1QE,follow_ups.days_to_progression_free,,
follow_up.tsv,TCGA-IM-A3U3,follow_ups.days_to_progression_free,,
follow_up.tsv,TCGA-MK-A4N6,follow_ups.days_to_progression_free,,
follow_up.tsv,TCGA-EL-A3GP,follow_ups.days_to_progression_free,,
follow_up.tsv,TCGA-EM-A22K,follow_ups.days_to_progression_free,,
follow_up.tsv,TCGA-CE-A3ME,follow_ups.days_to_progression_free,,
follow_up.tsv,TCGA-ET-A39S,follow_ups.days_to_progression_free,,
follow_up.tsv,TCGA-E8-A436,follow_ups.days_to_progression_free,,
follow_up.tsv,TCGA-E3-A3DY,follow_ups.days_to_progression_free,,
follow_up.tsv,TCGA-KS-A4I7,follow_ups.days_to_progression_free,,
follow_up.tsv,TCGA-EL-A3H4,follow_ups.days_to_progression_free,,
follow_up.tsv,TCGA-DJ-A3VE,follow_ups.days_to_progression_free,,
follow_up.tsv,TCGA-EM-A4FO,follow_ups.days_to_progression_free,,
follow_up.tsv,TCGA-4C-A93U,follow_ups.days_to_progression_free,,
follow_up.tsv,TCGA-ET-A25G,follow_ups.days_to_progression_free,,
follow_up.tsv,TCGA-EL-A3ZL,follow_ups.days_to_progression_free,,
follow_up.tsv,TCGA-IM-A420,follow_ups.days_to_progression_free,,
follow_up.tsv,TCGA-DJ-A2Q1,follow_ups.days_to_progression_free,,
follow_up.tsv,TCGA-FK-A3SH,follow_ups.days_to_progression_free,,
follow_up.tsv,TCGA-DJ-A1QL,follow_ups.days_to_progression_free,,
follow_up.tsv,TCGA-H2-A26U,follow_ups.days_to_progression_free,,
follow_up.tsv,TCGA-CE-A484,follow_ups.days_to_progression_free,,
follow_up.tsv,TCGA-DJ-A3VJ,follow_ups.days_to_progression_free,,
follow_up.tsv,TCGA-EM-A1YE,follow_ups.days_to_progression_free,,
follow_up.tsv,TCGA-ET-A2N1,follow_ups.days_to_progression_free,,
follow_up.tsv,TCGA-BJ-A45D,follow_ups.days_to_progression_free,,
follow_up.tsv,TCGA-BJ-A2P4,follow_ups.days_to_progression_free,,
follow_up.tsv,TCGA-EM-A3AQ,follow_ups.days_to_progression_free,,
follow_up.tsv,TCGA-EM-A1CS,follow_ups.days_to_progression_free,,
follow_up.tsv,TCGA-KS-A4I5,follow_ups.days_to_progression_free,,
follow_up.tsv,TCGA-EL-A3GV,follow_ups.days_to_progression_free,,
follow_up.tsv,TCGA-ET-A39M,follow_ups.days_to_progression_free,,
follow_up.tsv,TCGA-EL-A3D5,follow_ups.days_to_progression_free,,
follow_up.tsv,TCGA-EL-A3ZP,follow_ups.days_to_progression_free,,
follow_up.tsv,TCGA-ET-A2MY,follow_ups.days_to_progression_free,,
follow_up.tsv,TCGA-E8-A418,follow_ups.days_to_progression_free,,
follow_up.tsv,TCGA-ET-A25N,follow_ups.days_to_progression_free,,
follow_up.tsv,TCGA-DJ-A2PQ,follow_ups.days_to_progression_free,,
follow_up.tsv,TCGA-EM-A22I,follow_ups.days_to_progression_free,,
follow_up.tsv,TCGA-EL-A3MW,follow_ups.days_to_progression_free,,
follow_up.tsv,TCGA-E3-A3E2,follow_ups.days_to_progression_free,,
follow_up.tsv,TCGA-E8-A434,follow_ups.days_to_progression_free,,
follow_up.tsv,TCGA-DJ-A2Q4,follow_ups.days_to_progression_free,,
follow_up.tsv,TCGA-MK-A4N7,follow_ups.days_to_progression_free,,
follow_up.tsv,TCGA-E8-A438,follow_ups.days_to_progression_free,,
follow_up.tsv,TCGA-DJ-A1QO,follow_ups.days_to_progression_free,,
follow_up.tsv,TCGA-DJ-A3UV,follow_ups.days_to_progression_free,,
follow_up.tsv,TCGA-E8-A3X7,follow_ups.days_to_progression_free,,
follow_up.tsv,TCGA-DJ-A1QH,follow_ups.days_to_progression_free,,
follow_up.tsv,TCGA-BJ-A0YZ,follow_ups.days_to_progression_free,,
follow_up.tsv,TCGA-E8-A2JQ,follow_ups.days_to_progression_free,,
follow_up.tsv,TCGA-FY-A3NM,follow_ups.days_to_progression_free,,
follow_up.tsv,TCGA-EL-A3MZ,follow_ups.days_to_progression_free,,
follow_up.tsv,TCGA-EM-A4FN,follow_ups.days_to_progression_free,,
follow_up.tsv,TCGA-ET-A3DQ,follow_ups.days_to_progression_free,,
follow_up.tsv,TCGA-DJ-A2Q8,follow_ups.days_to_progression_free,,
follow_up.tsv,TCGA-KS-A4I3,follow_ups.days_to_progression_free,,
follow_up.tsv,TCGA-EL-A3H8,follow_ups.days_to_progression_free,,
follow_up.tsv,TCGA-EL-A3H7,follow_ups.days_to_progression_free,,
follow_up.tsv,TCGA-DJ-A2PN,follow_ups.days_to_progression_free,,
follow_up.tsv,TCGA-EL-A3CV,follow_ups.days_to_progression_free,,
follow_up.tsv,TCGA-DJ-A1QF,follow_ups.days_to_progression_free,,
follow_up.tsv,TCGA-BJ-A3PR,follow_ups.days_to_progression_free,,
follow_up.tsv,TCGA-DJ-A2PY,follow_ups.days_to_progression_free,,
follow_up.tsv,TCGA-J8-A4HW,follow_ups.days_to_progression_free,,
follow_up.tsv,TCGA-FE-A23A,follow_ups.days_to_progression_free,,
follow_up.tsv,TCGA-EM-A3SU,follow_ups.days_to_progression_free,,
follow_up.tsv,TCGA-EM-A3FQ,follow_ups.days_to_progression_free,,
follow_up.tsv,TCGA-EL-A3CW,follow_ups.days_to_progression_free,,
follow_up.tsv,TCGA-EL-A3CL,follow_ups.days_to_progression_free,,
follow_up.tsv,TCGA-EL-A3CO,follow_ups.days_to_progression_free,,
follow_up.tsv,TCGA-ET-A3DO,follow_ups.days_to_recurrence,659,659.0
follow_up.tsv,TCGA-EL-A4KI,follow_ups.days_to_recurrence,,
follow_up.tsv,TCGA-BJ-A290,follow_ups.days_to_recurrence,,
follow_up.tsv,TCGA-EL-A4K6,follow_ups.days_to_recurrence,,
follow_up.tsv,TCGA-EM-A4FU,follow_ups.days_to_recurrence,781,781.0
follow_up.tsv,TCGA-ET-A39K,follow_ups.days_to_recurrence,1249,1249.0
follow_up.tsv,TCGA-FE-A22Z,follow_ups.days_to_recurrence,,
follow_up.tsv,TCGA-FE-A237,follow_ups.days_to_recurrence,693,693.0
follow_up.tsv,TCGA-EL-A3GX,follow_ups.days_to_recurrence,439,439.0
follow_up.tsv,TCGA-DO-A1K0,follow_ups.days_to_recurrence,577,577.0
follow_up.tsv,TCGA-EM-A4FF,follow_ups.days_to_recurrence,1855,1855.0
follow_up.tsv,TCGA-ET-A3BV,follow_ups.days_to_recurrence,1279,1279.0
follow_up.tsv,TCGA-DE-A0Y3,follow_ups.days_to_recurrence,,
follow_up.tsv,TCGA-DJ-A4UR,follow_ups.days_to_recurrence,,
follow_up.tsv,TCGA-DE-A4MD,follow_ups.days_to_recurrence,267,267.0
follow_up.tsv,TCGA-ET-A3BT,follow_ups.days_to_recurrence,267,267.0
follow_up.tsv,TCGA-EL-A3GU,follow_ups.days_to_recurrence,,
follow_up.tsv,TCGA-FE-A234,follow_ups.days_to_recurrence,483,483.0
follow_up.tsv,TCGA-FE-A233,follow_ups.days_to_recurrence,567,567.0
follow_up.tsv,TCGA-BJ-A0Z2,follow_ups.days_to_recurrence,,
follow_up.tsv,TCGA-FE-A239,follow_ups.days_to_recurrence,933,933.0
follow_up.tsv,TCGA-E3-A3E3,follow_ups.days_to_recurrence,,
follow_up.tsv,TCGA-ET-A40Q,follow_ups.days_to_recurrence,,
follow_up.tsv,TCGA-DE-A4MC,follow_ups.days_to_recurrence,332,332.0
follow_up.tsv,TCGA-EL-A3T2,follow_ups.days_to_recurrence,903,903.0
follow_up.tsv,TCGA-EM-A3FM,follow_ups.days_to_recurrence,514,514.0
follow_up.tsv,TCGA-E8-A432,follow_ups.days_to_recurrence,720,720.0
follow_up.tsv,TCGA-EL-A3GO,follow_ups.days_to_recurrence,6,6.0
follow_up.tsv,TCGA-FE-A230,follow_ups.days_to_recurrence,526,526.0
follow_up.tsv,TCGA-H2-A3RI,follow_ups.days_to_recurrence,279,279.0
follow_up.tsv,TCGA-EL-A3CZ,follow_ups.days_to_recurrence,1426,1426.0
follow_up.tsv,TCGA-FE-A238,follow_ups.days_to_recurrence,,
follow_up.tsv,TCGA-EL-A3MX,follow_ups.days_to_recurrence,,
follow_up.tsv,TCGA-BJ-A3PU,follow_ups.days_to_recurrence,,
follow_up.tsv,TCGA-EM-A2P1,follow_ups.days_to_recurrence,363,363.0
follow_up.tsv,TCGA-BJ-A18Z,follow_ups.days_to_recurrence,,
follow_up.tsv,TCGA-BJ-A0Z5,follow_ups.days_to_recurrence,,
follow_up.tsv,TCGA-BJ-A4O8,follow_ups.days_to_recurrence,,
follow_up.tsv,TCGA-FE-A3PA,follow_ups.days_to_recurrence,,
follow_up.tsv,TCGA-BJ-A2N9,follow_ups.days_to_recurrence,,
follow_up.tsv,TCGA-BJ-A191,follow_ups.days_to_recurrence,,
follow_up.tsv,TCGA-EL-A3ZG,follow_ups.days_to_recurrence,,
follow_up.tsv,TCGA-BJ-A0Z3,follow_ups.days_to_recurrence,,
follow_up.tsv,TCGA-EM-A2CN,follow_ups.days_to_recurrence,,
follow_up.tsv,TCGA-EL-A3D0,follow_ups.days_to_recurrence,,
follow_up.tsv,TCGA-BJ-A45J,follow_ups.days_to_recurrence,,
follow_up.tsv,TCGA-EL-A3MY,follow_ups.days_to_recurrence,,
follow_up.tsv,TCGA-BJ-A45H,follow_ups.days_to_recurrence,,
follow_up.tsv,TCGA-FK-A4UB,follow_ups.days_to_recurrence,,
follow_up.tsv,TCGA-DE-A69K,follow_ups.days_to_recurrence,434,434.0
follow_up.tsv,TCGA-BJ-A0ZH,follow_ups.days_to_recurrence,,
follow_up.tsv,TCGA-BJ-A0ZF,follow_ups.days_to_recurrence,735,735.0
follow_up.tsv,TCGA-DJ-A3UX,follow_ups.days_to_recurrence,,
follow_up.tsv,TCGA-BJ-A0ZG,follow_ups.days_to_recurrence,,
follow_up.tsv,TCGA-BJ-A28W,follow_ups.days_to_recurrence,,
follow_up.tsv,TCGA-QD-A8IV,follow_ups.days_to_recurrence,,
follow_up.tsv,TCGA-BJ-A4O9,follow_ups.days_to_recurrence,,
follow_up.tsv,TCGA-EM-A3ST,follow_ups.days_to_recurrence,966,966.0
follow_up.tsv,TCGA-BJ-A0ZB,follow_ups.days_to_recurrence,,
follow_up.tsv,TCGA-L6-A4ET,follow_ups.days_to_recurrence,,
follow_up.tsv,TCGA-BJ-A2NA,follow_ups.days_to_recurrence,,
follow_up.tsv,TCGA-J8-A3YF,follow_ups.days_to_recurrence,,
follow_up.tsv,TCGA-BJ-A190,follow_ups.days_to_recurrence,,
follow_up.tsv,TCGA-DE-A7U5,follow_ups.days_to_recurrence,,
follow_up.tsv,TCGA-BJ-A45E,follow_ups.days_to_recurrence,,
follow_up.tsv,TCGA-BJ-A0ZA,follow_ups.days_to_recurrence,,
follow_up.tsv,TCGA-J8-A3YD,follow_ups.days_to_recurrence,,
follow_up.tsv,TCGA-BJ-A0ZC,follow_ups.days_to_recurrence,,
follow_up.tsv,TCGA-BJ-A28Z,follow_ups.days_to_recurrence,,
follow_up.tsv,TCGA-BJ-A0ZJ,follow_ups.days_to_recurrence,,
follow_up.tsv,TCGA-BJ-A45K,follow_ups.days_to_recurrence,,
follow_up.tsv,TCGA-J8-A3YG,follow_ups.days_to_recurrence,,
follow_up.tsv,TCGA-BJ-A0ZE,follow_ups.days_to_recurrence,,
follow_up.tsv,TCGA-BJ-A18Y,follow_ups.days_to_recurrence,,
follow_up.tsv,TCGA-BJ-A28X,follow_ups.days_to_recurrence,,
follow_up.tsv,TCGA-BJ-A192,follow_ups.days_to_recurrence,,
follow_up.tsv,TCGA-BJ-A45I,follow_ups.days_to_recurrence,,
follow_up.tsv,TCGA-BJ-A45F,follow_ups.days_to_recurrence,,
follow_up.tsv,TCGA-J8-A3O1,follow_ups.days_to_recurrence,,
follow_up.tsv,TCGA-DJ-A4V0,follow_ups.days_to_recurrence,,
follow_up.tsv,TCGA-EL-A3N3,follow_ups.days_to_recurrence,,
follow_up.tsv,TCGA-FY-A4B3,follow_ups.days_to_recurrence,,
follow_up.tsv,TCGA-FY-A3NP,follow_ups.days_to_recurrence,,
follow_up.tsv,TCGA-DJ-A3UY,follow_ups.days_to_recurrence,,
follow_up.tsv,TCGA-H2-A3RH,follow_ups.days_to_recurrence,,
follow_up.tsv,TCGA-J8-A3O2,follow_ups.days_to_recurrence,,
follow_up.tsv,TCGA-EM-A2CO,follow_ups.days_to_recurrence,,
follow_up.tsv,TCGA-EL-A3ZM,follow_ups.days_to_recurrence,,
follow_up.tsv,TCGA-DJ-A2PP,follow_ups.days_to_recurrence,,
follow_up.tsv,TCGA-FE-A3PB,follow_ups.days_to_recurrence,,
follow_up.tsv,TCGA-DJ-A2Q9,follow_ups.days_to_recurrence,,
follow_up.tsv,TCGA-EL-A4K0,follow_ups.days_to_recurrence,,
follow_up.tsv,TCGA-DE-A3KN,follow_ups.days_to_recurrence,,
follow_up.tsv,TCGA-ET-A25R,follow_ups.days_to_recurrence,,
follow_up.tsv,TCGA-EM-A1YC,follow_ups.days_to_recurrence,,
follow_up.tsv,TCGA-DJ-A13T,follow_ups.days_to_recurrence,,
follow_up.tsv,TCGA-EM-A3AL,follow_ups.days_to_recurrence,,
follow_up.tsv,TCGA-EM-A4FK,follow_ups.days_to_recurrence,,
follow_up.tsv,TCGA-EM-A3FK,follow_ups.days_to_recurrence,,
follow_up.tsv,TCGA-ET-A25I,follow_ups.days_to_recurrence,,
follow_up.tsv,TCGA-EM-A3SZ,follow_ups.days_to_recurrence,,
follow_up.tsv,TCGA-EM-A3AP,follow_ups.days_to_recurrence,,
follow_up.tsv,TCGA-ET-A25P,follow_ups.days_to_recurrence,,
follow_up.tsv,TCGA-EM-A4FM,follow_ups.days_to_recurrence,,
follow_up.tsv,TCGA-DJ-A2PU,follow_ups.days_to_recurrence,,
follow_up.tsv,TCGA-DJ-A2Q5,follow_ups.days_to_recurrence,,
follow_up.tsv,TCGA-EM-A3SX,follow_ups.days_to_recurrence,,
follow_up.tsv,TCGA-EL-A3ZH,follow_ups.days_to_recurrence,,
follow_up.tsv,TCGA-EL-A3GY,follow_ups.days_to_recurrence,,
follow_up.tsv,TCGA-CE-A3MD,follow_ups.days_to_recurrence,,
follow_up.tsv,TCGA-DO-A1JZ,follow_ups.days_to_recurrence,,
follow_up.tsv,TCGA-ET-A39J,follow_ups.days_to_recurrence,,
follow_up.tsv,TCGA-DJ-A3VI,follow_ups.days_to_recurrence,,
follow_up.tsv,TCGA-ET-A3DP,follow_ups.days_to_recurrence,,
follow_up.tsv,TCGA-EM-A3AO,follow_ups.days_to_recurrence,,
follow_up.tsv,TCGA-EM-A22P,follow_ups.days_to_recurrence,,
follow_up.tsv,TCGA-E8-A437,follow_ups.days_to_recurrence,,
follow_up.tsv,TCGA-DJ-A3VM,follow_ups.days_to_recurrence,,
follow_up.tsv,TCGA-DJ-A2QC,follow_ups.days_to_recurrence,,
follow_up.tsv,TCGA-EL-A3ZN,follow_ups.days_to_recurrence,,
follow_up.tsv,TCGA-EM-A2OZ,follow_ups.days_to_recurrence,,
follow_up.tsv,TCGA-DJ-A1QN,follow_ups.days_to_recurrence,,
follow_up.tsv,TCGA-EL-A3D6,follow_ups.days_to_recurrence,,
follow_up.tsv,TCGA-ET-A2N0,follow_ups.days_to_recurrence,,
follow_up.tsv,TCGA-EM-A2CR,follow_ups.days_to_recurrence,,
follow_up.tsv,TCGA-MK-A84Z,follow_ups.days_to_recurrence,,
follow_up.tsv,TCGA-EL-A3CM,follow_ups.days_to_recurrence,,
follow_up.tsv,TCGA-EM-A1CW,follow_ups.days_to_recurrence,,
follow_up.tsv,TCGA-KS-A41J,follow_ups.days_to_recurrence,,
follow_up.tsv,TCGA-E8-A414,follow_ups.days_to_recurrence,,
follow_up.tsv,TCGA-EL-A3GS,follow_ups.days_to_recurrence,,
follow_up.tsv,TCGA-EM-A3OA,follow_ups.days_to_recurrence,,
follow_up.tsv,TCGA-ET-A40R,follow_ups.days_to_recurrence,,
follow_up.tsv,TCGA-MK-A4N9,follow_ups.days_to_recurrence,,
follow_up.tsv,TCGA-DJ-A4UP,follow_ups.days_to_recurrence,,
follow_up.tsv,TCGA-EL-A3CR,follow_ups.days_to_recurrence,,
follow_up.tsv,TCGA-H2-A2K9,follow_ups.days_to_recurrence,,
follow_up.tsv,TCGA-DJ-A3UP,follow_ups.days_to_recurrence,,
follow_up.tsv,TCGA-DJ-A4UQ,follow_ups.days_to_recurrence,,
follow_up.tsv,TCGA-EM-A2CL,follow_ups.days_to_recurrence,,
follow_up.tsv,TCGA-DJ-A3VA,follow_ups.days_to_recurrence,,
follow_up.tsv,TCGA-EM-A1CT,follow_ups.days_to_recurrence,,
follow_up.tsv,TCGA-ET-A4KQ,follow_ups.days_to_recurrence,,
follow_up.tsv,TCGA-EL-A4K4,follow_ups.days_to_recurrence,,
follow_up.tsv,TCGA-BJ-A3PT,follow_ups.days_to_recurrence,,
follow_up.tsv,TCGA-EM-A3O3,follow_ups.days_to_recurrence,,
follow_up.tsv,TCGA-EM-A2CM,follow_ups.days_to_recurrence,,
follow_up.tsv,TCGA-J8-A4HY,follow_ups.days_to_recurrence,,
follow_up.tsv,TCGA-EM-A3FR,follow_ups.days_to_recurrence,,
follow_up.tsv,TCGA-CE-A481,follow_ups.days_to_recurrence,,
follow_up.tsv,TCGA-ET-A40T,follow_ups.days_to_recurrence,,
follow_up.tsv,TCGA-ET-A3BW,follow_ups.days_to_recurrence,,
follow_up.tsv,TCGA-DJ-A2PR,follow_ups.days_to_recurrence,,
follow_up.tsv,TCGA-E8-A44M,follow_ups.days_to_recurrence,,
follow_up.tsv,TCGA-DJ-A3V9,follow_ups.days_to_recurrence,,
follow_up.tsv,TCGA-EM-A2CP,follow_ups.days_to_recurrence,,
follow_up.tsv,TCGA-ET-A25K,follow_ups.days_to_recurrence,,
follow_up.tsv,TCGA-EL-A3GZ,follow_ups.days_to_recurrence,,
follow_up.tsv,TCGA-FE-A236,follow_ups.days_to_recurrence,,
follow_up.tsv,TCGA-EL-A3ZQ,follow_ups.days_to_recurrence,,
follow_up.tsv,TCGA-EM-A3O9,follow_ups.days_to_recurrence,,
follow_up.tsv,TCGA-EL-A3N2,follow_ups.days_to_recurrence,,
follow_up.tsv,TCGA-DJ-A3V4,follow_ups.days_to_recurrence,,
follow_up.tsv,TCGA-EL-A3CP,follow_ups.days_to_recurrence,,
follow_up.tsv,TCGA-DJ-A1QM,follow_ups.days_to_recurrence,,
follow_up.tsv,TCGA-DJ-A3UQ,follow_ups.days_to_recurrence,,
follow_up.tsv,TCGA-ET-A39I,follow_ups.days_to_recurrence,,
follow_up.tsv,TCGA-IM-A4EB,follow_ups.days_to_recurrence,,
follow_up.tsv,TCGA-EM-A3O6,follow_ups.days_to_recurrence,,
follow_up.tsv,TCGA-EL-A3H3,follow_ups.days_to_recurrence,,
follow_up.tsv,TCGA-FE-A3PD,follow_ups.days_to_recurrence,,
follow_up.tsv,TCGA-DJ-A2PT,follow_ups.days_to_recurrence,,
follow_up.tsv,TCGA-EM-A3O7,follow_ups.days_to_recurrence,,
follow_up.tsv,TCGA-IM-A3EB,follow_ups.days_to_recurrence,,
follow_up.tsv,TCGA-DJ-A1QI,follow_ups.days_to_recurrence,,
follow_up.tsv,TCGA-DJ-A13X,follow_ups.days_to_recurrence,,
follow_up.tsv,TCGA-DJ-A13W,follow_ups.days_to_recurrence,,
follow_up.tsv,TCGA-ET-A3BN,follow_ups.days_to_recurrence,,
follow_up.tsv,TCGA-EL-A3ZO,follow_ups.days_to_recurrence,,
follow_up.tsv,TCGA-EL-A3ZK,follow_ups.days_to_recurrence,,
follow_up.tsv,TCGA-EL-A4JZ,follow_ups.days_to_recurrence,,
follow_up.tsv,TCGA-ET-A2N4,follow_ups.days_to_recurrence,,
follow_up.tsv,TCGA-DJ-A13R,follow_ups.days_to_recurrence,,
follow_up.tsv,TCGA-DE-A0XZ,follow_ups.days_to_recurrence,,
follow_up.tsv,TCGA-FY-A40L,follow_ups.days_to_recurrence,,
follow_up.tsv,TCGA-EL-A3H5,follow_ups.days_to_recurrence,,
follow_up.tsv,TCGA-ET-A3DW,follow_ups.days_to_recurrence,,
follow_up.tsv,TCGA-J8-A3NZ,follow_ups.days_to_recurrence,,
follow_up.tsv,TCGA-ET-A39P,follow_ups.days_to_recurrence,,
follow_up.tsv,TCGA-ET-A25L,follow_ups.days_to_recurrence,,
follow_up.tsv,TCGA-FY-A40N,follow_ups.days_to_recurrence,,
follow_up.tsv,TCGA-DJ-A3UU,follow_ups.days_to_recurrence,,
follow_up.tsv,TCGA-ET-A3BU,follow_ups.days_to_recurrence,,
follow_up.tsv,TCGA-EL-A3CN,follow_ups.days_to_recurrence,,
follow_up.tsv,TCGA-EM-A4FH,follow_ups.days_to_recurrence,,
follow_up.tsv,TCGA-EM-A3AK,follow_ups.days_to_recurrence,,
follow_up.tsv,TCGA-KS-A41L,follow_ups.days_to_recurrence,,
follow_up.tsv,TCGA-E8-A433,follow_ups.days_to_recurrence,,
follow_up.tsv,TCGA-EL-A3CT,follow_ups.days_to_recurrence,,
follow_up.tsv,TCGA-FY-A3ON,follow_ups.days_to_recurrence,,
follow_up.tsv,TCGA-KS-A4IC,follow_ups.days_to_recurrence,,
follow_up.tsv,TCGA-E8-A242,follow_ups.days_to_recurrence,,
follow_up.tsv,TCGA-EM-A1CU,follow_ups.days_to_recurrence,,
follow_up.tsv,TCGA-EL-A3GQ,follow_ups.days_to_recurrence,,
follow_up.tsv,TCGA-DE-A4MB,follow_ups.days_to_recurrence,,
follow_up.tsv,TCGA-EL-A4JW,follow_ups.days_to_recurrence,,
follow_up.tsv,TCGA-ET-A2MZ,follow_ups.days_to_recurrence,,
follow_up.tsv,TCGA-EM-A4FQ,follow_ups.days_to_recurrence,,
follow_up.tsv,TCGA-FY-A3I5,follow_ups.days_to_recurrence,,
follow_up.tsv,TCGA-BJ-A28R,follow_ups.days_to_recurrence,,
follow_up.tsv,TCGA-KS-A4I9,follow_ups.days_to_recurrence,,
follow_up.tsv,TCGA-FY-A3TY,follow_ups.days_to_recurrence,,
follow_up.tsv,TCGA-IM-A41Y,follow_ups.days_to_recurrence,,
follow_up.tsv,TCGA-EM-A2OV,follow_ups.days_to_recurrence,,
follow_up.tsv,TCGA-EM-A1YA,follow_ups.days_to_recurrence,,
follow_up.tsv,TCGA-J8-A3O0,follow_ups.days_to_recurrence,,
follow_up.tsv,TCGA-FY-A3RA,follow_ups.days_to_recurrence,,
follow_up.tsv,TCGA-FY-A3WA,follow_ups.days_to_recurrence,,
follow_up.tsv,TCGA-ET-A2MX,follow_ups.days_to_recurrence,,
follow_up.tsv,TCGA-EM-A3FN,follow_ups.days_to_recurrence,,
follow_up.tsv,TCGA-E3-A3DZ,follow_ups.days_to_recurrence,,
follow_up.tsv,TCGA-BJ-A28S,follow_ups.days_to_recurrence,,
follow_up.tsv,TCGA-ET-A3BQ,follow_ups.days_to_recurrence,,
follow_up.tsv,TCGA-E3-A3E0,follow_ups.days_to_recurrence,,
follow_up.tsv,TCGA-FY-A4B4,follow_ups.days_to_recurrence,,
follow_up.tsv,TCGA-ET-A3DS,follow_ups.days_to_recurrence,,
follow_up.tsv,TCGA-EL-A3D4,follow_ups.days_to_recurrence,,
follow_up.tsv,TCGA-DJ-A2PZ,follow_ups.days_to_recurrence,,
follow_up.tsv,TCGA-DJ-A3UW,follow_ups.days_to_recurrence,,
follow_up.tsv,TCGA-FE-A232,follow_ups.days_to_recurrence,,
follow_up.tsv,TCGA-ET-A25J,follow_ups.days_to_recurrence,,
follow_up.tsv,TCGA-DJ-A2PV,follow_ups.days_to_recurrence,,
follow_up.tsv,TCGA-FK-A3SD,follow_ups.days_to_recurrence,,
follow_up.tsv,TCGA-J8-A42S,follow_ups.days_to_recurrence,,
follow_up.tsv,TCGA-EL-A4KH,follow_ups.days_to_recurrence,,
follow_up.tsv,TCGA-EL-A3T3,follow_ups.days_to_recurrence,,
follow_up.tsv,TCGA-EM-A4FV,follow_ups.days_to_recurrence,,
follow_up.tsv,TCGA-EM-A3AN,follow_ups.days_to_recurrence,,
follow_up.tsv,TCGA-EL-A3ZT,follow_ups.days_to_recurrence,,
follow_up.tsv,TCGA-DJ-A3V3,follow_ups.days_to_recurrence,,
follow_up.tsv,TCGA-EM-A2CU,follow_ups.days_to_recurrence,,
follow_up.tsv,TCGA-DJ-A3UN,follow_ups.days_to_recurrence,,
follow_up.tsv,TCGA-EL-A4JX,follow_ups.days_to_recurrence,,
follow_up.tsv,TCGA-EM-A3AI,follow_ups.days_to_recurrence,,
follow_up.tsv,TCGA-EM-A22O,follow_ups.days_to_recurrence,,
follow_up.tsv,TCGA-DE-A0Y2,follow_ups.days_to_recurrence,,
follow_up.tsv,TCGA-FY-A4B0,follow_ups.days_to_recurrence,,
follow_up.tsv,TCGA-DJ-A3US,follow_ups.days_to_recurrence,,
follow_up.tsv,TCGA-EL-A4JV,follow_ups.days_to_recurrence,,
follow_up.tsv,TCGA-KS-A4I1,follow_ups.days_to_recurrence,,
follow_up.tsv,TCGA-FE-A231,follow_ups.days_to_recurrence,,
follow_up.tsv,TCGA-EM-A3AR,follow_ups.days_to_recurrence,,
follow_up.tsv,TCGA-EM-A2CQ,follow_ups.days_to_recurrence,,
follow_up.tsv,TCGA-BJ-A2N8,follow_ups.days_to_recurrence,,
follow_up.tsv,TCGA-BJ-A0Z0,follow_ups.days_to_recurrence,,
follow_up.tsv,TCGA-FY-A40M,follow_ups.days_to_recurrence,,
follow_up.tsv,TCGA-EL-A3CU,follow_ups.days_to_recurrence,,
follow_up.tsv,TCGA-KS-A41I,follow_ups.days_to_recurrence,,
follow_up.tsv,TCGA-EM-A2CS,follow_ups.days_to_recurrence,,
follow_up.tsv,TCGA-CE-A27D,follow_ups.days_to_recurrence,,
follow_up.tsv,TCGA-ET-A4KN,follow_ups.days_to_recurrence,,
follow_up.tsv,TCGA-EM-A1CV,follow_ups.days_to_recurrence,,
follow_up.tsv,TCGA-DJ-A3V6,follow_ups.days_to_recurrence,,
follow_up.tsv,TCGA-EL-A3H2,follow_ups.days_to_recurrence,,
follow_up.tsv,TCGA-DE-A2OL,follow_ups.days_to_recurrence,,
follow_up.tsv,TCGA-DJ-A13O,follow_ups.days_to_recurrence,,
follow_up.tsv,TCGA-EM-A2CK,follow_ups.days_to_recurrence,,
follow_up.tsv,TCGA-DJ-A4UL,follow_ups.days_to_recurrence,,
follow_up.tsv,TCGA-FK-A3S3,follow_ups.days_to_recurrence,,
follow_up.tsv,TCGA-ET-A39T,follow_ups.days_to_recurrence,,
follow_up.tsv,TCGA-DJ-A2Q7,follow_ups.days_to_recurrence,,
follow_up.tsv,TCGA-DJ-A3V2,follow_ups.days_to_recurrence,,
follow_up.tsv,TCGA-ET-A40P,follow_ups.days_to_recurrence,,
follow_up.tsv,TCGA-DJ-A3V5,follow_ups.days_to_recurrence,,
follow_up.tsv,TCGA-ET-A2N5,follow_ups.days_to_recurrence,,
follow_up.tsv,TCGA-GE-A2C6,follow_ups.days_to_recurrence,,
follow_up.tsv,TCGA-FY-A3W9,follow_ups.days_to_recurrence,,
follow_up.tsv,TCGA-ET-A25M,follow_ups.days_to_recurrence,,
follow_up.tsv,TCGA-EM-A2P0,follow_ups.days_to_recurrence,,
follow_up.tsv,TCGA-H2-A421,follow_ups.days_to_recurrence,,
follow_up.tsv,TCGA-CE-A483,follow_ups.days_to_recurrence,,
follow_up.tsv,TCGA-FY-A76V,follow_ups.days_to_recurrence,,
follow_up.tsv,TCGA-DO-A2HM,follow_ups.days_to_recurrence,,
follow_up.tsv,TCGA-IM-A3U2,follow_ups.days_to_recurrence,,
follow_up.tsv,TCGA-FK-A3SG,follow_ups.days_to_recurrence,,
follow_up.tsv,TCGA-EM-A22Q,follow_ups.days_to_recurrence,,
follow_up.tsv,TCGA-EL-A3T0,follow_ups.days_to_recurrence,,
follow_up.tsv,TCGA-DE-A4M9,follow_ups.days_to_recurrence,,
follow_up.tsv,TCGA-E8-A416,follow_ups.days_to_recurrence,,
follow_up.tsv,TCGA-DJ-A4V5,follow_ups.days_to_recurrence,,
follow_up.tsv,TCGA-BJ-A0Z9,follow_ups.days_to_recurrence,,
follow_up.tsv,TCGA-ET-A39N,follow_ups.days_to_recurrence,,
follow_up.tsv,TCGA-E3-A3E1,follow_ups.days_to_recurrence,,
follow_up.tsv,TCGA-FK-A3SB,follow_ups.days_to_recurrence,,
follow_up.tsv,TCGA-KS-A4ID,follow_ups.days_to_recurrence,,
follow_up.tsv,TCGA-DE-A4MA,follow_ups.days_to_recurrence,,
follow_up.tsv,TCGA-EL-A4K9,follow_ups.days_to_recurrence,,
follow_up.tsv,TCGA-ET-A3BX,follow_ups.days_to_recurrence,,
follow_up.tsv,TCGA-EL-A3T9,follow_ups.days_to_recurrence,,
follow_up.tsv,TCGA-EM-A1YD,follow_ups.days_to_recurrence,,
follow_up.tsv,TCGA-FY-A40K,follow_ups.days_to_recurrence,,
follow_up.tsv,TCGA-DJ-A13S,follow_ups.days_to_recurrence,,
follow_up.tsv,TCGA-EL-A3CS,follow_ups.days_to_recurrence,,
follow_up.tsv,TCGA-DJ-A2Q0,follow_ups.days_to_recurrence,,
follow_up.tsv,TCGA-DJ-A13U,follow_ups.days_to_recurrence,,
follow_up.tsv,TCGA-EM-A3OB,follow_ups.days_to_recurrence,,
follow_up.tsv,TCGA-EL-A3H1,follow_ups.days_to_recurrence,,
follow_up.tsv,TCGA-EM-A4FR,follow_ups.days_to_recurrence,,
follow_up.tsv,TCGA-KS-A41F,follow_ups.days_to_recurrence,,
follow_up.tsv,TCGA-DJ-A3V7,follow_ups.days_to_recurrence,,
follow_up.tsv,TCGA-H2-A422,follow_ups.days_to_recurrence,,
follow_up.tsv,TCGA-EL-A3T6,follow_ups.days_to_recurrence,,
follow_up.tsv,TCGA-FY-A3R6,follow_ups.days_to_recurrence,,
follow_up.tsv,TCGA-E3-A3E5,follow_ups.days_to_recurrence,,
follow_up.tsv,TCGA-EM-A22M,follow_ups.days_to_recurrence,,
follow_up.tsv,TCGA-IM-A41Z,follow_ups.days_to_recurrence,,
follow_up.tsv,TCGA-EL-A3CX,follow_ups.days_to_recurrence,,
follow_up.tsv,TCGA-E8-A417,follow_ups.days_to_recurrence,,
follow_up.tsv,TCGA-ET-A3BP,follow_ups.days_to_recurrence,,
follow_up.tsv,TCGA-DJ-A3VK,follow_ups.days_to_recurrence,,
follow_up.tsv,TCGA-EM-A3SY,follow_ups.days_to_recurrence,,
follow_up.tsv,TCGA-EL-A3ZR,follow_ups.days_to_recurrence,,
follow_up.tsv,TCGA-DJ-A4UW,follow_ups.days_to_recurrence,,
follow_up.tsv,TCGA-EM-A3O8,follow_ups.days_to_recurrence,,
follow_up.tsv,TCGA-EL-A3T1,follow_ups.days_to_recurrence,,
follow_up.tsv,TCGA-E8-A2EA,follow_ups.days_to_recurrence,,
follow_up.tsv,TCGA-EL-A3T8,follow_ups.days_to_recurrence,,
follow_up.tsv,TCGA-EM-A2OX,follow_ups.days_to_recurrence,,
follow_up.tsv,TCGA-DJ-A13V,follow_ups.days_to_recurrence,,
follow_up.tsv,TCGA-DJ-A1QQ,follow_ups.days_to_recurrence,,
follow_up.tsv,TCGA-ET-A39R,follow_ups.days_to_recurrence,,
follow_up.tsv,TCGA-CE-A485,follow_ups.days_to_recurrence,,
follow_up.tsv,TCGA-L6-A4EP,follow_ups.days_to_recurrence,,
follow_up.tsv,TCGA-DJ-A3UT,follow_ups.days_to_recurrence,,
follow_up.tsv,TCGA-ET-A2N3,follow_ups.days_to_recurrence,,
follow_up.tsv,TCGA-DE-A69J,follow_ups.days_to_recurrence,,
follow_up.tsv,TCGA-DJ-A2PS,follow_ups.days_to_recurrence,,
follow_up.tsv,TCGA-ET-A3DT,follow_ups.days_to_recurrence,,
follow_up.tsv,TCGA-DJ-A2Q2,follow_ups.days_to_recurrence,,
follow_up.tsv,TCGA-ET-A3DR,follow_ups.days_to_recurrence,,
follow_up.tsv,TCGA-J8-A3YH,follow_ups.days_to_recurrence,,
follow_up.tsv,TCGA-EL-A3TB,follow_ups.days_to_recurrence,,
follow_up.tsv,TCGA-BJ-A45C,follow_ups.days_to_recurrence,,
follow_up.tsv,TCGA-CE-A13K,follow_ups.days_to_recurrence,,
follow_up.tsv,TCGA-DJ-A2PX,follow_ups.days_to_recurrence,,
follow_up.tsv,TCGA-EL-A3ZS,follow_ups.days_to_recurrence,,
follow_up.tsv,TCGA-E8-A419,follow_ups.days_to_recurrence,,
follow_up.tsv,TCGA-DJ-A3V8,follow_ups.days_to_recurrence,,
follow_up.tsv,TCGA-EL-A4K2,follow_ups.days_to_recurrence,,
follow_up.tsv,TCGA-DE-A4M8,follow_ups.days_to_recurrence,,
follow_up.tsv,TCGA-CE-A482,follow_ups.days_to_recurrence,,
follow_up.tsv,TCGA-E8-A44K,follow_ups.days_to_recurrence,,
follow_up.tsv,TCGA-EM-A2OW,follow_ups.days_to_recurrence,,
follow_up.tsv,TCGA-BJ-A3F0,follow_ups.days_to_recurrence,,
follow_up.tsv,TCGA-DJ-A3VF,follow_ups.days_to_recurrence,,
follow_up.tsv,TCGA-FE-A3PC,follow_ups.days_to_recurrence,,
follow_up.tsv,TCGA-BJ-A28T,follow_ups.days_to_recurrence,,
follow_up.tsv,TCGA-EL-A4K1,follow_ups.days_to_recurrence,,
follow_up.tsv,TCGA-EM-A22L,follow_ups.days_to_recurrence,,
follow_up.tsv,TCGA-DJ-A3UZ,follow_ups.days_to_recurrence,,
follow_up.tsv,TCGA-EL-A3CY,follow_ups.days_to_recurrence,,
follow_up.tsv,TCGA-DJ-A4UT,follow_ups.days_to_recurrence,,
follow_up.tsv,TCGA-DJ-A2Q3,follow_ups.days_to_recurrence,,
follow_up.tsv,TCGA-DJ-A2Q6,follow_ups.days_to_recurrence,,
follow_up.tsv,TCGA-FK-A3SE,follow_ups.days_to_recurrence,,
follow_up.tsv,TCGA-DJ-A2QA,follow_ups.days_to_recurrence,,
follow_up.tsv,TCGA-FY-A2QD,follow_ups.days_to_recurrence,,
follow_up.tsv,TCGA-EL-A3GR,follow_ups.days_to_recurrence,,
follow_up.tsv,TCGA-EL-A3T7,follow_ups.days_to_recurrence,,
follow_up.tsv,TCGA-EM-A3FO,follow_ups.days_to_recurrence,,
follow_up.tsv,TCGA-DJ-A3VB,follow_ups.days_to_recurrence,,
follow_up.tsv,TCGA-FY-A3NN,follow_ups.days_to_recurrence,,
follow_up.tsv,TCGA-EM-A1YB,follow_ups.days_to_recurrence,,
follow_up.tsv,TCGA-ET-A3DV,follow_ups.days_to_recurrence,,
follow_up.tsv,TCGA-EL-A4KD,follow_ups.days_to_recurrence,,
follow_up.tsv,TCGA-L6-A4EU,follow_ups.days_to_recurrence,,
follow_up.tsv,TCGA-DJ-A2QB,follow_ups.days_to_recurrence,,
follow_up.tsv,TCGA-DJ-A4V4,follow_ups.days_to_recurrence,,
follow_up.tsv,TCGA-DJ-A3V0,follow_ups.days_to_recurrence,,
follow_up.tsv,TCGA-BJ-A45G,follow_ups.days_to_recurrence,,
follow_up.tsv,TCGA-FY-A3R7,follow_ups.days_to_recurrence,,
follow_up.tsv,TCGA-EM-A2P2,follow_ups.days_to_recurrence,,
follow_up.tsv,TCGA-DJ-A13M,follow_ups.days_to_recurrence,,
follow_up.tsv,TCGA-EL-A3D1,follow_ups.days_to_recurrence,,
follow_up.tsv,TCGA-BJ-A28V,follow_ups.days_to_recurrence,,
follow_up.tsv,TCGA-BJ-A3EZ,follow_ups.days_to_recurrence,,
follow_up.tsv,TCGA-DJ-A3VG,follow_ups.days_to_recurrence,,
follow_up.tsv,TCGA-ET-A3DU,follow_ups.days_to_recurrence,,
follow_up.tsv,TCGA-ET-A3BO,follow_ups.days_to_recurrence,,
follow_up.tsv,TCGA-EM-A3FP,follow_ups.days_to_recurrence,,
follow_up.tsv,TCGA-ET-A25O,follow_ups.days_to_recurrence,,
follow_up.tsv,TCGA-E8-A415,follow_ups.days_to_recurrence,,
follow_up.tsv,TCGA-EM-A22J,follow_ups.days_to_recurrence,,
follow_up.tsv,TCGA-DJ-A3UR,follow_ups.days_to_recurrence,,
follow_up.tsv,TCGA-EM-A22N,follow_ups.days_to_recurrence,,
follow_up.tsv,TCGA-FY-A3BL,follow_ups.days_to_recurrence,,
follow_up.tsv,TCGA-FY-A3R8,follow_ups.days_to_recurrence,,
follow_up.tsv,TCGA-FE-A235,follow_ups.days_to_recurrence,,
follow_up.tsv,TCGA-DJ-A13L,follow_ups.days_to_recurrence,,
follow_up.tsv,TCGA-ET-A3BS,follow_ups.days_to_recurrence,,
follow_up.tsv,TCGA-EM-A2CT,follow_ups.days_to_recurrence,,
follow_up.tsv,TCGA-ET-A40S,follow_ups.days_to_recurrence,,
follow_up.tsv,TCGA-J8-A3YE,follow_ups.days_to_recurrence,,
follow_up.tsv,TCGA-EM-A3FJ,follow_ups.days_to_recurrence,,
follow_up.tsv,TCGA-EM-A2P3,follow_ups.days_to_recurrence,,
follow_up.tsv,TCGA-EM-A4G1,follow_ups.days_to_recurrence,,
follow_up.tsv,TCGA-EL-A3GW,follow_ups.days_to_recurrence,,
follow_up.tsv,TCGA-DJ-A13P,follow_ups.days_to_recurrence,,
follow_up.tsv,TCGA-DJ-A3VL,follow_ups.days_to_recurrence,,
follow_up.tsv,TCGA-DJ-A1QG,follow_ups.days_to_recurrence,,
follow_up.tsv,TCGA-BJ-A2N7,follow_ups.days_to_recurrence,,
follow_up.tsv,TCGA-FY-A3I4,follow_ups.days_to_recurrence,,
follow_up.tsv,TCGA-ET-A39L,follow_ups.days_to_recurrence,,
follow_up.tsv,TCGA-EM-A3FL,follow_ups.days_to_recurrence,,
follow_up.tsv,TCGA-ET-A39O,follow_ups.days_to_recurrence,,
follow_up.tsv,TCGA-IM-A3ED,follow_ups.days_to_recurrence,,
follow_up.tsv,TCGA-FY-A3YR,follow_ups.days_to_recurrence,,
follow_up.tsv,TCGA-KS-A4IB,follow_ups.days_to_recurrence,,
follow_up.tsv,TCGA-EM-A2OY,follow_ups.days_to_recurrence,,
follow_up.tsv,TCGA-EL-A3TA,follow_ups.days_to_recurrence,,
follow_up.tsv,TCGA-DJ-A2PW,follow_ups.days_to_recurrence,,
follow_up.tsv,TCGA-BJ-A291,follow_ups.days_to_recurrence,,
follow_up.tsv,TCGA-DJ-A3UM,follow_ups.days_to_recurrence,,
follow_up.tsv,TCGA-E8-A413,follow_ups.days_to_recurrence,,
follow_up.tsv,TCGA-DJ-A2PO,follow_ups.days_to_recurrence,,
follow_up.tsv,TCGA-DJ-A3UK,follow_ups.days_to_recurrence,,
follow_up.tsv,TCGA-L6-A4EQ,follow_ups.days_to_recurrence,,
follow_up.tsv,TCGA-DJ-A3UO,follow_ups.days_to_recurrence,,
follow_up.tsv,TCGA-EM-A3AJ,follow_ups.days_to_recurrence,,
follow_up.tsv,TCGA-FY-A3R9,follow_ups.days_to_recurrence,,
follow_up.tsv,TCGA-DJ-A1QD,follow_ups.days_to_recurrence,,
follow_up.tsv,TCGA-DJ-A4V2,follow_ups.days_to_recurrence,,
follow_up.tsv,TCGA-EM-A2CJ,follow_ups.days_to_recurrence,,
follow_up.tsv,TCGA-EL-A4K7,follow_ups.days_to_recurrence,,
follow_up.tsv,TCGA-EL-A4KG,follow_ups.days_to_recurrence,,
follow_up.tsv,TCGA-DJ-A3VD,follow_ups.days_to_recurrence,,
follow_up.tsv,TCGA-DJ-A1QE,follow_ups.days_to_recurrence,,
follow_up.tsv,TCGA-IM-A3U3,follow_ups.days_to_recurrence,,
follow_up.tsv,TCGA-MK-A4N6,follow_ups.days_to_recurrence,,
follow_up.tsv,TCGA-EL-A3GP,follow_ups.days_to_recurrence,,
follow_up.tsv,TCGA-EM-A22K,follow_ups.days_to_recurrence,,
follow_up.tsv,TCGA-CE-A3ME,follow_ups.days_to_recurrence,,
follow_up.tsv,TCGA-ET-A39S,follow_ups.days_to_recurrence,,
follow_up.tsv,TCGA-E8-A436,follow_ups.days_to_recurrence,,
follow_up.tsv,TCGA-E3-A3DY,follow_ups.days_to_recurrence,,
follow_up.tsv,TCGA-KS-A4I7,follow_ups.days_to_recurrence,,
follow_up.tsv,TCGA-EL-A3H4,follow_ups.days_to_recurrence,,
follow_up.tsv,TCGA-DJ-A3VE,follow_ups.days_to_recurrence,,
follow_up.tsv,TCGA-EM-A4FO,follow_ups.days_to_recurrence,,
follow_up.tsv,TCGA-4C-A93U,follow_ups.days_to_recurrence,,
follow_up.tsv,TCGA-ET-A25G,follow_ups.days_to_recurrence,,
follow_up.tsv,TCGA-EL-A3ZL,follow_ups.days_to_recurrence,,
follow_up.tsv,TCGA-IM-A420,follow_ups.days_to_recurrence,,
follow_up.tsv,TCGA-DJ-A2Q1,follow_ups.days_to_recurrence,,
follow_up.tsv,TCGA-FK-A3SH,follow_ups.days_to_recurrence,,
follow_up.tsv,TCGA-DJ-A1QL,follow_ups.days_to_recurrence,,
follow_up.tsv,TCGA-H2-A26U,follow_ups.days_to_recurrence,,
follow_up.tsv,TCGA-CE-A484,follow_ups.days_to_recurrence,,
follow_up.tsv,TCGA-DJ-A3VJ,follow_ups.days_to_recurrence,,
follow_up.tsv,TCGA-EM-A1YE,follow_ups.days_to_recurrence,,
follow_up.tsv,TCGA-ET-A2N1,follow_ups.days_to_recurrence,,
follow_up.tsv,TCGA-BJ-A45D,follow_ups.days_to_recurrence,,
follow_up.tsv,TCGA-BJ-A2P4,follow_ups.days_to_recurrence,,
follow_up.tsv,TCGA-EM-A3AQ,follow_ups.days_to_recurrence,,
follow_up.tsv,TCGA-EM-A1CS,follow_ups.days_to_recurrence,,
follow_up.tsv,TCGA-KS-A4I5,follow_ups.days_to_recurrence,,
follow_up.tsv,TCGA-EL-A3GV,follow_ups.days_to_recurrence,,
follow_up.tsv,TCGA-ET-A39M,follow_ups.days_to_recurrence,,
follow_up.tsv,TCGA-EL-A3D5,follow_ups.days_to_recurrence,,
follow_up.tsv,TCGA-EL-A3ZP,follow_ups.days_to_recurrence,,
follow_up.tsv,TCGA-ET-A2MY,follow_ups.days_to_recurrence,,
follow_up.tsv,TCGA-E8-A418,follow_ups.days_to_recurrence,,
follow_up.tsv,TCGA-ET-A25N,follow_ups.days_to_recurrence,,
follow_up.tsv,TCGA-DJ-A2PQ,follow_ups.days_to_recurrence,,
follow_up.tsv,TCGA-EM-A22I,follow_ups.days_to_recurrence,,
follow_up.tsv,TCGA-EL-A3MW,follow_ups.days_to_recurrence,,
follow_up.tsv,TCGA-E3-A3E2,follow_ups.days_to_recurrence,,
follow_up.tsv,TCGA-E8-A434,follow_ups.days_to_recurrence,,
follow_up.tsv,TCGA-DJ-A2Q4,follow_ups.days_to_recurrence,,
follow_up.tsv,TCGA-MK-A4N7,follow_ups.days_to_recurrence,,
follow_up.tsv,TCGA-E8-A438,follow_ups.days_to_recurrence,,
follow_up.tsv,TCGA-DJ-A1QO,follow_ups.days_to_recurrence,,
follow_up.tsv,TCGA-DJ-A3UV,follow_ups.days_to_recurrence,,
follow_up.tsv,TCGA-E8-A3X7,follow_ups.days_to_recurrence,,
follow_up.tsv,TCGA-DJ-A1QH,follow_ups.days_to_recurrence,,
follow_up.tsv,TCGA-BJ-A0YZ,follow_ups.days_to_recurrence,,
follow_up.tsv,TCGA-E8-A2JQ,follow_ups.days_to_recurrence,,
follow_up.tsv,TCGA-FY-A3NM,follow_ups.days_to_recurrence,,
follow_up.tsv,TCGA-EL-A3MZ,follow_ups.days_to_recurrence,,
follow_up.tsv,TCGA-EM-A4FN,follow_ups.days_to_recurrence,,
follow_up.tsv,TCGA-ET-A3DQ,follow_ups.days_to_recurrence,,
follow_up.tsv,TCGA-DJ-A2Q8,follow_ups.days_to_recurrence,,
follow_up.tsv,TCGA-KS-A4I3,follow_ups.days_to_recurrence,,
follow_up.tsv,TCGA-EL-A3H8,follow_ups.days_to_recurrence,,
follow_up.tsv,TCGA-EL-A3H7,follow_ups.days_to_recurrence,,
follow_up.tsv,TCGA-DJ-A2PN,follow_ups.days_to_recurrence,,
follow_up.tsv,TCGA-EL-A3CV,follow_ups.days_to_recurrence,,
follow_up.tsv,TCGA-DJ-A1QF,follow_ups.days_to_recurrence,,
follow_up.tsv,TCGA-BJ-A3PR,follow_ups.days_to_recurrence,,
follow_up.tsv,TCGA-DJ-A2PY,follow_ups.days_to_recurrence,,
follow_up.tsv,TCGA-J8-A4HW,follow_ups.days_to_recurrence,,
follow_up.tsv,TCGA-FE-A23A,follow_ups.days_to_recurrence,,
follow_up.tsv,TCGA-EM-A3SU,follow_ups.days_to_recurrence,,
follow_up.tsv,TCGA-EM-A3FQ,follow_ups.days_to_recurrence,,
follow_up.tsv,TCGA-EL-A3CW,follow_ups.days_to_recurrence,,
follow_up.tsv,TCGA-EL-A3CL,follow_ups.days_to_recurrence,,
follow_up.tsv,TCGA-EL-A3CO,follow_ups.days_to_recurrence,,
follow_up.tsv,TCGA-ET-A3DO,follow_ups.timepoint_category,Post Initial Treatment,
follow_up.tsv,TCGA-EL-A4KI,follow_ups.timepoint_category,Post Initial Treatment,
follow_up.tsv,TCGA-BJ-A290,follow_ups.timepoint_category,Post Initial Treatment,
follow_up.tsv,TCGA-EL-A4K6,follow_ups.timepoint_category,Post Initial Treatment,
follow_up.tsv,TCGA-EM-A4FU,follow_ups.timepoint_category,Post Initial Treatment,
follow_up.tsv,TCGA-ET-A39K,follow_ups.timepoint_category,Post Initial Treatment,
follow_up.tsv,TCGA-FE-A22Z,follow_ups.timepoint_category,Post Initial Treatment,
follow_up.tsv,TCGA-FE-A237,follow_ups.timepoint_category,Post Initial Treatment,
follow_up.tsv,TCGA-EL-A3GX,follow_ups.timepoint_category,Post Initial Treatment,
follow_up.tsv,TCGA-DO-A1K0,follow_ups.timepoint_category,Post Initial Treatment,
follow_up.tsv,TCGA-EM-A4FF,follow_ups.timepoint_category,Post Initial Treatment,
follow_up.tsv,TCGA-ET-A3BV,follow_ups.timepoint_category,Post Initial Treatment,
follow_up.tsv,TCGA-DE-A0Y3,follow_ups.timepoint_category,Post Initial Treatment,
follow_up.tsv,TCGA-DJ-A4UR,follow_ups.timepoint_category,Post Initial Treatment,
follow_up.tsv,TCGA-DE-A4MD,follow_ups.timepoint_category,Post Initial Treatment,
follow_up.tsv,TCGA-ET-A3BT,follow_ups.timepoint_category,Post Initial Treatment,
follow_up.tsv,TCGA-EL-A3GU,follow_ups.timepoint_category,Post Initial Treatment,
follow_up.tsv,TCGA-FE-A234,follow_ups.timepoint_category,Post Initial Treatment,
follow_up.tsv,TCGA-FE-A233,follow_ups.timepoint_category,Post Initial Treatment,
follow_up.tsv,TCGA-BJ-A0Z2,follow_ups.timepoint_category,Post Initial Treatment,
follow_up.tsv,TCGA-FE-A239,follow_ups.timepoint_category,Post Initial Treatment,
follow_up.tsv,TCGA-E3-A3E3,follow_ups.timepoint_category,Post Initial Treatment,
follow_up.tsv,TCGA-ET-A40Q,follow_ups.timepoint_category,Post Initial Treatment,
follow_up.tsv,TCGA-DE-A4MC,follow_ups.timepoint_category,Post Initial Treatment,
follow_up.tsv,TCGA-EL-A3T2,follow_ups.timepoint_category,Post Initial Treatment,
follow_up.tsv,TCGA-EM-A3FM,follow_ups.timepoint_category,Post Initial Treatment,
follow_up.tsv,TCGA-E8-A432,follow_ups.timepoint_category,Post Initial Treatment,
follow_up.tsv,TCGA-EL-A3GO,follow_ups.timepoint_category,Post Initial Treatment,
follow_up.tsv,TCGA-FE-A230,follow_ups.timepoint_category,Post Initial Treatment,
follow_up.tsv,TCGA-H2-A3RI,follow_ups.timepoint_category,Post Initial Treatment,
follow_up.tsv,TCGA-EL-A3CZ,follow_ups.timepoint_category,Post Initial Treatment,
follow_up.tsv,TCGA-FE-A238,follow_ups.timepoint_category,Post Initial Treatment,
follow_up.tsv,TCGA-EL-A3MX,follow_ups.timepoint_category,Post Initial Treatment,
follow_up.tsv,TCGA-BJ-A3PU,follow_ups.timepoint_category,Post Initial Treatment,
follow_up.tsv,TCGA-EM-A2P1,follow_ups.timepoint_category,Post Initial Treatment,
follow_up.tsv,TCGA-BJ-A18Z,follow_ups.timepoint_category,,
follow_up.tsv,TCGA-BJ-A0Z5,follow_ups.timepoint_category,,
follow_up.tsv,TCGA-BJ-A4O8,follow_ups.timepoint_category,,
follow_up.tsv,TCGA-FE-A3PA,follow_ups.timepoint_category,Initial Diagnosis,
follow_up.tsv,TCGA-BJ-A2N9,follow_ups.timepoint_category,Post Initial Treatment,
follow_up.tsv,TCGA-BJ-A191,follow_ups.timepoint_category,,
follow_up.tsv,TCGA-EL-A3ZG,follow_ups.timepoint_category,,
follow_up.tsv,TCGA-BJ-A0Z3,follow_ups.timepoint_category,,
follow_up.tsv,TCGA-EM-A2CN,follow_ups.timepoint_category,Initial Diagnosis,
follow_up.tsv,TCGA-EL-A3D0,follow_ups.timepoint_category,Initial Diagnosis,
follow_up.tsv,TCGA-BJ-A45J,follow_ups.timepoint_category,,
follow_up.tsv,TCGA-EL-A3MY,follow_ups.timepoint_category,Initial Diagnosis,
follow_up.tsv,TCGA-BJ-A45H,follow_ups.timepoint_category,,
follow_up.tsv,TCGA-FK-A4UB,follow_ups.timepoint_category,Initial Diagnosis,
follow_up.tsv,TCGA-DE-A69K,follow_ups.timepoint_category,Post Initial Treatment,
follow_up.tsv,TCGA-BJ-A0ZH,follow_ups.timepoint_category,,
follow_up.tsv,TCGA-BJ-A0ZF,follow_ups.timepoint_category,Post Initial Treatment,
follow_up.tsv,TCGA-DJ-A3UX,follow_ups.timepoint_category,,
follow_up.tsv,TCGA-BJ-A0ZG,follow_ups.timepoint_category,,
follow_up.tsv,TCGA-BJ-A28W,follow_ups.timepoint_category,,
follow_up.tsv,TCGA-QD-A8IV,follow_ups.timepoint_category,,
follow_up.tsv,TCGA-BJ-A4O9,follow_ups.timepoint_category,,
follow_up.tsv,TCGA-EM-A3ST,follow_ups.timepoint_category,Post Initial Treatment,
follow_up.tsv,TCGA-BJ-A0ZB,follow_ups.timepoint_category,,
follow_up.tsv,TCGA-L6-A4ET,follow_ups.timepoint_category,Initial Diagnosis,
follow_up.tsv,TCGA-BJ-A2NA,follow_ups.timepoint_category,Post Initial Treatment,
follow_up.tsv,TCGA-J8-A3YF,follow_ups.timepoint_category,,
follow_up.tsv,TCGA-BJ-A190,follow_ups.timepoint_category,,
follow_up.tsv,TCGA-DE-A7U5,follow_ups.timepoint_category,,
follow_up.tsv,TCGA-BJ-A45E,follow_ups.timepoint_category,,
follow_up.tsv,TCGA-BJ-A0ZA,follow_ups.timepoint_category,,
follow_up.tsv,TCGA-J8-A3YD,follow_ups.timepoint_category,,
follow_up.tsv,TCGA-BJ-A0ZC,follow_ups.timepoint_category,,
follow_up.tsv,TCGA-BJ-A28Z,follow_ups.timepoint_category,,
follow_up.tsv,TCGA-BJ-A0ZJ,follow_ups.timepoint_category,,
follow_up.tsv,TCGA-BJ-A45K,follow_ups.timepoint_category,,
follow_up.tsv,TCGA-J8-A3YG,follow_ups.timepoint_category,,
follow_up.tsv,TCGA-BJ-A0ZE,follow_ups.timepoint_category,,
follow_up.tsv,TCGA-BJ-A18Y,follow_ups.timepoint_category,,
follow_up.tsv,TCGA-BJ-A28X,follow_ups.timepoint_category,Post Initial Treatment,
follow_up.tsv,TCGA-BJ-A192,follow_ups.timepoint_category,,
follow_up.tsv,TCGA-BJ-A45I,follow_ups.timepoint_category,,
follow_up.tsv,TCGA-BJ-A45F,follow_ups.timepoint_category,,
follow_up.tsv,TCGA-J8-A3O1,follow_ups.timepoint_category,,
follow_up.tsv,TCGA-DJ-A4V0,follow_ups.timepoint_category,,
follow_up.tsv,TCGA-EL-A3N3,follow_ups.timepoint_category,Last Contact,
follow_up.tsv,TCGA-FY-A4B3,follow_ups.timepoint_category,Follow-up,
follow_up.tsv,TCGA-FY-A3NP,follow_ups.timepoint_category,Preoperative,
follow_up.tsv,TCGA-DJ-A3UY,follow_ups.timepoint_category,Follow-up,
follow_up.tsv,TCGA-H2-A3RH,follow_ups.timepoint_category,Follow-up,
follow_up.tsv,TCGA-J8-A3O2,follow_ups.timepoint_category,Last Contact,
follow_up.tsv,TCGA-EM-A2CO,follow_ups.timepoint_category,Follow-up,
follow_up.tsv,TCGA-EL-A3ZM,follow_ups.timepoint_category,Follow-up,
follow_up.tsv,TCGA-DJ-A2PP,follow_ups.timepoint_category,Last Contact,
follow_up.tsv,TCGA-FE-A3PB,follow_ups.timepoint_category,Follow-up,
follow_up.tsv,TCGA-DJ-A2Q9,follow_ups.timepoint_category,Follow-up,
follow_up.tsv,TCGA-EL-A4K0,follow_ups.timepoint_category,Last Contact,
follow_up.tsv,TCGA-DE-A3KN,follow_ups.timepoint_category,Follow-up,
follow_up.tsv,TCGA-ET-A25R,follow_ups.timepoint_category,Last Contact,
follow_up.tsv,TCGA-EM-A1YC,follow_ups.timepoint_category,Follow-up,
follow_up.tsv,TCGA-DJ-A13T,follow_ups.timepoint_category,Follow-up,
follow_up.tsv,TCGA-EM-A3AL,follow_ups.timepoint_category,Follow-up,
follow_up.tsv,TCGA-EM-A4FK,follow_ups.timepoint_category,Follow-up,
follow_up.tsv,TCGA-EM-A3FK,follow_ups.timepoint_category,Preoperative,
follow_up.tsv,TCGA-ET-A25I,follow_ups.timepoint_category,Follow-up,
follow_up.tsv,TCGA-EM-A3SZ,follow_ups.timepoint_category,Last Contact,
follow_up.tsv,TCGA-EM-A3AP,follow_ups.timepoint_category,Preoperative,
follow_up.tsv,TCGA-ET-A25P,follow_ups.timepoint_category,Follow-up,
follow_up.tsv,TCGA-EM-A4FM,follow_ups.timepoint_category,Follow-up,
follow_up.tsv,TCGA-DJ-A2PU,follow_ups.timepoint_category,Follow-up,
follow_up.tsv,TCGA-DJ-A2Q5,follow_ups.timepoint_category,Follow-up,
follow_up.tsv,TCGA-EM-A3SX,follow_ups.timepoint_category,Follow-up,
follow_up.tsv,TCGA-EL-A3ZH,follow_ups.timepoint_category,Follow-up,
follow_up.tsv,TCGA-EL-A3GY,follow_ups.timepoint_category,Preoperative,
follow_up.tsv,TCGA-CE-A3MD,follow_ups.timepoint_category,Follow-up,
follow_up.tsv,TCGA-DO-A1JZ,follow_ups.timepoint_category,Preoperative,
follow_up.tsv,TCGA-ET-A39J,follow_ups.timepoint_category,Last Contact,
follow_up.tsv,TCGA-DJ-A3VI,follow_ups.timepoint_category,Follow-up,
follow_up.tsv,TCGA-ET-A3DP,follow_ups.timepoint_category,Follow-up,
follow_up.tsv,TCGA-EM-A3AO,follow_ups.timepoint_category,Preoperative,
follow_up.tsv,TCGA-EM-A22P,follow_ups.timepoint_category,Follow-up,
follow_up.tsv,TCGA-E8-A437,follow_ups.timepoint_category,Follow-up,
follow_up.tsv,TCGA-DJ-A3VM,follow_ups.timepoint_category,Last Contact,
follow_up.tsv,TCGA-DJ-A2QC,follow_ups.timepoint_category,Preoperative,
follow_up.tsv,TCGA-EL-A3ZN,follow_ups.timepoint_category,Follow-up,
follow_up.tsv,TCGA-EM-A2OZ,follow_ups.timepoint_category,Preoperative,
follow_up.tsv,TCGA-DJ-A1QN,follow_ups.timepoint_category,Follow-up,
follow_up.tsv,TCGA-EL-A3D6,follow_ups.timepoint_category,Preoperative,
follow_up.tsv,TCGA-ET-A2N0,follow_ups.timepoint_category,Last Contact,
follow_up.tsv,TCGA-EM-A2CR,follow_ups.timepoint_category,Follow-up,
follow_up.tsv,TCGA-MK-A84Z,follow_ups.timepoint_category,Follow-up,
follow_up.tsv,TCGA-EL-A3CM,follow_ups.timepoint_category,Preoperative,
follow_up.tsv,TCGA-EM-A1CW,follow_ups.timepoint_category,Follow-up,
follow_up.tsv,TCGA-KS-A41J,follow_ups.timepoint_category,Follow-up,
follow_up.tsv,TCGA-E8-A414,follow_ups.timepoint_category,Follow-up,
follow_up.tsv,TCGA-EL-A3GS,follow_ups.timepoint_category,Follow-up,
follow_up.tsv,TCGA-EM-A3OA,follow_ups.timepoint_category,Last Contact,
follow_up.tsv,TCGA-ET-A40R,follow_ups.timepoint_category,Follow-up,
follow_up.tsv,TCGA-MK-A4N9,follow_ups.timepoint_category,Follow-up,
follow_up.tsv,TCGA-DJ-A4UP,follow_ups.timepoint_category,Follow-up,
follow_up.tsv,TCGA-EL-A3CR,follow_ups.timepoint_category,Preoperative,
follow_up.tsv,TCGA-H2-A2K9,follow_ups.timepoint_category,Follow-up,
follow_up.tsv,TCGA-DJ-A3UP,follow_ups.timepoint_category,Follow-up,
follow_up.tsv,TCGA-DJ-A4UQ,follow_ups.timepoint_category,Preoperative,
follow_up.tsv,TCGA-EM-A2CL,follow_ups.timepoint_category,Preoperative,
follow_up.tsv,TCGA-DJ-A3VA,follow_ups.timepoint_category,Preoperative,
follow_up.tsv,TCGA-EM-A1CT,follow_ups.timepoint_category,Follow-up,
follow_up.tsv,TCGA-ET-A4KQ,follow_ups.timepoint_category,Last Contact,
follow_up.tsv,TCGA-EL-A4K4,follow_ups.timepoint_category,Follow-up,
follow_up.tsv,TCGA-BJ-A3PT,follow_ups.timepoint_category,Follow-up,
follow_up.tsv,TCGA-EM-A3O3,follow_ups.timepoint_category,Preoperative,
follow_up.tsv,TCGA-EM-A2CM,follow_ups.timepoint_category,Preoperative,
follow_up.tsv,TCGA-J8-A4HY,follow_ups.timepoint_category,Preoperative,
follow_up.tsv,TCGA-EM-A3FR,follow_ups.timepoint_category,Preoperative,
follow_up.tsv,TCGA-CE-A481,follow_ups.timepoint_category,Last Contact,
follow_up.tsv,TCGA-ET-A40T,follow_ups.timepoint_category,Follow-up,
follow_up.tsv,TCGA-ET-A3BW,follow_ups.timepoint_category,Follow-up,
follow_up.tsv,TCGA-DJ-A2PR,follow_ups.timepoint_category,Follow-up,
follow_up.tsv,TCGA-E8-A44M,follow_ups.timepoint_category,Preoperative,
follow_up.tsv,TCGA-DJ-A3V9,follow_ups.timepoint_category,Follow-up,
follow_up.tsv,TCGA-EM-A2CP,follow_ups.timepoint_category,Follow-up,
follow_up.tsv,TCGA-ET-A25K,follow_ups.timepoint_category,Preoperative,
follow_up.tsv,TCGA-EL-A3GZ,follow_ups.timepoint_category,Follow-up,
follow_up.tsv,TCGA-FE-A236,follow_ups.timepoint_category,Last Contact,
follow_up.tsv,TCGA-EL-A3ZQ,follow_ups.timepoint_category,Preoperative,
follow_up.tsv,TCGA-EM-A3O9,follow_ups.timepoint_category,Last Contact,
follow_up.tsv,TCGA-EL-A3N2,follow_ups.timepoint_category,Last Contact,
follow_up.tsv,TCGA-DJ-A3V4,follow_ups.timepoint_category,Follow-up,
follow_up.tsv,TCGA-EL-A3CP,follow_ups.timepoint_category,Preoperative,
follow_up.tsv,TCGA-DJ-A1QM,follow_ups.timepoint_category,Last Contact,
follow_up.tsv,TCGA-DJ-A3UQ,follow_ups.timepoint_category,Follow-up,
follow_up.tsv,TCGA-ET-A39I,follow_ups.timepoint_category,Preoperative,
follow_up.tsv,TCGA-IM-A4EB,follow_ups.timepoint_category,Last Contact,
follow_up.tsv,TCGA-EM-A3O6,follow_ups.timepoint_category,Last Contact,
follow_up.tsv,TCGA-EL-A3H3,follow_ups.timepoint_category,Follow-up,
follow_up.tsv,TCGA-FE-A3PD,follow_ups.timepoint_category,Follow-up,
follow_up.tsv,TCGA-DJ-A2PT,follow_ups.timepoint_category,Preoperative,
follow_up.tsv,TCGA-EM-A3O7,follow_ups.timepoint_category,Preoperative,
follow_up.tsv,TCGA-IM-A3EB,follow_ups.timepoint_category,Follow-up,
follow_up.tsv,TCGA-DJ-A1QI,follow_ups.timepoint_category,Preoperative,
follow_up.tsv,TCGA-DJ-A13X,follow_ups.timepoint_category,Follow-up,
follow_up.tsv,TCGA-DJ-A13W,follow_ups.timepoint_category,Preoperative,
follow_up.tsv,TCGA-ET-A3BN,follow_ups.timepoint_category,Follow-up,
follow_up.tsv,TCGA-EL-A3ZO,follow_ups.timepoint_category,Last Contact,
follow_up.tsv,TCGA-EL-A3ZK,follow_ups.timepoint_category,Preoperative,
follow_up.tsv,TCGA-EL-A4JZ,follow_ups.timepoint_category,Follow-up,
follow_up.tsv,TCGA-ET-A2N4,follow_ups.timepoint_category,Follow-up,
follow_up.tsv,TCGA-DJ-A13R,follow_ups.timepoint_category,Follow-up,
follow_up.tsv,TCGA-DE-A0XZ,follow_ups.timepoint_category,Follow-up,
follow_up.tsv,TCGA-FY-A40L,follow_ups.timepoint_category,Follow-up,
follow_up.tsv,TCGA-EL-A3H5,follow_ups.timepoint_category,Last Contact,
follow_up.tsv,TCGA-ET-A3DW,follow_ups.timepoint_category,Follow-up,
follow_up.tsv,TCGA-J8-A3NZ,follow_ups.timepoint_category,Last Contact,
follow_up.tsv,TCGA-ET-A39P,follow_ups.timepoint_category,Last Contact,
follow_up.tsv,TCGA-ET-A25L,follow_ups.timepoint_category,Follow-up,
follow_up.tsv,TCGA-FY-A40N,follow_ups.timepoint_category,Last Contact,
follow_up.tsv,TCGA-DJ-A3UU,follow_ups.timepoint_category,Follow-up,
follow_up.tsv,TCGA-ET-A3BU,follow_ups.timepoint_category,Follow-up,
follow_up.tsv,TCGA-EL-A3CN,follow_ups.timepoint_category,Preoperative,
follow_up.tsv,TCGA-EM-A4FH,follow_ups.timepoint_category,Follow-up,
follow_up.tsv,TCGA-EM-A3AK,follow_ups.timepoint_category,Follow-up,
follow_up.tsv,TCGA-KS-A41L,follow_ups.timepoint_category,Last Contact,
follow_up.tsv,TCGA-E8-A433,follow_ups.timepoint_category,Last Contact,
follow_up.tsv,TCGA-EL-A3CT,follow_ups.timepoint_category,Preoperative,
follow_up.tsv,TCGA-FY-A3ON,follow_ups.timepoint_category,Follow-up,
follow_up.tsv,TCGA-KS-A4IC,follow_ups.timepoint_category,Last Contact,
follow_up.tsv,TCGA-E8-A242,follow_ups.timepoint_category,Last Contact,
follow_up.tsv,TCGA-EM-A1CU,follow_ups.timepoint_category,Last Contact,
follow_up.tsv,TCGA-EL-A3GQ,follow_ups.timepoint_category,Preoperative,
follow_up.tsv,TCGA-DE-A4MB,follow_ups.timepoint_category,Follow-up,
follow_up.tsv,TCGA-EL-A4JW,follow_ups.timepoint_category,Preoperative,
follow_up.tsv,TCGA-ET-A2MZ,follow_ups.timepoint_category,Follow-up,
follow_up.tsv,TCGA-EM-A4FQ,follow_ups.timepoint_category,Preoperative,
follow_up.tsv,TCGA-FY-A3I5,follow_ups.timepoint_category,Follow-up,
follow_up.tsv,TCGA-BJ-A28R,follow_ups.timepoint_category,Follow-up,
follow_up.tsv,TCGA-KS-A4I9,follow_ups.timepoint_category,Follow-up,
follow_up.tsv,TCGA-FY-A3TY,follow_ups.timepoint_category,Last Contact,
follow_up.tsv,TCGA-IM-A41Y,follow_ups.timepoint_category,Preoperative,
follow_up.tsv,TCGA-EM-A2OV,follow_ups.timepoint_category,Preoperative,
follow_up.tsv,TCGA-EM-A1YA,follow_ups.timepoint_category,Follow-up,
follow_up.tsv,TCGA-J8-A3O0,follow_ups.timepoint_category,Last Contact,
follow_up.tsv,TCGA-FY-A3RA,follow_ups.timepoint_category,Last Contact,
follow_up.tsv,TCGA-FY-A3WA,follow_ups.timepoint_category,Follow-up,
follow_up.tsv,TCGA-ET-A2MX,follow_ups.timepoint_category,Follow-up,
follow_up.tsv,TCGA-EM-A3FN,follow_ups.timepoint_category,Follow-up,
follow_up.tsv,TCGA-E3-A3DZ,follow_ups.timepoint_category,Preoperative,
follow_up.tsv,TCGA-BJ-A28S,follow_ups.timepoint_category,Preoperative,
follow_up.tsv,TCGA-ET-A3BQ,follow_ups.timepoint_category,Follow-up,
follow_up.tsv,TCGA-E3-A3E0,follow_ups.timepoint_category,Preoperative,
follow_up.tsv,TCGA-FY-A4B4,follow_ups.timepoint_category,Follow-up,
follow_up.tsv,TCGA-ET-A3DS,follow_ups.timepoint_category,Follow-up,
follow_up.tsv,TCGA-EL-A3D4,follow_ups.timepoint_category,Last Contact,
follow_up.tsv,TCGA-DJ-A2PZ,follow_ups.timepoint_category,Follow-up,
follow_up.tsv,TCGA-DJ-A3UW,follow_ups.timepoint_category,Follow-up,
follow_up.tsv,TCGA-FE-A232,follow_ups.timepoint_category,Follow-up,
follow_up.tsv,TCGA-ET-A25J,follow_ups.timepoint_category,Preoperative,
follow_up.tsv,TCGA-DJ-A2PV,follow_ups.timepoint_category,Follow-up,
follow_up.tsv,TCGA-FK-A3SD,follow_ups.timepoint_category,Follow-up,
follow_up.tsv,TCGA-J8-A42S,follow_ups.timepoint_category,Preoperative,
follow_up.tsv,TCGA-EL-A4KH,follow_ups.timepoint_category,Last Contact,
follow_up.tsv,TCGA-EL-A3T3,follow_ups.timepoint_category,Follow-up,
follow_up.tsv,TCGA-EM-A4FV,follow_ups.timepoint_category,Last Contact,
follow_up.tsv,TCGA-EM-A3AN,follow_ups.timepoint_category,Last Contact,
follow_up.tsv,TCGA-EL-A3ZT,follow_ups.timepoint_category,Preoperative,
follow_up.tsv,TCGA-DJ-A3V3,follow_ups.timepoint_category,Follow-up,
follow_up.tsv,TCGA-EM-A2CU,follow_ups.timepoint_category,Follow-up,
follow_up.tsv,TCGA-DJ-A3UN,follow_ups.timepoint_category,Last Contact,
follow_up.tsv,TCGA-EL-A4JX,follow_ups.timepoint_category,Preoperative,
follow_up.tsv,TCGA-EM-A3AI,follow_ups.timepoint_category,Follow-up,
follow_up.tsv,TCGA-EM-A22O,follow_ups.timepoint_category,Follow-up,
follow_up.tsv,TCGA-DE-A0Y2,follow_ups.timepoint_category,Follow-up,
follow_up.tsv,TCGA-FY-A4B0,follow_ups.timepoint_category,Follow-up,
follow_up.tsv,TCGA-DJ-A3US,follow_ups.timepoint_category,Follow-up,
follow_up.tsv,TCGA-EL-A4JV,follow_ups.timepoint_category,Last Contact,
follow_up.tsv,TCGA-KS-A4I1,follow_ups.timepoint_category,Follow-up,
follow_up.tsv,TCGA-FE-A231,follow_ups.timepoint_category,Follow-up,
follow_up.tsv,TCGA-EM-A3AR,follow_ups.timepoint_category,Preoperative,
follow_up.tsv,TCGA-EM-A2CQ,follow_ups.timepoint_category,Follow-up,
follow_up.tsv,TCGA-BJ-A2N8,follow_ups.timepoint_category,Follow-up,
follow_up.tsv,TCGA-BJ-A0Z0,follow_ups.timepoint_category,Last Contact,
follow_up.tsv,TCGA-FY-A40M,follow_ups.timepoint_category,Follow-up,
follow_up.tsv,TCGA-EL-A3CU,follow_ups.timepoint_category,Follow-up,
follow_up.tsv,TCGA-KS-A41I,follow_ups.timepoint_category,Last Contact,
follow_up.tsv,TCGA-EM-A2CS,follow_ups.timepoint_category,Preoperative,
follow_up.tsv,TCGA-CE-A27D,follow_ups.timepoint_category,Follow-up,
follow_up.tsv,TCGA-ET-A4KN,follow_ups.timepoint_category,Follow-up,
follow_up.tsv,TCGA-EM-A1CV,follow_ups.timepoint_category,Follow-up,
follow_up.tsv,TCGA-DJ-A3V6,follow_ups.timepoint_category,Follow-up,
follow_up.tsv,TCGA-EL-A3H2,follow_ups.timepoint_category,Preoperative,
follow_up.tsv,TCGA-DE-A2OL,follow_ups.timepoint_category,Follow-up,
follow_up.tsv,TCGA-DJ-A13O,follow_ups.timepoint_category,Preoperative,
follow_up.tsv,TCGA-EM-A2CK,follow_ups.timepoint_category,Last Contact,
follow_up.tsv,TCGA-DJ-A4UL,follow_ups.timepoint_category,Follow-up,
follow_up.tsv,TCGA-FK-A3S3,follow_ups.timepoint_category,Follow-up,
follow_up.tsv,TCGA-ET-A39T,follow_ups.timepoint_category,Follow-up,
follow_up.tsv,TCGA-DJ-A2Q7,follow_ups.timepoint_category,Follow-up,
follow_up.tsv,TCGA-DJ-A3V2,follow_ups.timepoint_category,Follow-up,
follow_up.tsv,TCGA-ET-A40P,follow_ups.timepoint_category,Follow-up,
follow_up.tsv,TCGA-DJ-A3V5,follow_ups.timepoint_category,Last Contact,
follow_up.tsv,TCGA-ET-A2N5,follow_ups.timepoint_category,Last Contact,
follow_up.tsv,TCGA-GE-A2C6,follow_ups.timepoint_category,Preoperative,
follow_up.tsv,TCGA-FY-A3W9,follow_ups.timepoint_category,Follow-up,
follow_up.tsv,TCGA-ET-A25M,follow_ups.timepoint_category,Follow-up,
follow_up.tsv,TCGA-EM-A2P0,follow_ups.timepoint_category,Follow-up,
follow_up.tsv,TCGA-H2-A421,follow_ups.timepoint_category,Follow-up,
follow_up.tsv,TCGA-CE-A483,follow_ups.timepoint_category,Follow-up,
follow_up.tsv,TCGA-FY-A76V,follow_ups.timepoint_category,Last Contact,
follow_up.tsv,TCGA-DO-A2HM,follow_ups.timepoint_category,Last Contact,
follow_up.tsv,TCGA-IM-A3U2,follow_ups.timepoint_category,Follow-up,
follow_up.tsv,TCGA-FK-A3SG,follow_ups.timepoint_category,Follow-up,
follow_up.tsv,TCGA-EM-A22Q,follow_ups.timepoint_category,Last Contact,
follow_up.tsv,TCGA-EL-A3T0,follow_ups.timepoint_category,Follow-up,
follow_up.tsv,TCGA-DE-A4M9,follow_ups.timepoint_category,Last Contact,
follow_up.tsv,TCGA-E8-A416,follow_ups.timepoint_category,Last Contact,
follow_up.tsv,TCGA-DJ-A4V5,follow_ups.timepoint_category,Follow-up,
follow_up.tsv,TCGA-BJ-A0Z9,follow_ups.timepoint_category,Last Contact,
follow_up.tsv,TCGA-ET-A39N,follow_ups.timepoint_category,Last Contact,
follow_up.tsv,TCGA-E3-A3E1,follow_ups.timepoint_category,Follow-up,
follow_up.tsv,TCGA-FK-A3SB,follow_ups.timepoint_category,Follow-up,
follow_up.tsv,TCGA-KS-A4ID,follow_ups.timepoint_category,Last Contact,
follow_up.tsv,TCGA-DE-A4MA,follow_ups.timepoint_category,Last Contact,
follow_up.tsv,TCGA-EL-A4K9,follow_ups.timepoint_category,Last Contact,
follow_up.tsv,TCGA-ET-A3BX,follow_ups.timepoint_category,Follow-up,
follow_up.tsv,TCGA-EL-A3T9,follow_ups.timepoint_category,Preoperative,
follow_up.tsv,TCGA-EM-A1YD,follow_ups.timepoint_category,Follow-up,
follow_up.tsv,TCGA-FY-A40K,follow_ups.timepoint_category,Last Contact,
follow_up.tsv,TCGA-DJ-A13S,follow_ups.timepoint_category,Follow-up,
follow_up.tsv,TCGA-EL-A3CS,follow_ups.timepoint_category,Preoperative,
follow_up.tsv,TCGA-DJ-A2Q0,follow_ups.timepoint_category,Last Contact,
follow_up.tsv,TCGA-DJ-A13U,follow_ups.timepoint_category,Follow-up,
follow_up.tsv,TCGA-EM-A3OB,follow_ups.timepoint_category,Preoperative,
follow_up.tsv,TCGA-EL-A3H1,follow_ups.timepoint_category,Preoperative,
follow_up.tsv,TCGA-EM-A4FR,follow_ups.timepoint_category,Follow-up,
follow_up.tsv,TCGA-KS-A41F,follow_ups.timepoint_category,Follow-up,
follow_up.tsv,TCGA-DJ-A3V7,follow_ups.timepoint_category,Preoperative,
follow_up.tsv,TCGA-H2-A422,follow_ups.timepoint_category,Follow-up,
follow_up.tsv,TCGA-EL-A3T6,follow_ups.timepoint_category,Follow-up,
follow_up.tsv,TCGA-FY-A3R6,follow_ups.timepoint_category,Follow-up,
follow_up.tsv,TCGA-E3-A3E5,follow_ups.timepoint_category,Last Contact,
follow_up.tsv,TCGA-EM-A22M,follow_ups.timepoint_category,Follow-up,
follow_up.tsv,TCGA-IM-A41Z,follow_ups.timepoint_category,Follow-up,
follow_up.tsv,TCGA-EL-A3CX,follow_ups.timepoint_category,Follow-up,
follow_up.tsv,TCGA-E8-A417,follow_ups.timepoint_category,Follow-up,
follow_up.tsv,TCGA-ET-A3BP,follow_ups.timepoint_category,Preoperative,
follow_up.tsv,TCGA-DJ-A3VK,follow_ups.timepoint_category,Last Contact,
follow_up.tsv,TCGA-EM-A3SY,follow_ups.timepoint_category,Last Contact,
follow_up.tsv,TCGA-EL-A3ZR,follow_ups.timepoint_category,Preoperative,
follow_up.tsv,TCGA-DJ-A4UW,follow_ups.timepoint_category,Follow-up,
follow_up.tsv,TCGA-EM-A3O8,follow_ups.timepoint_category,Preoperative,
follow_up.tsv,TCGA-EL-A3T1,follow_ups.timepoint_category,Preoperative,
follow_up.tsv,TCGA-E8-A2EA,follow_ups.timepoint_category,Last Contact,
follow_up.tsv,TCGA-EL-A3T8,follow_ups.timepoint_category,Follow-up,
follow_up.tsv,TCGA-EM-A2OX,follow_ups.timepoint_category,Last Contact,
follow_up.tsv,TCGA-DJ-A13V,follow_ups.timepoint_category,Follow-up,
follow_up.tsv,TCGA-DJ-A1QQ,follow_ups.timepoint_category,Last Contact,
follow_up.tsv,TCGA-ET-A39R,follow_ups.timepoint_category,Follow-up,
follow_up.tsv,TCGA-CE-A485,follow_ups.timepoint_category,Follow-up,
follow_up.tsv,TCGA-L6-A4EP,follow_ups.timepoint_category,Last Contact,
follow_up.tsv,TCGA-DJ-A3UT,follow_ups.timepoint_category,Follow-up,
follow_up.tsv,TCGA-ET-A2N3,follow_ups.timepoint_category,Preoperative,
follow_up.tsv,TCGA-DE-A69J,follow_ups.timepoint_category,Preoperative,
follow_up.tsv,TCGA-DJ-A2PS,follow_ups.timepoint_category,Follow-up,
follow_up.tsv,TCGA-ET-A3DT,follow_ups.timepoint_category,Follow-up,
follow_up.tsv,TCGA-DJ-A2Q2,follow_ups.timepoint_category,Preoperative,
follow_up.tsv,TCGA-ET-A3DR,follow_ups.timepoint_category,Last Contact,
follow_up.tsv,TCGA-J8-A3YH,follow_ups.timepoint_category,Preoperative,
follow_up.tsv,TCGA-EL-A3TB,follow_ups.timepoint_category,Last Contact,
follow_up.tsv,TCGA-BJ-A45C,follow_ups.timepoint_category,Follow-up,
follow_up.tsv,TCGA-CE-A13K,follow_ups.timepoint_category,Follow-up,
follow_up.tsv,TCGA-DJ-A2PX,follow_ups.timepoint_category,Last Contact,
follow_up.tsv,TCGA-EL-A3ZS,follow_ups.timepoint_category,Preoperative,
follow_up.tsv,TCGA-E8-A419,follow_ups.timepoint_category,Last Contact,
follow_up.tsv,TCGA-DJ-A3V8,follow_ups.timepoint_category,Last Contact,
follow_up.tsv,TCGA-EL-A4K2,follow_ups.timepoint_category,Preoperative,
follow_up.tsv,TCGA-DE-A4M8,follow_ups.timepoint_category,Last Contact,
follow_up.tsv,TCGA-CE-A482,follow_ups.timepoint_category,Follow-up,
follow_up.tsv,TCGA-E8-A44K,follow_ups.timepoint_category,Last Contact,
follow_up.tsv,TCGA-EM-A2OW,follow_ups.timepoint_category,Follow-up,
follow_up.tsv,TCGA-BJ-A3F0,follow_ups.timepoint_category,Last Contact,
follow_up.tsv,TCGA-DJ-A3VF,follow_ups.timepoint_category,Follow-up,
follow_up.tsv,TCGA-FE-A3PC,follow_ups.timepoint_category,Follow-up,
follow_up.tsv,TCGA-BJ-A28T,follow_ups.timepoint_category,Follow-up,
follow_up.tsv,TCGA-EL-A4K1,follow_ups.timepoint_category,Last Contact,
follow_up.tsv,TCGA-EM-A22L,follow_ups.timepoint_category,Last Contact,
follow_up.tsv,TCGA-DJ-A3UZ,follow_ups.timepoint_category,Follow-up,
follow_up.tsv,TCGA-EL-A3CY,follow_ups.timepoint_category,Follow-up,
follow_up.tsv,TCGA-DJ-A4UT,follow_ups.timepoint_category,Follow-up,
follow_up.tsv,TCGA-DJ-A2Q3,follow_ups.timepoint_category,Follow-up,
follow_up.tsv,TCGA-DJ-A2Q6,follow_ups.timepoint_category,Preoperative,
follow_up.tsv,TCGA-FK-A3SE,follow_ups.timepoint_category,Last Contact,
follow_up.tsv,TCGA-DJ-A2QA,follow_ups.timepoint_category,Follow-up,
follow_up.tsv,TCGA-FY-A2QD,follow_ups.timepoint_category,Last Contact,
follow_up.tsv,TCGA-EL-A3GR,follow_ups.timepoint_category,Last Contact,
follow_up.tsv,TCGA-EL-A3T7,follow_ups.timepoint_category,Last Contact,
follow_up.tsv,TCGA-EM-A3FO,follow_ups.timepoint_category,Preoperative,
follow_up.tsv,TCGA-DJ-A3VB,follow_ups.timepoint_category,Follow-up,
follow_up.tsv,TCGA-FY-A3NN,follow_ups.timepoint_category,Preoperative,
follow_up.tsv,TCGA-EM-A1YB,follow_ups.timepoint_category,Follow-up,
follow_up.tsv,TCGA-ET-A3DV,follow_ups.timepoint_category,Follow-up,
follow_up.tsv,TCGA-EL-A4KD,follow_ups.timepoint_category,Last Contact,
follow_up.tsv,TCGA-L6-A4EU,follow_ups.timepoint_category,Follow-up,
follow_up.tsv,TCGA-DJ-A2QB,follow_ups.timepoint_category,Last Contact,
follow_up.tsv,TCGA-DJ-A4V4,follow_ups.timepoint_category,Last Contact,
follow_up.tsv,TCGA-DJ-A3V0,follow_ups.timepoint_category,Follow-up,
follow_up.tsv,TCGA-BJ-A45G,follow_ups.timepoint_category,Last Contact,
follow_up.tsv,TCGA-FY-A3R7,follow_ups.timepoint_category,Last Contact,
follow_up.tsv,TCGA-EM-A2P2,follow_ups.timepoint_category,Preoperative,
follow_up.tsv,TCGA-DJ-A13M,follow_ups.timepoint_category,Follow-up,
follow_up.tsv,TCGA-EL-A3D1,follow_ups.timepoint_category,Follow-up,
follow_up.tsv,TCGA-BJ-A28V,follow_ups.timepoint_category,Follow-up,
follow_up.tsv,TCGA-BJ-A3EZ,follow_ups.timepoint_category,Follow-up,
follow_up.tsv,TCGA-DJ-A3VG,follow_ups.timepoint_category,Last Contact,
follow_up.tsv,TCGA-ET-A3DU,follow_ups.timepoint_category,Follow-up,
follow_up.tsv,TCGA-ET-A3BO,follow_ups.timepoint_category,Follow-up,
follow_up.tsv,TCGA-EM-A3FP,follow_ups.timepoint_category,Last Contact,
follow_up.tsv,TCGA-ET-A25O,follow_ups.timepoint_category,Preoperative,
follow_up.tsv,TCGA-E8-A415,follow_ups.timepoint_category,Follow-up,
follow_up.tsv,TCGA-EM-A22J,follow_ups.timepoint_category,Follow-up,
follow_up.tsv,TCGA-DJ-A3UR,follow_ups.timepoint_category,Last Contact,
follow_up.tsv,TCGA-EM-A22N,follow_ups.timepoint_category,Last Contact,
follow_up.tsv,TCGA-FY-A3BL,follow_ups.timepoint_category,Follow-up,
follow_up.tsv,TCGA-FY-A3R8,follow_ups.timepoint_category,Follow-up,
follow_up.tsv,TCGA-FE-A235,follow_ups.timepoint_category,Preoperative,
follow_up.tsv,TCGA-DJ-A13L,follow_ups.timepoint_category,Preoperative,
follow_up.tsv,TCGA-ET-A3BS,follow_ups.timepoint_category,Last Contact,
follow_up.tsv,TCGA-EM-A2CT,follow_ups.timepoint_category,Follow-up,
follow_up.tsv,TCGA-ET-A40S,follow_ups.timepoint_category,Preoperative,
follow_up.tsv,TCGA-J8-A3YE,follow_ups.timepoint_category,Follow-up,
follow_up.tsv,TCGA-EM-A3FJ,follow_ups.timepoint_category,Last Contact,
follow_up.tsv,TCGA-EM-A2P3,follow_ups.timepoint_category,Preoperative,
follow_up.tsv,TCGA-EM-A4G1,follow_ups.timepoint_category,Last Contact,
follow_up.tsv,TCGA-EL-A3GW,follow_ups.timepoint_category,Preoperative,
follow_up.tsv,TCGA-DJ-A13P,follow_ups.timepoint_category,Follow-up,
follow_up.tsv,TCGA-DJ-A3VL,follow_ups.timepoint_category,Preoperative,
follow_up.tsv,TCGA-DJ-A1QG,follow_ups.timepoint_category,Follow-up,
follow_up.tsv,TCGA-BJ-A2N7,follow_ups.timepoint_category,Follow-up,
follow_up.tsv,TCGA-FY-A3I4,follow_ups.timepoint_category,Last Contact,
follow_up.tsv,TCGA-ET-A39L,follow_ups.timepoint_category,Follow-up,
follow_up.tsv,TCGA-EM-A3FL,follow_ups.timepoint_category,Follow-up,
follow_up.tsv,TCGA-ET-A39O,follow_ups.timepoint_category,Follow-up,
follow_up.tsv,TCGA-IM-A3ED,follow_ups.timepoint_category,Preoperative,
follow_up.tsv,TCGA-FY-A3YR,follow_ups.timepoint_category,Follow-up,
follow_up.tsv,TCGA-KS-A4IB,follow_ups.timepoint_category,Last Contact,
follow_up.tsv,TCGA-EM-A2OY,follow_ups.timepoint_category,Follow-up,
follow_up.tsv,TCGA-EL-A3TA,follow_ups.timepoint_category,Preoperative,
follow_up.tsv,TCGA-DJ-A2PW,follow_ups.timepoint_category,Follow-up,
follow_up.tsv,TCGA-BJ-A291,follow_ups.timepoint_category,Follow-up,
follow_up.tsv,TCGA-DJ-A3UM,follow_ups.timepoint_category,Follow-up,
follow_up.tsv,TCGA-E8-A413,follow_ups.timepoint_category,Follow-up,
follow_up.tsv,TCGA-DJ-A2PO,follow_ups.timepoint_category,Last Contact,
follow_up.tsv,TCGA-DJ-A3UK,follow_ups.timepoint_category,Preoperative,
follow_up.tsv,TCGA-L6-A4EQ,follow_ups.timepoint_category,Preoperative,
follow_up.tsv,TCGA-DJ-A3UO,follow_ups.timepoint_category,Last Contact,
follow_up.tsv,TCGA-EM-A3AJ,follow_ups.timepoint_category,Last Contact,
follow_up.tsv,TCGA-FY-A3R9,follow_ups.timepoint_category,Follow-up,
follow_up.tsv,TCGA-DJ-A1QD,follow_ups.timepoint_category,Follow-up,
follow_up.tsv,TCGA-DJ-A4V2,follow_ups.timepoint_category,Preoperative,
follow_up.tsv,TCGA-EM-A2CJ,follow_ups.timepoint_category,Follow-up,
follow_up.tsv,TCGA-EL-A4K7,follow_ups.timepoint_category,Last Contact,
follow_up.tsv,TCGA-EL-A4KG,follow_ups.timepoint_category,Follow-up,
follow_up.tsv,TCGA-DJ-A3VD,follow_ups.timepoint_category,Follow-up,
follow_up.tsv,TCGA-DJ-A1QE,follow_ups.timepoint_category,Follow-up,
follow_up.tsv,TCGA-IM-A3U3,follow_ups.timepoint_category,Last Contact,
follow_up.tsv,TCGA-MK-A4N6,follow_ups.timepoint_category,Last Contact,
follow_up.tsv,TCGA-EL-A3GP,follow_ups.timepoint_category,Preoperative,
follow_up.tsv,TCGA-EM-A22K,follow_ups.timepoint_category,Follow-up,
follow_up.tsv,TCGA-CE-A3ME,follow_ups.timepoint_category,Last Contact,
follow_up.tsv,TCGA-ET-A39S,follow_ups.timepoint_category,Last Contact,
follow_up.tsv,TCGA-E8-A436,follow_ups.timepoint_category,Follow-up,
follow_up.tsv,TCGA-E3-A3DY,follow_ups.timepoint_category,Preoperative,
follow_up.tsv,TCGA-KS-A4I7,follow_ups.timepoint_category,Follow-up,
follow_up.tsv,TCGA-EL-A3H4,follow_ups.timepoint_category,Preoperative,
follow_up.tsv,TCGA-DJ-A3VE,follow_ups.timepoint_category,Preoperative,
follow_up.tsv,TCGA-EM-A4FO,follow_ups.timepoint_category,Follow-up,
follow_up.tsv,TCGA-4C-A93U,follow_ups.timepoint_category,Follow-up,
follow_up.tsv,TCGA-ET-A25G,follow_ups.timepoint_category,Last Contact,
follow_up.tsv,TCGA-EL-A3ZL,follow_ups.timepoint_category,Follow-up,
follow_up.tsv,TCGA-IM-A420,follow_ups.timepoint_category,Follow-up,
follow_up.tsv,TCGA-DJ-A2Q1,follow_ups.timepoint_category,Preoperative,
follow_up.tsv,TCGA-FK-A3SH,follow_ups.timepoint_category,Last Contact,
follow_up.tsv,TCGA-DJ-A1QL,follow_ups.timepoint_category,Follow-up,
follow_up.tsv,TCGA-H2-A26U,follow_ups.timepoint_category,Follow-up,
follow_up.tsv,TCGA-CE-A484,follow_ups.timepoint_category,Follow-up,
follow_up.tsv,TCGA-DJ-A3VJ,follow_ups.timepoint_category,Last Contact,
follow_up.tsv,TCGA-EM-A1YE,follow_ups.timepoint_category,Follow-up,
follow_up.tsv,TCGA-ET-A2N1,follow_ups.timepoint_category,Preoperative,
follow_up.tsv,TCGA-BJ-A45D,follow_ups.timepoint_category,Follow-up,
follow_up.tsv,TCGA-BJ-A2P4,follow_ups.timepoint_category,Follow-up,
follow_up.tsv,TCGA-EM-A3AQ,follow_ups.timepoint_category,Follow-up,
follow_up.tsv,TCGA-EM-A1CS,follow_ups.timepoint_category,Last Contact,
follow_up.tsv,TCGA-KS-A4I5,follow_ups.timepoint_category,Follow-up,
follow_up.tsv,TCGA-EL-A3GV,follow_ups.timepoint_category,Preoperative,
follow_up.tsv,TCGA-ET-A39M,follow_ups.timepoint_category,Follow-up,
follow_up.tsv,TCGA-EL-A3D5,follow_ups.timepoint_category,Last Contact,
follow_up.tsv,TCGA-EL-A3ZP,follow_ups.timepoint_category,Follow-up,
follow_up.tsv,TCGA-ET-A2MY,follow_ups.timepoint_category,Follow-up,
follow_up.tsv,TCGA-E8-A418,follow_ups.timepoint_category,Follow-up,
follow_up.tsv,TCGA-ET-A25N,follow_ups.timepoint_category,Last Contact,
follow_up.tsv,TCGA-DJ-A2PQ,follow_ups.timepoint_category,Preoperative,
follow_up.tsv,TCGA-EM-A22I,follow_ups.timepoint_category,Follow-up,
follow_up.tsv,TCGA-EL-A3MW,follow_ups.timepoint_category,Last Contact,
follow_up.tsv,TCGA-E3-A3E2,follow_ups.timepoint_category,Last Contact,
follow_up.tsv,TCGA-E8-A434,follow_ups.timepoint_category,Follow-up,
follow_up.tsv,TCGA-DJ-A2Q4,follow_ups.timepoint_category,Follow-up,
follow_up.tsv,TCGA-MK-A4N7,follow_ups.timepoint_category,Preoperative,
follow_up.tsv,TCGA-E8-A438,follow_ups.timepoint_category,Last Contact,
follow_up.tsv,TCGA-DJ-A1QO,follow_ups.timepoint_category,Follow-up,
follow_up.tsv,TCGA-DJ-A3UV,follow_ups.timepoint_category,Follow-up,
follow_up.tsv,TCGA-E8-A3X7,follow_ups.timepoint_category,Follow-up,
follow_up.tsv,TCGA-DJ-A1QH,follow_ups.timepoint_category,Last Contact,
follow_up.tsv,TCGA-BJ-A0YZ,follow_ups.timepoint_category,Last Contact,
follow_up.tsv,TCGA-E8-A2JQ,follow_ups.timepoint_category,Last Contact,
follow_up.tsv,TCGA-FY-A3NM,follow_ups.timepoint_category,Follow-up,
follow_up.tsv,TCGA-EL-A3MZ,follow_ups.timepoint_category,Follow-up,
follow_up.tsv,TCGA-EM-A4FN,follow_ups.timepoint_category,Last Contact,
follow_up.tsv,TCGA-ET-A3DQ,follow_ups.timepoint_category,Follow-up,
follow_up.tsv,TCGA-DJ-A2Q8,follow_ups.timepoint_category,Follow-up,
follow_up.tsv,TCGA-KS-A4I3,follow_ups.timepoint_category,Follow-up,
follow_up.tsv,TCGA-EL-A3H8,follow_ups.timepoint_category,Follow-up,
follow_up.tsv,TCGA-EL-A3H7,follow_ups.timepoint_category,Preoperative,
follow_up.tsv,TCGA-DJ-A2PN,follow_ups.timepoint_category,Follow-up,
follow_up.tsv,TCGA-EL-A3CV,follow_ups.timepoint_category,Preoperative,
follow_up.tsv,TCGA-DJ-A1QF,follow_ups.timepoint_category,Last Contact,
follow_up.tsv,TCGA-BJ-A3PR,follow_ups.timepoint_category,Follow-up,
follow_up.tsv,TCGA-DJ-A2PY,follow_ups.timepoint_category,Last Contact,
follow_up.tsv,TCGA-J8-A4HW,follow_ups.timepoint_category,Last Contact,
follow_up.tsv,TCGA-FE-A23A,follow_ups.timepoint_category,Follow-up,
follow_up.tsv,TCGA-EM-A3SU,follow_ups.timepoint_category,Last Contact,
follow_up.tsv,TCGA-EM-A3FQ,follow_ups.timepoint_category,Preoperative,
follow_up.tsv,TCGA-EL-A3CW,follow_ups.timepoint_category,Last Contact,
follow_up.tsv,TCGA-EL-A3CL,follow_ups.timepoint_category,Last Contact,
follow_up.tsv,TCGA-EL-A3CO,follow_ups.timepoint_category,Last Contact,
follow_up.tsv,TCGA-ET-A3DO,molecular_tests.days_to_test,,
follow_up.tsv,TCGA-EL-A4KI,molecular_tests.days_to_test,,
follow_up.tsv,TCGA-BJ-A290,molecular_tests.days_to_test,,
follow_up.tsv,TCGA-EL-A4K6,molecular_tests.days_to_test,,
follow_up.tsv,TCGA-EM-A4FU,molecular_tests.days_to_test,,
follow_up.tsv,TCGA-ET-A39K,molecular_tests.days_to_test,,
follow_up.tsv,TCGA-FE-A22Z,molecular_tests.days_to_test,,
follow_up.tsv,TCGA-FE-A237,molecular_tests.days_to_test,,
follow_up.tsv,TCGA-EL-A3GX,molecular_tests.days_to_test,,
follow_up.tsv,TCGA-DO-A1K0,molecular_tests.days_to_test,,
follow_up.tsv,TCGA-EM-A4FF,molecular_tests.days_to_test,,
follow_up.tsv,TCGA-ET-A3BV,molecular_tests.days_to_test,,
follow_up.tsv,TCGA-DE-A0Y3,molecular_tests.days_to_test,,
follow_up.tsv,TCGA-DJ-A4UR,molecular_tests.days_to_test,,
follow_up.tsv,TCGA-DE-A4MD,molecular_tests.days_to_test,,
follow_up.tsv,TCGA-ET-A3BT,molecular_tests.days_to_test,,
follow_up.tsv,TCGA-EL-A3GU,molecular_tests.days_to_test,,
follow_up.tsv,TCGA-FE-A234,molecular_tests.days_to_test,,
follow_up.tsv,TCGA-FE-A233,molecular_tests.days_to_test,,
follow_up.tsv,TCGA-BJ-A0Z2,molecular_tests.days_to_test,,
follow_up.tsv,TCGA-FE-A239,molecular_tests.days_to_test,,
follow_up.tsv,TCGA-E3-A3E3,molecular_tests.days_to_test,,
follow_up.tsv,TCGA-ET-A40Q,molecular_tests.days_to_test,,
follow_up.tsv,TCGA-DE-A4MC,molecular_tests.days_to_test,,
follow_up.tsv,TCGA-EL-A3T2,molecular_tests.days_to_test,,
follow_up.tsv,TCGA-EM-A3FM,molecular_tests.days_to_test,,
follow_up.tsv,TCGA-E8-A432,molecular_tests.days_to_test,,
follow_up.tsv,TCGA-EL-A3GO,molecular_tests.days_to_test,,
follow_up.tsv,TCGA-FE-A230,molecular_tests.days_to_test,,
follow_up.tsv,TCGA-H2-A3RI,molecular_tests.days_to_test,,
follow_up.tsv,TCGA-EL-A3CZ,molecular_tests.days_to_test,,
follow_up.tsv,TCGA-FE-A238,molecular_tests.days_to_test,,
follow_up.tsv,TCGA-EL-A3MX,molecular_tests.days_to_test,,
follow_up.tsv,TCGA-BJ-A3PU,molecular_tests.days_to_test,,
follow_up.tsv,TCGA-EM-A2P1,molecular_tests.days_to_test,,
follow_up.tsv,TCGA-BJ-A18Z,molecular_tests.days_to_test,,
follow_up.tsv,TCGA-BJ-A0Z5,molecular_tests.days_to_test,,
follow_up.tsv,TCGA-BJ-A4O8,molecular_tests.days_to_test,,
follow_up.tsv,TCGA-FE-A3PA,molecular_tests.days_to_test,,
follow_up.tsv,TCGA-BJ-A2N9,molecular_tests.days_to_test,,
follow_up.tsv,TCGA-BJ-A191,molecular_tests.days_to_test,,
follow_up.tsv,TCGA-EL-A3ZG,molecular_tests.days_to_test,,
follow_up.tsv,TCGA-BJ-A0Z3,molecular_tests.days_to_test,,
follow_up.tsv,TCGA-EM-A2CN,molecular_tests.days_to_test,,
follow_up.tsv,TCGA-EL-A3D0,molecular_tests.days_to_test,,
follow_up.tsv,TCGA-BJ-A45J,molecular_tests.days_to_test,,
follow_up.tsv,TCGA-EL-A3MY,molecular_tests.days_to_test,,
follow_up.tsv,TCGA-BJ-A45H,molecular_tests.days_to_test,,
follow_up.tsv,TCGA-FK-A4UB,molecular_tests.days_to_test,,
follow_up.tsv,TCGA-DE-A69K,molecular_tests.days_to_test,,
follow_up.tsv,TCGA-BJ-A0ZH,molecular_tests.days_to_test,,
follow_up.tsv,TCGA-BJ-A0ZF,molecular_tests.days_to_test,,
follow_up.tsv,TCGA-DJ-A3UX,molecular_tests.days_to_test,,
follow_up.tsv,TCGA-BJ-A0ZG,molecular_tests.days_to_test,,
follow_up.tsv,TCGA-BJ-A28W,molecular_tests.days_to_test,,
follow_up.tsv,TCGA-QD-A8IV,molecular_tests.days_to_test,,
follow_up.tsv,TCGA-BJ-A4O9,molecular_tests.days_to_test,,
follow_up.tsv,TCGA-EM-A3ST,molecular_tests.days_to_test,,
follow_up.tsv,TCGA-BJ-A0ZB,molecular_tests.days_to_test,,
follow_up.tsv,TCGA-L6-A4ET,molecular_tests.days_to_test,,
follow_up.tsv,TCGA-BJ-A2NA,molecular_tests.days_to_test,,
follow_up.tsv,TCGA-J8-A3YF,molecular_tests.days_to_test,,
follow_up.tsv,TCGA-BJ-A190,molecular_tests.days_to_test,,
follow_up.tsv,TCGA-DE-A7U5,molecular_tests.days_to_test,,
follow_up.tsv,TCGA-BJ-A45E,molecular_tests.days_to_test,,
follow_up.tsv,TCGA-BJ-A0ZA,molecular_tests.days_to_test,,
follow_up.tsv,TCGA-J8-A3YD,molecular_tests.days_to_test,,
follow_up.tsv,TCGA-BJ-A0ZC,molecular_tests.days_to_test,,
follow_up.tsv,TCGA-BJ-A28Z,molecular_tests.days_to_test,,
follow_up.tsv,TCGA-BJ-A0ZJ,molecular_tests.days_to_test,,
follow_up.tsv,TCGA-BJ-A45K,molecular_tests.days_to_test,,
follow_up.tsv,TCGA-J8-A3YG,molecular_tests.days_to_test,,
follow_up.tsv,TCGA-BJ-A0ZE,molecular_tests.days_to_test,,
follow_up.tsv,TCGA-BJ-A18Y,molecular_tests.days_to_test,,
follow_up.tsv,TCGA-BJ-A28X,molecular_tests.days_to_test,,
follow_up.tsv,TCGA-BJ-A192,molecular_tests.days_to_test,,
follow_up.tsv,TCGA-BJ-A45I,molecular_tests.days_to_test,,
follow_up.tsv,TCGA-BJ-A45F,molecular_tests.days_to_test,,
follow_up.tsv,TCGA-J8-A3O1,molecular_tests.days_to_test,,
follow_up.tsv,TCGA-DJ-A4V0,molecular_tests.days_to_test,,
follow_up.tsv,TCGA-EL-A3N3,molecular_tests.days_to_test,,
follow_up.tsv,TCGA-FY-A4B3,molecular_tests.days_to_test,,
follow_up.tsv,TCGA-FY-A3NP,molecular_tests.days_to_test,,
follow_up.tsv,TCGA-DJ-A3UY,molecular_tests.days_to_test,,
follow_up.tsv,TCGA-H2-A3RH,molecular_tests.days_to_test,,
follow_up.tsv,TCGA-J8-A3O2,molecular_tests.days_to_test,,
follow_up.tsv,TCGA-EM-A2CO,molecular_tests.days_to_test,,
follow_up.tsv,TCGA-EL-A3ZM,molecular_tests.days_to_test,,
follow_up.tsv,TCGA-DJ-A2PP,molecular_tests.days_to_test,,
follow_up.tsv,TCGA-FE-A3PB,molecular_tests.days_to_test,,
follow_up.tsv,TCGA-DJ-A2Q9,molecular_tests.days_to_test,,
follow_up.tsv,TCGA-EL-A4K0,molecular_tests.days_to_test,,
follow_up.tsv,TCGA-DE-A3KN,molecular_tests.days_to_test,,
follow_up.tsv,TCGA-ET-A25R,molecular_tests.days_to_test,,
follow_up.tsv,TCGA-EM-A1YC,molecular_tests.days_to_test,,
follow_up.tsv,TCGA-DJ-A13T,molecular_tests.days_to_test,,
follow_up.tsv,TCGA-EM-A3AL,molecular_tests.days_to_test,,
follow_up.tsv,TCGA-EM-A4FK,molecular_tests.days_to_test,,
follow_up.tsv,TCGA-EM-A3FK,molecular_tests.days_to_test,,
follow_up.tsv,TCGA-ET-A25I,molecular_tests.days_to_test,,
follow_up.tsv,TCGA-EM-A3SZ,molecular_tests.days_to_test,,
follow_up.tsv,TCGA-EM-A3AP,molecular_tests.days_to_test,,
follow_up.tsv,TCGA-ET-A25P,molecular_tests.days_to_test,,
follow_up.tsv,TCGA-EM-A4FM,molecular_tests.days_to_test,,
follow_up.tsv,TCGA-DJ-A2PU,molecular_tests.days_to_test,,
follow_up.tsv,TCGA-DJ-A2Q5,molecular_tests.days_to_test,,
follow_up.tsv,TCGA-EM-A3SX,molecular_tests.days_to_test,,
follow_up.tsv,TCGA-EL-A3ZH,molecular_tests.days_to_test,,
follow_up.tsv,TCGA-EL-A3GY,molecular_tests.days_to_test,,
follow_up.tsv,TCGA-CE-A3MD,molecular_tests.days_to_test,,
follow_up.tsv,TCGA-DO-A1JZ,molecular_tests.days_to_test,,
follow_up.tsv,TCGA-ET-A39J,molecular_tests.days_to_test,,
follow_up.tsv,TCGA-DJ-A3VI,molecular_tests.days_to_test,,
follow_up.tsv,TCGA-ET-A3DP,molecular_tests.days_to_test,,
follow_up.tsv,TCGA-EM-A3AO,molecular_tests.days_to_test,,
follow_up.tsv,TCGA-EM-A22P,molecular_tests.days_to_test,,
follow_up.tsv,TCGA-E8-A437,molecular_tests.days_to_test,,
follow_up.tsv,TCGA-DJ-A3VM,molecular_tests.days_to_test,,
follow_up.tsv,TCGA-DJ-A2QC,molecular_tests.days_to_test,,
follow_up.tsv,TCGA-EL-A3ZN,molecular_tests.days_to_test,,
follow_up.tsv,TCGA-EM-A2OZ,molecular_tests.days_to_test,,
follow_up.tsv,TCGA-DJ-A1QN,molecular_tests.days_to_test,,
follow_up.tsv,TCGA-EL-A3D6,molecular_tests.days_to_test,,
follow_up.tsv,TCGA-ET-A2N0,molecular_tests.days_to_test,,
follow_up.tsv,TCGA-EM-A2CR,molecular_tests.days_to_test,,
follow_up.tsv,TCGA-MK-A84Z,molecular_tests.days_to_test,,
follow_up.tsv,TCGA-EL-A3CM,molecular_tests.days_to_test,,
follow_up.tsv,TCGA-EM-A1CW,molecular_tests.days_to_test,,
follow_up.tsv,TCGA-KS-A41J,molecular_tests.days_to_test,,
follow_up.tsv,TCGA-E8-A414,molecular_tests.days_to_test,,
follow_up.tsv,TCGA-EL-A3GS,molecular_tests.days_to_test,,
follow_up.tsv,TCGA-EM-A3OA,molecular_tests.days_to_test,,
follow_up.tsv,TCGA-ET-A40R,molecular_tests.days_to_test,,
follow_up.tsv,TCGA-MK-A4N9,molecular_tests.days_to_test,,
follow_up.tsv,TCGA-DJ-A4UP,molecular_tests.days_to_test,,
follow_up.tsv,TCGA-EL-A3CR,molecular_tests.days_to_test,,
follow_up.tsv,TCGA-H2-A2K9,molecular_tests.days_to_test,,
follow_up.tsv,TCGA-DJ-A3UP,molecular_tests.days_to_test,,
follow_up.tsv,TCGA-DJ-A4UQ,molecular_tests.days_to_test,,
follow_up.tsv,TCGA-EM-A2CL,molecular_tests.days_to_test,,
follow_up.tsv,TCGA-DJ-A3VA,molecular_tests.days_to_test,,
follow_up.tsv,TCGA-EM-A1CT,molecular_tests.days_to_test,,
follow_up.tsv,TCGA-ET-A4KQ,molecular_tests.days_to_test,,
follow_up.tsv,TCGA-EL-A4K4,molecular_tests.days_to_test,,
follow_up.tsv,TCGA-BJ-A3PT,molecular_tests.days_to_test,,
follow_up.tsv,TCGA-EM-A3O3,molecular_tests.days_to_test,,
follow_up.tsv,TCGA-EM-A2CM,molecular_tests.days_to_test,,
follow_up.tsv,TCGA-J8-A4HY,molecular_tests.days_to_test,,
follow_up.tsv,TCGA-EM-A3FR,molecular_tests.days_to_test,,
follow_up.tsv,TCGA-CE-A481,molecular_tests.days_to_test,,
follow_up.tsv,TCGA-ET-A40T,molecular_tests.days_to_test,,
follow_up.tsv,TCGA-ET-A3BW,molecular_tests.days_to_test,,
follow_up.tsv,TCGA-DJ-A2PR,molecular_tests.days_to_test,,
follow_up.tsv,TCGA-E8-A44M,molecular_tests.days_to_test,,
follow_up.tsv,TCGA-DJ-A3V9,molecular_tests.days_to_test,,
follow_up.tsv,TCGA-EM-A2CP,molecular_tests.days_to_test,,
follow_up.tsv,TCGA-ET-A25K,molecular_tests.days_to_test,,
follow_up.tsv,TCGA-EL-A3GZ,molecular_tests.days_to_test,,
follow_up.tsv,TCGA-FE-A236,molecular_tests.days_to_test,,
follow_up.tsv,TCGA-EL-A3ZQ,molecular_tests.days_to_test,,
follow_up.tsv,TCGA-EM-A3O9,molecular_tests.days_to_test,,
follow_up.tsv,TCGA-EL-A3N2,molecular_tests.days_to_test,,
follow_up.tsv,TCGA-DJ-A3V4,molecular_tests.days_to_test,,
follow_up.tsv,TCGA-EL-A3CP,molecular_tests.days_to_test,,
follow_up.tsv,TCGA-DJ-A1QM,molecular_tests.days_to_test,,
follow_up.tsv,TCGA-DJ-A3UQ,molecular_tests.days_to_test,,
follow_up.tsv,TCGA-ET-A39I,molecular_tests.days_to_test,,
follow_up.tsv,TCGA-IM-A4EB,molecular_tests.days_to_test,,
follow_up.tsv,TCGA-EM-A3O6,molecular_tests.days_to_test,,
follow_up.tsv,TCGA-EL-A3H3,molecular_tests.days_to_test,,
follow_up.tsv,TCGA-FE-A3PD,molecular_tests.days_to_test,,
follow_up.tsv,TCGA-DJ-A2PT,molecular_tests.days_to_test,,
follow_up.tsv,TCGA-EM-A3O7,molecular_tests.days_to_test,,
follow_up.tsv,TCGA-IM-A3EB,molecular_tests.days_to_test,,
follow_up.tsv,TCGA-DJ-A1QI,molecular_tests.days_to_test,,
follow_up.tsv,TCGA-DJ-A13X,molecular_tests.days_to_test,,
follow_up.tsv,TCGA-DJ-A13W,molecular_tests.days_to_test,,
follow_up.tsv,TCGA-ET-A3BN,molecular_tests.days_to_test,,
follow_up.tsv,TCGA-EL-A3ZO,molecular_tests.days_to_test,,
follow_up.tsv,TCGA-EL-A3ZK,molecular_tests.days_to_test,,
follow_up.tsv,TCGA-EL-A4JZ,molecular_tests.days_to_test,,
follow_up.tsv,TCGA-ET-A2N4,molecular_tests.days_to_test,,
follow_up.tsv,TCGA-DJ-A13R,molecular_tests.days_to_test,,
follow_up.tsv,TCGA-DE-A0XZ,molecular_tests.days_to_test,,
follow_up.tsv,TCGA-FY-A40L,molecular_tests.days_to_test,,
follow_up.tsv,TCGA-EL-A3H5,molecular_tests.days_to_test,,
follow_up.tsv,TCGA-ET-A3DW,molecular_tests.days_to_test,,
follow_up.tsv,TCGA-J8-A3NZ,molecular_tests.days_to_test,,
follow_up.tsv,TCGA-ET-A39P,molecular_tests.days_to_test,,
follow_up.tsv,TCGA-ET-A25L,molecular_tests.days_to_test,,
follow_up.tsv,TCGA-FY-A40N,molecular_tests.days_to_test,,
follow_up.tsv,TCGA-DJ-A3UU,molecular_tests.days_to_test,,
follow_up.tsv,TCGA-ET-A3BU,molecular_tests.days_to_test,,
follow_up.tsv,TCGA-EL-A3CN,molecular_tests.days_to_test,,
follow_up.tsv,TCGA-EM-A4FH,molecular_tests.days_to_test,,
follow_up.tsv,TCGA-EM-A3AK,molecular_tests.days_to_test,,
follow_up.tsv,TCGA-KS-A41L,molecular_tests.days_to_test,,
follow_up.tsv,TCGA-E8-A433,molecular_tests.days_to_test,,
follow_up.tsv,TCGA-EL-A3CT,molecular_tests.days_to_test,,
follow_up.tsv,TCGA-FY-A3ON,molecular_tests.days_to_test,,
follow_up.tsv,TCGA-KS-A4IC,molecular_tests.days_to_test,,
follow_up.tsv,TCGA-E8-A242,molecular_tests.days_to_test,,
follow_up.tsv,TCGA-EM-A1CU,molecular_tests.days_to_test,,
follow_up.tsv,TCGA-EL-A3GQ,molecular_tests.days_to_test,,
follow_up.tsv,TCGA-DE-A4MB,molecular_tests.days_to_test,,
follow_up.tsv,TCGA-EL-A4JW,molecular_tests.days_to_test,,
follow_up.tsv,TCGA-ET-A2MZ,molecular_tests.days_to_test,,
follow_up.tsv,TCGA-EM-A4FQ,molecular_tests.days_to_test,,
follow_up.tsv,TCGA-FY-A3I5,molecular_tests.days_to_test,,
follow_up.tsv,TCGA-BJ-A28R,molecular_tests.days_to_test,,
follow_up.tsv,TCGA-KS-A4I9,molecular_tests.days_to_test,,
follow_up.tsv,TCGA-FY-A3TY,molecular_tests.days_to_test,,
follow_up.tsv,TCGA-IM-A41Y,molecular_tests.days_to_test,,
follow_up.tsv,TCGA-EM-A2OV,molecular_tests.days_to_test,,
follow_up.tsv,TCGA-EM-A1YA,molecular_tests.days_to_test,,
follow_up.tsv,TCGA-J8-A3O0,molecular_tests.days_to_test,,
follow_up.tsv,TCGA-FY-A3RA,molecular_tests.days_to_test,,
follow_up.tsv,TCGA-FY-A3WA,molecular_tests.days_to_test,,
follow_up.tsv,TCGA-ET-A2MX,molecular_tests.days_to_test,,
follow_up.tsv,TCGA-EM-A3FN,molecular_tests.days_to_test,,
follow_up.tsv,TCGA-E3-A3DZ,molecular_tests.days_to_test,,
follow_up.tsv,TCGA-BJ-A28S,molecular_tests.days_to_test,,
follow_up.tsv,TCGA-ET-A3BQ,molecular_tests.days_to_test,,
follow_up.tsv,TCGA-E3-A3E0,molecular_tests.days_to_test,,
follow_up.tsv,TCGA-FY-A4B4,molecular_tests.days_to_test,,
follow_up.tsv,TCGA-ET-A3DS,molecular_tests.days_to_test,,
follow_up.tsv,TCGA-EL-A3D4,molecular_tests.days_to_test,,
follow_up.tsv,TCGA-DJ-A2PZ,molecular_tests.days_to_test,,
follow_up.tsv,TCGA-DJ-A3UW,molecular_tests.days_to_test,,
follow_up.tsv,TCGA-FE-A232,molecular_tests.days_to_test,,
follow_up.tsv,TCGA-ET-A25J,molecular_tests.days_to_test,,
follow_up.tsv,TCGA-DJ-A2PV,molecular_tests.days_to_test,,
follow_up.tsv,TCGA-FK-A3SD,molecular_tests.days_to_test,,
follow_up.tsv,TCGA-J8-A42S,molecular_tests.days_to_test,,
follow_up.tsv,TCGA-EL-A4KH,molecular_tests.days_to_test,,
follow_up.tsv,TCGA-EL-A3T3,molecular_tests.days_to_test,,
follow_up.tsv,TCGA-EM-A4FV,molecular_tests.days_to_test,,
follow_up.tsv,TCGA-EM-A3AN,molecular_tests.days_to_test,,
follow_up.tsv,TCGA-EL-A3ZT,molecular_tests.days_to_test,,
follow_up.tsv,TCGA-DJ-A3V3,molecular_tests.days_to_test,,
follow_up.tsv,TCGA-EM-A2CU,molecular_tests.days_to_test,,
follow_up.tsv,TCGA-DJ-A3UN,molecular_tests.days_to_test,,
follow_up.tsv,TCGA-EL-A4JX,molecular_tests.days_to_test,,
follow_up.tsv,TCGA-EM-A3AI,molecular_tests.days_to_test,,
follow_up.tsv,TCGA-EM-A22O,molecular_tests.days_to_test,,
follow_up.tsv,TCGA-DE-A0Y2,molecular_tests.days_to_test,,
follow_up.tsv,TCGA-FY-A4B0,molecular_tests.days_to_test,,
follow_up.tsv,TCGA-DJ-A3US,molecular_tests.days_to_test,,
follow_up.tsv,TCGA-EL-A4JV,molecular_tests.days_to_test,,
follow_up.tsv,TCGA-KS-A4I1,molecular_tests.days_to_test,,
follow_up.tsv,TCGA-FE-A231,molecular_tests.days_to_test,,
follow_up.tsv,TCGA-EM-A3AR,molecular_tests.days_to_test,,
follow_up.tsv,TCGA-EM-A2CQ,molecular_tests.days_to_test,,
follow_up.tsv,TCGA-BJ-A2N8,molecular_tests.days_to_test,,
follow_up.tsv,TCGA-BJ-A0Z0,molecular_tests.days_to_test,,
follow_up.tsv,TCGA-FY-A40M,molecular_tests.days_to_test,,
follow_up.tsv,TCGA-EL-A3CU,molecular_tests.days_to_test,,
follow_up.tsv,TCGA-KS-A41I,molecular_tests.days_to_test,,
follow_up.tsv,TCGA-EM-A2CS,molecular_tests.days_to_test,,
follow_up.tsv,TCGA-CE-A27D,molecular_tests.days_to_test,,
follow_up.tsv,TCGA-ET-A4KN,molecular_tests.days_to_test,,
follow_up.tsv,TCGA-EM-A1CV,molecular_tests.days_to_test,,
follow_up.tsv,TCGA-DJ-A3V6,molecular_tests.days_to_test,,
follow_up.tsv,TCGA-EL-A3H2,molecular_tests.days_to_test,,
follow_up.tsv,TCGA-DE-A2OL,molecular_tests.days_to_test,,
follow_up.tsv,TCGA-DJ-A13O,molecular_tests.days_to_test,,
follow_up.tsv,TCGA-EM-A2CK,molecular_tests.days_to_test,,
follow_up.tsv,TCGA-DJ-A4UL,molecular_tests.days_to_test,,
follow_up.tsv,TCGA-FK-A3S3,molecular_tests.days_to_test,,
follow_up.tsv,TCGA-ET-A39T,molecular_tests.days_to_test,,
follow_up.tsv,TCGA-DJ-A2Q7,molecular_tests.days_to_test,,
follow_up.tsv,TCGA-DJ-A3V2,molecular_tests.days_to_test,,
follow_up.tsv,TCGA-ET-A40P,molecular_tests.days_to_test,,
follow_up.tsv,TCGA-DJ-A3V5,molecular_tests.days_to_test,,
follow_up.tsv,TCGA-ET-A2N5,molecular_tests.days_to_test,,
follow_up.tsv,TCGA-GE-A2C6,molecular_tests.days_to_test,,
follow_up.tsv,TCGA-FY-A3W9,molecular_tests.days_to_test,,
follow_up.tsv,TCGA-ET-A25M,molecular_tests.days_to_test,,
follow_up.tsv,TCGA-EM-A2P0,molecular_tests.days_to_test,,
follow_up.tsv,TCGA-H2-A421,molecular_tests.days_to_test,,
follow_up.tsv,TCGA-CE-A483,molecular_tests.days_to_test,,
follow_up.tsv,TCGA-FY-A76V,molecular_tests.days_to_test,,
follow_up.tsv,TCGA-DO-A2HM,molecular_tests.days_to_test,,
follow_up.tsv,TCGA-IM-A3U2,molecular_tests.days_to_test,,
follow_up.tsv,TCGA-FK-A3SG,molecular_tests.days_to_test,,
follow_up.tsv,TCGA-EM-A22Q,molecular_tests.days_to_test,,
follow_up.tsv,TCGA-EL-A3T0,molecular_tests.days_to_test,,
follow_up.tsv,TCGA-DE-A4M9,molecular_tests.days_to_test,,
follow_up.tsv,TCGA-E8-A416,molecular_tests.days_to_test,,
follow_up.tsv,TCGA-DJ-A4V5,molecular_tests.days_to_test,,
follow_up.tsv,TCGA-BJ-A0Z9,molecular_tests.days_to_test,,
follow_up.tsv,TCGA-ET-A39N,molecular_tests.days_to_test,,
follow_up.tsv,TCGA-E3-A3E1,molecular_tests.days_to_test,,
follow_up.tsv,TCGA-FK-A3SB,molecular_tests.days_to_test,,
follow_up.tsv,TCGA-KS-A4ID,molecular_tests.days_to_test,,
follow_up.tsv,TCGA-DE-A4MA,molecular_tests.days_to_test,,
follow_up.tsv,TCGA-EL-A4K9,molecular_tests.days_to_test,,
follow_up.tsv,TCGA-ET-A3BX,molecular_tests.days_to_test,,
follow_up.tsv,TCGA-EL-A3T9,molecular_tests.days_to_test,,
follow_up.tsv,TCGA-EM-A1YD,molecular_tests.days_to_test,,
follow_up.tsv,TCGA-FY-A40K,molecular_tests.days_to_test,,
follow_up.tsv,TCGA-DJ-A13S,molecular_tests.days_to_test,,
follow_up.tsv,TCGA-EL-A3CS,molecular_tests.days_to_test,,
follow_up.tsv,TCGA-DJ-A2Q0,molecular_tests.days_to_test,,
follow_up.tsv,TCGA-DJ-A13U,molecular_tests.days_to_test,,
follow_up.tsv,TCGA-EM-A3OB,molecular_tests.days_to_test,,
follow_up.tsv,TCGA-EL-A3H1,molecular_tests.days_to_test,,
follow_up.tsv,TCGA-EM-A4FR,molecular_tests.days_to_test,,
follow_up.tsv,TCGA-KS-A41F,molecular_tests.days_to_test,,
follow_up.tsv,TCGA-DJ-A3V7,molecular_tests.days_to_test,,
follow_up.tsv,TCGA-H2-A422,molecular_tests.days_to_test,,
follow_up.tsv,TCGA-EL-A3T6,molecular_tests.days_to_test,,
follow_up.tsv,TCGA-FY-A3R6,molecular_tests.days_to_test,,
follow_up.tsv,TCGA-E3-A3E5,molecular_tests.days_to_test,,
follow_up.tsv,TCGA-EM-A22M,molecular_tests.days_to_test,,
follow_up.tsv,TCGA-IM-A41Z,molecular_tests.days_to_test,,
follow_up.tsv,TCGA-EL-A3CX,molecular_tests.days_to_test,,
follow_up.tsv,TCGA-E8-A417,molecular_tests.days_to_test,,
follow_up.tsv,TCGA-ET-A3BP,molecular_tests.days_to_test,,
follow_up.tsv,TCGA-DJ-A3VK,molecular_tests.days_to_test,,
follow_up.tsv,TCGA-EM-A3SY,molecular_tests.days_to_test,,
follow_up.tsv,TCGA-EL-A3ZR,molecular_tests.days_to_test,,
follow_up.tsv,TCGA-DJ-A4UW,molecular_tests.days_to_test,,
follow_up.tsv,TCGA-EM-A3O8,molecular_tests.days_to_test,,
follow_up.tsv,TCGA-EL-A3T1,molecular_tests.days_to_test,,
follow_up.tsv,TCGA-E8-A2EA,molecular_tests.days_to_test,,
follow_up.tsv,TCGA-EL-A3T8,molecular_tests.days_to_test,,
follow_up.tsv,TCGA-EM-A2OX,molecular_tests.days_to_test,,
follow_up.tsv,TCGA-DJ-A13V,molecular_tests.days_to_test,,
follow_up.tsv,TCGA-DJ-A1QQ,molecular_tests.days_to_test,,
follow_up.tsv,TCGA-ET-A39R,molecular_tests.days_to_test,,
follow_up.tsv,TCGA-CE-A485,molecular_tests.days_to_test,,
follow_up.tsv,TCGA-L6-A4EP,molecular_tests.days_to_test,,
follow_up.tsv,TCGA-DJ-A3UT,molecular_tests.days_to_test,,
follow_up.tsv,TCGA-ET-A2N3,molecular_tests.days_to_test,,
follow_up.tsv,TCGA-DE-A69J,molecular_tests.days_to_test,,
follow_up.tsv,TCGA-DJ-A2PS,molecular_tests.days_to_test,,
follow_up.tsv,TCGA-ET-A3DT,molecular_tests.days_to_test,,
follow_up.tsv,TCGA-DJ-A2Q2,molecular_tests.days_to_test,,
follow_up.tsv,TCGA-ET-A3DR,molecular_tests.days_to_test,,
follow_up.tsv,TCGA-J8-A3YH,molecular_tests.days_to_test,,
follow_up.tsv,TCGA-EL-A3TB,molecular_tests.days_to_test,,
follow_up.tsv,TCGA-BJ-A45C,molecular_tests.days_to_test,,
follow_up.tsv,TCGA-CE-A13K,molecular_tests.days_to_test,,
follow_up.tsv,TCGA-DJ-A2PX,molecular_tests.days_to_test,,
follow_up.tsv,TCGA-EL-A3ZS,molecular_tests.days_to_test,,
follow_up.tsv,TCGA-E8-A419,molecular_tests.days_to_test,,
follow_up.tsv,TCGA-DJ-A3V8,molecular_tests.days_to_test,,
follow_up.tsv,TCGA-EL-A4K2,molecular_tests.days_to_test,,
follow_up.tsv,TCGA-DE-A4M8,molecular_tests.days_to_test,,
follow_up.tsv,TCGA-CE-A482,molecular_tests.days_to_test,,
follow_up.tsv,TCGA-E8-A44K,molecular_tests.days_to_test,,
follow_up.tsv,TCGA-EM-A2OW,molecular_tests.days_to_test,,
follow_up.tsv,TCGA-BJ-A3F0,molecular_tests.days_to_test,,
follow_up.tsv,TCGA-DJ-A3VF,molecular_tests.days_to_test,,
follow_up.tsv,TCGA-FE-A3PC,molecular_tests.days_to_test,,
follow_up.tsv,TCGA-BJ-A28T,molecular_tests.days_to_test,,
follow_up.tsv,TCGA-EL-A4K1,molecular_tests.days_to_test,,
follow_up.tsv,TCGA-EM-A22L,molecular_tests.days_to_test,,
follow_up.tsv,TCGA-DJ-A3UZ,molecular_tests.days_to_test,,
follow_up.tsv,TCGA-EL-A3CY,molecular_tests.days_to_test,,
follow_up.tsv,TCGA-DJ-A4UT,molecular_tests.days_to_test,,
follow_up.tsv,TCGA-DJ-A2Q3,molecular_tests.days_to_test,,
follow_up.tsv,TCGA-DJ-A2Q6,molecular_tests.days_to_test,,
follow_up.tsv,TCGA-FK-A3SE,molecular_tests.days_to_test,,
follow_up.tsv,TCGA-DJ-A2QA,molecular_tests.days_to_test,,
follow_up.tsv,TCGA-FY-A2QD,molecular_tests.days_to_test,,
follow_up.tsv,TCGA-EL-A3GR,molecular_tests.days_to_test,,
follow_up.tsv,TCGA-EL-A3T7,molecular_tests.days_to_test,,
follow_up.tsv,TCGA-EM-A3FO,molecular_tests.days_to_test,,
follow_up.tsv,TCGA-DJ-A3VB,molecular_tests.days_to_test,,
follow_up.tsv,TCGA-FY-A3NN,molecular_tests.days_to_test,,
follow_up.tsv,TCGA-EM-A1YB,molecular_tests.days_to_test,,
follow_up.tsv,TCGA-ET-A3DV,molecular_tests.days_to_test,,
follow_up.tsv,TCGA-EL-A4KD,molecular_tests.days_to_test,,
follow_up.tsv,TCGA-L6-A4EU,molecular_tests.days_to_test,,
follow_up.tsv,TCGA-DJ-A2QB,molecular_tests.days_to_test,,
follow_up.tsv,TCGA-DJ-A4V4,molecular_tests.days_to_test,,
follow_up.tsv,TCGA-DJ-A3V0,molecular_tests.days_to_test,,
follow_up.tsv,TCGA-BJ-A45G,molecular_tests.days_to_test,,
follow_up.tsv,TCGA-FY-A3R7,molecular_tests.days_to_test,,
follow_up.tsv,TCGA-EM-A2P2,molecular_tests.days_to_test,,
follow_up.tsv,TCGA-DJ-A13M,molecular_tests.days_to_test,,
follow_up.tsv,TCGA-EL-A3D1,molecular_tests.days_to_test,,
follow_up.tsv,TCGA-BJ-A28V,molecular_tests.days_to_test,,
follow_up.tsv,TCGA-BJ-A3EZ,molecular_tests.days_to_test,,
follow_up.tsv,TCGA-DJ-A3VG,molecular_tests.days_to_test,,
follow_up.tsv,TCGA-ET-A3DU,molecular_tests.days_to_test,,
follow_up.tsv,TCGA-ET-A3BO,molecular_tests.days_to_test,,
follow_up.tsv,TCGA-EM-A3FP,molecular_tests.days_to_test,,
follow_up.tsv,TCGA-ET-A25O,molecular_tests.days_to_test,,
follow_up.tsv,TCGA-E8-A415,molecular_tests.days_to_test,,
follow_up.tsv,TCGA-EM-A22J,molecular_tests.days_to_test,,
follow_up.tsv,TCGA-DJ-A3UR,molecular_tests.days_to_test,,
follow_up.tsv,TCGA-EM-A22N,molecular_tests.days_to_test,,
follow_up.tsv,TCGA-FY-A3BL,molecular_tests.days_to_test,,
follow_up.tsv,TCGA-FY-A3R8,molecular_tests.days_to_test,,
follow_up.tsv,TCGA-FE-A235,molecular_tests.days_to_test,,
follow_up.tsv,TCGA-DJ-A13L,molecular_tests.days_to_test,,
follow_up.tsv,TCGA-ET-A3BS,molecular_tests.days_to_test,,
follow_up.tsv,TCGA-EM-A2CT,molecular_tests.days_to_test,,
follow_up.tsv,TCGA-ET-A40S,molecular_tests.days_to_test,,
follow_up.tsv,TCGA-J8-A3YE,molecular_tests.days_to_test,,
follow_up.tsv,TCGA-EM-A3FJ,molecular_tests.days_to_test,,
follow_up.tsv,TCGA-EM-A2P3,molecular_tests.days_to_test,,
follow_up.tsv,TCGA-EM-A4G1,molecular_tests.days_to_test,,
follow_up.tsv,TCGA-EL-A3GW,molecular_tests.days_to_test,,
follow_up.tsv,TCGA-DJ-A13P,molecular_tests.days_to_test,,
follow_up.tsv,TCGA-DJ-A3VL,molecular_tests.days_to_test,,
follow_up.tsv,TCGA-DJ-A1QG,molecular_tests.days_to_test,,
follow_up.tsv,TCGA-BJ-A2N7,molecular_tests.days_to_test,,
follow_up.tsv,TCGA-FY-A3I4,molecular_tests.days_to_test,,
follow_up.tsv,TCGA-ET-A39L,molecular_tests.days_to_test,,
follow_up.tsv,TCGA-EM-A3FL,molecular_tests.days_to_test,,
follow_up.tsv,TCGA-ET-A39O,molecular_tests.days_to_test,,
follow_up.tsv,TCGA-IM-A3ED,molecular_tests.days_to_test,,
follow_up.tsv,TCGA-FY-A3YR,molecular_tests.days_to_test,,
follow_up.tsv,TCGA-KS-A4IB,molecular_tests.days_to_test,,
follow_up.tsv,TCGA-EM-A2OY,molecular_tests.days_to_test,,
follow_up.tsv,TCGA-EL-A3TA,molecular_tests.days_to_test,,
follow_up.tsv,TCGA-DJ-A2PW,molecular_tests.days_to_test,,
follow_up.tsv,TCGA-BJ-A291,molecular_tests.days_to_test,,
follow_up.tsv,TCGA-DJ-A3UM,molecular_tests.days_to_test,,
follow_up.tsv,TCGA-E8-A413,molecular_tests.days_to_test,,
follow_up.tsv,TCGA-DJ-A2PO,molecular_tests.days_to_test,,
follow_up.tsv,TCGA-DJ-A3UK,molecular_tests.days_to_test,,
follow_up.tsv,TCGA-L6-A4EQ,molecular_tests.days_to_test,,
follow_up.tsv,TCGA-DJ-A3UO,molecular_tests.days_to_test,,
follow_up.tsv,TCGA-EM-A3AJ,molecular_tests.days_to_test,,
follow_up.tsv,TCGA-FY-A3R9,molecular_tests.days_to_test,,
follow_up.tsv,TCGA-DJ-A1QD,molecular_tests.days_to_test,,
follow_up.tsv,TCGA-DJ-A4V2,molecular_tests.days_to_test,,
follow_up.tsv,TCGA-EM-A2CJ,molecular_tests.days_to_test,,
follow_up.tsv,TCGA-EL-A4K7,molecular_tests.days_to_test,,
follow_up.tsv,TCGA-EL-A4KG,molecular_tests.days_to_test,,
follow_up.tsv,TCGA-DJ-A3VD,molecular_tests.days_to_test,,
follow_up.tsv,TCGA-DJ-A1QE,molecular_tests.days_to_test,,
follow_up.tsv,TCGA-IM-A3U3,molecular_tests.days_to_test,,
follow_up.tsv,TCGA-MK-A4N6,molecular_tests.days_to_test,,
follow_up.tsv,TCGA-EL-A3GP,molecular_tests.days_to_test,,
follow_up.tsv,TCGA-EM-A22K,molecular_tests.days_to_test,,
follow_up.tsv,TCGA-CE-A3ME,molecular_tests.days_to_test,,
follow_up.tsv,TCGA-ET-A39S,molecular_tests.days_to_test,,
follow_up.tsv,TCGA-E8-A436,molecular_tests.days_to_test,,
follow_up.tsv,TCGA-E3-A3DY,molecular_tests.days_to_test,,
follow_up.tsv,TCGA-KS-A4I7,molecular_tests.days_to_test,,
follow_up.tsv,TCGA-EL-A3H4,molecular_tests.days_to_test,,
follow_up.tsv,TCGA-DJ-A3VE,molecular_tests.days_to_test,,
follow_up.tsv,TCGA-EM-A4FO,molecular_tests.days_to_test,,
follow_up.tsv,TCGA-4C-A93U,molecular_tests.days_to_test,,
follow_up.tsv,TCGA-ET-A25G,molecular_tests.days_to_test,,
follow_up.tsv,TCGA-EL-A3ZL,molecular_tests.days_to_test,,
follow_up.tsv,TCGA-IM-A420,molecular_tests.days_to_test,,
follow_up.tsv,TCGA-DJ-A2Q1,molecular_tests.days_to_test,,
follow_up.tsv,TCGA-FK-A3SH,molecular_tests.days_to_test,,
follow_up.tsv,TCGA-DJ-A1QL,molecular_tests.days_to_test,,
follow_up.tsv,TCGA-H2-A26U,molecular_tests.days_to_test,,
follow_up.tsv,TCGA-CE-A484,molecular_tests.days_to_test,,
follow_up.tsv,TCGA-DJ-A3VJ,molecular_tests.days_to_test,,
follow_up.tsv,TCGA-EM-A1YE,molecular_tests.days_to_test,,
follow_up.tsv,TCGA-ET-A2N1,molecular_tests.days_to_test,,
follow_up.tsv,TCGA-BJ-A45D,molecular_tests.days_to_test,,
follow_up.tsv,TCGA-BJ-A2P4,molecular_tests.days_to_test,,
follow_up.tsv,TCGA-EM-A3AQ,molecular_tests.days_to_test,,
follow_up.tsv,TCGA-EM-A1CS,molecular_tests.days_to_test,,
follow_up.tsv,TCGA-KS-A4I5,molecular_tests.days_to_test,,
follow_up.tsv,TCGA-EL-A3GV,molecular_tests.days_to_test,,
follow_up.tsv,TCGA-ET-A39M,molecular_tests.days_to_test,,
follow_up.tsv,TCGA-EL-A3D5,molecular_tests.days_to_test,,
follow_up.tsv,TCGA-EL-A3ZP,molecular_tests.days_to_test,,
follow_up.tsv,TCGA-ET-A2MY,molecular_tests.days_to_test,,
follow_up.tsv,TCGA-E8-A418,molecular_tests.days_to_test,,
follow_up.tsv,TCGA-ET-A25N,molecular_tests.days_to_test,,
follow_up.tsv,TCGA-DJ-A2PQ,molecular_tests.days_to_test,,
follow_up.tsv,TCGA-EM-A22I,molecular_tests.days_to_test,,
follow_up.tsv,TCGA-EL-A3MW,molecular_tests.days_to_test,,
follow_up.tsv,TCGA-E3-A3E2,molecular_tests.days_to_test,,
follow_up.tsv,TCGA-E8-A434,molecular_tests.days_to_test,,
follow_up.tsv,TCGA-DJ-A2Q4,molecular_tests.days_to_test,,
follow_up.tsv,TCGA-MK-A4N7,molecular_tests.days_to_test,,
follow_up.tsv,TCGA-E8-A438,molecular_tests.days_to_test,,
follow_up.tsv,TCGA-DJ-A1QO,molecular_tests.days_to_test,,
follow_up.tsv,TCGA-DJ-A3UV,molecular_tests.days_to_test,,
follow_up.tsv,TCGA-E8-A3X7,molecular_tests.days_to_test,,
follow_up.tsv,TCGA-DJ-A1QH,molecular_tests.days_to_test,,
follow_up.tsv,TCGA-BJ-A0YZ,molecular_tests.days_to_test,,
follow_up.tsv,TCGA-E8-A2JQ,molecular_tests.days_to_test,,
follow_up.tsv,TCGA-FY-A3NM,molecular_tests.days_to_test,,
follow_up.tsv,TCGA-EL-A3MZ,molecular_tests.days_to_test,,
follow_up.tsv,TCGA-EM-A4FN,molecular_tests.days_to_test,,
follow_up.tsv,TCGA-ET-A3DQ,molecular_tests.days_to_test,,
follow_up.tsv,TCGA-DJ-A2Q8,molecular_tests.days_to_test,,
follow_up.tsv,TCGA-KS-A4I3,molecular_tests.days_to_test,,
follow_up.tsv,TCGA-EL-A3H8,molecular_tests.days_to_test,,
follow_up.tsv,TCGA-EL-A3H7,molecular_tests.days_to_test,,
follow_up.tsv,TCGA-DJ-A2PN,molecular_tests.days_to_test,,
follow_up.tsv,TCGA-EL-A3CV,molecular_tests.days_to_test,,
follow_up.tsv,TCGA-DJ-A1QF,molecular_tests.days_to_test,,
follow_up.tsv,TCGA-BJ-A3PR,molecular_tests.days_to_test,,
follow_up.tsv,TCGA-DJ-A2PY,molecular_tests.days_to_test,,
follow_up.tsv,TCGA-J8-A4HW,molecular_tests.days_to_test,,
follow_up.tsv,TCGA-FE-A23A,molecular_tests.days_to_test,,
follow_up.tsv,TCGA-EM-A3SU,molecular_tests.days_to_test,,
follow_up.tsv,TCGA-EM-A3FQ,molecular_tests.days_to_test,,
follow_up.tsv,TCGA-EL-A3CW,molecular_tests.days_to_test,,
follow_up.tsv,TCGA-EL-A3CL,molecular_tests.days_to_test,,
follow_up.tsv,TCGA-EL-A3CO,molecular_tests.days_to_test,,
follow_up.tsv,TCGA-ET-A3DO,molecular_tests.timepoint_category,,
follow_up.tsv,TCGA-EL-A4KI,molecular_tests.timepoint_category,,
follow_up.tsv,TCGA-BJ-A290,molecular_tests.timepoint_category,,
follow_up.tsv,TCGA-EL-A4K6,molecular_tests.timepoint_category,,
follow_up.tsv,TCGA-EM-A4FU,molecular_tests.timepoint_category,,
follow_up.tsv,TCGA-ET-A39K,molecular_tests.timepoint_category,,
follow_up.tsv,TCGA-FE-A22Z,molecular_tests.timepoint_category,,
follow_up.tsv,TCGA-FE-A237,molecular_tests.timepoint_category,,
follow_up.tsv,TCGA-EL-A3GX,molecular_tests.timepoint_category,,
follow_up.tsv,TCGA-DO-A1K0,molecular_tests.timepoint_category,,
follow_up.tsv,TCGA-EM-A4FF,molecular_tests.timepoint_category,,
follow_up.tsv,TCGA-ET-A3BV,molecular_tests.timepoint_category,,
follow_up.tsv,TCGA-DE-A0Y3,molecular_tests.timepoint_category,,
follow_up.tsv,TCGA-DJ-A4UR,molecular_tests.timepoint_category,,
follow_up.tsv,TCGA-DE-A4MD,molecular_tests.timepoint_category,,
follow_up.tsv,TCGA-ET-A3BT,molecular_tests.timepoint_category,,
follow_up.tsv,TCGA-EL-A3GU,molecular_tests.timepoint_category,,
follow_up.tsv,TCGA-FE-A234,molecular_tests.timepoint_category,,
follow_up.tsv,TCGA-FE-A233,molecular_tests.timepoint_category,,
follow_up.tsv,TCGA-BJ-A0Z2,molecular_tests.timepoint_category,,
follow_up.tsv,TCGA-FE-A239,molecular_tests.timepoint_category,,
follow_up.tsv,TCGA-E3-A3E3,molecular_tests.timepoint_category,,
follow_up.tsv,TCGA-ET-A40Q,molecular_tests.timepoint_category,,
follow_up.tsv,TCGA-DE-A4MC,molecular_tests.timepoint_category,,
follow_up.tsv,TCGA-EL-A3T2,molecular_tests.timepoint_category,,
follow_up.tsv,TCGA-EM-A3FM,molecular_tests.timepoint_category,,
follow_up.tsv,TCGA-E8-A432,molecular_tests.timepoint_category,,
follow_up.tsv,TCGA-EL-A3GO,molecular_tests.timepoint_category,,
follow_up.tsv,TCGA-FE-A230,molecular_tests.timepoint_category,,
follow_up.tsv,TCGA-H2-A3RI,molecular_tests.timepoint_category,,
follow_up.tsv,TCGA-EL-A3CZ,molecular_tests.timepoint_category,,
follow_up.tsv,TCGA-FE-A238,molecular_tests.timepoint_category,,
follow_up.tsv,TCGA-EL-A3MX,molecular_tests.timepoint_category,,
follow_up.tsv,TCGA-BJ-A3PU,molecular_tests.timepoint_category,,
follow_up.tsv,TCGA-EM-A2P1,molecular_tests.timepoint_category,,
follow_up.tsv,TCGA-BJ-A18Z,molecular_tests.timepoint_category,,
follow_up.tsv,TCGA-BJ-A0Z5,molecular_tests.timepoint_category,,
follow_up.tsv,TCGA-BJ-A4O8,molecular_tests.timepoint_category,,
follow_up.tsv,TCGA-FE-A3PA,molecular_tests.timepoint_category,,
follow_up.tsv,TCGA-BJ-A2N9,molecular_tests.timepoint_category,,
follow_up.tsv,TCGA-BJ-A191,molecular_tests.timepoint_category,,
follow_up.tsv,TCGA-EL-A3ZG,molecular_tests.timepoint_category,,
follow_up.tsv,TCGA-BJ-A0Z3,molecular_tests.timepoint_category,,
follow_up.tsv,TCGA-EM-A2CN,molecular_tests.timepoint_category,,
follow_up.tsv,TCGA-EL-A3D0,molecular_tests.timepoint_category,,
follow_up.tsv,TCGA-BJ-A45J,molecular_tests.timepoint_category,,
follow_up.tsv,TCGA-EL-A3MY,molecular_tests.timepoint_category,,
follow_up.tsv,TCGA-BJ-A45H,molecular_tests.timepoint_category,,
follow_up.tsv,TCGA-FK-A4UB,molecular_tests.timepoint_category,,
follow_up.tsv,TCGA-DE-A69K,molecular_tests.timepoint_category,,
follow_up.tsv,TCGA-BJ-A0ZH,molecular_tests.timepoint_category,,
follow_up.tsv,TCGA-BJ-A0ZF,molecular_tests.timepoint_category,,
follow_up.tsv,TCGA-DJ-A3UX,molecular_tests.timepoint_category,,
follow_up.tsv,TCGA-BJ-A0ZG,molecular_tests.timepoint_category,,
follow_up.tsv,TCGA-BJ-A28W,molecular_tests.timepoint_category,,
follow_up.tsv,TCGA-QD-A8IV,molecular_tests.timepoint_category,,
follow_up.tsv,TCGA-BJ-A4O9,molecular_tests.timepoint_category,,
follow_up.tsv,TCGA-EM-A3ST,molecular_tests.timepoint_category,,
follow_up.tsv,TCGA-BJ-A0ZB,molecular_tests.timepoint_category,,
follow_up.tsv,TCGA-L6-A4ET,molecular_tests.timepoint_category,,
follow_up.tsv,TCGA-BJ-A2NA,molecular_tests.timepoint_category,,
follow_up.tsv,TCGA-J8-A3YF,molecular_tests.timepoint_category,,
follow_up.tsv,TCGA-BJ-A190,molecular_tests.timepoint_category,,
follow_up.tsv,TCGA-DE-A7U5,molecular_tests.timepoint_category,,
follow_up.tsv,TCGA-BJ-A45E,molecular_tests.timepoint_category,,
follow_up.tsv,TCGA-BJ-A0ZA,molecular_tests.timepoint_category,,
follow_up.tsv,TCGA-J8-A3YD,molecular_tests.timepoint_category,,
follow_up.tsv,TCGA-BJ-A0ZC,molecular_tests.timepoint_category,,
follow_up.tsv,TCGA-BJ-A28Z,molecular_tests.timepoint_category,,
follow_up.tsv,TCGA-BJ-A0ZJ,molecular_tests.timepoint_category,,
follow_up.tsv,TCGA-BJ-A45K,molecular_tests.timepoint_category,,
follow_up.tsv,TCGA-J8-A3YG,molecular_tests.timepoint_category,,
follow_up.tsv,TCGA-BJ-A0ZE,molecular_tests.timepoint_category,,
follow_up.tsv,TCGA-BJ-A18Y,molecular_tests.timepoint_category,,
follow_up.tsv,TCGA-BJ-A28X,molecular_tests.timepoint_category,,
follow_up.tsv,TCGA-BJ-A192,molecular_tests.timepoint_category,,
follow_up.tsv,TCGA-BJ-A45I,molecular_tests.timepoint_category,,
follow_up.tsv,TCGA-BJ-A45F,molecular_tests.timepoint_category,,
follow_up.tsv,TCGA-J8-A3O1,molecular_tests.timepoint_category,,
follow_up.tsv,TCGA-DJ-A4V0,molecular_tests.timepoint_category,,
follow_up.tsv,TCGA-EL-A3N3,molecular_tests.timepoint_category,,
follow_up.tsv,TCGA-FY-A4B3,molecular_tests.timepoint_category,,
follow_up.tsv,TCGA-FY-A3NP,molecular_tests.timepoint_category,,
follow_up.tsv,TCGA-DJ-A3UY,molecular_tests.timepoint_category,,
follow_up.tsv,TCGA-H2-A3RH,molecular_tests.timepoint_category,,
follow_up.tsv,TCGA-J8-A3O2,molecular_tests.timepoint_category,,
follow_up.tsv,TCGA-EM-A2CO,molecular_tests.timepoint_category,,
follow_up.tsv,TCGA-EL-A3ZM,molecular_tests.timepoint_category,,
follow_up.tsv,TCGA-DJ-A2PP,molecular_tests.timepoint_category,,
follow_up.tsv,TCGA-FE-A3PB,molecular_tests.timepoint_category,,
follow_up.tsv,TCGA-DJ-A2Q9,molecular_tests.timepoint_category,,
follow_up.tsv,TCGA-EL-A4K0,molecular_tests.timepoint_category,,
follow_up.tsv,TCGA-DE-A3KN,molecular_tests.timepoint_category,,
follow_up.tsv,TCGA-ET-A25R,molecular_tests.timepoint_category,,
follow_up.tsv,TCGA-EM-A1YC,molecular_tests.timepoint_category,,
follow_up.tsv,TCGA-DJ-A13T,molecular_tests.timepoint_category,,
follow_up.tsv,TCGA-EM-A3AL,molecular_tests.timepoint_category,,
follow_up.tsv,TCGA-EM-A4FK,molecular_tests.timepoint_category,,
follow_up.tsv,TCGA-EM-A3FK,molecular_tests.timepoint_category,,
follow_up.tsv,TCGA-ET-A25I,molecular_tests.timepoint_category,,
follow_up.tsv,TCGA-EM-A3SZ,molecular_tests.timepoint_category,,
follow_up.tsv,TCGA-EM-A3AP,molecular_tests.timepoint_category,,
follow_up.tsv,TCGA-ET-A25P,molecular_tests.timepoint_category,,
follow_up.tsv,TCGA-EM-A4FM,molecular_tests.timepoint_category,,
follow_up.tsv,TCGA-DJ-A2PU,molecular_tests.timepoint_category,,
follow_up.tsv,TCGA-DJ-A2Q5,molecular_tests.timepoint_category,,
follow_up.tsv,TCGA-EM-A3SX,molecular_tests.timepoint_category,,
follow_up.tsv,TCGA-EL-A3ZH,molecular_tests.timepoint_category,,
follow_up.tsv,TCGA-EL-A3GY,molecular_tests.timepoint_category,,
follow_up.tsv,TCGA-CE-A3MD,molecular_tests.timepoint_category,,
follow_up.tsv,TCGA-DO-A1JZ,molecular_tests.timepoint_category,,
follow_up.tsv,TCGA-ET-A39J,molecular_tests.timepoint_category,,
follow_up.tsv,TCGA-DJ-A3VI,molecular_tests.timepoint_category,,
follow_up.tsv,TCGA-ET-A3DP,molecular_tests.timepoint_category,,
follow_up.tsv,TCGA-EM-A3AO,molecular_tests.timepoint_category,,
follow_up.tsv,TCGA-EM-A22P,molecular_tests.timepoint_category,,
follow_up.tsv,TCGA-E8-A437,molecular_tests.timepoint_category,,
follow_up.tsv,TCGA-DJ-A3VM,molecular_tests.timepoint_category,,
follow_up.tsv,TCGA-DJ-A2QC,molecular_tests.timepoint_category,,
follow_up.tsv,TCGA-EL-A3ZN,molecular_tests.timepoint_category,,
follow_up.tsv,TCGA-EM-A2OZ,molecular_tests.timepoint_category,,
follow_up.tsv,TCGA-DJ-A1QN,molecular_tests.timepoint_category,,
follow_up.tsv,TCGA-EL-A3D6,molecular_tests.timepoint_category,,
follow_up.tsv,TCGA-ET-A2N0,molecular_tests.timepoint_category,,
follow_up.tsv,TCGA-EM-A2CR,molecular_tests.timepoint_category,,
follow_up.tsv,TCGA-MK-A84Z,molecular_tests.timepoint_category,,
follow_up.tsv,TCGA-EL-A3CM,molecular_tests.timepoint_category,,
follow_up.tsv,TCGA-EM-A1CW,molecular_tests.timepoint_category,,
follow_up.tsv,TCGA-KS-A41J,molecular_tests.timepoint_category,,
follow_up.tsv,TCGA-E8-A414,molecular_tests.timepoint_category,,
follow_up.tsv,TCGA-EL-A3GS,molecular_tests.timepoint_category,,
follow_up.tsv,TCGA-EM-A3OA,molecular_tests.timepoint_category,,
follow_up.tsv,TCGA-ET-A40R,molecular_tests.timepoint_category,,
follow_up.tsv,TCGA-MK-A4N9,molecular_tests.timepoint_category,,
follow_up.tsv,TCGA-DJ-A4UP,molecular_tests.timepoint_category,,
follow_up.tsv,TCGA-EL-A3CR,molecular_tests.timepoint_category,,
follow_up.tsv,TCGA-H2-A2K9,molecular_tests.timepoint_category,,
follow_up.tsv,TCGA-DJ-A3UP,molecular_tests.timepoint_category,,
follow_up.tsv,TCGA-DJ-A4UQ,molecular_tests.timepoint_category,,
follow_up.tsv,TCGA-EM-A2CL,molecular_tests.timepoint_category,,
follow_up.tsv,TCGA-DJ-A3VA,molecular_tests.timepoint_category,,
follow_up.tsv,TCGA-EM-A1CT,molecular_tests.timepoint_category,,
follow_up.tsv,TCGA-ET-A4KQ,molecular_tests.timepoint_category,,
follow_up.tsv,TCGA-EL-A4K4,molecular_tests.timepoint_category,,
follow_up.tsv,TCGA-BJ-A3PT,molecular_tests.timepoint_category,,
follow_up.tsv,TCGA-EM-A3O3,molecular_tests.timepoint_category,,
follow_up.tsv,TCGA-EM-A2CM,molecular_tests.timepoint_category,,
follow_up.tsv,TCGA-J8-A4HY,molecular_tests.timepoint_category,,
follow_up.tsv,TCGA-EM-A3FR,molecular_tests.timepoint_category,,
follow_up.tsv,TCGA-CE-A481,molecular_tests.timepoint_category,,
follow_up.tsv,TCGA-ET-A40T,molecular_tests.timepoint_category,,
follow_up.tsv,TCGA-ET-A3BW,molecular_tests.timepoint_category,,
follow_up.tsv,TCGA-DJ-A2PR,molecular_tests.timepoint_category,,
follow_up.tsv,TCGA-E8-A44M,molecular_tests.timepoint_category,,
follow_up.tsv,TCGA-DJ-A3V9,molecular_tests.timepoint_category,,
follow_up.tsv,TCGA-EM-A2CP,molecular_tests.timepoint_category,,
follow_up.tsv,TCGA-ET-A25K,molecular_tests.timepoint_category,,
follow_up.tsv,TCGA-EL-A3GZ,molecular_tests.timepoint_category,,
follow_up.tsv,TCGA-FE-A236,molecular_tests.timepoint_category,,
follow_up.tsv,TCGA-EL-A3ZQ,molecular_tests.timepoint_category,,
follow_up.tsv,TCGA-EM-A3O9,molecular_tests.timepoint_category,,
follow_up.tsv,TCGA-EL-A3N2,molecular_tests.timepoint_category,,
follow_up.tsv,TCGA-DJ-A3V4,molecular_tests.timepoint_category,,
follow_up.tsv,TCGA-EL-A3CP,molecular_tests.timepoint_category,,
follow_up.tsv,TCGA-DJ-A1QM,molecular_tests.timepoint_category,,
follow_up.tsv,TCGA-DJ-A3UQ,molecular_tests.timepoint_category,,
follow_up.tsv,TCGA-ET-A39I,molecular_tests.timepoint_category,,
follow_up.tsv,TCGA-IM-A4EB,molecular_tests.timepoint_category,,
follow_up.tsv,TCGA-EM-A3O6,molecular_tests.timepoint_category,,
follow_up.tsv,TCGA-EL-A3H3,molecular_tests.timepoint_category,,
follow_up.tsv,TCGA-FE-A3PD,molecular_tests.timepoint_category,,
follow_up.tsv,TCGA-DJ-A2PT,molecular_tests.timepoint_category,,
follow_up.tsv,TCGA-EM-A3O7,molecular_tests.timepoint_category,,
follow_up.tsv,TCGA-IM-A3EB,molecular_tests.timepoint_category,,
follow_up.tsv,TCGA-DJ-A1QI,molecular_tests.timepoint_category,,
follow_up.tsv,TCGA-DJ-A13X,molecular_tests.timepoint_category,,
follow_up.tsv,TCGA-DJ-A13W,molecular_tests.timepoint_category,,
follow_up.tsv,TCGA-ET-A3BN,molecular_tests.timepoint_category,,
follow_up.tsv,TCGA-EL-A3ZO,molecular_tests.timepoint_category,,
follow_up.tsv,TCGA-EL-A3ZK,molecular_tests.timepoint_category,,
follow_up.tsv,TCGA-EL-A4JZ,molecular_tests.timepoint_category,,
follow_up.tsv,TCGA-ET-A2N4,molecular_tests.timepoint_category,,
follow_up.tsv,TCGA-DJ-A13R,molecular_tests.timepoint_category,,
follow_up.tsv,TCGA-DE-A0XZ,molecular_tests.timepoint_category,,
follow_up.tsv,TCGA-FY-A40L,molecular_tests.timepoint_category,,
follow_up.tsv,TCGA-EL-A3H5,molecular_tests.timepoint_category,,
follow_up.tsv,TCGA-ET-A3DW,molecular_tests.timepoint_category,,
follow_up.tsv,TCGA-J8-A3NZ,molecular_tests.timepoint_category,,
follow_up.tsv,TCGA-ET-A39P,molecular_tests.timepoint_category,,
follow_up.tsv,TCGA-ET-A25L,molecular_tests.timepoint_category,,
follow_up.tsv,TCGA-FY-A40N,molecular_tests.timepoint_category,,
follow_up.tsv,TCGA-DJ-A3UU,molecular_tests.timepoint_category,,
follow_up.tsv,TCGA-ET-A3BU,molecular_tests.timepoint_category,,
follow_up.tsv,TCGA-EL-A3CN,molecular_tests.timepoint_category,,
follow_up.tsv,TCGA-EM-A4FH,molecular_tests.timepoint_category,,
follow_up.tsv,TCGA-EM-A3AK,molecular_tests.timepoint_category,,
follow_up.tsv,TCGA-KS-A41L,molecular_tests.timepoint_category,,
follow_up.tsv,TCGA-E8-A433,molecular_tests.timepoint_category,,
follow_up.tsv,TCGA-EL-A3CT,molecular_tests.timepoint_category,,
follow_up.tsv,TCGA-FY-A3ON,molecular_tests.timepoint_category,,
follow_up.tsv,TCGA-KS-A4IC,molecular_tests.timepoint_category,,
follow_up.tsv,TCGA-E8-A242,molecular_tests.timepoint_category,,
follow_up.tsv,TCGA-EM-A1CU,molecular_tests.timepoint_category,,
follow_up.tsv,TCGA-EL-A3GQ,molecular_tests.timepoint_category,,
follow_up.tsv,TCGA-DE-A4MB,molecular_tests.timepoint_category,,
follow_up.tsv,TCGA-EL-A4JW,molecular_tests.timepoint_category,,
follow_up.tsv,TCGA-ET-A2MZ,molecular_tests.timepoint_category,,
follow_up.tsv,TCGA-EM-A4FQ,molecular_tests.timepoint_category,,
follow_up.tsv,TCGA-FY-A3I5,molecular_tests.timepoint_category,,
follow_up.tsv,TCGA-BJ-A28R,molecular_tests.timepoint_category,,
follow_up.tsv,TCGA-KS-A4I9,molecular_tests.timepoint_category,,
follow_up.tsv,TCGA-FY-A3TY,molecular_tests.timepoint_category,,
follow_up.tsv,TCGA-IM-A41Y,molecular_tests.timepoint_category,,
follow_up.tsv,TCGA-EM-A2OV,molecular_tests.timepoint_category,,
follow_up.tsv,TCGA-EM-A1YA,molecular_tests.timepoint_category,,
follow_up.tsv,TCGA-J8-A3O0,molecular_tests.timepoint_category,,
follow_up.tsv,TCGA-FY-A3RA,molecular_tests.timepoint_category,,
follow_up.tsv,TCGA-FY-A3WA,molecular_tests.timepoint_category,,
follow_up.tsv,TCGA-ET-A2MX,molecular_tests.timepoint_category,,
follow_up.tsv,TCGA-EM-A3FN,molecular_tests.timepoint_category,,
follow_up.tsv,TCGA-E3-A3DZ,molecular_tests.timepoint_category,,
follow_up.tsv,TCGA-BJ-A28S,molecular_tests.timepoint_category,,
follow_up.tsv,TCGA-ET-A3BQ,molecular_tests.timepoint_category,,
follow_up.tsv,TCGA-E3-A3E0,molecular_tests.timepoint_category,,
follow_up.tsv,TCGA-FY-A4B4,molecular_tests.timepoint_category,,
follow_up.tsv,TCGA-ET-A3DS,molecular_tests.timepoint_category,,
follow_up.tsv,TCGA-EL-A3D4,molecular_tests.timepoint_category,,
follow_up.tsv,TCGA-DJ-A2PZ,molecular_tests.timepoint_category,,
follow_up.tsv,TCGA-DJ-A3UW,molecular_tests.timepoint_category,,
follow_up.tsv,TCGA-FE-A232,molecular_tests.timepoint_category,,
follow_up.tsv,TCGA-ET-A25J,molecular_tests.timepoint_category,,
follow_up.tsv,TCGA-DJ-A2PV,molecular_tests.timepoint_category,,
follow_up.tsv,TCGA-FK-A3SD,molecular_tests.timepoint_category,,
follow_up.tsv,TCGA-J8-A42S,molecular_tests.timepoint_category,,
follow_up.tsv,TCGA-EL-A4KH,molecular_tests.timepoint_category,,
follow_up.tsv,TCGA-EL-A3T3,molecular_tests.timepoint_category,,
follow_up.tsv,TCGA-EM-A4FV,molecular_tests.timepoint_category,,
follow_up.tsv,TCGA-EM-A3AN,molecular_tests.timepoint_category,,
follow_up.tsv,TCGA-EL-A3ZT,molecular_tests.timepoint_category,,
follow_up.tsv,TCGA-DJ-A3V3,molecular_tests.timepoint_category,,
follow_up.tsv,TCGA-EM-A2CU,molecular_tests.timepoint_category,,
follow_up.tsv,TCGA-DJ-A3UN,molecular_tests.timepoint_category,,
follow_up.tsv,TCGA-EL-A4JX,molecular_tests.timepoint_category,,
follow_up.tsv,TCGA-EM-A3AI,molecular_tests.timepoint_category,,
follow_up.tsv,TCGA-EM-A22O,molecular_tests.timepoint_category,,
follow_up.tsv,TCGA-DE-A0Y2,molecular_tests.timepoint_category,,
follow_up.tsv,TCGA-FY-A4B0,molecular_tests.timepoint_category,,
follow_up.tsv,TCGA-DJ-A3US,molecular_tests.timepoint_category,,
follow_up.tsv,TCGA-EL-A4JV,molecular_tests.timepoint_category,,
follow_up.tsv,TCGA-KS-A4I1,molecular_tests.timepoint_category,,
follow_up.tsv,TCGA-FE-A231,molecular_tests.timepoint_category,,
follow_up.tsv,TCGA-EM-A3AR,molecular_tests.timepoint_category,,
follow_up.tsv,TCGA-EM-A2CQ,molecular_tests.timepoint_category,,
follow_up.tsv,TCGA-BJ-A2N8,molecular_tests.timepoint_category,,
follow_up.tsv,TCGA-BJ-A0Z0,molecular_tests.timepoint_category,,
follow_up.tsv,TCGA-FY-A40M,molecular_tests.timepoint_category,,
follow_up.tsv,TCGA-EL-A3CU,molecular_tests.timepoint_category,,
follow_up.tsv,TCGA-KS-A41I,molecular_tests.timepoint_category,,
follow_up.tsv,TCGA-EM-A2CS,molecular_tests.timepoint_category,,
follow_up.tsv,TCGA-CE-A27D,molecular_tests.timepoint_category,,
follow_up.tsv,TCGA-ET-A4KN,molecular_tests.timepoint_category,,
follow_up.tsv,TCGA-EM-A1CV,molecular_tests.timepoint_category,,
follow_up.tsv,TCGA-DJ-A3V6,molecular_tests.timepoint_category,,
follow_up.tsv,TCGA-EL-A3H2,molecular_tests.timepoint_category,,
follow_up.tsv,TCGA-DE-A2OL,molecular_tests.timepoint_category,,
follow_up.tsv,TCGA-DJ-A13O,molecular_tests.timepoint_category,,
follow_up.tsv,TCGA-EM-A2CK,molecular_tests.timepoint_category,,
follow_up.tsv,TCGA-DJ-A4UL,molecular_tests.timepoint_category,,
follow_up.tsv,TCGA-FK-A3S3,molecular_tests.timepoint_category,,
follow_up.tsv,TCGA-ET-A39T,molecular_tests.timepoint_category,,
follow_up.tsv,TCGA-DJ-A2Q7,molecular_tests.timepoint_category,,
follow_up.tsv,TCGA-DJ-A3V2,molecular_tests.timepoint_category,,
follow_up.tsv,TCGA-ET-A40P,molecular_tests.timepoint_category,,
follow_up.tsv,TCGA-DJ-A3V5,molecular_tests.timepoint_category,,
follow_up.tsv,TCGA-ET-A2N5,molecular_tests.timepoint_category,,
follow_up.tsv,TCGA-GE-A2C6,molecular_tests.timepoint_category,,
follow_up.tsv,TCGA-FY-A3W9,molecular_tests.timepoint_category,,
follow_up.tsv,TCGA-ET-A25M,molecular_tests.timepoint_category,,
follow_up.tsv,TCGA-EM-A2P0,molecular_tests.timepoint_category,,
follow_up.tsv,TCGA-H2-A421,molecular_tests.timepoint_category,,
follow_up.tsv,TCGA-CE-A483,molecular_tests.timepoint_category,,
follow_up.tsv,TCGA-FY-A76V,molecular_tests.timepoint_category,,
follow_up.tsv,TCGA-DO-A2HM,molecular_tests.timepoint_category,,
follow_up.tsv,TCGA-IM-A3U2,molecular_tests.timepoint_category,,
follow_up.tsv,TCGA-FK-A3SG,molecular_tests.timepoint_category,,
follow_up.tsv,TCGA-EM-A22Q,molecular_tests.timepoint_category,,
follow_up.tsv,TCGA-EL-A3T0,molecular_tests.timepoint_category,,
follow_up.tsv,TCGA-DE-A4M9,molecular_tests.timepoint_category,,
follow_up.tsv,TCGA-E8-A416,molecular_tests.timepoint_category,,
follow_up.tsv,TCGA-DJ-A4V5,molecular_tests.timepoint_category,,
follow_up.tsv,TCGA-BJ-A0Z9,molecular_tests.timepoint_category,,
follow_up.tsv,TCGA-ET-A39N,molecular_tests.timepoint_category,,
follow_up.tsv,TCGA-E3-A3E1,molecular_tests.timepoint_category,,
follow_up.tsv,TCGA-FK-A3SB,molecular_tests.timepoint_category,,
follow_up.tsv,TCGA-KS-A4ID,molecular_tests.timepoint_category,,
follow_up.tsv,TCGA-DE-A4MA,molecular_tests.timepoint_category,,
follow_up.tsv,TCGA-EL-A4K9,molecular_tests.timepoint_category,,
follow_up.tsv,TCGA-ET-A3BX,molecular_tests.timepoint_category,,
follow_up.tsv,TCGA-EL-A3T9,molecular_tests.timepoint_category,,
follow_up.tsv,TCGA-EM-A1YD,molecular_tests.timepoint_category,,
follow_up.tsv,TCGA-FY-A40K,molecular_tests.timepoint_category,,
follow_up.tsv,TCGA-DJ-A13S,molecular_tests.timepoint_category,,
follow_up.tsv,TCGA-EL-A3CS,molecular_tests.timepoint_category,,
follow_up.tsv,TCGA-DJ-A2Q0,molecular_tests.timepoint_category,,
follow_up.tsv,TCGA-DJ-A13U,molecular_tests.timepoint_category,,
follow_up.tsv,TCGA-EM-A3OB,molecular_tests.timepoint_category,,
follow_up.tsv,TCGA-EL-A3H1,molecular_tests.timepoint_category,,
follow_up.tsv,TCGA-EM-A4FR,molecular_tests.timepoint_category,,
follow_up.tsv,TCGA-KS-A41F,molecular_tests.timepoint_category,,
follow_up.tsv,TCGA-DJ-A3V7,molecular_tests.timepoint_category,,
follow_up.tsv,TCGA-H2-A422,molecular_tests.timepoint_category,,
follow_up.tsv,TCGA-EL-A3T6,molecular_tests.timepoint_category,,
follow_up.tsv,TCGA-FY-A3R6,molecular_tests.timepoint_category,,
follow_up.tsv,TCGA-E3-A3E5,molecular_tests.timepoint_category,,
follow_up.tsv,TCGA-EM-A22M,molecular_tests.timepoint_category,,
follow_up.tsv,TCGA-IM-A41Z,molecular_tests.timepoint_category,,
follow_up.tsv,TCGA-EL-A3CX,molecular_tests.timepoint_category,,
follow_up.tsv,TCGA-E8-A417,molecular_tests.timepoint_category,,
follow_up.tsv,TCGA-ET-A3BP,molecular_tests.timepoint_category,,
follow_up.tsv,TCGA-DJ-A3VK,molecular_tests.timepoint_category,,
follow_up.tsv,TCGA-EM-A3SY,molecular_tests.timepoint_category,,
follow_up.tsv,TCGA-EL-A3ZR,molecular_tests.timepoint_category,,
follow_up.tsv,TCGA-DJ-A4UW,molecular_tests.timepoint_category,,
follow_up.tsv,TCGA-EM-A3O8,molecular_tests.timepoint_category,,
follow_up.tsv,TCGA-EL-A3T1,molecular_tests.timepoint_category,,
follow_up.tsv,TCGA-E8-A2EA,molecular_tests.timepoint_category,,
follow_up.tsv,TCGA-EL-A3T8,molecular_tests.timepoint_category,,
follow_up.tsv,TCGA-EM-A2OX,molecular_tests.timepoint_category,,
follow_up.tsv,TCGA-DJ-A13V,molecular_tests.timepoint_category,,
follow_up.tsv,TCGA-DJ-A1QQ,molecular_tests.timepoint_category,,
follow_up.tsv,TCGA-ET-A39R,molecular_tests.timepoint_category,,
follow_up.tsv,TCGA-CE-A485,molecular_tests.timepoint_category,,
follow_up.tsv,TCGA-L6-A4EP,molecular_tests.timepoint_category,,
follow_up.tsv,TCGA-DJ-A3UT,molecular_tests.timepoint_category,,
follow_up.tsv,TCGA-ET-A2N3,molecular_tests.timepoint_category,,
follow_up.tsv,TCGA-DE-A69J,molecular_tests.timepoint_category,,
follow_up.tsv,TCGA-DJ-A2PS,molecular_tests.timepoint_category,,
follow_up.tsv,TCGA-ET-A3DT,molecular_tests.timepoint_category,,
follow_up.tsv,TCGA-DJ-A2Q2,molecular_tests.timepoint_category,,
follow_up.tsv,TCGA-ET-A3DR,molecular_tests.timepoint_category,,
follow_up.tsv,TCGA-J8-A3YH,molecular_tests.timepoint_category,,
follow_up.tsv,TCGA-EL-A3TB,molecular_tests.timepoint_category,,
follow_up.tsv,TCGA-BJ-A45C,molecular_tests.timepoint_category,,
follow_up.tsv,TCGA-CE-A13K,molecular_tests.timepoint_category,,
follow_up.tsv,TCGA-DJ-A2PX,molecular_tests.timepoint_category,,
follow_up.tsv,TCGA-EL-A3ZS,molecular_tests.timepoint_category,,
follow_up.tsv,TCGA-E8-A419,molecular_tests.timepoint_category,,
follow_up.tsv,TCGA-DJ-A3V8,molecular_tests.timepoint_category,,
follow_up.tsv,TCGA-EL-A4K2,molecular_tests.timepoint_category,,
follow_up.tsv,TCGA-DE-A4M8,molecular_tests.timepoint_category,,
follow_up.tsv,TCGA-CE-A482,molecular_tests.timepoint_category,,
follow_up.tsv,TCGA-E8-A44K,molecular_tests.timepoint_category,,
follow_up.tsv,TCGA-EM-A2OW,molecular_tests.timepoint_category,,
follow_up.tsv,TCGA-BJ-A3F0,molecular_tests.timepoint_category,,
follow_up.tsv,TCGA-DJ-A3VF,molecular_tests.timepoint_category,,
follow_up.tsv,TCGA-FE-A3PC,molecular_tests.timepoint_category,,
follow_up.tsv,TCGA-BJ-A28T,molecular_tests.timepoint_category,,
follow_up.tsv,TCGA-EL-A4K1,molecular_tests.timepoint_category,,
follow_up.tsv,TCGA-EM-A22L,molecular_tests.timepoint_category,,
follow_up.tsv,TCGA-DJ-A3UZ,molecular_tests.timepoint_category,,
follow_up.tsv,TCGA-EL-A3CY,molecular_tests.timepoint_category,,
follow_up.tsv,TCGA-DJ-A4UT,molecular_tests.timepoint_category,,
follow_up.tsv,TCGA-DJ-A2Q3,molecular_tests.timepoint_category,,
follow_up.tsv,TCGA-DJ-A2Q6,molecular_tests.timepoint_category,,
follow_up.tsv,TCGA-FK-A3SE,molecular_tests.timepoint_category,,
follow_up.tsv,TCGA-DJ-A2QA,molecular_tests.timepoint_category,,
follow_up.tsv,TCGA-FY-A2QD,molecular_tests.timepoint_category,,
follow_up.tsv,TCGA-EL-A3GR,molecular_tests.timepoint_category,,
follow_up.tsv,TCGA-EL-A3T7,molecular_tests.timepoint_category,,
follow_up.tsv,TCGA-EM-A3FO,molecular_tests.timepoint_category,,
follow_up.tsv,TCGA-DJ-A3VB,molecular_tests.timepoint_category,,
follow_up.tsv,TCGA-FY-A3NN,molecular_tests.timepoint_category,,
follow_up.tsv,TCGA-EM-A1YB,molecular_tests.timepoint_category,,
follow_up.tsv,TCGA-ET-A3DV,molecular_tests.timepoint_category,,
follow_up.tsv,TCGA-EL-A4KD,molecular_tests.timepoint_category,,
follow_up.tsv,TCGA-L6-A4EU,molecular_tests.timepoint_category,,
follow_up.tsv,TCGA-DJ-A2QB,molecular_tests.timepoint_category,,
follow_up.tsv,TCGA-DJ-A4V4,molecular_tests.timepoint_category,,
follow_up.tsv,TCGA-DJ-A3V0,molecular_tests.timepoint_category,,
follow_up.tsv,TCGA-BJ-A45G,molecular_tests.timepoint_category,,
follow_up.tsv,TCGA-FY-A3R7,molecular_tests.timepoint_category,,
follow_up.tsv,TCGA-EM-A2P2,molecular_tests.timepoint_category,,
follow_up.tsv,TCGA-DJ-A13M,molecular_tests.timepoint_category,,
follow_up.tsv,TCGA-EL-A3D1,molecular_tests.timepoint_category,,
follow_up.tsv,TCGA-BJ-A28V,molecular_tests.timepoint_category,,
follow_up.tsv,TCGA-BJ-A3EZ,molecular_tests.timepoint_category,,
follow_up.tsv,TCGA-DJ-A3VG,molecular_tests.timepoint_category,,
follow_up.tsv,TCGA-ET-A3DU,molecular_tests.timepoint_category,,
follow_up.tsv,TCGA-ET-A3BO,molecular_tests.timepoint_category,,
follow_up.tsv,TCGA-EM-A3FP,molecular_tests.timepoint_category,,
follow_up.tsv,TCGA-ET-A25O,molecular_tests.timepoint_category,,
follow_up.tsv,TCGA-E8-A415,molecular_tests.timepoint_category,,
follow_up.tsv,TCGA-EM-A22J,molecular_tests.timepoint_category,,
follow_up.tsv,TCGA-DJ-A3UR,molecular_tests.timepoint_category,,
follow_up.tsv,TCGA-EM-A22N,molecular_tests.timepoint_category,,
follow_up.tsv,TCGA-FY-A3BL,molecular_tests.timepoint_category,,
follow_up.tsv,TCGA-FY-A3R8,molecular_tests.timepoint_category,,
follow_up.tsv,TCGA-FE-A235,molecular_tests.timepoint_category,,
follow_up.tsv,TCGA-DJ-A13L,molecular_tests.timepoint_category,,
follow_up.tsv,TCGA-ET-A3BS,molecular_tests.timepoint_category,,
follow_up.tsv,TCGA-EM-A2CT,molecular_tests.timepoint_category,,
follow_up.tsv,TCGA-ET-A40S,molecular_tests.timepoint_category,,
follow_up.tsv,TCGA-J8-A3YE,molecular_tests.timepoint_category,,
follow_up.tsv,TCGA-EM-A3FJ,molecular_tests.timepoint_category,,
follow_up.tsv,TCGA-EM-A2P3,molecular_tests.timepoint_category,,
follow_up.tsv,TCGA-EM-A4G1,molecular_tests.timepoint_category,,
follow_up.tsv,TCGA-EL-A3GW,molecular_tests.timepoint_category,,
follow_up.tsv,TCGA-DJ-A13P,molecular_tests.timepoint_category,,
follow_up.tsv,TCGA-DJ-A3VL,molecular_tests.timepoint_category,,
follow_up.tsv,TCGA-DJ-A1QG,molecular_tests.timepoint_category,,
follow_up.tsv,TCGA-BJ-A2N7,molecular_tests.timepoint_category,,
follow_up.tsv,TCGA-FY-A3I4,molecular_tests.timepoint_category,,
follow_up.tsv,TCGA-ET-A39L,molecular_tests.timepoint_category,,
follow_up.tsv,TCGA-EM-A3FL,molecular_tests.timepoint_category,,
follow_up.tsv,TCGA-ET-A39O,molecular_tests.timepoint_category,,
follow_up.tsv,TCGA-IM-A3ED,molecular_tests.timepoint_category,,
follow_up.tsv,TCGA-FY-A3YR,molecular_tests.timepoint_category,,
follow_up.tsv,TCGA-KS-A4IB,molecular_tests.timepoint_category,,
follow_up.tsv,TCGA-EM-A2OY,molecular_tests.timepoint_category,,
follow_up.tsv,TCGA-EL-A3TA,molecular_tests.timepoint_category,,
follow_up.tsv,TCGA-DJ-A2PW,molecular_tests.timepoint_category,,
follow_up.tsv,TCGA-BJ-A291,molecular_tests.timepoint_category,,
follow_up.tsv,TCGA-DJ-A3UM,molecular_tests.timepoint_category,,
follow_up.tsv,TCGA-E8-A413,molecular_tests.timepoint_category,,
follow_up.tsv,TCGA-DJ-A2PO,molecular_tests.timepoint_category,,
follow_up.tsv,TCGA-DJ-A3UK,molecular_tests.timepoint_category,,
follow_up.tsv,TCGA-L6-A4EQ,molecular_tests.timepoint_category,,
follow_up.tsv,TCGA-DJ-A3UO,molecular_tests.timepoint_category,,
follow_up.tsv,TCGA-EM-A3AJ,molecular_tests.timepoint_category,,
follow_up.tsv,TCGA-FY-A3R9,molecular_tests.timepoint_category,,
follow_up.tsv,TCGA-DJ-A1QD,molecular_tests.timepoint_category,,
follow_up.tsv,TCGA-DJ-A4V2,molecular_tests.timepoint_category,,
follow_up.tsv,TCGA-EM-A2CJ,molecular_tests.timepoint_category,,
follow_up.tsv,TCGA-EL-A4K7,molecular_tests.timepoint_category,,
follow_up.tsv,TCGA-EL-A4KG,molecular_tests.timepoint_category,,
follow_up.tsv,TCGA-DJ-A3VD,molecular_tests.timepoint_category,,
follow_up.tsv,TCGA-DJ-A1QE,molecular_tests.timepoint_category,,
follow_up.tsv,TCGA-IM-A3U3,molecular_tests.timepoint_category,,
follow_up.tsv,TCGA-MK-A4N6,molecular_tests.timepoint_category,,
follow_up.tsv,TCGA-EL-A3GP,molecular_tests.timepoint_category,,
follow_up.tsv,TCGA-EM-A22K,molecular_tests.timepoint_category,,
follow_up.tsv,TCGA-CE-A3ME,molecular_tests.timepoint_category,,
follow_up.tsv,TCGA-ET-A39S,molecular_tests.timepoint_category,,
follow_up.tsv,TCGA-E8-A436,molecular_tests.timepoint_category,,
follow_up.tsv,TCGA-E3-A3DY,molecular_tests.timepoint_category,,
follow_up.tsv,TCGA-KS-A4I7,molecular_tests.timepoint_category,,
follow_up.tsv,TCGA-EL-A3H4,molecular_tests.timepoint_category,,
follow_up.tsv,TCGA-DJ-A3VE,molecular_tests.timepoint_category,,
follow_up.tsv,TCGA-EM-A4FO,molecular_tests.timepoint_category,,
follow_up.tsv,TCGA-4C-A93U,molecular_tests.timepoint_category,,
follow_up.tsv,TCGA-ET-A25G,molecular_tests.timepoint_category,,
follow_up.tsv,TCGA-EL-A3ZL,molecular_tests.timepoint_category,,
follow_up.tsv,TCGA-IM-A420,molecular_tests.timepoint_category,,
follow_up.tsv,TCGA-DJ-A2Q1,molecular_tests.timepoint_category,,
follow_up.tsv,TCGA-FK-A3SH,molecular_tests.timepoint_category,,
follow_up.tsv,TCGA-DJ-A1QL,molecular_tests.timepoint_category,,
follow_up.tsv,TCGA-H2-A26U,molecular_tests.timepoint_category,,
follow_up.tsv,TCGA-CE-A484,molecular_tests.timepoint_category,,
follow_up.tsv,TCGA-DJ-A3VJ,molecular_tests.timepoint_category,,
follow_up.tsv,TCGA-EM-A1YE,molecular_tests.timepoint_category,,
follow_up.tsv,TCGA-ET-A2N1,molecular_tests.timepoint_category,,
follow_up.tsv,TCGA-BJ-A45D,molecular_tests.timepoint_category,,
follow_up.tsv,TCGA-BJ-A2P4,molecular_tests.timepoint_category,,
follow_up.tsv,TCGA-EM-A3AQ,molecular_tests.timepoint_category,,
follow_up.tsv,TCGA-EM-A1CS,molecular_tests.timepoint_category,,
follow_up.tsv,TCGA-KS-A4I5,molecular_tests.timepoint_category,,
follow_up.tsv,TCGA-EL-A3GV,molecular_tests.timepoint_category,,
follow_up.tsv,TCGA-ET-A39M,molecular_tests.timepoint_category,,
follow_up.tsv,TCGA-EL-A3D5,molecular_tests.timepoint_category,,
follow_up.tsv,TCGA-EL-A3ZP,molecular_tests.timepoint_category,,
follow_up.tsv,TCGA-ET-A2MY,molecular_tests.timepoint_category,,
follow_up.tsv,TCGA-E8-A418,molecular_tests.timepoint_category,,
follow_up.tsv,TCGA-ET-A25N,molecular_tests.timepoint_category,,
follow_up.tsv,TCGA-DJ-A2PQ,molecular_tests.timepoint_category,,
follow_up.tsv,TCGA-EM-A22I,molecular_tests.timepoint_category,,
follow_up.tsv,TCGA-EL-A3MW,molecular_tests.timepoint_category,,
follow_up.tsv,TCGA-E3-A3E2,molecular_tests.timepoint_category,,
follow_up.tsv,TCGA-E8-A434,molecular_tests.timepoint_category,,
follow_up.tsv,TCGA-DJ-A2Q4,molecular_tests.timepoint_category,,
follow_up.tsv,TCGA-MK-A4N7,molecular_tests.timepoint_category,,
follow_up.tsv,TCGA-E8-A438,molecular_tests.timepoint_category,,
follow_up.tsv,TCGA-DJ-A1QO,molecular_tests.timepoint_category,,
follow_up.tsv,TCGA-DJ-A3UV,molecular_tests.timepoint_category,,
follow_up.tsv,TCGA-E8-A3X7,molecular_tests.timepoint_category,,
follow_up.tsv,TCGA-DJ-A1QH,molecular_tests.timepoint_category,,
follow_up.tsv,TCGA-BJ-A0YZ,molecular_tests.timepoint_category,,
follow_up.tsv,TCGA-E8-A2JQ,molecular_tests.timepoint_category,,
follow_up.tsv,TCGA-FY-A3NM,molecular_tests.timepoint_category,,
follow_up.tsv,TCGA-EL-A3MZ,molecular_tests.timepoint_category,,
follow_up.tsv,TCGA-EM-A4FN,molecular_tests.timepoint_category,,
follow_up.tsv,TCGA-ET-A3DQ,molecular_tests.timepoint_category,,
follow_up.tsv,TCGA-DJ-A2Q8,molecular_tests.timepoint_category,,
follow_up.tsv,TCGA-KS-A4I3,molecular_tests.timepoint_category,,
follow_up.tsv,TCGA-EL-A3H8,molecular_tests.timepoint_category,,
follow_up.tsv,TCGA-EL-A3H7,molecular_tests.timepoint_category,,
follow_up.tsv,TCGA-DJ-A2PN,molecular_tests.timepoint_category,,
follow_up.tsv,TCGA-EL-A3CV,molecular_tests.timepoint_category,,
follow_up.tsv,TCGA-DJ-A1QF,molecular_tests.timepoint_category,,
follow_up.tsv,TCGA-BJ-A3PR,molecular_tests.timepoint_category,,
follow_up.tsv,TCGA-DJ-A2PY,molecular_tests.timepoint_category,,
follow_up.tsv,TCGA-J8-A4HW,molecular_tests.timepoint_category,,
follow_up.tsv,TCGA-FE-A23A,molecular_tests.timepoint_category,,
follow_up.tsv,TCGA-EM-A3SU,molecular_tests.timepoint_category,,
follow_up.tsv,TCGA-EM-A3FQ,molecular_tests.timepoint_category,,
follow_up.tsv,TCGA-EL-A3CW,molecular_tests.timepoint_category,,
follow_up.tsv,TCGA-EL-A3CL,molecular_tests.timepoint_category,,
follow_up.tsv,TCGA-EL-A3CO,molecular_tests.timepoint_category,,
follow_up.tsv,TCGA-ET-A3DO,other_clinical_attributes.days_to_comorbidity,,
follow_up.tsv,TCGA-EL-A4KI,other_clinical_attributes.days_to_comorbidity,,
follow_up.tsv,TCGA-BJ-A290,other_clinical_attributes.days_to_comorbidity,,
follow_up.tsv,TCGA-EL-A4K6,other_clinical_attributes.days_to_comorbidity,,
follow_up.tsv,TCGA-EM-A4FU,other_clinical_attributes.days_to_comorbidity,,
follow_up.tsv,TCGA-ET-A39K,other_clinical_attributes.days_to_comorbidity,,
follow_up.tsv,TCGA-FE-A22Z,other_clinical_attributes.days_to_comorbidity,,
follow_up.tsv,TCGA-FE-A237,other_clinical_attributes.days_to_comorbidity,,
follow_up.tsv,TCGA-EL-A3GX,other_clinical_attributes.days_to_comorbidity,,
follow_up.tsv,TCGA-DO-A1K0,other_clinical_attributes.days_to_comorbidity,,
follow_up.tsv,TCGA-EM-A4FF,other_clinical_attributes.days_to_comorbidity,,
follow_up.tsv,TCGA-ET-A3BV,other_clinical_attributes.days_to_comorbidity,,
follow_up.tsv,TCGA-DE-A0Y3,other_clinical_attributes.days_to_comorbidity,,
follow_up.tsv,TCGA-DJ-A4UR,other_clinical_attributes.days_to_comorbidity,,
follow_up.tsv,TCGA-DE-A4MD,other_clinical_attributes.days_to_comorbidity,,
follow_up.tsv,TCGA-ET-A3BT,other_clinical_attributes.days_to_comorbidity,,
follow_up.tsv,TCGA-EL-A3GU,other_clinical_attributes.days_to_comorbidity,,
follow_up.tsv,TCGA-FE-A234,other_clinical_attributes.days_to_comorbidity,,
follow_up.tsv,TCGA-FE-A233,other_clinical_attributes.days_to_comorbidity,,
follow_up.tsv,TCGA-BJ-A0Z2,other_clinical_attributes.days_to_comorbidity,,
follow_up.tsv,TCGA-FE-A239,other_clinical_attributes.days_to_comorbidity,,
follow_up.tsv,TCGA-E3-A3E3,other_clinical_attributes.days_to_comorbidity,,
follow_up.tsv,TCGA-ET-A40Q,other_clinical_attributes.days_to_comorbidity,,
follow_up.tsv,TCGA-DE-A4MC,other_clinical_attributes.days_to_comorbidity,,
follow_up.tsv,TCGA-EL-A3T2,other_clinical_attributes.days_to_comorbidity,,
follow_up.tsv,TCGA-EM-A3FM,other_clinical_attributes.days_to_comorbidity,,
follow_up.tsv,TCGA-E8-A432,other_clinical_attributes.days_to_comorbidity,,
follow_up.tsv,TCGA-EL-A3GO,other_clinical_attributes.days_to_comorbidity,,
follow_up.tsv,TCGA-FE-A230,other_clinical_attributes.days_to_comorbidity,,
follow_up.tsv,TCGA-H2-A3RI,other_clinical_attributes.days_to_comorbidity,,
follow_up.tsv,TCGA-EL-A3CZ,other_clinical_attributes.days_to_comorbidity,,
follow_up.tsv,TCGA-FE-A238,other_clinical_attributes.days_to_comorbidity,,
follow_up.tsv,TCGA-EL-A3MX,other_clinical_attributes.days_to_comorbidity,,
follow_up.tsv,TCGA-BJ-A3PU,other_clinical_attributes.days_to_comorbidity,,
follow_up.tsv,TCGA-EM-A2P1,other_clinical_attributes.days_to_comorbidity,,
follow_up.tsv,TCGA-BJ-A18Z,other_clinical_attributes.days_to_comorbidity,,
follow_up.tsv,TCGA-BJ-A0Z5,other_clinical_attributes.days_to_comorbidity,,
follow_up.tsv,TCGA-BJ-A4O8,other_clinical_attributes.days_to_comorbidity,,
follow_up.tsv,TCGA-FE-A3PA,other_clinical_attributes.days_to_comorbidity,,
follow_up.tsv,TCGA-BJ-A2N9,other_clinical_attributes.days_to_comorbidity,,
follow_up.tsv,TCGA-BJ-A191,other_clinical_attributes.days_to_comorbidity,,
follow_up.tsv,TCGA-EL-A3ZG,other_clinical_attributes.days_to_comorbidity,,
follow_up.tsv,TCGA-BJ-A0Z3,other_clinical_attributes.days_to_comorbidity,,
follow_up.tsv,TCGA-EM-A2CN,other_clinical_attributes.days_to_comorbidity,,
follow_up.tsv,TCGA-EL-A3D0,other_clinical_attributes.days_to_comorbidity,,
follow_up.tsv,TCGA-BJ-A45J,other_clinical_attributes.days_to_comorbidity,,
follow_up.tsv,TCGA-EL-A3MY,other_clinical_attributes.days_to_comorbidity,,
follow_up.tsv,TCGA-BJ-A45H,other_clinical_attributes.days_to_comorbidity,,
follow_up.tsv,TCGA-FK-A4UB,other_clinical_attributes.days_to_comorbidity,,
follow_up.tsv,TCGA-DE-A69K,other_clinical_attributes.days_to_comorbidity,,
follow_up.tsv,TCGA-BJ-A0ZH,other_clinical_attributes.days_to_comorbidity,,
follow_up.tsv,TCGA-BJ-A0ZF,other_clinical_attributes.days_to_comorbidity,,
follow_up.tsv,TCGA-DJ-A3UX,other_clinical_attributes.days_to_comorbidity,,
follow_up.tsv,TCGA-BJ-A0ZG,other_clinical_attributes.days_to_comorbidity,,
follow_up.tsv,TCGA-BJ-A28W,other_clinical_attributes.days_to_comorbidity,,
follow_up.tsv,TCGA-QD-A8IV,other_clinical_attributes.days_to_comorbidity,,
follow_up.tsv,TCGA-BJ-A4O9,other_clinical_attributes.days_to_comorbidity,,
follow_up.tsv,TCGA-EM-A3ST,other_clinical_attributes.days_to_comorbidity,,
follow_up.tsv,TCGA-BJ-A0ZB,other_clinical_attributes.days_to_comorbidity,,
follow_up.tsv,TCGA-L6-A4ET,other_clinical_attributes.days_to_comorbidity,,
follow_up.tsv,TCGA-BJ-A2NA,other_clinical_attributes.days_to_comorbidity,,
follow_up.tsv,TCGA-J8-A3YF,other_clinical_attributes.days_to_comorbidity,,
follow_up.tsv,TCGA-BJ-A190,other_clinical_attributes.days_to_comorbidity,,
follow_up.tsv,TCGA-DE-A7U5,other_clinical_attributes.days_to_comorbidity,,
follow_up.tsv,TCGA-BJ-A45E,other_clinical_attributes.days_to_comorbidity,,
follow_up.tsv,TCGA-BJ-A0ZA,other_clinical_attributes.days_to_comorbidity,,
follow_up.tsv,TCGA-J8-A3YD,other_clinical_attributes.days_to_comorbidity,,
follow_up.tsv,TCGA-BJ-A0ZC,other_clinical_attributes.days_to_comorbidity,,
follow_up.tsv,TCGA-BJ-A28Z,other_clinical_attributes.days_to_comorbidity,,
follow_up.tsv,TCGA-BJ-A0ZJ,other_clinical_attributes.days_to_comorbidity,,
follow_up.tsv,TCGA-BJ-A45K,other_clinical_attributes.days_to_comorbidity,,
follow_up.tsv,TCGA-J8-A3YG,other_clinical_attributes.days_to_comorbidity,,
follow_up.tsv,TCGA-BJ-A0ZE,other_clinical_attributes.days_to_comorbidity,,
follow_up.tsv,TCGA-BJ-A18Y,other_clinical_attributes.days_to_comorbidity,,
follow_up.tsv,TCGA-BJ-A28X,other_clinical_attributes.days_to_comorbidity,,
follow_up.tsv,TCGA-BJ-A192,other_clinical_attributes.days_to_comorbidity,,
follow_up.tsv,TCGA-BJ-A45I,other_clinical_attributes.days_to_comorbidity,,
follow_up.tsv,TCGA-BJ-A45F,other_clinical_attributes.days_to_comorbidity,,
follow_up.tsv,TCGA-J8-A3O1,other_clinical_attributes.days_to_comorbidity,,
follow_up.tsv,TCGA-DJ-A4V0,other_clinical_attributes.days_to_comorbidity,,
follow_up.tsv,TCGA-EL-A3N3,other_clinical_attributes.days_to_comorbidity,,
follow_up.tsv,TCGA-FY-A4B3,other_clinical_attributes.days_to_comorbidity,,
follow_up.tsv,TCGA-FY-A3NP,other_clinical_attributes.days_to_comorbidity,,
follow_up.tsv,TCGA-DJ-A3UY,other_clinical_attributes.days_to_comorbidity,,
follow_up.tsv,TCGA-H2-A3RH,other_clinical_attributes.days_to_comorbidity,,
follow_up.tsv,TCGA-J8-A3O2,other_clinical_attributes.days_to_comorbidity,,
follow_up.tsv,TCGA-EM-A2CO,other_clinical_attributes.days_to_comorbidity,,
follow_up.tsv,TCGA-EL-A3ZM,other_clinical_attributes.days_to_comorbidity,,
follow_up.tsv,TCGA-DJ-A2PP,other_clinical_attributes.days_to_comorbidity,,
follow_up.tsv,TCGA-FE-A3PB,other_clinical_attributes.days_to_comorbidity,,
follow_up.tsv,TCGA-DJ-A2Q9,other_clinical_attributes.days_to_comorbidity,,
follow_up.tsv,TCGA-EL-A4K0,other_clinical_attributes.days_to_comorbidity,,
follow_up.tsv,TCGA-DE-A3KN,other_clinical_attributes.days_to_comorbidity,,
follow_up.tsv,TCGA-ET-A25R,other_clinical_attributes.days_to_comorbidity,,
follow_up.tsv,TCGA-EM-A1YC,other_clinical_attributes.days_to_comorbidity,,
follow_up.tsv,TCGA-DJ-A13T,other_clinical_attributes.days_to_comorbidity,,
follow_up.tsv,TCGA-EM-A3AL,other_clinical_attributes.days_to_comorbidity,,
follow_up.tsv,TCGA-EM-A4FK,other_clinical_attributes.days_to_comorbidity,,
follow_up.tsv,TCGA-EM-A3FK,other_clinical_attributes.days_to_comorbidity,,
follow_up.tsv,TCGA-ET-A25I,other_clinical_attributes.days_to_comorbidity,,
follow_up.tsv,TCGA-EM-A3SZ,other_clinical_attributes.days_to_comorbidity,,
follow_up.tsv,TCGA-EM-A3AP,other_clinical_attributes.days_to_comorbidity,,
follow_up.tsv,TCGA-ET-A25P,other_clinical_attributes.days_to_comorbidity,,
follow_up.tsv,TCGA-EM-A4FM,other_clinical_attributes.days_to_comorbidity,,
follow_up.tsv,TCGA-DJ-A2PU,other_clinical_attributes.days_to_comorbidity,,
follow_up.tsv,TCGA-DJ-A2Q5,other_clinical_attributes.days_to_comorbidity,,
follow_up.tsv,TCGA-EM-A3SX,other_clinical_attributes.days_to_comorbidity,,
follow_up.tsv,TCGA-EL-A3ZH,other_clinical_attributes.days_to_comorbidity,,
follow_up.tsv,TCGA-EL-A3GY,other_clinical_attributes.days_to_comorbidity,,
follow_up.tsv,TCGA-CE-A3MD,other_clinical_attributes.days_to_comorbidity,,
follow_up.tsv,TCGA-DO-A1JZ,other_clinical_attributes.days_to_comorbidity,,
follow_up.tsv,TCGA-ET-A39J,other_clinical_attributes.days_to_comorbidity,,
follow_up.tsv,TCGA-DJ-A3VI,other_clinical_attributes.days_to_comorbidity,,
follow_up.tsv,TCGA-ET-A3DP,other_clinical_attributes.days_to_comorbidity,,
follow_up.tsv,TCGA-EM-A3AO,other_clinical_attributes.days_to_comorbidity,,
follow_up.tsv,TCGA-EM-A22P,other_clinical_attributes.days_to_comorbidity,,
follow_up.tsv,TCGA-E8-A437,other_clinical_attributes.days_to_comorbidity,,
follow_up.tsv,TCGA-DJ-A3VM,other_clinical_attributes.days_to_comorbidity,,
follow_up.tsv,TCGA-DJ-A2QC,other_clinical_attributes.days_to_comorbidity,,
follow_up.tsv,TCGA-EL-A3ZN,other_clinical_attributes.days_to_comorbidity,,
follow_up.tsv,TCGA-EM-A2OZ,other_clinical_attributes.days_to_comorbidity,,
follow_up.tsv,TCGA-DJ-A1QN,other_clinical_attributes.days_to_comorbidity,,
follow_up.tsv,TCGA-EL-A3D6,other_clinical_attributes.days_to_comorbidity,,
follow_up.tsv,TCGA-ET-A2N0,other_clinical_attributes.days_to_comorbidity,,
follow_up.tsv,TCGA-EM-A2CR,other_clinical_attributes.days_to_comorbidity,,
follow_up.tsv,TCGA-MK-A84Z,other_clinical_attributes.days_to_comorbidity,,
follow_up.tsv,TCGA-EL-A3CM,other_clinical_attributes.days_to_comorbidity,,
follow_up.tsv,TCGA-EM-A1CW,other_clinical_attributes.days_to_comorbidity,,
follow_up.tsv,TCGA-KS-A41J,other_clinical_attributes.days_to_comorbidity,,
follow_up.tsv,TCGA-E8-A414,other_clinical_attributes.days_to_comorbidity,,
follow_up.tsv,TCGA-EL-A3GS,other_clinical_attributes.days_to_comorbidity,,
follow_up.tsv,TCGA-EM-A3OA,other_clinical_attributes.days_to_comorbidity,,
follow_up.tsv,TCGA-ET-A40R,other_clinical_attributes.days_to_comorbidity,,
follow_up.tsv,TCGA-MK-A4N9,other_clinical_attributes.days_to_comorbidity,,
follow_up.tsv,TCGA-DJ-A4UP,other_clinical_attributes.days_to_comorbidity,,
follow_up.tsv,TCGA-EL-A3CR,other_clinical_attributes.days_to_comorbidity,,
follow_up.tsv,TCGA-H2-A2K9,other_clinical_attributes.days_to_comorbidity,,
follow_up.tsv,TCGA-DJ-A3UP,other_clinical_attributes.days_to_comorbidity,,
follow_up.tsv,TCGA-DJ-A4UQ,other_clinical_attributes.days_to_comorbidity,,
follow_up.tsv,TCGA-EM-A2CL,other_clinical_attributes.days_to_comorbidity,,
follow_up.tsv,TCGA-DJ-A3VA,other_clinical_attributes.days_to_comorbidity,,
follow_up.tsv,TCGA-EM-A1CT,other_clinical_attributes.days_to_comorbidity,,
follow_up.tsv,TCGA-ET-A4KQ,other_clinical_attributes.days_to_comorbidity,,
follow_up.tsv,TCGA-EL-A4K4,other_clinical_attributes.days_to_comorbidity,,
follow_up.tsv,TCGA-BJ-A3PT,other_clinical_attributes.days_to_comorbidity,,
follow_up.tsv,TCGA-EM-A3O3,other_clinical_attributes.days_to_comorbidity,,
follow_up.tsv,TCGA-EM-A2CM,other_clinical_attributes.days_to_comorbidity,,
follow_up.tsv,TCGA-J8-A4HY,other_clinical_attributes.days_to_comorbidity,,
follow_up.tsv,TCGA-EM-A3FR,other_clinical_attributes.days_to_comorbidity,,
follow_up.tsv,TCGA-CE-A481,other_clinical_attributes.days_to_comorbidity,,
follow_up.tsv,TCGA-ET-A40T,other_clinical_attributes.days_to_comorbidity,,
follow_up.tsv,TCGA-ET-A3BW,other_clinical_attributes.days_to_comorbidity,,
follow_up.tsv,TCGA-DJ-A2PR,other_clinical_attributes.days_to_comorbidity,,
follow_up.tsv,TCGA-E8-A44M,other_clinical_attributes.days_to_comorbidity,,
follow_up.tsv,TCGA-DJ-A3V9,other_clinical_attributes.days_to_comorbidity,,
follow_up.tsv,TCGA-EM-A2CP,other_clinical_attributes.days_to_comorbidity,,
follow_up.tsv,TCGA-ET-A25K,other_clinical_attributes.days_to_comorbidity,,
follow_up.tsv,TCGA-EL-A3GZ,other_clinical_attributes.days_to_comorbidity,,
follow_up.tsv,TCGA-FE-A236,other_clinical_attributes.days_to_comorbidity,,
follow_up.tsv,TCGA-EL-A3ZQ,other_clinical_attributes.days_to_comorbidity,,
follow_up.tsv,TCGA-EM-A3O9,other_clinical_attributes.days_to_comorbidity,,
follow_up.tsv,TCGA-EL-A3N2,other_clinical_attributes.days_to_comorbidity,,
follow_up.tsv,TCGA-DJ-A3V4,other_clinical_attributes.days_to_comorbidity,,
follow_up.tsv,TCGA-EL-A3CP,other_clinical_attributes.days_to_comorbidity,,
follow_up.tsv,TCGA-DJ-A1QM,other_clinical_attributes.days_to_comorbidity,,
follow_up.tsv,TCGA-DJ-A3UQ,other_clinical_attributes.days_to_comorbidity,,
follow_up.tsv,TCGA-ET-A39I,other_clinical_attributes.days_to_comorbidity,,
follow_up.tsv,TCGA-IM-A4EB,other_clinical_attributes.days_to_comorbidity,,
follow_up.tsv,TCGA-EM-A3O6,other_clinical_attributes.days_to_comorbidity,,
follow_up.tsv,TCGA-EL-A3H3,other_clinical_attributes.days_to_comorbidity,,
follow_up.tsv,TCGA-FE-A3PD,other_clinical_attributes.days_to_comorbidity,,
follow_up.tsv,TCGA-DJ-A2PT,other_clinical_attributes.days_to_comorbidity,,
follow_up.tsv,TCGA-EM-A3O7,other_clinical_attributes.days_to_comorbidity,,
follow_up.tsv,TCGA-IM-A3EB,other_clinical_attributes.days_to_comorbidity,,
follow_up.tsv,TCGA-DJ-A1QI,other_clinical_attributes.days_to_comorbidity,,
follow_up.tsv,TCGA-DJ-A13X,other_clinical_attributes.days_to_comorbidity,,
follow_up.tsv,TCGA-DJ-A13W,other_clinical_attributes.days_to_comorbidity,,
follow_up.tsv,TCGA-ET-A3BN,other_clinical_attributes.days_to_comorbidity,,
follow_up.tsv,TCGA-EL-A3ZO,other_clinical_attributes.days_to_comorbidity,,
follow_up.tsv,TCGA-EL-A3ZK,other_clinical_attributes.days_to_comorbidity,,
follow_up.tsv,TCGA-EL-A4JZ,other_clinical_attributes.days_to_comorbidity,,
follow_up.tsv,TCGA-ET-A2N4,other_clinical_attributes.days_to_comorbidity,,
follow_up.tsv,TCGA-DJ-A13R,other_clinical_attributes.days_to_comorbidity,,
follow_up.tsv,TCGA-DE-A0XZ,other_clinical_attributes.days_to_comorbidity,,
follow_up.tsv,TCGA-FY-A40L,other_clinical_attributes.days_to_comorbidity,,
follow_up.tsv,TCGA-EL-A3H5,other_clinical_attributes.days_to_comorbidity,,
follow_up.tsv,TCGA-ET-A3DW,other_clinical_attributes.days_to_comorbidity,,
follow_up.tsv,TCGA-J8-A3NZ,other_clinical_attributes.days_to_comorbidity,,
follow_up.tsv,TCGA-ET-A39P,other_clinical_attributes.days_to_comorbidity,,
follow_up.tsv,TCGA-ET-A25L,other_clinical_attributes.days_to_comorbidity,,
follow_up.tsv,TCGA-FY-A40N,other_clinical_attributes.days_to_comorbidity,,
follow_up.tsv,TCGA-DJ-A3UU,other_clinical_attributes.days_to_comorbidity,,
follow_up.tsv,TCGA-ET-A3BU,other_clinical_attributes.days_to_comorbidity,,
follow_up.tsv,TCGA-EL-A3CN,other_clinical_attributes.days_to_comorbidity,,
follow_up.tsv,TCGA-EM-A4FH,other_clinical_attributes.days_to_comorbidity,,
follow_up.tsv,TCGA-EM-A3AK,other_clinical_attributes.days_to_comorbidity,,
follow_up.tsv,TCGA-KS-A41L,other_clinical_attributes.days_to_comorbidity,,
follow_up.tsv,TCGA-E8-A433,other_clinical_attributes.days_to_comorbidity,,
follow_up.tsv,TCGA-EL-A3CT,other_clinical_attributes.days_to_comorbidity,,
follow_up.tsv,TCGA-FY-A3ON,other_clinical_attributes.days_to_comorbidity,,
follow_up.tsv,TCGA-KS-A4IC,other_clinical_attributes.days_to_comorbidity,,
follow_up.tsv,TCGA-E8-A242,other_clinical_attributes.days_to_comorbidity,,
follow_up.tsv,TCGA-EM-A1CU,other_clinical_attributes.days_to_comorbidity,,
follow_up.tsv,TCGA-EL-A3GQ,other_clinical_attributes.days_to_comorbidity,,
follow_up.tsv,TCGA-DE-A4MB,other_clinical_attributes.days_to_comorbidity,,
follow_up.tsv,TCGA-EL-A4JW,other_clinical_attributes.days_to_comorbidity,,
follow_up.tsv,TCGA-ET-A2MZ,other_clinical_attributes.days_to_comorbidity,,
follow_up.tsv,TCGA-EM-A4FQ,other_clinical_attributes.days_to_comorbidity,,
follow_up.tsv,TCGA-FY-A3I5,other_clinical_attributes.days_to_comorbidity,,
follow_up.tsv,TCGA-BJ-A28R,other_clinical_attributes.days_to_comorbidity,,
follow_up.tsv,TCGA-KS-A4I9,other_clinical_attributes.days_to_comorbidity,,
follow_up.tsv,TCGA-FY-A3TY,other_clinical_attributes.days_to_comorbidity,,
follow_up.tsv,TCGA-IM-A41Y,other_clinical_attributes.days_to_comorbidity,,
follow_up.tsv,TCGA-EM-A2OV,other_clinical_attributes.days_to_comorbidity,,
follow_up.tsv,TCGA-EM-A1YA,other_clinical_attributes.days_to_comorbidity,,
follow_up.tsv,TCGA-J8-A3O0,other_clinical_attributes.days_to_comorbidity,,
follow_up.tsv,TCGA-FY-A3RA,other_clinical_attributes.days_to_comorbidity,,
follow_up.tsv,TCGA-FY-A3WA,other_clinical_attributes.days_to_comorbidity,,
follow_up.tsv,TCGA-ET-A2MX,other_clinical_attributes.days_to_comorbidity,,
follow_up.tsv,TCGA-EM-A3FN,other_clinical_attributes.days_to_comorbidity,,
follow_up.tsv,TCGA-E3-A3DZ,other_clinical_attributes.days_to_comorbidity,,
follow_up.tsv,TCGA-BJ-A28S,other_clinical_attributes.days_to_comorbidity,,
follow_up.tsv,TCGA-ET-A3BQ,other_clinical_attributes.days_to_comorbidity,,
follow_up.tsv,TCGA-E3-A3E0,other_clinical_attributes.days_to_comorbidity,,
follow_up.tsv,TCGA-FY-A4B4,other_clinical_attributes.days_to_comorbidity,,
follow_up.tsv,TCGA-ET-A3DS,other_clinical_attributes.days_to_comorbidity,,
follow_up.tsv,TCGA-EL-A3D4,other_clinical_attributes.days_to_comorbidity,,
follow_up.tsv,TCGA-DJ-A2PZ,other_clinical_attributes.days_to_comorbidity,,
follow_up.tsv,TCGA-DJ-A3UW,other_clinical_attributes.days_to_comorbidity,,
follow_up.tsv,TCGA-FE-A232,other_clinical_attributes.days_to_comorbidity,,
follow_up.tsv,TCGA-ET-A25J,other_clinical_attributes.days_to_comorbidity,,
follow_up.tsv,TCGA-DJ-A2PV,other_clinical_attributes.days_to_comorbidity,,
follow_up.tsv,TCGA-FK-A3SD,other_clinical_attributes.days_to_comorbidity,,
follow_up.tsv,TCGA-J8-A42S,other_clinical_attributes.days_to_comorbidity,,
follow_up.tsv,TCGA-EL-A4KH,other_clinical_attributes.days_to_comorbidity,,
follow_up.tsv,TCGA-EL-A3T3,other_clinical_attributes.days_to_comorbidity,,
follow_up.tsv,TCGA-EM-A4FV,other_clinical_attributes.days_to_comorbidity,,
follow_up.tsv,TCGA-EM-A3AN,other_clinical_attributes.days_to_comorbidity,,
follow_up.tsv,TCGA-EL-A3ZT,other_clinical_attributes.days_to_comorbidity,,
follow_up.tsv,TCGA-DJ-A3V3,other_clinical_attributes.days_to_comorbidity,,
follow_up.tsv,TCGA-EM-A2CU,other_clinical_attributes.days_to_comorbidity,,
follow_up.tsv,TCGA-DJ-A3UN,other_clinical_attributes.days_to_comorbidity,,
follow_up.tsv,TCGA-EL-A4JX,other_clinical_attributes.days_to_comorbidity,,
follow_up.tsv,TCGA-EM-A3AI,other_clinical_attributes.days_to_comorbidity,,
follow_up.tsv,TCGA-EM-A22O,other_clinical_attributes.days_to_comorbidity,,
follow_up.tsv,TCGA-DE-A0Y2,other_clinical_attributes.days_to_comorbidity,,
follow_up.tsv,TCGA-FY-A4B0,other_clinical_attributes.days_to_comorbidity,,
follow_up.tsv,TCGA-DJ-A3US,other_clinical_attributes.days_to_comorbidity,,
follow_up.tsv,TCGA-EL-A4JV,other_clinical_attributes.days_to_comorbidity,,
follow_up.tsv,TCGA-KS-A4I1,other_clinical_attributes.days_to_comorbidity,,
follow_up.tsv,TCGA-FE-A231,other_clinical_attributes.days_to_comorbidity,,
follow_up.tsv,TCGA-EM-A3AR,other_clinical_attributes.days_to_comorbidity,,
follow_up.tsv,TCGA-EM-A2CQ,other_clinical_attributes.days_to_comorbidity,,
follow_up.tsv,TCGA-BJ-A2N8,other_clinical_attributes.days_to_comorbidity,,
follow_up.tsv,TCGA-BJ-A0Z0,other_clinical_attributes.days_to_comorbidity,,
follow_up.tsv,TCGA-FY-A40M,other_clinical_attributes.days_to_comorbidity,,
follow_up.tsv,TCGA-EL-A3CU,other_clinical_attributes.days_to_comorbidity,,
follow_up.tsv,TCGA-KS-A41I,other_clinical_attributes.days_to_comorbidity,,
follow_up.tsv,TCGA-EM-A2CS,other_clinical_attributes.days_to_comorbidity,,
follow_up.tsv,TCGA-CE-A27D,other_clinical_attributes.days_to_comorbidity,,
follow_up.tsv,TCGA-ET-A4KN,other_clinical_attributes.days_to_comorbidity,,
follow_up.tsv,TCGA-EM-A1CV,other_clinical_attributes.days_to_comorbidity,,
follow_up.tsv,TCGA-DJ-A3V6,other_clinical_attributes.days_to_comorbidity,,
follow_up.tsv,TCGA-EL-A3H2,other_clinical_attributes.days_to_comorbidity,,
follow_up.tsv,TCGA-DE-A2OL,other_clinical_attributes.days_to_comorbidity,,
follow_up.tsv,TCGA-DJ-A13O,other_clinical_attributes.days_to_comorbidity,,
follow_up.tsv,TCGA-EM-A2CK,other_clinical_attributes.days_to_comorbidity,,
follow_up.tsv,TCGA-DJ-A4UL,other_clinical_attributes.days_to_comorbidity,,
follow_up.tsv,TCGA-FK-A3S3,other_clinical_attributes.days_to_comorbidity,,
follow_up.tsv,TCGA-ET-A39T,other_clinical_attributes.days_to_comorbidity,,
follow_up.tsv,TCGA-DJ-A2Q7,other_clinical_attributes.days_to_comorbidity,,
follow_up.tsv,TCGA-DJ-A3V2,other_clinical_attributes.days_to_comorbidity,,
follow_up.tsv,TCGA-ET-A40P,other_clinical_attributes.days_to_comorbidity,,
follow_up.tsv,TCGA-DJ-A3V5,other_clinical_attributes.days_to_comorbidity,,
follow_up.tsv,TCGA-ET-A2N5,other_clinical_attributes.days_to_comorbidity,,
follow_up.tsv,TCGA-GE-A2C6,other_clinical_attributes.days_to_comorbidity,,
follow_up.tsv,TCGA-FY-A3W9,other_clinical_attributes.days_to_comorbidity,,
follow_up.tsv,TCGA-ET-A25M,other_clinical_attributes.days_to_comorbidity,,
follow_up.tsv,TCGA-EM-A2P0,other_clinical_attributes.days_to_comorbidity,,
follow_up.tsv,TCGA-H2-A421,other_clinical_attributes.days_to_comorbidity,,
follow_up.tsv,TCGA-CE-A483,other_clinical_attributes.days_to_comorbidity,,
follow_up.tsv,TCGA-FY-A76V,other_clinical_attributes.days_to_comorbidity,,
follow_up.tsv,TCGA-DO-A2HM,other_clinical_attributes.days_to_comorbidity,,
follow_up.tsv,TCGA-IM-A3U2,other_clinical_attributes.days_to_comorbidity,,
follow_up.tsv,TCGA-FK-A3SG,other_clinical_attributes.days_to_comorbidity,,
follow_up.tsv,TCGA-EM-A22Q,other_clinical_attributes.days_to_comorbidity,,
follow_up.tsv,TCGA-EL-A3T0,other_clinical_attributes.days_to_comorbidity,,
follow_up.tsv,TCGA-DE-A4M9,other_clinical_attributes.days_to_comorbidity,,
follow_up.tsv,TCGA-E8-A416,other_clinical_attributes.days_to_comorbidity,,
follow_up.tsv,TCGA-DJ-A4V5,other_clinical_attributes.days_to_comorbidity,,
follow_up.tsv,TCGA-BJ-A0Z9,other_clinical_attributes.days_to_comorbidity,,
follow_up.tsv,TCGA-ET-A39N,other_clinical_attributes.days_to_comorbidity,,
follow_up.tsv,TCGA-E3-A3E1,other_clinical_attributes.days_to_comorbidity,,
follow_up.tsv,TCGA-FK-A3SB,other_clinical_attributes.days_to_comorbidity,,
follow_up.tsv,TCGA-KS-A4ID,other_clinical_attributes.days_to_comorbidity,,
follow_up.tsv,TCGA-DE-A4MA,other_clinical_attributes.days_to_comorbidity,,
follow_up.tsv,TCGA-EL-A4K9,other_clinical_attributes.days_to_comorbidity,,
follow_up.tsv,TCGA-ET-A3BX,other_clinical_attributes.days_to_comorbidity,,
follow_up.tsv,TCGA-EL-A3T9,other_clinical_attributes.days_to_comorbidity,,
follow_up.tsv,TCGA-EM-A1YD,other_clinical_attributes.days_to_comorbidity,,
follow_up.tsv,TCGA-FY-A40K,other_clinical_attributes.days_to_comorbidity,,
follow_up.tsv,TCGA-DJ-A13S,other_clinical_attributes.days_to_comorbidity,,
follow_up.tsv,TCGA-EL-A3CS,other_clinical_attributes.days_to_comorbidity,,
follow_up.tsv,TCGA-DJ-A2Q0,other_clinical_attributes.days_to_comorbidity,,
follow_up.tsv,TCGA-DJ-A13U,other_clinical_attributes.days_to_comorbidity,,
follow_up.tsv,TCGA-EM-A3OB,other_clinical_attributes.days_to_comorbidity,,
follow_up.tsv,TCGA-EL-A3H1,other_clinical_attributes.days_to_comorbidity,,
follow_up.tsv,TCGA-EM-A4FR,other_clinical_attributes.days_to_comorbidity,,
follow_up.tsv,TCGA-KS-A41F,other_clinical_attributes.days_to_comorbidity,,
follow_up.tsv,TCGA-DJ-A3V7,other_clinical_attributes.days_to_comorbidity,,
follow_up.tsv,TCGA-H2-A422,other_clinical_attributes.days_to_comorbidity,,
follow_up.tsv,TCGA-EL-A3T6,other_clinical_attributes.days_to_comorbidity,,
follow_up.tsv,TCGA-FY-A3R6,other_clinical_attributes.days_to_comorbidity,,
follow_up.tsv,TCGA-E3-A3E5,other_clinical_attributes.days_to_comorbidity,,
follow_up.tsv,TCGA-EM-A22M,other_clinical_attributes.days_to_comorbidity,,
follow_up.tsv,TCGA-IM-A41Z,other_clinical_attributes.days_to_comorbidity,,
follow_up.tsv,TCGA-EL-A3CX,other_clinical_attributes.days_to_comorbidity,,
follow_up.tsv,TCGA-E8-A417,other_clinical_attributes.days_to_comorbidity,,
follow_up.tsv,TCGA-ET-A3BP,other_clinical_attributes.days_to_comorbidity,,
follow_up.tsv,TCGA-DJ-A3VK,other_clinical_attributes.days_to_comorbidity,,
follow_up.tsv,TCGA-EM-A3SY,other_clinical_attributes.days_to_comorbidity,,
follow_up.tsv,TCGA-EL-A3ZR,other_clinical_attributes.days_to_comorbidity,,
follow_up.tsv,TCGA-DJ-A4UW,other_clinical_attributes.days_to_comorbidity,,
follow_up.tsv,TCGA-EM-A3O8,other_clinical_attributes.days_to_comorbidity,,
follow_up.tsv,TCGA-EL-A3T1,other_clinical_attributes.days_to_comorbidity,,
follow_up.tsv,TCGA-E8-A2EA,other_clinical_attributes.days_to_comorbidity,,
follow_up.tsv,TCGA-EL-A3T8,other_clinical_attributes.days_to_comorbidity,,
follow_up.tsv,TCGA-EM-A2OX,other_clinical_attributes.days_to_comorbidity,,
follow_up.tsv,TCGA-DJ-A13V,other_clinical_attributes.days_to_comorbidity,,
follow_up.tsv,TCGA-DJ-A1QQ,other_clinical_attributes.days_to_comorbidity,,
follow_up.tsv,TCGA-ET-A39R,other_clinical_attributes.days_to_comorbidity,,
follow_up.tsv,TCGA-CE-A485,other_clinical_attributes.days_to_comorbidity,,
follow_up.tsv,TCGA-L6-A4EP,other_clinical_attributes.days_to_comorbidity,,
follow_up.tsv,TCGA-DJ-A3UT,other_clinical_attributes.days_to_comorbidity,,
follow_up.tsv,TCGA-ET-A2N3,other_clinical_attributes.days_to_comorbidity,,
follow_up.tsv,TCGA-DE-A69J,other_clinical_attributes.days_to_comorbidity,,
follow_up.tsv,TCGA-DJ-A2PS,other_clinical_attributes.days_to_comorbidity,,
follow_up.tsv,TCGA-ET-A3DT,other_clinical_attributes.days_to_comorbidity,,
follow_up.tsv,TCGA-DJ-A2Q2,other_clinical_attributes.days_to_comorbidity,,
follow_up.tsv,TCGA-ET-A3DR,other_clinical_attributes.days_to_comorbidity,,
follow_up.tsv,TCGA-J8-A3YH,other_clinical_attributes.days_to_comorbidity,,
follow_up.tsv,TCGA-EL-A3TB,other_clinical_attributes.days_to_comorbidity,,
follow_up.tsv,TCGA-BJ-A45C,other_clinical_attributes.days_to_comorbidity,,
follow_up.tsv,TCGA-CE-A13K,other_clinical_attributes.days_to_comorbidity,,
follow_up.tsv,TCGA-DJ-A2PX,other_clinical_attributes.days_to_comorbidity,,
follow_up.tsv,TCGA-EL-A3ZS,other_clinical_attributes.days_to_comorbidity,,
follow_up.tsv,TCGA-E8-A419,other_clinical_attributes.days_to_comorbidity,,
follow_up.tsv,TCGA-DJ-A3V8,other_clinical_attributes.days_to_comorbidity,,
follow_up.tsv,TCGA-EL-A4K2,other_clinical_attributes.days_to_comorbidity,,
follow_up.tsv,TCGA-DE-A4M8,other_clinical_attributes.days_to_comorbidity,,
follow_up.tsv,TCGA-CE-A482,other_clinical_attributes.days_to_comorbidity,,
follow_up.tsv,TCGA-E8-A44K,other_clinical_attributes.days_to_comorbidity,,
follow_up.tsv,TCGA-EM-A2OW,other_clinical_attributes.days_to_comorbidity,,
follow_up.tsv,TCGA-BJ-A3F0,other_clinical_attributes.days_to_comorbidity,,
follow_up.tsv,TCGA-DJ-A3VF,other_clinical_attributes.days_to_comorbidity,,
follow_up.tsv,TCGA-FE-A3PC,other_clinical_attributes.days_to_comorbidity,,
follow_up.tsv,TCGA-BJ-A28T,other_clinical_attributes.days_to_comorbidity,,
follow_up.tsv,TCGA-EL-A4K1,other_clinical_attributes.days_to_comorbidity,,
follow_up.tsv,TCGA-EM-A22L,other_clinical_attributes.days_to_comorbidity,,
follow_up.tsv,TCGA-DJ-A3UZ,other_clinical_attributes.days_to_comorbidity,,
follow_up.tsv,TCGA-EL-A3CY,other_clinical_attributes.days_to_comorbidity,,
follow_up.tsv,TCGA-DJ-A4UT,other_clinical_attributes.days_to_comorbidity,,
follow_up.tsv,TCGA-DJ-A2Q3,other_clinical_attributes.days_to_comorbidity,,
follow_up.tsv,TCGA-DJ-A2Q6,other_clinical_attributes.days_to_comorbidity,,
follow_up.tsv,TCGA-FK-A3SE,other_clinical_attributes.days_to_comorbidity,,
follow_up.tsv,TCGA-DJ-A2QA,other_clinical_attributes.days_to_comorbidity,,
follow_up.tsv,TCGA-FY-A2QD,other_clinical_attributes.days_to_comorbidity,,
follow_up.tsv,TCGA-EL-A3GR,other_clinical_attributes.days_to_comorbidity,,
follow_up.tsv,TCGA-EL-A3T7,other_clinical_attributes.days_to_comorbidity,,
follow_up.tsv,TCGA-EM-A3FO,other_clinical_attributes.days_to_comorbidity,,
follow_up.tsv,TCGA-DJ-A3VB,other_clinical_attributes.days_to_comorbidity,,
follow_up.tsv,TCGA-FY-A3NN,other_clinical_attributes.days_to_comorbidity,,
follow_up.tsv,TCGA-EM-A1YB,other_clinical_attributes.days_to_comorbidity,,
follow_up.tsv,TCGA-ET-A3DV,other_clinical_attributes.days_to_comorbidity,,
follow_up.tsv,TCGA-EL-A4KD,other_clinical_attributes.days_to_comorbidity,,
follow_up.tsv,TCGA-L6-A4EU,other_clinical_attributes.days_to_comorbidity,,
follow_up.tsv,TCGA-DJ-A2QB,other_clinical_attributes.days_to_comorbidity,,
follow_up.tsv,TCGA-DJ-A4V4,other_clinical_attributes.days_to_comorbidity,,
follow_up.tsv,TCGA-DJ-A3V0,other_clinical_attributes.days_to_comorbidity,,
follow_up.tsv,TCGA-BJ-A45G,other_clinical_attributes.days_to_comorbidity,,
follow_up.tsv,TCGA-FY-A3R7,other_clinical_attributes.days_to_comorbidity,,
follow_up.tsv,TCGA-EM-A2P2,other_clinical_attributes.days_to_comorbidity,,
follow_up.tsv,TCGA-DJ-A13M,other_clinical_attributes.days_to_comorbidity,,
follow_up.tsv,TCGA-EL-A3D1,other_clinical_attributes.days_to_comorbidity,,
follow_up.tsv,TCGA-BJ-A28V,other_clinical_attributes.days_to_comorbidity,,
follow_up.tsv,TCGA-BJ-A3EZ,other_clinical_attributes.days_to_comorbidity,,
follow_up.tsv,TCGA-DJ-A3VG,other_clinical_attributes.days_to_comorbidity,,
follow_up.tsv,TCGA-ET-A3DU,other_clinical_attributes.days_to_comorbidity,,
follow_up.tsv,TCGA-ET-A3BO,other_clinical_attributes.days_to_comorbidity,,
follow_up.tsv,TCGA-EM-A3FP,other_clinical_attributes.days_to_comorbidity,,
follow_up.tsv,TCGA-ET-A25O,other_clinical_attributes.days_to_comorbidity,,
follow_up.tsv,TCGA-E8-A415,other_clinical_attributes.days_to_comorbidity,,
follow_up.tsv,TCGA-EM-A22J,other_clinical_attributes.days_to_comorbidity,,
follow_up.tsv,TCGA-DJ-A3UR,other_clinical_attributes.days_to_comorbidity,,
follow_up.tsv,TCGA-EM-A22N,other_clinical_attributes.days_to_comorbidity,,
follow_up.tsv,TCGA-FY-A3BL,other_clinical_attributes.days_to_comorbidity,,
follow_up.tsv,TCGA-FY-A3R8,other_clinical_attributes.days_to_comorbidity,,
follow_up.tsv,TCGA-FE-A235,other_clinical_attributes.days_to_comorbidity,,
follow_up.tsv,TCGA-DJ-A13L,other_clinical_attributes.days_to_comorbidity,,
follow_up.tsv,TCGA-ET-A3BS,other_clinical_attributes.days_to_comorbidity,,
follow_up.tsv,TCGA-EM-A2CT,other_clinical_attributes.days_to_comorbidity,,
follow_up.tsv,TCGA-ET-A40S,other_clinical_attributes.days_to_comorbidity,,
follow_up.tsv,TCGA-J8-A3YE,other_clinical_attributes.days_to_comorbidity,,
follow_up.tsv,TCGA-EM-A3FJ,other_clinical_attributes.days_to_comorbidity,,
follow_up.tsv,TCGA-EM-A2P3,other_clinical_attributes.days_to_comorbidity,,
follow_up.tsv,TCGA-EM-A4G1,other_clinical_attributes.days_to_comorbidity,,
follow_up.tsv,TCGA-EL-A3GW,other_clinical_attributes.days_to_comorbidity,,
follow_up.tsv,TCGA-DJ-A13P,other_clinical_attributes.days_to_comorbidity,,
follow_up.tsv,TCGA-DJ-A3VL,other_clinical_attributes.days_to_comorbidity,,
follow_up.tsv,TCGA-DJ-A1QG,other_clinical_attributes.days_to_comorbidity,,
follow_up.tsv,TCGA-BJ-A2N7,other_clinical_attributes.days_to_comorbidity,,
follow_up.tsv,TCGA-FY-A3I4,other_clinical_attributes.days_to_comorbidity,,
follow_up.tsv,TCGA-ET-A39L,other_clinical_attributes.days_to_comorbidity,,
follow_up.tsv,TCGA-EM-A3FL,other_clinical_attributes.days_to_comorbidity,,
follow_up.tsv,TCGA-ET-A39O,other_clinical_attributes.days_to_comorbidity,,
follow_up.tsv,TCGA-IM-A3ED,other_clinical_attributes.days_to_comorbidity,,
follow_up.tsv,TCGA-FY-A3YR,other_clinical_attributes.days_to_comorbidity,,
follow_up.tsv,TCGA-KS-A4IB,other_clinical_attributes.days_to_comorbidity,,
follow_up.tsv,TCGA-EM-A2OY,other_clinical_attributes.days_to_comorbidity,,
follow_up.tsv,TCGA-EL-A3TA,other_clinical_attributes.days_to_comorbidity,,
follow_up.tsv,TCGA-DJ-A2PW,other_clinical_attributes.days_to_comorbidity,,
follow_up.tsv,TCGA-BJ-A291,other_clinical_attributes.days_to_comorbidity,,
follow_up.tsv,TCGA-DJ-A3UM,other_clinical_attributes.days_to_comorbidity,,
follow_up.tsv,TCGA-E8-A413,other_clinical_attributes.days_to_comorbidity,,
follow_up.tsv,TCGA-DJ-A2PO,other_clinical_attributes.days_to_comorbidity,,
follow_up.tsv,TCGA-DJ-A3UK,other_clinical_attributes.days_to_comorbidity,,
follow_up.tsv,TCGA-L6-A4EQ,other_clinical_attributes.days_to_comorbidity,,
follow_up.tsv,TCGA-DJ-A3UO,other_clinical_attributes.days_to_comorbidity,,
follow_up.tsv,TCGA-EM-A3AJ,other_clinical_attributes.days_to_comorbidity,,
follow_up.tsv,TCGA-FY-A3R9,other_clinical_attributes.days_to_comorbidity,,
follow_up.tsv,TCGA-DJ-A1QD,other_clinical_attributes.days_to_comorbidity,,
follow_up.tsv,TCGA-DJ-A4V2,other_clinical_attributes.days_to_comorbidity,,
follow_up.tsv,TCGA-EM-A2CJ,other_clinical_attributes.days_to_comorbidity,,
follow_up.tsv,TCGA-EL-A4K7,other_clinical_attributes.days_to_comorbidity,,
follow_up.tsv,TCGA-EL-A4KG,other_clinical_attributes.days_to_comorbidity,,
follow_up.tsv,TCGA-DJ-A3VD,other_clinical_attributes.days_to_comorbidity,,
follow_up.tsv,TCGA-DJ-A1QE,other_clinical_attributes.days_to_comorbidity,,
follow_up.tsv,TCGA-IM-A3U3,other_clinical_attributes.days_to_comorbidity,,
follow_up.tsv,TCGA-MK-A4N6,other_clinical_attributes.days_to_comorbidity,,
follow_up.tsv,TCGA-EL-A3GP,other_clinical_attributes.days_to_comorbidity,,
follow_up.tsv,TCGA-EM-A22K,other_clinical_attributes.days_to_comorbidity,,
follow_up.tsv,TCGA-CE-A3ME,other_clinical_attributes.days_to_comorbidity,,
follow_up.tsv,TCGA-ET-A39S,other_clinical_attributes.days_to_comorbidity,,
follow_up.tsv,TCGA-E8-A436,other_clinical_attributes.days_to_comorbidity,,
follow_up.tsv,TCGA-E3-A3DY,other_clinical_attributes.days_to_comorbidity,,
follow_up.tsv,TCGA-KS-A4I7,other_clinical_attributes.days_to_comorbidity,,
follow_up.tsv,TCGA-EL-A3H4,other_clinical_attributes.days_to_comorbidity,,
follow_up.tsv,TCGA-DJ-A3VE,other_clinical_attributes.days_to_comorbidity,,
follow_up.tsv,TCGA-EM-A4FO,other_clinical_attributes.days_to_comorbidity,,
follow_up.tsv,TCGA-4C-A93U,other_clinical_attributes.days_to_comorbidity,,
follow_up.tsv,TCGA-ET-A25G,other_clinical_attributes.days_to_comorbidity,,
follow_up.tsv,TCGA-EL-A3ZL,other_clinical_attributes.days_to_comorbidity,,
follow_up.tsv,TCGA-IM-A420,other_clinical_attributes.days_to_comorbidity,,
follow_up.tsv,TCGA-DJ-A2Q1,other_clinical_attributes.days_to_comorbidity,,
follow_up.tsv,TCGA-FK-A3SH,other_clinical_attributes.days_to_comorbidity,,
follow_up.tsv,TCGA-DJ-A1QL,other_clinical_attributes.days_to_comorbidity,,
follow_up.tsv,TCGA-H2-A26U,other_clinical_attributes.days_to_comorbidity,,
follow_up.tsv,TCGA-CE-A484,other_clinical_attributes.days_to_comorbidity,,
follow_up.tsv,TCGA-DJ-A3VJ,other_clinical_attributes.days_to_comorbidity,,
follow_up.tsv,TCGA-EM-A1YE,other_clinical_attributes.days_to_comorbidity,,
follow_up.tsv,TCGA-ET-A2N1,other_clinical_attributes.days_to_comorbidity,,
follow_up.tsv,TCGA-BJ-A45D,other_clinical_attributes.days_to_comorbidity,,
follow_up.tsv,TCGA-BJ-A2P4,other_clinical_attributes.days_to_comorbidity,,
follow_up.tsv,TCGA-EM-A3AQ,other_clinical_attributes.days_to_comorbidity,,
follow_up.tsv,TCGA-EM-A1CS,other_clinical_attributes.days_to_comorbidity,,
follow_up.tsv,TCGA-KS-A4I5,other_clinical_attributes.days_to_comorbidity,,
follow_up.tsv,TCGA-EL-A3GV,other_clinical_attributes.days_to_comorbidity,,
follow_up.tsv,TCGA-ET-A39M,other_clinical_attributes.days_to_comorbidity,,
follow_up.tsv,TCGA-EL-A3D5,other_clinical_attributes.days_to_comorbidity,,
follow_up.tsv,TCGA-EL-A3ZP,other_clinical_attributes.days_to_comorbidity,,
follow_up.tsv,TCGA-ET-A2MY,other_clinical_attributes.days_to_comorbidity,,
follow_up.tsv,TCGA-E8-A418,other_clinical_attributes.days_to_comorbidity,,
follow_up.tsv,TCGA-ET-A25N,other_clinical_attributes.days_to_comorbidity,,
follow_up.tsv,TCGA-DJ-A2PQ,other_clinical_attributes.days_to_comorbidity,,
follow_up.tsv,TCGA-EM-A22I,other_clinical_attributes.days_to_comorbidity,,
follow_up.tsv,TCGA-EL-A3MW,other_clinical_attributes.days_to_comorbidity,,
follow_up.tsv,TCGA-E3-A3E2,other_clinical_attributes.days_to_comorbidity,,
follow_up.tsv,TCGA-E8-A434,other_clinical_attributes.days_to_comorbidity,,
follow_up.tsv,TCGA-DJ-A2Q4,other_clinical_attributes.days_to_comorbidity,,
follow_up.tsv,TCGA-MK-A4N7,other_clinical_attributes.days_to_comorbidity,,
follow_up.tsv,TCGA-E8-A438,other_clinical_attributes.days_to_comorbidity,,
follow_up.tsv,TCGA-DJ-A1QO,other_clinical_attributes.days_to_comorbidity,,
follow_up.tsv,TCGA-DJ-A3UV,other_clinical_attributes.days_to_comorbidity,,
follow_up.tsv,TCGA-E8-A3X7,other_clinical_attributes.days_to_comorbidity,,
follow_up.tsv,TCGA-DJ-A1QH,other_clinical_attributes.days_to_comorbidity,,
follow_up.tsv,TCGA-BJ-A0YZ,other_clinical_attributes.days_to_comorbidity,,
follow_up.tsv,TCGA-E8-A2JQ,other_clinical_attributes.days_to_comorbidity,,
follow_up.tsv,TCGA-FY-A3NM,other_clinical_attributes.days_to_comorbidity,,
follow_up.tsv,TCGA-EL-A3MZ,other_clinical_attributes.days_to_comorbidity,,
follow_up.tsv,TCGA-EM-A4FN,other_clinical_attributes.days_to_comorbidity,,
follow_up.tsv,TCGA-ET-A3DQ,other_clinical_attributes.days_to_comorbidity,,
follow_up.tsv,TCGA-DJ-A2Q8,other_clinical_attributes.days_to_comorbidity,,
follow_up.tsv,TCGA-KS-A4I3,other_clinical_attributes.days_to_comorbidity,,
follow_up.tsv,TCGA-EL-A3H8,other_clinical_attributes.days_to_comorbidity,,
follow_up.tsv,TCGA-EL-A3H7,other_clinical_attributes.days_to_comorbidity,,
follow_up.tsv,TCGA-DJ-A2PN,other_clinical_attributes.days_to_comorbidity,,
follow_up.tsv,TCGA-EL-A3CV,other_clinical_attributes.days_to_comorbidity,,
follow_up.tsv,TCGA-DJ-A1QF,other_clinical_attributes.days_to_comorbidity,,
follow_up.tsv,TCGA-BJ-A3PR,other_clinical_attributes.days_to_comorbidity,,
follow_up.tsv,TCGA-DJ-A2PY,other_clinical_attributes.days_to_comorbidity,,
follow_up.tsv,TCGA-J8-A4HW,other_clinical_attributes.days_to_comorbidity,,
follow_up.tsv,TCGA-FE-A23A,other_clinical_attributes.days_to_comorbidity,,
follow_up.tsv,TCGA-EM-A3SU,other_clinical_attributes.days_to_comorbidity,,
follow_up.tsv,TCGA-EM-A3FQ,other_clinical_attributes.days_to_comorbidity,,
follow_up.tsv,TCGA-EL-A3CW,other_clinical_attributes.days_to_comorbidity,,
follow_up.tsv,TCGA-EL-A3CL,other_clinical_attributes.days_to_comorbidity,,
follow_up.tsv,TCGA-EL-A3CO,other_clinical_attributes.days_to_comorbidity,,
follow_up.tsv,TCGA-ET-A3DO,other_clinical_attributes.days_to_risk_factor,,
follow_up.tsv,TCGA-EL-A4KI,other_clinical_attributes.days_to_risk_factor,,
follow_up.tsv,TCGA-BJ-A290,other_clinical_attributes.days_to_risk_factor,,
follow_up.tsv,TCGA-EL-A4K6,other_clinical_attributes.days_to_risk_factor,,
follow_up.tsv,TCGA-EM-A4FU,other_clinical_attributes.days_to_risk_factor,,
follow_up.tsv,TCGA-ET-A39K,other_clinical_attributes.days_to_risk_factor,,
follow_up.tsv,TCGA-FE-A22Z,other_clinical_attributes.days_to_risk_factor,,
follow_up.tsv,TCGA-FE-A237,other_clinical_attributes.days_to_risk_factor,,
follow_up.tsv,TCGA-EL-A3GX,other_clinical_attributes.days_to_risk_factor,,
follow_up.tsv,TCGA-DO-A1K0,other_clinical_attributes.days_to_risk_factor,,
follow_up.tsv,TCGA-EM-A4FF,other_clinical_attributes.days_to_risk_factor,,
follow_up.tsv,TCGA-ET-A3BV,other_clinical_attributes.days_to_risk_factor,,
follow_up.tsv,TCGA-DE-A0Y3,other_clinical_attributes.days_to_risk_factor,,
follow_up.tsv,TCGA-DJ-A4UR,other_clinical_attributes.days_to_risk_factor,,
follow_up.tsv,TCGA-DE-A4MD,other_clinical_attributes.days_to_risk_factor,,
follow_up.tsv,TCGA-ET-A3BT,other_clinical_attributes.days_to_risk_factor,,
follow_up.tsv,TCGA-EL-A3GU,other_clinical_attributes.days_to_risk_factor,,
follow_up.tsv,TCGA-FE-A234,other_clinical_attributes.days_to_risk_factor,,
follow_up.tsv,TCGA-FE-A233,other_clinical_attributes.days_to_risk_factor,,
follow_up.tsv,TCGA-BJ-A0Z2,other_clinical_attributes.days_to_risk_factor,,
follow_up.tsv,TCGA-FE-A239,other_clinical_attributes.days_to_risk_factor,,
follow_up.tsv,TCGA-E3-A3E3,other_clinical_attributes.days_to_risk_factor,,
follow_up.tsv,TCGA-ET-A40Q,other_clinical_attributes.days_to_risk_factor,,
follow_up.tsv,TCGA-DE-A4MC,other_clinical_attributes.days_to_risk_factor,,
follow_up.tsv,TCGA-EL-A3T2,other_clinical_attributes.days_to_risk_factor,,
follow_up.tsv,TCGA-EM-A3FM,other_clinical_attributes.days_to_risk_factor,,
follow_up.tsv,TCGA-E8-A432,other_clinical_attributes.days_to_risk_factor,,
follow_up.tsv,TCGA-EL-A3GO,other_clinical_attributes.days_to_risk_factor,,
follow_up.tsv,TCGA-FE-A230,other_clinical_attributes.days_to_risk_factor,,
follow_up.tsv,TCGA-H2-A3RI,other_clinical_attributes.days_to_risk_factor,,
follow_up.tsv,TCGA-EL-A3CZ,other_clinical_attributes.days_to_risk_factor,,
follow_up.tsv,TCGA-FE-A238,other_clinical_attributes.days_to_risk_factor,,
follow_up.tsv,TCGA-EL-A3MX,other_clinical_attributes.days_to_risk_factor,,
follow_up.tsv,TCGA-BJ-A3PU,other_clinical_attributes.days_to_risk_factor,,
follow_up.tsv,TCGA-EM-A2P1,other_clinical_attributes.days_to_risk_factor,,
follow_up.tsv,TCGA-BJ-A18Z,other_clinical_attributes.days_to_risk_factor,,
follow_up.tsv,TCGA-BJ-A0Z5,other_clinical_attributes.days_to_risk_factor,,
follow_up.tsv,TCGA-BJ-A4O8,other_clinical_attributes.days_to_risk_factor,,
follow_up.tsv,TCGA-FE-A3PA,other_clinical_attributes.days_to_risk_factor,,
follow_up.tsv,TCGA-BJ-A2N9,other_clinical_attributes.days_to_risk_factor,,
follow_up.tsv,TCGA-BJ-A191,other_clinical_attributes.days_to_risk_factor,,
follow_up.tsv,TCGA-EL-A3ZG,other_clinical_attributes.days_to_risk_factor,,
follow_up.tsv,TCGA-BJ-A0Z3,other_clinical_attributes.days_to_risk_factor,,
follow_up.tsv,TCGA-EM-A2CN,other_clinical_attributes.days_to_risk_factor,,
follow_up.tsv,TCGA-EL-A3D0,other_clinical_attributes.days_to_risk_factor,,
follow_up.tsv,TCGA-BJ-A45J,other_clinical_attributes.days_to_risk_factor,,
follow_up.tsv,TCGA-EL-A3MY,other_clinical_attributes.days_to_risk_factor,,
follow_up.tsv,TCGA-BJ-A45H,other_clinical_attributes.days_to_risk_factor,,
follow_up.tsv,TCGA-FK-A4UB,other_clinical_attributes.days_to_risk_factor,,
follow_up.tsv,TCGA-DE-A69K,other_clinical_attributes.days_to_risk_factor,,
follow_up.tsv,TCGA-BJ-A0ZH,other_clinical_attributes.days_to_risk_factor,,
follow_up.tsv,TCGA-BJ-A0ZF,other_clinical_attributes.days_to_risk_factor,,
follow_up.tsv,TCGA-DJ-A3UX,other_clinical_attributes.days_to_risk_factor,,
follow_up.tsv,TCGA-BJ-A0ZG,other_clinical_attributes.days_to_risk_factor,,
follow_up.tsv,TCGA-BJ-A28W,other_clinical_attributes.days_to_risk_factor,,
follow_up.tsv,TCGA-QD-A8IV,other_clinical_attributes.days_to_risk_factor,,
follow_up.tsv,TCGA-BJ-A4O9,other_clinical_attributes.days_to_risk_factor,,
follow_up.tsv,TCGA-EM-A3ST,other_clinical_attributes.days_to_risk_factor,,
follow_up.tsv,TCGA-BJ-A0ZB,other_clinical_attributes.days_to_risk_factor,,
follow_up.tsv,TCGA-L6-A4ET,other_clinical_attributes.days_to_risk_factor,,
follow_up.tsv,TCGA-BJ-A2NA,other_clinical_attributes.days_to_risk_factor,,
follow_up.tsv,TCGA-J8-A3YF,other_clinical_attributes.days_to_risk_factor,,
follow_up.tsv,TCGA-BJ-A190,other_clinical_attributes.days_to_risk_factor,,
follow_up.tsv,TCGA-DE-A7U5,other_clinical_attributes.days_to_risk_factor,,
follow_up.tsv,TCGA-BJ-A45E,other_clinical_attributes.days_to_risk_factor,,
follow_up.tsv,TCGA-BJ-A0ZA,other_clinical_attributes.days_to_risk_factor,,
follow_up.tsv,TCGA-J8-A3YD,other_clinical_attributes.days_to_risk_factor,,
follow_up.tsv,TCGA-BJ-A0ZC,other_clinical_attributes.days_to_risk_factor,,
follow_up.tsv,TCGA-BJ-A28Z,other_clinical_attributes.days_to_risk_factor,,
follow_up.tsv,TCGA-BJ-A0ZJ,other_clinical_attributes.days_to_risk_factor,,
follow_up.tsv,TCGA-BJ-A45K,other_clinical_attributes.days_to_risk_factor,,
follow_up.tsv,TCGA-J8-A3YG,other_clinical_attributes.days_to_risk_factor,,
follow_up.tsv,TCGA-BJ-A0ZE,other_clinical_attributes.days_to_risk_factor,,
follow_up.tsv,TCGA-BJ-A18Y,other_clinical_attributes.days_to_risk_factor,,
follow_up.tsv,TCGA-BJ-A28X,other_clinical_attributes.days_to_risk_factor,,
follow_up.tsv,TCGA-BJ-A192,other_clinical_attributes.days_to_risk_factor,,
follow_up.tsv,TCGA-BJ-A45I,other_clinical_attributes.days_to_risk_factor,,
follow_up.tsv,TCGA-BJ-A45F,other_clinical_attributes.days_to_risk_factor,,
follow_up.tsv,TCGA-J8-A3O1,other_clinical_attributes.days_to_risk_factor,,
follow_up.tsv,TCGA-DJ-A4V0,other_clinical_attributes.days_to_risk_factor,,
follow_up.tsv,TCGA-EL-A3N3,other_clinical_attributes.days_to_risk_factor,,
follow_up.tsv,TCGA-FY-A4B3,other_clinical_attributes.days_to_risk_factor,,
follow_up.tsv,TCGA-FY-A3NP,other_clinical_attributes.days_to_risk_factor,,
follow_up.tsv,TCGA-DJ-A3UY,other_clinical_attributes.days_to_risk_factor,,
follow_up.tsv,TCGA-H2-A3RH,other_clinical_attributes.days_to_risk_factor,,
follow_up.tsv,TCGA-J8-A3O2,other_clinical_attributes.days_to_risk_factor,,
follow_up.tsv,TCGA-EM-A2CO,other_clinical_attributes.days_to_risk_factor,,
follow_up.tsv,TCGA-EL-A3ZM,other_clinical_attributes.days_to_risk_factor,,
follow_up.tsv,TCGA-DJ-A2PP,other_clinical_attributes.days_to_risk_factor,,
follow_up.tsv,TCGA-FE-A3PB,other_clinical_attributes.days_to_risk_factor,,
follow_up.tsv,TCGA-DJ-A2Q9,other_clinical_attributes.days_to_risk_factor,,
follow_up.tsv,TCGA-EL-A4K0,other_clinical_attributes.days_to_risk_factor,,
follow_up.tsv,TCGA-DE-A3KN,other_clinical_attributes.days_to_risk_factor,,
follow_up.tsv,TCGA-ET-A25R,other_clinical_attributes.days_to_risk_factor,,
follow_up.tsv,TCGA-EM-A1YC,other_clinical_attributes.days_to_risk_factor,,
follow_up.tsv,TCGA-DJ-A13T,other_clinical_attributes.days_to_risk_factor,,
follow_up.tsv,TCGA-EM-A3AL,other_clinical_attributes.days_to_risk_factor,,
follow_up.tsv,TCGA-EM-A4FK,other_clinical_attributes.days_to_risk_factor,,
follow_up.tsv,TCGA-EM-A3FK,other_clinical_attributes.days_to_risk_factor,,
follow_up.tsv,TCGA-ET-A25I,other_clinical_attributes.days_to_risk_factor,,
follow_up.tsv,TCGA-EM-A3SZ,other_clinical_attributes.days_to_risk_factor,,
follow_up.tsv,TCGA-EM-A3AP,other_clinical_attributes.days_to_risk_factor,,
follow_up.tsv,TCGA-ET-A25P,other_clinical_attributes.days_to_risk_factor,,
follow_up.tsv,TCGA-EM-A4FM,other_clinical_attributes.days_to_risk_factor,,
follow_up.tsv,TCGA-DJ-A2PU,other_clinical_attributes.days_to_risk_factor,,
follow_up.tsv,TCGA-DJ-A2Q5,other_clinical_attributes.days_to_risk_factor,,
follow_up.tsv,TCGA-EM-A3SX,other_clinical_attributes.days_to_risk_factor,,
follow_up.tsv,TCGA-EL-A3ZH,other_clinical_attributes.days_to_risk_factor,,
follow_up.tsv,TCGA-EL-A3GY,other_clinical_attributes.days_to_risk_factor,,
follow_up.tsv,TCGA-CE-A3MD,other_clinical_attributes.days_to_risk_factor,,
follow_up.tsv,TCGA-DO-A1JZ,other_clinical_attributes.days_to_risk_factor,,
follow_up.tsv,TCGA-ET-A39J,other_clinical_attributes.days_to_risk_factor,,
follow_up.tsv,TCGA-DJ-A3VI,other_clinical_attributes.days_to_risk_factor,,
follow_up.tsv,TCGA-ET-A3DP,other_clinical_attributes.days_to_risk_factor,,
follow_up.tsv,TCGA-EM-A3AO,other_clinical_attributes.days_to_risk_factor,,
follow_up.tsv,TCGA-EM-A22P,other_clinical_attributes.days_to_risk_factor,,
follow_up.tsv,TCGA-E8-A437,other_clinical_attributes.days_to_risk_factor,,
follow_up.tsv,TCGA-DJ-A3VM,other_clinical_attributes.days_to_risk_factor,,
follow_up.tsv,TCGA-DJ-A2QC,other_clinical_attributes.days_to_risk_factor,,
follow_up.tsv,TCGA-EL-A3ZN,other_clinical_attributes.days_to_risk_factor,,
follow_up.tsv,TCGA-EM-A2OZ,other_clinical_attributes.days_to_risk_factor,,
follow_up.tsv,TCGA-DJ-A1QN,other_clinical_attributes.days_to_risk_factor,,
follow_up.tsv,TCGA-EL-A3D6,other_clinical_attributes.days_to_risk_factor,,
follow_up.tsv,TCGA-ET-A2N0,other_clinical_attributes.days_to_risk_factor,,
follow_up.tsv,TCGA-EM-A2CR,other_clinical_attributes.days_to_risk_factor,,
follow_up.tsv,TCGA-MK-A84Z,other_clinical_attributes.days_to_risk_factor,,
follow_up.tsv,TCGA-EL-A3CM,other_clinical_attributes.days_to_risk_factor,,
follow_up.tsv,TCGA-EM-A1CW,other_clinical_attributes.days_to_risk_factor,,
follow_up.tsv,TCGA-KS-A41J,other_clinical_attributes.days_to_risk_factor,,
follow_up.tsv,TCGA-E8-A414,other_clinical_attributes.days_to_risk_factor,,
follow_up.tsv,TCGA-EL-A3GS,other_clinical_attributes.days_to_risk_factor,,
follow_up.tsv,TCGA-EM-A3OA,other_clinical_attributes.days_to_risk_factor,,
follow_up.tsv,TCGA-ET-A40R,other_clinical_attributes.days_to_risk_factor,,
follow_up.tsv,TCGA-MK-A4N9,other_clinical_attributes.days_to_risk_factor,,
follow_up.tsv,TCGA-DJ-A4UP,other_clinical_attributes.days_to_risk_factor,,
follow_up.tsv,TCGA-EL-A3CR,other_clinical_attributes.days_to_risk_factor,,
follow_up.tsv,TCGA-H2-A2K9,other_clinical_attributes.days_to_risk_factor,,
follow_up.tsv,TCGA-DJ-A3UP,other_clinical_attributes.days_to_risk_factor,,
follow_up.tsv,TCGA-DJ-A4UQ,other_clinical_attributes.days_to_risk_factor,,
follow_up.tsv,TCGA-EM-A2CL,other_clinical_attributes.days_to_risk_factor,,
follow_up.tsv,TCGA-DJ-A3VA,other_clinical_attributes.days_to_risk_factor,,
follow_up.tsv,TCGA-EM-A1CT,other_clinical_attributes.days_to_risk_factor,,
follow_up.tsv,TCGA-ET-A4KQ,other_clinical_attributes.days_to_risk_factor,,
follow_up.tsv,TCGA-EL-A4K4,other_clinical_attributes.days_to_risk_factor,,
follow_up.tsv,TCGA-BJ-A3PT,other_clinical_attributes.days_to_risk_factor,,
follow_up.tsv,TCGA-EM-A3O3,other_clinical_attributes.days_to_risk_factor,,
follow_up.tsv,TCGA-EM-A2CM,other_clinical_attributes.days_to_risk_factor,,
follow_up.tsv,TCGA-J8-A4HY,other_clinical_attributes.days_to_risk_factor,,
follow_up.tsv,TCGA-EM-A3FR,other_clinical_attributes.days_to_risk_factor,,
follow_up.tsv,TCGA-CE-A481,other_clinical_attributes.days_to_risk_factor,,
follow_up.tsv,TCGA-ET-A40T,other_clinical_attributes.days_to_risk_factor,,
follow_up.tsv,TCGA-ET-A3BW,other_clinical_attributes.days_to_risk_factor,,
follow_up.tsv,TCGA-DJ-A2PR,other_clinical_attributes.days_to_risk_factor,,
follow_up.tsv,TCGA-E8-A44M,other_clinical_attributes.days_to_risk_factor,,
follow_up.tsv,TCGA-DJ-A3V9,other_clinical_attributes.days_to_risk_factor,,
follow_up.tsv,TCGA-EM-A2CP,other_clinical_attributes.days_to_risk_factor,,
follow_up.tsv,TCGA-ET-A25K,other_clinical_attributes.days_to_risk_factor,,
follow_up.tsv,TCGA-EL-A3GZ,other_clinical_attributes.days_to_risk_factor,,
follow_up.tsv,TCGA-FE-A236,other_clinical_attributes.days_to_risk_factor,,
follow_up.tsv,TCGA-EL-A3ZQ,other_clinical_attributes.days_to_risk_factor,,
follow_up.tsv,TCGA-EM-A3O9,other_clinical_attributes.days_to_risk_factor,,
follow_up.tsv,TCGA-EL-A3N2,other_clinical_attributes.days_to_risk_factor,,
follow_up.tsv,TCGA-DJ-A3V4,other_clinical_attributes.days_to_risk_factor,,
follow_up.tsv,TCGA-EL-A3CP,other_clinical_attributes.days_to_risk_factor,,
follow_up.tsv,TCGA-DJ-A1QM,other_clinical_attributes.days_to_risk_factor,,
follow_up.tsv,TCGA-DJ-A3UQ,other_clinical_attributes.days_to_risk_factor,,
follow_up.tsv,TCGA-ET-A39I,other_clinical_attributes.days_to_risk_factor,,
follow_up.tsv,TCGA-IM-A4EB,other_clinical_attributes.days_to_risk_factor,,
follow_up.tsv,TCGA-EM-A3O6,other_clinical_attributes.days_to_risk_factor,,
follow_up.tsv,TCGA-EL-A3H3,other_clinical_attributes.days_to_risk_factor,,
follow_up.tsv,TCGA-FE-A3PD,other_clinical_attributes.days_to_risk_factor,,
follow_up.tsv,TCGA-DJ-A2PT,other_clinical_attributes.days_to_risk_factor,,
follow_up.tsv,TCGA-EM-A3O7,other_clinical_attributes.days_to_risk_factor,,
follow_up.tsv,TCGA-IM-A3EB,other_clinical_attributes.days_to_risk_factor,,
follow_up.tsv,TCGA-DJ-A1QI,other_clinical_attributes.days_to_risk_factor,,
follow_up.tsv,TCGA-DJ-A13X,other_clinical_attributes.days_to_risk_factor,,
follow_up.tsv,TCGA-DJ-A13W,other_clinical_attributes.days_to_risk_factor,,
follow_up.tsv,TCGA-ET-A3BN,other_clinical_attributes.days_to_risk_factor,,
follow_up.tsv,TCGA-EL-A3ZO,other_clinical_attributes.days_to_risk_factor,,
follow_up.tsv,TCGA-EL-A3ZK,other_clinical_attributes.days_to_risk_factor,,
follow_up.tsv,TCGA-EL-A4JZ,other_clinical_attributes.days_to_risk_factor,,
follow_up.tsv,TCGA-ET-A2N4,other_clinical_attributes.days_to_risk_factor,,
follow_up.tsv,TCGA-DJ-A13R,other_clinical_attributes.days_to_risk_factor,,
follow_up.tsv,TCGA-DE-A0XZ,other_clinical_attributes.days_to_risk_factor,,
follow_up.tsv,TCGA-FY-A40L,other_clinical_attributes.days_to_risk_factor,,
follow_up.tsv,TCGA-EL-A3H5,other_clinical_attributes.days_to_risk_factor,,
follow_up.tsv,TCGA-ET-A3DW,other_clinical_attributes.days_to_risk_factor,,
follow_up.tsv,TCGA-J8-A3NZ,other_clinical_attributes.days_to_risk_factor,,
follow_up.tsv,TCGA-ET-A39P,other_clinical_attributes.days_to_risk_factor,,
follow_up.tsv,TCGA-ET-A25L,other_clinical_attributes.days_to_risk_factor,,
follow_up.tsv,TCGA-FY-A40N,other_clinical_attributes.days_to_risk_factor,,
follow_up.tsv,TCGA-DJ-A3UU,other_clinical_attributes.days_to_risk_factor,,
follow_up.tsv,TCGA-ET-A3BU,other_clinical_attributes.days_to_risk_factor,,
follow_up.tsv,TCGA-EL-A3CN,other_clinical_attributes.days_to_risk_factor,,
follow_up.tsv,TCGA-EM-A4FH,other_clinical_attributes.days_to_risk_factor,,
follow_up.tsv,TCGA-EM-A3AK,other_clinical_attributes.days_to_risk_factor,,
follow_up.tsv,TCGA-KS-A41L,other_clinical_attributes.days_to_risk_factor,,
follow_up.tsv,TCGA-E8-A433,other_clinical_attributes.days_to_risk_factor,,
follow_up.tsv,TCGA-EL-A3CT,other_clinical_attributes.days_to_risk_factor,,
follow_up.tsv,TCGA-FY-A3ON,other_clinical_attributes.days_to_risk_factor,,
follow_up.tsv,TCGA-KS-A4IC,other_clinical_attributes.days_to_risk_factor,,
follow_up.tsv,TCGA-E8-A242,other_clinical_attributes.days_to_risk_factor,,
follow_up.tsv,TCGA-EM-A1CU,other_clinical_attributes.days_to_risk_factor,,
follow_up.tsv,TCGA-EL-A3GQ,other_clinical_attributes.days_to_risk_factor,,
follow_up.tsv,TCGA-DE-A4MB,other_clinical_attributes.days_to_risk_factor,,
follow_up.tsv,TCGA-EL-A4JW,other_clinical_attributes.days_to_risk_factor,,
follow_up.tsv,TCGA-ET-A2MZ,other_clinical_attributes.days_to_risk_factor,,
follow_up.tsv,TCGA-EM-A4FQ,other_clinical_attributes.days_to_risk_factor,,
follow_up.tsv,TCGA-FY-A3I5,other_clinical_attributes.days_to_risk_factor,,
follow_up.tsv,TCGA-BJ-A28R,other_clinical_attributes.days_to_risk_factor,,
follow_up.tsv,TCGA-KS-A4I9,other_clinical_attributes.days_to_risk_factor,,
follow_up.tsv,TCGA-FY-A3TY,other_clinical_attributes.days_to_risk_factor,,
follow_up.tsv,TCGA-IM-A41Y,other_clinical_attributes.days_to_risk_factor,,
follow_up.tsv,TCGA-EM-A2OV,other_clinical_attributes.days_to_risk_factor,,
follow_up.tsv,TCGA-EM-A1YA,other_clinical_attributes.days_to_risk_factor,,
follow_up.tsv,TCGA-J8-A3O0,other_clinical_attributes.days_to_risk_factor,,
follow_up.tsv,TCGA-FY-A3RA,other_clinical_attributes.days_to_risk_factor,,
follow_up.tsv,TCGA-FY-A3WA,other_clinical_attributes.days_to_risk_factor,,
follow_up.tsv,TCGA-ET-A2MX,other_clinical_attributes.days_to_risk_factor,,
follow_up.tsv,TCGA-EM-A3FN,other_clinical_attributes.days_to_risk_factor,,
follow_up.tsv,TCGA-E3-A3DZ,other_clinical_attributes.days_to_risk_factor,,
follow_up.tsv,TCGA-BJ-A28S,other_clinical_attributes.days_to_risk_factor,,
follow_up.tsv,TCGA-ET-A3BQ,other_clinical_attributes.days_to_risk_factor,,
follow_up.tsv,TCGA-E3-A3E0,other_clinical_attributes.days_to_risk_factor,,
follow_up.tsv,TCGA-FY-A4B4,other_clinical_attributes.days_to_risk_factor,,
follow_up.tsv,TCGA-ET-A3DS,other_clinical_attributes.days_to_risk_factor,,
follow_up.tsv,TCGA-EL-A3D4,other_clinical_attributes.days_to_risk_factor,,
follow_up.tsv,TCGA-DJ-A2PZ,other_clinical_attributes.days_to_risk_factor,,
follow_up.tsv,TCGA-DJ-A3UW,other_clinical_attributes.days_to_risk_factor,,
follow_up.tsv,TCGA-FE-A232,other_clinical_attributes.days_to_risk_factor,,
follow_up.tsv,TCGA-ET-A25J,other_clinical_attributes.days_to_risk_factor,,
follow_up.tsv,TCGA-DJ-A2PV,other_clinical_attributes.days_to_risk_factor,,
follow_up.tsv,TCGA-FK-A3SD,other_clinical_attributes.days_to_risk_factor,,
follow_up.tsv,TCGA-J8-A42S,other_clinical_attributes.days_to_risk_factor,,
follow_up.tsv,TCGA-EL-A4KH,other_clinical_attributes.days_to_risk_factor,,
follow_up.tsv,TCGA-EL-A3T3,other_clinical_attributes.days_to_risk_factor,,
follow_up.tsv,TCGA-EM-A4FV,other_clinical_attributes.days_to_risk_factor,,
follow_up.tsv,TCGA-EM-A3AN,other_clinical_attributes.days_to_risk_factor,,
follow_up.tsv,TCGA-EL-A3ZT,other_clinical_attributes.days_to_risk_factor,,
follow_up.tsv,TCGA-DJ-A3V3,other_clinical_attributes.days_to_risk_factor,,
follow_up.tsv,TCGA-EM-A2CU,other_clinical_attributes.days_to_risk_factor,,
follow_up.tsv,TCGA-DJ-A3UN,other_clinical_attributes.days_to_risk_factor,,
follow_up.tsv,TCGA-EL-A4JX,other_clinical_attributes.days_to_risk_factor,,
follow_up.tsv,TCGA-EM-A3AI,other_clinical_attributes.days_to_risk_factor,,
follow_up.tsv,TCGA-EM-A22O,other_clinical_attributes.days_to_risk_factor,,
follow_up.tsv,TCGA-DE-A0Y2,other_clinical_attributes.days_to_risk_factor,,
follow_up.tsv,TCGA-FY-A4B0,other_clinical_attributes.days_to_risk_factor,,
follow_up.tsv,TCGA-DJ-A3US,other_clinical_attributes.days_to_risk_factor,,
follow_up.tsv,TCGA-EL-A4JV,other_clinical_attributes.days_to_risk_factor,,
follow_up.tsv,TCGA-KS-A4I1,other_clinical_attributes.days_to_risk_factor,,
follow_up.tsv,TCGA-FE-A231,other_clinical_attributes.days_to_risk_factor,,
follow_up.tsv,TCGA-EM-A3AR,other_clinical_attributes.days_to_risk_factor,,
follow_up.tsv,TCGA-EM-A2CQ,other_clinical_attributes.days_to_risk_factor,,
follow_up.tsv,TCGA-BJ-A2N8,other_clinical_attributes.days_to_risk_factor,,
follow_up.tsv,TCGA-BJ-A0Z0,other_clinical_attributes.days_to_risk_factor,,
follow_up.tsv,TCGA-FY-A40M,other_clinical_attributes.days_to_risk_factor,,
follow_up.tsv,TCGA-EL-A3CU,other_clinical_attributes.days_to_risk_factor,,
follow_up.tsv,TCGA-KS-A41I,other_clinical_attributes.days_to_risk_factor,,
follow_up.tsv,TCGA-EM-A2CS,other_clinical_attributes.days_to_risk_factor,,
follow_up.tsv,TCGA-CE-A27D,other_clinical_attributes.days_to_risk_factor,,
follow_up.tsv,TCGA-ET-A4KN,other_clinical_attributes.days_to_risk_factor,,
follow_up.tsv,TCGA-EM-A1CV,other_clinical_attributes.days_to_risk_factor,,
follow_up.tsv,TCGA-DJ-A3V6,other_clinical_attributes.days_to_risk_factor,,
follow_up.tsv,TCGA-EL-A3H2,other_clinical_attributes.days_to_risk_factor,,
follow_up.tsv,TCGA-DE-A2OL,other_clinical_attributes.days_to_risk_factor,,
follow_up.tsv,TCGA-DJ-A13O,other_clinical_attributes.days_to_risk_factor,,
follow_up.tsv,TCGA-EM-A2CK,other_clinical_attributes.days_to_risk_factor,,
follow_up.tsv,TCGA-DJ-A4UL,other_clinical_attributes.days_to_risk_factor,,
follow_up.tsv,TCGA-FK-A3S3,other_clinical_attributes.days_to_risk_factor,,
follow_up.tsv,TCGA-ET-A39T,other_clinical_attributes.days_to_risk_factor,,
follow_up.tsv,TCGA-DJ-A2Q7,other_clinical_attributes.days_to_risk_factor,,
follow_up.tsv,TCGA-DJ-A3V2,other_clinical_attributes.days_to_risk_factor,,
follow_up.tsv,TCGA-ET-A40P,other_clinical_attributes.days_to_risk_factor,,
follow_up.tsv,TCGA-DJ-A3V5,other_clinical_attributes.days_to_risk_factor,,
follow_up.tsv,TCGA-ET-A2N5,other_clinical_attributes.days_to_risk_factor,,
follow_up.tsv,TCGA-GE-A2C6,other_clinical_attributes.days_to_risk_factor,,
follow_up.tsv,TCGA-FY-A3W9,other_clinical_attributes.days_to_risk_factor,,
follow_up.tsv,TCGA-ET-A25M,other_clinical_attributes.days_to_risk_factor,,
follow_up.tsv,TCGA-EM-A2P0,other_clinical_attributes.days_to_risk_factor,,
follow_up.tsv,TCGA-H2-A421,other_clinical_attributes.days_to_risk_factor,,
follow_up.tsv,TCGA-CE-A483,other_clinical_attributes.days_to_risk_factor,,
follow_up.tsv,TCGA-FY-A76V,other_clinical_attributes.days_to_risk_factor,,
follow_up.tsv,TCGA-DO-A2HM,other_clinical_attributes.days_to_risk_factor,,
follow_up.tsv,TCGA-IM-A3U2,other_clinical_attributes.days_to_risk_factor,,
follow_up.tsv,TCGA-FK-A3SG,other_clinical_attributes.days_to_risk_factor,,
follow_up.tsv,TCGA-EM-A22Q,other_clinical_attributes.days_to_risk_factor,,
follow_up.tsv,TCGA-EL-A3T0,other_clinical_attributes.days_to_risk_factor,,
follow_up.tsv,TCGA-DE-A4M9,other_clinical_attributes.days_to_risk_factor,,
follow_up.tsv,TCGA-E8-A416,other_clinical_attributes.days_to_risk_factor,,
follow_up.tsv,TCGA-DJ-A4V5,other_clinical_attributes.days_to_risk_factor,,
follow_up.tsv,TCGA-BJ-A0Z9,other_clinical_attributes.days_to_risk_factor,,
follow_up.tsv,TCGA-ET-A39N,other_clinical_attributes.days_to_risk_factor,,
follow_up.tsv,TCGA-E3-A3E1,other_clinical_attributes.days_to_risk_factor,,
follow_up.tsv,TCGA-FK-A3SB,other_clinical_attributes.days_to_risk_factor,,
follow_up.tsv,TCGA-KS-A4ID,other_clinical_attributes.days_to_risk_factor,,
follow_up.tsv,TCGA-DE-A4MA,other_clinical_attributes.days_to_risk_factor,,
follow_up.tsv,TCGA-EL-A4K9,other_clinical_attributes.days_to_risk_factor,,
follow_up.tsv,TCGA-ET-A3BX,other_clinical_attributes.days_to_risk_factor,,
follow_up.tsv,TCGA-EL-A3T9,other_clinical_attributes.days_to_risk_factor,,
follow_up.tsv,TCGA-EM-A1YD,other_clinical_attributes.days_to_risk_factor,,
follow_up.tsv,TCGA-FY-A40K,other_clinical_attributes.days_to_risk_factor,,
follow_up.tsv,TCGA-DJ-A13S,other_clinical_attributes.days_to_risk_factor,,
follow_up.tsv,TCGA-EL-A3CS,other_clinical_attributes.days_to_risk_factor,,
follow_up.tsv,TCGA-DJ-A2Q0,other_clinical_attributes.days_to_risk_factor,,
follow_up.tsv,TCGA-DJ-A13U,other_clinical_attributes.days_to_risk_factor,,
follow_up.tsv,TCGA-EM-A3OB,other_clinical_attributes.days_to_risk_factor,,
follow_up.tsv,TCGA-EL-A3H1,other_clinical_attributes.days_to_risk_factor,,
follow_up.tsv,TCGA-EM-A4FR,other_clinical_attributes.days_to_risk_factor,,
follow_up.tsv,TCGA-KS-A41F,other_clinical_attributes.days_to_risk_factor,,
follow_up.tsv,TCGA-DJ-A3V7,other_clinical_attributes.days_to_risk_factor,,
follow_up.tsv,TCGA-H2-A422,other_clinical_attributes.days_to_risk_factor,,
follow_up.tsv,TCGA-EL-A3T6,other_clinical_attributes.days_to_risk_factor,,
follow_up.tsv,TCGA-FY-A3R6,other_clinical_attributes.days_to_risk_factor,,
follow_up.tsv,TCGA-E3-A3E5,other_clinical_attributes.days_to_risk_factor,,
follow_up.tsv,TCGA-EM-A22M,other_clinical_attributes.days_to_risk_factor,,
follow_up.tsv,TCGA-IM-A41Z,other_clinical_attributes.days_to_risk_factor,,
follow_up.tsv,TCGA-EL-A3CX,other_clinical_attributes.days_to_risk_factor,,
follow_up.tsv,TCGA-E8-A417,other_clinical_attributes.days_to_risk_factor,,
follow_up.tsv,TCGA-ET-A3BP,other_clinical_attributes.days_to_risk_factor,,
follow_up.tsv,TCGA-DJ-A3VK,other_clinical_attributes.days_to_risk_factor,,
follow_up.tsv,TCGA-EM-A3SY,other_clinical_attributes.days_to_risk_factor,,
follow_up.tsv,TCGA-EL-A3ZR,other_clinical_attributes.days_to_risk_factor,,
follow_up.tsv,TCGA-DJ-A4UW,other_clinical_attributes.days_to_risk_factor,,
follow_up.tsv,TCGA-EM-A3O8,other_clinical_attributes.days_to_risk_factor,,
follow_up.tsv,TCGA-EL-A3T1,other_clinical_attributes.days_to_risk_factor,,
follow_up.tsv,TCGA-E8-A2EA,other_clinical_attributes.days_to_risk_factor,,
follow_up.tsv,TCGA-EL-A3T8,other_clinical_attributes.days_to_risk_factor,,
follow_up.tsv,TCGA-EM-A2OX,other_clinical_attributes.days_to_risk_factor,,
follow_up.tsv,TCGA-DJ-A13V,other_clinical_attributes.days_to_risk_factor,,
follow_up.tsv,TCGA-DJ-A1QQ,other_clinical_attributes.days_to_risk_factor,,
follow_up.tsv,TCGA-ET-A39R,other_clinical_attributes.days_to_risk_factor,,
follow_up.tsv,TCGA-CE-A485,other_clinical_attributes.days_to_risk_factor,,
follow_up.tsv,TCGA-L6-A4EP,other_clinical_attributes.days_to_risk_factor,,
follow_up.tsv,TCGA-DJ-A3UT,other_clinical_attributes.days_to_risk_factor,,
follow_up.tsv,TCGA-ET-A2N3,other_clinical_attributes.days_to_risk_factor,,
follow_up.tsv,TCGA-DE-A69J,other_clinical_attributes.days_to_risk_factor,,
follow_up.tsv,TCGA-DJ-A2PS,other_clinical_attributes.days_to_risk_factor,,
follow_up.tsv,TCGA-ET-A3DT,other_clinical_attributes.days_to_risk_factor,,
follow_up.tsv,TCGA-DJ-A2Q2,other_clinical_attributes.days_to_risk_factor,,
follow_up.tsv,TCGA-ET-A3DR,other_clinical_attributes.days_to_risk_factor,,
follow_up.tsv,TCGA-J8-A3YH,other_clinical_attributes.days_to_risk_factor,,
follow_up.tsv,TCGA-EL-A3TB,other_clinical_attributes.days_to_risk_factor,,
follow_up.tsv,TCGA-BJ-A45C,other_clinical_attributes.days_to_risk_factor,,
follow_up.tsv,TCGA-CE-A13K,other_clinical_attributes.days_to_risk_factor,,
follow_up.tsv,TCGA-DJ-A2PX,other_clinical_attributes.days_to_risk_factor,,
follow_up.tsv,TCGA-EL-A3ZS,other_clinical_attributes.days_to_risk_factor,,
follow_up.tsv,TCGA-E8-A419,other_clinical_attributes.days_to_risk_factor,,
follow_up.tsv,TCGA-DJ-A3V8,other_clinical_attributes.days_to_risk_factor,,
follow_up.tsv,TCGA-EL-A4K2,other_clinical_attributes.days_to_risk_factor,,
follow_up.tsv,TCGA-DE-A4M8,other_clinical_attributes.days_to_risk_factor,,
follow_up.tsv,TCGA-CE-A482,other_clinical_attributes.days_to_risk_factor,,
follow_up.tsv,TCGA-E8-A44K,other_clinical_attributes.days_to_risk_factor,,
follow_up.tsv,TCGA-EM-A2OW,other_clinical_attributes.days_to_risk_factor,,
follow_up.tsv,TCGA-BJ-A3F0,other_clinical_attributes.days_to_risk_factor,,
follow_up.tsv,TCGA-DJ-A3VF,other_clinical_attributes.days_to_risk_factor,,
follow_up.tsv,TCGA-FE-A3PC,other_clinical_attributes.days_to_risk_factor,,
follow_up.tsv,TCGA-BJ-A28T,other_clinical_attributes.days_to_risk_factor,,
follow_up.tsv,TCGA-EL-A4K1,other_clinical_attributes.days_to_risk_factor,,
follow_up.tsv,TCGA-EM-A22L,other_clinical_attributes.days_to_risk_factor,,
follow_up.tsv,TCGA-DJ-A3UZ,other_clinical_attributes.days_to_risk_factor,,
follow_up.tsv,TCGA-EL-A3CY,other_clinical_attributes.days_to_risk_factor,,
follow_up.tsv,TCGA-DJ-A4UT,other_clinical_attributes.days_to_risk_factor,,
follow_up.tsv,TCGA-DJ-A2Q3,other_clinical_attributes.days_to_risk_factor,,
follow_up.tsv,TCGA-DJ-A2Q6,other_clinical_attributes.days_to_risk_factor,,
follow_up.tsv,TCGA-FK-A3SE,other_clinical_attributes.days_to_risk_factor,,
follow_up.tsv,TCGA-DJ-A2QA,other_clinical_attributes.days_to_risk_factor,,
follow_up.tsv,TCGA-FY-A2QD,other_clinical_attributes.days_to_risk_factor,,
follow_up.tsv,TCGA-EL-A3GR,other_clinical_attributes.days_to_risk_factor,,
follow_up.tsv,TCGA-EL-A3T7,other_clinical_attributes.days_to_risk_factor,,
follow_up.tsv,TCGA-EM-A3FO,other_clinical_attributes.days_to_risk_factor,,
follow_up.tsv,TCGA-DJ-A3VB,other_clinical_attributes.days_to_risk_factor,,
follow_up.tsv,TCGA-FY-A3NN,other_clinical_attributes.days_to_risk_factor,,
follow_up.tsv,TCGA-EM-A1YB,other_clinical_attributes.days_to_risk_factor,,
follow_up.tsv,TCGA-ET-A3DV,other_clinical_attributes.days_to_risk_factor,,
follow_up.tsv,TCGA-EL-A4KD,other_clinical_attributes.days_to_risk_factor,,
follow_up.tsv,TCGA-L6-A4EU,other_clinical_attributes.days_to_risk_factor,,
follow_up.tsv,TCGA-DJ-A2QB,other_clinical_attributes.days_to_risk_factor,,
follow_up.tsv,TCGA-DJ-A4V4,other_clinical_attributes.days_to_risk_factor,,
follow_up.tsv,TCGA-DJ-A3V0,other_clinical_attributes.days_to_risk_factor,,
follow_up.tsv,TCGA-BJ-A45G,other_clinical_attributes.days_to_risk_factor,,
follow_up.tsv,TCGA-FY-A3R7,other_clinical_attributes.days_to_risk_factor,,
follow_up.tsv,TCGA-EM-A2P2,other_clinical_attributes.days_to_risk_factor,,
follow_up.tsv,TCGA-DJ-A13M,other_clinical_attributes.days_to_risk_factor,,
follow_up.tsv,TCGA-EL-A3D1,other_clinical_attributes.days_to_risk_factor,,
follow_up.tsv,TCGA-BJ-A28V,other_clinical_attributes.days_to_risk_factor,,
follow_up.tsv,TCGA-BJ-A3EZ,other_clinical_attributes.days_to_risk_factor,,
follow_up.tsv,TCGA-DJ-A3VG,other_clinical_attributes.days_to_risk_factor,,
follow_up.tsv,TCGA-ET-A3DU,other_clinical_attributes.days_to_risk_factor,,
follow_up.tsv,TCGA-ET-A3BO,other_clinical_attributes.days_to_risk_factor,,
follow_up.tsv,TCGA-EM-A3FP,other_clinical_attributes.days_to_risk_factor,,
follow_up.tsv,TCGA-ET-A25O,other_clinical_attributes.days_to_risk_factor,,
follow_up.tsv,TCGA-E8-A415,other_clinical_attributes.days_to_risk_factor,,
follow_up.tsv,TCGA-EM-A22J,other_clinical_attributes.days_to_risk_factor,,
follow_up.tsv,TCGA-DJ-A3UR,other_clinical_attributes.days_to_risk_factor,,
follow_up.tsv,TCGA-EM-A22N,other_clinical_attributes.days_to_risk_factor,,
follow_up.tsv,TCGA-FY-A3BL,other_clinical_attributes.days_to_risk_factor,,
follow_up.tsv,TCGA-FY-A3R8,other_clinical_attributes.days_to_risk_factor,,
follow_up.tsv,TCGA-FE-A235,other_clinical_attributes.days_to_risk_factor,,
follow_up.tsv,TCGA-DJ-A13L,other_clinical_attributes.days_to_risk_factor,,
follow_up.tsv,TCGA-ET-A3BS,other_clinical_attributes.days_to_risk_factor,,
follow_up.tsv,TCGA-EM-A2CT,other_clinical_attributes.days_to_risk_factor,,
follow_up.tsv,TCGA-ET-A40S,other_clinical_attributes.days_to_risk_factor,,
follow_up.tsv,TCGA-J8-A3YE,other_clinical_attributes.days_to_risk_factor,,
follow_up.tsv,TCGA-EM-A3FJ,other_clinical_attributes.days_to_risk_factor,,
follow_up.tsv,TCGA-EM-A2P3,other_clinical_attributes.days_to_risk_factor,,
follow_up.tsv,TCGA-EM-A4G1,other_clinical_attributes.days_to_risk_factor,,
follow_up.tsv,TCGA-EL-A3GW,other_clinical_attributes.days_to_risk_factor,,
follow_up.tsv,TCGA-DJ-A13P,other_clinical_attributes.days_to_risk_factor,,
follow_up.tsv,TCGA-DJ-A3VL,other_clinical_attributes.days_to_risk_factor,,
follow_up.tsv,TCGA-DJ-A1QG,other_clinical_attributes.days_to_risk_factor,,
follow_up.tsv,TCGA-BJ-A2N7,other_clinical_attributes.days_to_risk_factor,,
follow_up.tsv,TCGA-FY-A3I4,other_clinical_attributes.days_to_risk_factor,,
follow_up.tsv,TCGA-ET-A39L,other_clinical_attributes.days_to_risk_factor,,
follow_up.tsv,TCGA-EM-A3FL,other_clinical_attributes.days_to_risk_factor,,
follow_up.tsv,TCGA-ET-A39O,other_clinical_attributes.days_to_risk_factor,,
follow_up.tsv,TCGA-IM-A3ED,other_clinical_attributes.days_to_risk_factor,,
follow_up.tsv,TCGA-FY-A3YR,other_clinical_attributes.days_to_risk_factor,,
follow_up.tsv,TCGA-KS-A4IB,other_clinical_attributes.days_to_risk_factor,,
follow_up.tsv,TCGA-EM-A2OY,other_clinical_attributes.days_to_risk_factor,,
follow_up.tsv,TCGA-EL-A3TA,other_clinical_attributes.days_to_risk_factor,,
follow_up.tsv,TCGA-DJ-A2PW,other_clinical_attributes.days_to_risk_factor,,
follow_up.tsv,TCGA-BJ-A291,other_clinical_attributes.days_to_risk_factor,,
follow_up.tsv,TCGA-DJ-A3UM,other_clinical_attributes.days_to_risk_factor,,
follow_up.tsv,TCGA-E8-A413,other_clinical_attributes.days_to_risk_factor,,
follow_up.tsv,TCGA-DJ-A2PO,other_clinical_attributes.days_to_risk_factor,,
follow_up.tsv,TCGA-DJ-A3UK,other_clinical_attributes.days_to_risk_factor,,
follow_up.tsv,TCGA-L6-A4EQ,other_clinical_attributes.days_to_risk_factor,,
follow_up.tsv,TCGA-DJ-A3UO,other_clinical_attributes.days_to_risk_factor,,
follow_up.tsv,TCGA-EM-A3AJ,other_clinical_attributes.days_to_risk_factor,,
follow_up.tsv,TCGA-FY-A3R9,other_clinical_attributes.days_to_risk_factor,,
follow_up.tsv,TCGA-DJ-A1QD,other_clinical_attributes.days_to_risk_factor,,
follow_up.tsv,TCGA-DJ-A4V2,other_clinical_attributes.days_to_risk_factor,,
follow_up.tsv,TCGA-EM-A2CJ,other_clinical_attributes.days_to_risk_factor,,
follow_up.tsv,TCGA-EL-A4K7,other_clinical_attributes.days_to_risk_factor,,
follow_up.tsv,TCGA-EL-A4KG,other_clinical_attributes.days_to_risk_factor,,
follow_up.tsv,TCGA-DJ-A3VD,other_clinical_attributes.days_to_risk_factor,,
follow_up.tsv,TCGA-DJ-A1QE,other_clinical_attributes.days_to_risk_factor,,
follow_up.tsv,TCGA-IM-A3U3,other_clinical_attributes.days_to_risk_factor,,
follow_up.tsv,TCGA-MK-A4N6,other_clinical_attributes.days_to_risk_factor,,
follow_up.tsv,TCGA-EL-A3GP,other_clinical_attributes.days_to_risk_factor,,
follow_up.tsv,TCGA-EM-A22K,other_clinical_attributes.days_to_risk_factor,,
follow_up.tsv,TCGA-CE-A3ME,other_clinical_attributes.days_to_risk_factor,,
follow_up.tsv,TCGA-ET-A39S,other_clinical_attributes.days_to_risk_factor,,
follow_up.tsv,TCGA-E8-A436,other_clinical_attributes.days_to_risk_factor,,
follow_up.tsv,TCGA-E3-A3DY,other_clinical_attributes.days_to_risk_factor,,
follow_up.tsv,TCGA-KS-A4I7,other_clinical_attributes.days_to_risk_factor,,
follow_up.tsv,TCGA-EL-A3H4,other_clinical_attributes.days_to_risk_factor,,
follow_up.tsv,TCGA-DJ-A3VE,other_clinical_attributes.days_to_risk_factor,,
follow_up.tsv,TCGA-EM-A4FO,other_clinical_attributes.days_to_risk_factor,,
follow_up.tsv,TCGA-4C-A93U,other_clinical_attributes.days_to_risk_factor,,
follow_up.tsv,TCGA-ET-A25G,other_clinical_attributes.days_to_risk_factor,,
follow_up.tsv,TCGA-EL-A3ZL,other_clinical_attributes.days_to_risk_factor,,
follow_up.tsv,TCGA-IM-A420,other_clinical_attributes.days_to_risk_factor,,
follow_up.tsv,TCGA-DJ-A2Q1,other_clinical_attributes.days_to_risk_factor,,
follow_up.tsv,TCGA-FK-A3SH,other_clinical_attributes.days_to_risk_factor,,
follow_up.tsv,TCGA-DJ-A1QL,other_clinical_attributes.days_to_risk_factor,,
follow_up.tsv,TCGA-H2-A26U,other_clinical_attributes.days_to_risk_factor,,
follow_up.tsv,TCGA-CE-A484,other_clinical_attributes.days_to_risk_factor,,
follow_up.tsv,TCGA-DJ-A3VJ,other_clinical_attributes.days_to_risk_factor,,
follow_up.tsv,TCGA-EM-A1YE,other_clinical_attributes.days_to_risk_factor,,
follow_up.tsv,TCGA-ET-A2N1,other_clinical_attributes.days_to_risk_factor,,
follow_up.tsv,TCGA-BJ-A45D,other_clinical_attributes.days_to_risk_factor,,
follow_up.tsv,TCGA-BJ-A2P4,other_clinical_attributes.days_to_risk_factor,,
follow_up.tsv,TCGA-EM-A3AQ,other_clinical_attributes.days_to_risk_factor,,
follow_up.tsv,TCGA-EM-A1CS,other_clinical_attributes.days_to_risk_factor,,
follow_up.tsv,TCGA-KS-A4I5,other_clinical_attributes.days_to_risk_factor,,
follow_up.tsv,TCGA-EL-A3GV,other_clinical_attributes.days_to_risk_factor,,
follow_up.tsv,TCGA-ET-A39M,other_clinical_attributes.days_to_risk_factor,,
follow_up.tsv,TCGA-EL-A3D5,other_clinical_attributes.days_to_risk_factor,,
follow_up.tsv,TCGA-EL-A3ZP,other_clinical_attributes.days_to_risk_factor,,
follow_up.tsv,TCGA-ET-A2MY,other_clinical_attributes.days_to_risk_factor,,
follow_up.tsv,TCGA-E8-A418,other_clinical_attributes.days_to_risk_factor,,
follow_up.tsv,TCGA-ET-A25N,other_clinical_attributes.days_to_risk_factor,,
follow_up.tsv,TCGA-DJ-A2PQ,other_clinical_attributes.days_to_risk_factor,,
follow_up.tsv,TCGA-EM-A22I,other_clinical_attributes.days_to_risk_factor,,
follow_up.tsv,TCGA-EL-A3MW,other_clinical_attributes.days_to_risk_factor,,
follow_up.tsv,TCGA-E3-A3E2,other_clinical_attributes.days_to_risk_factor,,
follow_up.tsv,TCGA-E8-A434,other_clinical_attributes.days_to_risk_factor,,
follow_up.tsv,TCGA-DJ-A2Q4,other_clinical_attributes.days_to_risk_factor,,
follow_up.tsv,TCGA-MK-A4N7,other_clinical_attributes.days_to_risk_factor,,
follow_up.tsv,TCGA-E8-A438,other_clinical_attributes.days_to_risk_factor,,
follow_up.tsv,TCGA-DJ-A1QO,other_clinical_attributes.days_to_risk_factor,,
follow_up.tsv,TCGA-DJ-A3UV,other_clinical_attributes.days_to_risk_factor,,
follow_up.tsv,TCGA-E8-A3X7,other_clinical_attributes.days_to_risk_factor,,
follow_up.tsv,TCGA-DJ-A1QH,other_clinical_attributes.days_to_risk_factor,,
follow_up.tsv,TCGA-BJ-A0YZ,other_clinical_attributes.days_to_risk_factor,,
follow_up.tsv,TCGA-E8-A2JQ,other_clinical_attributes.days_to_risk_factor,,
follow_up.tsv,TCGA-FY-A3NM,other_clinical_attributes.days_to_risk_factor,,
follow_up.tsv,TCGA-EL-A3MZ,other_clinical_attributes.days_to_risk_factor,,
follow_up.tsv,TCGA-EM-A4FN,other_clinical_attributes.days_to_risk_factor,,
follow_up.tsv,TCGA-ET-A3DQ,other_clinical_attributes.days_to_risk_factor,,
follow_up.tsv,TCGA-DJ-A2Q8,other_clinical_attributes.days_to_risk_factor,,
follow_up.tsv,TCGA-KS-A4I3,other_clinical_attributes.days_to_risk_factor,,
follow_up.tsv,TCGA-EL-A3H8,other_clinical_attributes.days_to_risk_factor,,
follow_up.tsv,TCGA-EL-A3H7,other_clinical_attributes.days_to_risk_factor,,
follow_up.tsv,TCGA-DJ-A2PN,other_clinical_attributes.days_to_risk_factor,,
follow_up.tsv,TCGA-EL-A3CV,other_clinical_attributes.days_to_risk_factor,,
follow_up.tsv,TCGA-DJ-A1QF,other_clinical_attributes.days_to_risk_factor,,
follow_up.tsv,TCGA-BJ-A3PR,other_clinical_attributes.days_to_risk_factor,,
follow_up.tsv,TCGA-DJ-A2PY,other_clinical_attributes.days_to_risk_factor,,
follow_up.tsv,TCGA-J8-A4HW,other_clinical_attributes.days_to_risk_factor,,
follow_up.tsv,TCGA-FE-A23A,other_clinical_attributes.days_to_risk_factor,,
follow_up.tsv,TCGA-EM-A3SU,other_clinical_attributes.days_to_risk_factor,,
follow_up.tsv,TCGA-EM-A3FQ,other_clinical_attributes.days_to_risk_factor,,
follow_up.tsv,TCGA-EL-A3CW,other_clinical_attributes.days_to_risk_factor,,
follow_up.tsv,TCGA-EL-A3CL,other_clinical_attributes.days_to_risk_factor,,
follow_up.tsv,TCGA-EL-A3CO,other_clinical_attributes.days_to_risk_factor,,
follow_up.tsv,TCGA-ET-A3DO,other_clinical_attributes.timepoint_category,,
follow_up.tsv,TCGA-EL-A4KI,other_clinical_attributes.timepoint_category,,
follow_up.tsv,TCGA-BJ-A290,other_clinical_attributes.timepoint_category,,
follow_up.tsv,TCGA-EL-A4K6,other_clinical_attributes.timepoint_category,,
follow_up.tsv,TCGA-EM-A4FU,other_clinical_attributes.timepoint_category,,
follow_up.tsv,TCGA-ET-A39K,other_clinical_attributes.timepoint_category,,
follow_up.tsv,TCGA-FE-A22Z,other_clinical_attributes.timepoint_category,,
follow_up.tsv,TCGA-FE-A237,other_clinical_attributes.timepoint_category,,
follow_up.tsv,TCGA-EL-A3GX,other_clinical_attributes.timepoint_category,,
follow_up.tsv,TCGA-DO-A1K0,other_clinical_attributes.timepoint_category,,
follow_up.tsv,TCGA-EM-A4FF,other_clinical_attributes.timepoint_category,,
follow_up.tsv,TCGA-ET-A3BV,other_clinical_attributes.timepoint_category,,
follow_up.tsv,TCGA-DE-A0Y3,other_clinical_attributes.timepoint_category,,
follow_up.tsv,TCGA-DJ-A4UR,other_clinical_attributes.timepoint_category,,
follow_up.tsv,TCGA-DE-A4MD,other_clinical_attributes.timepoint_category,,
follow_up.tsv,TCGA-ET-A3BT,other_clinical_attributes.timepoint_category,,
follow_up.tsv,TCGA-EL-A3GU,other_clinical_attributes.timepoint_category,,
follow_up.tsv,TCGA-FE-A234,other_clinical_attributes.timepoint_category,,
follow_up.tsv,TCGA-FE-A233,other_clinical_attributes.timepoint_category,,
follow_up.tsv,TCGA-BJ-A0Z2,other_clinical_attributes.timepoint_category,,
follow_up.tsv,TCGA-FE-A239,other_clinical_attributes.timepoint_category,,
follow_up.tsv,TCGA-E3-A3E3,other_clinical_attributes.timepoint_category,,
follow_up.tsv,TCGA-ET-A40Q,other_clinical_attributes.timepoint_category,,
follow_up.tsv,TCGA-DE-A4MC,other_clinical_attributes.timepoint_category,,
follow_up.tsv,TCGA-EL-A3T2,other_clinical_attributes.timepoint_category,,
follow_up.tsv,TCGA-EM-A3FM,other_clinical_attributes.timepoint_category,,
follow_up.tsv,TCGA-E8-A432,other_clinical_attributes.timepoint_category,,
follow_up.tsv,TCGA-EL-A3GO,other_clinical_attributes.timepoint_category,,
follow_up.tsv,TCGA-FE-A230,other_clinical_attributes.timepoint_category,,
follow_up.tsv,TCGA-H2-A3RI,other_clinical_attributes.timepoint_category,,
follow_up.tsv,TCGA-EL-A3CZ,other_clinical_attributes.timepoint_category,,
follow_up.tsv,TCGA-FE-A238,other_clinical_attributes.timepoint_category,,
follow_up.tsv,TCGA-EL-A3MX,other_clinical_attributes.timepoint_category,,
follow_up.tsv,TCGA-BJ-A3PU,other_clinical_attributes.timepoint_category,,
follow_up.tsv,TCGA-EM-A2P1,other_clinical_attributes.timepoint_category,,
follow_up.tsv,TCGA-BJ-A18Z,other_clinical_attributes.timepoint_category,,
follow_up.tsv,TCGA-BJ-A0Z5,other_clinical_attributes.timepoint_category,,
follow_up.tsv,TCGA-BJ-A4O8,other_clinical_attributes.timepoint_category,,
follow_up.tsv,TCGA-FE-A3PA,other_clinical_attributes.timepoint_category,,
follow_up.tsv,TCGA-BJ-A2N9,other_clinical_attributes.timepoint_category,,
follow_up.tsv,TCGA-BJ-A191,other_clinical_attributes.timepoint_category,,
follow_up.tsv,TCGA-EL-A3ZG,other_clinical_attributes.timepoint_category,,
follow_up.tsv,TCGA-BJ-A0Z3,other_clinical_attributes.timepoint_category,,
follow_up.tsv,TCGA-EM-A2CN,other_clinical_attributes.timepoint_category,,
follow_up.tsv,TCGA-EL-A3D0,other_clinical_attributes.timepoint_category,,
follow_up.tsv,TCGA-BJ-A45J,other_clinical_attributes.timepoint_category,,
follow_up.tsv,TCGA-EL-A3MY,other_clinical_attributes.timepoint_category,,
follow_up.tsv,TCGA-BJ-A45H,other_clinical_attributes.timepoint_category,,
follow_up.tsv,TCGA-FK-A4UB,other_clinical_attributes.timepoint_category,,
follow_up.tsv,TCGA-DE-A69K,other_clinical_attributes.timepoint_category,,
follow_up.tsv,TCGA-BJ-A0ZH,other_clinical_attributes.timepoint_category,,
follow_up.tsv,TCGA-BJ-A0ZF,other_clinical_attributes.timepoint_category,,
follow_up.tsv,TCGA-DJ-A3UX,other_clinical_attributes.timepoint_category,,
follow_up.tsv,TCGA-BJ-A0ZG,other_clinical_attributes.timepoint_category,,
follow_up.tsv,TCGA-BJ-A28W,other_clinical_attributes.timepoint_category,,
follow_up.tsv,TCGA-QD-A8IV,other_clinical_attributes.timepoint_category,,
follow_up.tsv,TCGA-BJ-A4O9,other_clinical_attributes.timepoint_category,,
follow_up.tsv,TCGA-EM-A3ST,other_clinical_attributes.timepoint_category,,
follow_up.tsv,TCGA-BJ-A0ZB,other_clinical_attributes.timepoint_category,,
follow_up.tsv,TCGA-L6-A4ET,other_clinical_attributes.timepoint_category,,
follow_up.tsv,TCGA-BJ-A2NA,other_clinical_attributes.timepoint_category,,
follow_up.tsv,TCGA-J8-A3YF,other_clinical_attributes.timepoint_category,,
follow_up.tsv,TCGA-BJ-A190,other_clinical_attributes.timepoint_category,,
follow_up.tsv,TCGA-DE-A7U5,other_clinical_attributes.timepoint_category,,
follow_up.tsv,TCGA-BJ-A45E,other_clinical_attributes.timepoint_category,,
follow_up.tsv,TCGA-BJ-A0ZA,other_clinical_attributes.timepoint_category,,
follow_up.tsv,TCGA-J8-A3YD,other_clinical_attributes.timepoint_category,,
follow_up.tsv,TCGA-BJ-A0ZC,other_clinical_attributes.timepoint_category,,
follow_up.tsv,TCGA-BJ-A28Z,other_clinical_attributes.timepoint_category,,
follow_up.tsv,TCGA-BJ-A0ZJ,other_clinical_attributes.timepoint_category,,
follow_up.tsv,TCGA-BJ-A45K,other_clinical_attributes.timepoint_category,,
follow_up.tsv,TCGA-J8-A3YG,other_clinical_attributes.timepoint_category,,
follow_up.tsv,TCGA-BJ-A0ZE,other_clinical_attributes.timepoint_category,,
follow_up.tsv,TCGA-BJ-A18Y,other_clinical_attributes.timepoint_category,,
follow_up.tsv,TCGA-BJ-A28X,other_clinical_attributes.timepoint_category,,
follow_up.tsv,TCGA-BJ-A192,other_clinical_attributes.timepoint_category,,
follow_up.tsv,TCGA-BJ-A45I,other_clinical_attributes.timepoint_category,,
follow_up.tsv,TCGA-BJ-A45F,other_clinical_attributes.timepoint_category,,
follow_up.tsv,TCGA-J8-A3O1,other_clinical_attributes.timepoint_category,,
follow_up.tsv,TCGA-DJ-A4V0,other_clinical_attributes.timepoint_category,,
follow_up.tsv,TCGA-EL-A3N3,other_clinical_attributes.timepoint_category,,
follow_up.tsv,TCGA-FY-A4B3,other_clinical_attributes.timepoint_category,,
follow_up.tsv,TCGA-FY-A3NP,other_clinical_attributes.timepoint_category,,
follow_up.tsv,TCGA-DJ-A3UY,other_clinical_attributes.timepoint_category,,
follow_up.tsv,TCGA-H2-A3RH,other_clinical_attributes.timepoint_category,,
follow_up.tsv,TCGA-J8-A3O2,other_clinical_attributes.timepoint_category,,
follow_up.tsv,TCGA-EM-A2CO,other_clinical_attributes.timepoint_category,,
follow_up.tsv,TCGA-EL-A3ZM,other_clinical_attributes.timepoint_category,,
follow_up.tsv,TCGA-DJ-A2PP,other_clinical_attributes.timepoint_category,,
follow_up.tsv,TCGA-FE-A3PB,other_clinical_attributes.timepoint_category,,
follow_up.tsv,TCGA-DJ-A2Q9,other_clinical_attributes.timepoint_category,,
follow_up.tsv,TCGA-EL-A4K0,other_clinical_attributes.timepoint_category,,
follow_up.tsv,TCGA-DE-A3KN,other_clinical_attributes.timepoint_category,,
follow_up.tsv,TCGA-ET-A25R,other_clinical_attributes.timepoint_category,,
follow_up.tsv,TCGA-EM-A1YC,other_clinical_attributes.timepoint_category,,
follow_up.tsv,TCGA-DJ-A13T,other_clinical_attributes.timepoint_category,,
follow_up.tsv,TCGA-EM-A3AL,other_clinical_attributes.timepoint_category,,
follow_up.tsv,TCGA-EM-A4FK,other_clinical_attributes.timepoint_category,,
follow_up.tsv,TCGA-EM-A3FK,other_clinical_attributes.timepoint_category,,
follow_up.tsv,TCGA-ET-A25I,other_clinical_attributes.timepoint_category,,
follow_up.tsv,TCGA-EM-A3SZ,other_clinical_attributes.timepoint_category,,
follow_up.tsv,TCGA-EM-A3AP,other_clinical_attributes.timepoint_category,,
follow_up.tsv,TCGA-ET-A25P,other_clinical_attributes.timepoint_category,,
follow_up.tsv,TCGA-EM-A4FM,other_clinical_attributes.timepoint_category,,
follow_up.tsv,TCGA-DJ-A2PU,other_clinical_attributes.timepoint_category,,
follow_up.tsv,TCGA-DJ-A2Q5,other_clinical_attributes.timepoint_category,,
follow_up.tsv,TCGA-EM-A3SX,other_clinical_attributes.timepoint_category,,
follow_up.tsv,TCGA-EL-A3ZH,other_clinical_attributes.timepoint_category,,
follow_up.tsv,TCGA-EL-A3GY,other_clinical_attributes.timepoint_category,,
follow_up.tsv,TCGA-CE-A3MD,other_clinical_attributes.timepoint_category,,
follow_up.tsv,TCGA-DO-A1JZ,other_clinical_attributes.timepoint_category,,
follow_up.tsv,TCGA-ET-A39J,other_clinical_attributes.timepoint_category,,
follow_up.tsv,TCGA-DJ-A3VI,other_clinical_attributes.timepoint_category,,
follow_up.tsv,TCGA-ET-A3DP,other_clinical_attributes.timepoint_category,,
follow_up.tsv,TCGA-EM-A3AO,other_clinical_attributes.timepoint_category,,
follow_up.tsv,TCGA-EM-A22P,other_clinical_attributes.timepoint_category,,
follow_up.tsv,TCGA-E8-A437,other_clinical_attributes.timepoint_category,,
follow_up.tsv,TCGA-DJ-A3VM,other_clinical_attributes.timepoint_category,,
follow_up.tsv,TCGA-DJ-A2QC,other_clinical_attributes.timepoint_category,,
follow_up.tsv,TCGA-EL-A3ZN,other_clinical_attributes.timepoint_category,,
follow_up.tsv,TCGA-EM-A2OZ,other_clinical_attributes.timepoint_category,,
follow_up.tsv,TCGA-DJ-A1QN,other_clinical_attributes.timepoint_category,,
follow_up.tsv,TCGA-EL-A3D6,other_clinical_attributes.timepoint_category,,
follow_up.tsv,TCGA-ET-A2N0,other_clinical_attributes.timepoint_category,,
follow_up.tsv,TCGA-EM-A2CR,other_clinical_attributes.timepoint_category,,
follow_up.tsv,TCGA-MK-A84Z,other_clinical_attributes.timepoint_category,,
follow_up.tsv,TCGA-EL-A3CM,other_clinical_attributes.timepoint_category,,
follow_up.tsv,TCGA-EM-A1CW,other_clinical_attributes.timepoint_category,,
follow_up.tsv,TCGA-KS-A41J,other_clinical_attributes.timepoint_category,,
follow_up.tsv,TCGA-E8-A414,other_clinical_attributes.timepoint_category,,
follow_up.tsv,TCGA-EL-A3GS,other_clinical_attributes.timepoint_category,,
follow_up.tsv,TCGA-EM-A3OA,other_clinical_attributes.timepoint_category,,
follow_up.tsv,TCGA-ET-A40R,other_clinical_attributes.timepoint_category,,
follow_up.tsv,TCGA-MK-A4N9,other_clinical_attributes.timepoint_category,,
follow_up.tsv,TCGA-DJ-A4UP,other_clinical_attributes.timepoint_category,,
follow_up.tsv,TCGA-EL-A3CR,other_clinical_attributes.timepoint_category,,
follow_up.tsv,TCGA-H2-A2K9,other_clinical_attributes.timepoint_category,,
follow_up.tsv,TCGA-DJ-A3UP,other_clinical_attributes.timepoint_category,,
follow_up.tsv,TCGA-DJ-A4UQ,other_clinical_attributes.timepoint_category,,
follow_up.tsv,TCGA-EM-A2CL,other_clinical_attributes.timepoint_category,,
follow_up.tsv,TCGA-DJ-A3VA,other_clinical_attributes.timepoint_category,,
follow_up.tsv,TCGA-EM-A1CT,other_clinical_attributes.timepoint_category,,
follow_up.tsv,TCGA-ET-A4KQ,other_clinical_attributes.timepoint_category,,
follow_up.tsv,TCGA-EL-A4K4,other_clinical_attributes.timepoint_category,,
follow_up.tsv,TCGA-BJ-A3PT,other_clinical_attributes.timepoint_category,,
follow_up.tsv,TCGA-EM-A3O3,other_clinical_attributes.timepoint_category,,
follow_up.tsv,TCGA-EM-A2CM,other_clinical_attributes.timepoint_category,,
follow_up.tsv,TCGA-J8-A4HY,other_clinical_attributes.timepoint_category,,
follow_up.tsv,TCGA-EM-A3FR,other_clinical_attributes.timepoint_category,,
follow_up.tsv,TCGA-CE-A481,other_clinical_attributes.timepoint_category,,
follow_up.tsv,TCGA-ET-A40T,other_clinical_attributes.timepoint_category,,
follow_up.tsv,TCGA-ET-A3BW,other_clinical_attributes.timepoint_category,,
follow_up.tsv,TCGA-DJ-A2PR,other_clinical_attributes.timepoint_category,,
follow_up.tsv,TCGA-E8-A44M,other_clinical_attributes.timepoint_category,,
follow_up.tsv,TCGA-DJ-A3V9,other_clinical_attributes.timepoint_category,,
follow_up.tsv,TCGA-EM-A2CP,other_clinical_attributes.timepoint_category,,
follow_up.tsv,TCGA-ET-A25K,other_clinical_attributes.timepoint_category,,
follow_up.tsv,TCGA-EL-A3GZ,other_clinical_attributes.timepoint_category,,
follow_up.tsv,TCGA-FE-A236,other_clinical_attributes.timepoint_category,,
follow_up.tsv,TCGA-EL-A3ZQ,other_clinical_attributes.timepoint_category,,
follow_up.tsv,TCGA-EM-A3O9,other_clinical_attributes.timepoint_category,,
follow_up.tsv,TCGA-EL-A3N2,other_clinical_attributes.timepoint_category,,
follow_up.tsv,TCGA-DJ-A3V4,other_clinical_attributes.timepoint_category,,
follow_up.tsv,TCGA-EL-A3CP,other_clinical_attributes.timepoint_category,,
follow_up.tsv,TCGA-DJ-A1QM,other_clinical_attributes.timepoint_category,,
follow_up.tsv,TCGA-DJ-A3UQ,other_clinical_attributes.timepoint_category,,
follow_up.tsv,TCGA-ET-A39I,other_clinical_attributes.timepoint_category,,
follow_up.tsv,TCGA-IM-A4EB,other_clinical_attributes.timepoint_category,,
follow_up.tsv,TCGA-EM-A3O6,other_clinical_attributes.timepoint_category,,
follow_up.tsv,TCGA-EL-A3H3,other_clinical_attributes.timepoint_category,,
follow_up.tsv,TCGA-FE-A3PD,other_clinical_attributes.timepoint_category,,
follow_up.tsv,TCGA-DJ-A2PT,other_clinical_attributes.timepoint_category,,
follow_up.tsv,TCGA-EM-A3O7,other_clinical_attributes.timepoint_category,,
follow_up.tsv,TCGA-IM-A3EB,other_clinical_attributes.timepoint_category,,
follow_up.tsv,TCGA-DJ-A1QI,other_clinical_attributes.timepoint_category,,
follow_up.tsv,TCGA-DJ-A13X,other_clinical_attributes.timepoint_category,,
follow_up.tsv,TCGA-DJ-A13W,other_clinical_attributes.timepoint_category,,
follow_up.tsv,TCGA-ET-A3BN,other_clinical_attributes.timepoint_category,,
follow_up.tsv,TCGA-EL-A3ZO,other_clinical_attributes.timepoint_category,,
follow_up.tsv,TCGA-EL-A3ZK,other_clinical_attributes.timepoint_category,,
follow_up.tsv,TCGA-EL-A4JZ,other_clinical_attributes.timepoint_category,,
follow_up.tsv,TCGA-ET-A2N4,other_clinical_attributes.timepoint_category,,
follow_up.tsv,TCGA-DJ-A13R,other_clinical_attributes.timepoint_category,,
follow_up.tsv,TCGA-DE-A0XZ,other_clinical_attributes.timepoint_category,,
follow_up.tsv,TCGA-FY-A40L,other_clinical_attributes.timepoint_category,,
follow_up.tsv,TCGA-EL-A3H5,other_clinical_attributes.timepoint_category,,
follow_up.tsv,TCGA-ET-A3DW,other_clinical_attributes.timepoint_category,,
follow_up.tsv,TCGA-J8-A3NZ,other_clinical_attributes.timepoint_category,,
follow_up.tsv,TCGA-ET-A39P,other_clinical_attributes.timepoint_category,,
follow_up.tsv,TCGA-ET-A25L,other_clinical_attributes.timepoint_category,,
follow_up.tsv,TCGA-FY-A40N,other_clinical_attributes.timepoint_category,,
follow_up.tsv,TCGA-DJ-A3UU,other_clinical_attributes.timepoint_category,,
follow_up.tsv,TCGA-ET-A3BU,other_clinical_attributes.timepoint_category,,
follow_up.tsv,TCGA-EL-A3CN,other_clinical_attributes.timepoint_category,,
follow_up.tsv,TCGA-EM-A4FH,other_clinical_attributes.timepoint_category,,
follow_up.tsv,TCGA-EM-A3AK,other_clinical_attributes.timepoint_category,,
follow_up.tsv,TCGA-KS-A41L,other_clinical_attributes.timepoint_category,,
follow_up.tsv,TCGA-E8-A433,other_clinical_attributes.timepoint_category,,
follow_up.tsv,TCGA-EL-A3CT,other_clinical_attributes.timepoint_category,,
follow_up.tsv,TCGA-FY-A3ON,other_clinical_attributes.timepoint_category,,
follow_up.tsv,TCGA-KS-A4IC,other_clinical_attributes.timepoint_category,,
follow_up.tsv,TCGA-E8-A242,other_clinical_attributes.timepoint_category,,
follow_up.tsv,TCGA-EM-A1CU,other_clinical_attributes.timepoint_category,,
follow_up.tsv,TCGA-EL-A3GQ,other_clinical_attributes.timepoint_category,,
follow_up.tsv,TCGA-DE-A4MB,other_clinical_attributes.timepoint_category,,
follow_up.tsv,TCGA-EL-A4JW,other_clinical_attributes.timepoint_category,,
follow_up.tsv,TCGA-ET-A2MZ,other_clinical_attributes.timepoint_category,,
follow_up.tsv,TCGA-EM-A4FQ,other_clinical_attributes.timepoint_category,,
follow_up.tsv,TCGA-FY-A3I5,other_clinical_attributes.timepoint_category,,
follow_up.tsv,TCGA-BJ-A28R,other_clinical_attributes.timepoint_category,,
follow_up.tsv,TCGA-KS-A4I9,other_clinical_attributes.timepoint_category,,
follow_up.tsv,TCGA-FY-A3TY,other_clinical_attributes.timepoint_category,,
follow_up.tsv,TCGA-IM-A41Y,other_clinical_attributes.timepoint_category,,
follow_up.tsv,TCGA-EM-A2OV,other_clinical_attributes.timepoint_category,,
follow_up.tsv,TCGA-EM-A1YA,other_clinical_attributes.timepoint_category,,
follow_up.tsv,TCGA-J8-A3O0,other_clinical_attributes.timepoint_category,,
follow_up.tsv,TCGA-FY-A3RA,other_clinical_attributes.timepoint_category,,
follow_up.tsv,TCGA-FY-A3WA,other_clinical_attributes.timepoint_category,,
follow_up.tsv,TCGA-ET-A2MX,other_clinical_attributes.timepoint_category,,
follow_up.tsv,TCGA-EM-A3FN,other_clinical_attributes.timepoint_category,,
follow_up.tsv,TCGA-E3-A3DZ,other_clinical_attributes.timepoint_category,,
follow_up.tsv,TCGA-BJ-A28S,other_clinical_attributes.timepoint_category,,
follow_up.tsv,TCGA-ET-A3BQ,other_clinical_attributes.timepoint_category,,
follow_up.tsv,TCGA-E3-A3E0,other_clinical_attributes.timepoint_category,,
follow_up.tsv,TCGA-FY-A4B4,other_clinical_attributes.timepoint_category,,
follow_up.tsv,TCGA-ET-A3DS,other_clinical_attributes.timepoint_category,,
follow_up.tsv,TCGA-EL-A3D4,other_clinical_attributes.timepoint_category,,
follow_up.tsv,TCGA-DJ-A2PZ,other_clinical_attributes.timepoint_category,,
follow_up.tsv,TCGA-DJ-A3UW,other_clinical_attributes.timepoint_category,,
follow_up.tsv,TCGA-FE-A232,other_clinical_attributes.timepoint_category,,
follow_up.tsv,TCGA-ET-A25J,other_clinical_attributes.timepoint_category,,
follow_up.tsv,TCGA-DJ-A2PV,other_clinical_attributes.timepoint_category,,
follow_up.tsv,TCGA-FK-A3SD,other_clinical_attributes.timepoint_category,,
follow_up.tsv,TCGA-J8-A42S,other_clinical_attributes.timepoint_category,,
follow_up.tsv,TCGA-EL-A4KH,other_clinical_attributes.timepoint_category,,
follow_up.tsv,TCGA-EL-A3T3,other_clinical_attributes.timepoint_category,,
follow_up.tsv,TCGA-EM-A4FV,other_clinical_attributes.timepoint_category,,
follow_up.tsv,TCGA-EM-A3AN,other_clinical_attributes.timepoint_category,,
follow_up.tsv,TCGA-EL-A3ZT,other_clinical_attributes.timepoint_category,,
follow_up.tsv,TCGA-DJ-A3V3,other_clinical_attributes.timepoint_category,,
follow_up.tsv,TCGA-EM-A2CU,other_clinical_attributes.timepoint_category,,
follow_up.tsv,TCGA-DJ-A3UN,other_clinical_attributes.timepoint_category,,
follow_up.tsv,TCGA-EL-A4JX,other_clinical_attributes.timepoint_category,,
follow_up.tsv,TCGA-EM-A3AI,other_clinical_attributes.timepoint_category,,
follow_up.tsv,TCGA-EM-A22O,other_clinical_attributes.timepoint_category,,
follow_up.tsv,TCGA-DE-A0Y2,other_clinical_attributes.timepoint_category,,
follow_up.tsv,TCGA-FY-A4B0,other_clinical_attributes.timepoint_category,,
follow_up.tsv,TCGA-DJ-A3US,other_clinical_attributes.timepoint_category,,
follow_up.tsv,TCGA-EL-A4JV,other_clinical_attributes.timepoint_category,,
follow_up.tsv,TCGA-KS-A4I1,other_clinical_attributes.timepoint_category,,
follow_up.tsv,TCGA-FE-A231,other_clinical_attributes.timepoint_category,,
follow_up.tsv,TCGA-EM-A3AR,other_clinical_attributes.timepoint_category,,
follow_up.tsv,TCGA-EM-A2CQ,other_clinical_attributes.timepoint_category,,
follow_up.tsv,TCGA-BJ-A2N8,other_clinical_attributes.timepoint_category,,
follow_up.tsv,TCGA-BJ-A0Z0,other_clinical_attributes.timepoint_category,,
follow_up.tsv,TCGA-FY-A40M,other_clinical_attributes.timepoint_category,,
follow_up.tsv,TCGA-EL-A3CU,other_clinical_attributes.timepoint_category,,
follow_up.tsv,TCGA-KS-A41I,other_clinical_attributes.timepoint_category,,
follow_up.tsv,TCGA-EM-A2CS,other_clinical_attributes.timepoint_category,,
follow_up.tsv,TCGA-CE-A27D,other_clinical_attributes.timepoint_category,,
follow_up.tsv,TCGA-ET-A4KN,other_clinical_attributes.timepoint_category,,
follow_up.tsv,TCGA-EM-A1CV,other_clinical_attributes.timepoint_category,,
follow_up.tsv,TCGA-DJ-A3V6,other_clinical_attributes.timepoint_category,,
follow_up.tsv,TCGA-EL-A3H2,other_clinical_attributes.timepoint_category,,
follow_up.tsv,TCGA-DE-A2OL,other_clinical_attributes.timepoint_category,,
follow_up.tsv,TCGA-DJ-A13O,other_clinical_attributes.timepoint_category,,
follow_up.tsv,TCGA-EM-A2CK,other_clinical_attributes.timepoint_category,,
follow_up.tsv,TCGA-DJ-A4UL,other_clinical_attributes.timepoint_category,,
follow_up.tsv,TCGA-FK-A3S3,other_clinical_attributes.timepoint_category,,
follow_up.tsv,TCGA-ET-A39T,other_clinical_attributes.timepoint_category,,
follow_up.tsv,TCGA-DJ-A2Q7,other_clinical_attributes.timepoint_category,,
follow_up.tsv,TCGA-DJ-A3V2,other_clinical_attributes.timepoint_category,,
follow_up.tsv,TCGA-ET-A40P,other_clinical_attributes.timepoint_category,,
follow_up.tsv,TCGA-DJ-A3V5,other_clinical_attributes.timepoint_category,,
follow_up.tsv,TCGA-ET-A2N5,other_clinical_attributes.timepoint_category,,
follow_up.tsv,TCGA-GE-A2C6,other_clinical_attributes.timepoint_category,,
follow_up.tsv,TCGA-FY-A3W9,other_clinical_attributes.timepoint_category,,
follow_up.tsv,TCGA-ET-A25M,other_clinical_attributes.timepoint_category,,
follow_up.tsv,TCGA-EM-A2P0,other_clinical_attributes.timepoint_category,,
follow_up.tsv,TCGA-H2-A421,other_clinical_attributes.timepoint_category,,
follow_up.tsv,TCGA-CE-A483,other_clinical_attributes.timepoint_category,,
follow_up.tsv,TCGA-FY-A76V,other_clinical_attributes.timepoint_category,,
follow_up.tsv,TCGA-DO-A2HM,other_clinical_attributes.timepoint_category,,
follow_up.tsv,TCGA-IM-A3U2,other_clinical_attributes.timepoint_category,,
follow_up.tsv,TCGA-FK-A3SG,other_clinical_attributes.timepoint_category,,
follow_up.tsv,TCGA-EM-A22Q,other_clinical_attributes.timepoint_category,,
follow_up.tsv,TCGA-EL-A3T0,other_clinical_attributes.timepoint_category,,
follow_up.tsv,TCGA-DE-A4M9,other_clinical_attributes.timepoint_category,,
follow_up.tsv,TCGA-E8-A416,other_clinical_attributes.timepoint_category,,
follow_up.tsv,TCGA-DJ-A4V5,other_clinical_attributes.timepoint_category,,
follow_up.tsv,TCGA-BJ-A0Z9,other_clinical_attributes.timepoint_category,,
follow_up.tsv,TCGA-ET-A39N,other_clinical_attributes.timepoint_category,,
follow_up.tsv,TCGA-E3-A3E1,other_clinical_attributes.timepoint_category,,
follow_up.tsv,TCGA-FK-A3SB,other_clinical_attributes.timepoint_category,,
follow_up.tsv,TCGA-KS-A4ID,other_clinical_attributes.timepoint_category,,
follow_up.tsv,TCGA-DE-A4MA,other_clinical_attributes.timepoint_category,,
follow_up.tsv,TCGA-EL-A4K9,other_clinical_attributes.timepoint_category,,
follow_up.tsv,TCGA-ET-A3BX,other_clinical_attributes.timepoint_category,,
follow_up.tsv,TCGA-EL-A3T9,other_clinical_attributes.timepoint_category,,
follow_up.tsv,TCGA-EM-A1YD,other_clinical_attributes.timepoint_category,,
follow_up.tsv,TCGA-FY-A40K,other_clinical_attributes.timepoint_category,,
follow_up.tsv,TCGA-DJ-A13S,other_clinical_attributes.timepoint_category,,
follow_up.tsv,TCGA-EL-A3CS,other_clinical_attributes.timepoint_category,,
follow_up.tsv,TCGA-DJ-A2Q0,other_clinical_attributes.timepoint_category,,
follow_up.tsv,TCGA-DJ-A13U,other_clinical_attributes.timepoint_category,,
follow_up.tsv,TCGA-EM-A3OB,other_clinical_attributes.timepoint_category,,
follow_up.tsv,TCGA-EL-A3H1,other_clinical_attributes.timepoint_category,,
follow_up.tsv,TCGA-EM-A4FR,other_clinical_attributes.timepoint_category,,
follow_up.tsv,TCGA-KS-A41F,other_clinical_attributes.timepoint_category,,
follow_up.tsv,TCGA-DJ-A3V7,other_clinical_attributes.timepoint_category,,
follow_up.tsv,TCGA-H2-A422,other_clinical_attributes.timepoint_category,,
follow_up.tsv,TCGA-EL-A3T6,other_clinical_attributes.timepoint_category,,
follow_up.tsv,TCGA-FY-A3R6,other_clinical_attributes.timepoint_category,,
follow_up.tsv,TCGA-E3-A3E5,other_clinical_attributes.timepoint_category,,
follow_up.tsv,TCGA-EM-A22M,other_clinical_attributes.timepoint_category,,
follow_up.tsv,TCGA-IM-A41Z,other_clinical_attributes.timepoint_category,,
follow_up.tsv,TCGA-EL-A3CX,other_clinical_attributes.timepoint_category,,
follow_up.tsv,TCGA-E8-A417,other_clinical_attributes.timepoint_category,,
follow_up.tsv,TCGA-ET-A3BP,other_clinical_attributes.timepoint_category,,
follow_up.tsv,TCGA-DJ-A3VK,other_clinical_attributes.timepoint_category,,
follow_up.tsv,TCGA-EM-A3SY,other_clinical_attributes.timepoint_category,,
follow_up.tsv,TCGA-EL-A3ZR,other_clinical_attributes.timepoint_category,,
follow_up.tsv,TCGA-DJ-A4UW,other_clinical_attributes.timepoint_category,,
follow_up.tsv,TCGA-EM-A3O8,other_clinical_attributes.timepoint_category,,
follow_up.tsv,TCGA-EL-A3T1,other_clinical_attributes.timepoint_category,,
follow_up.tsv,TCGA-E8-A2EA,other_clinical_attributes.timepoint_category,,
follow_up.tsv,TCGA-EL-A3T8,other_clinical_attributes.timepoint_category,,
follow_up.tsv,TCGA-EM-A2OX,other_clinical_attributes.timepoint_category,,
follow_up.tsv,TCGA-DJ-A13V,other_clinical_attributes.timepoint_category,,
follow_up.tsv,TCGA-DJ-A1QQ,other_clinical_attributes.timepoint_category,,
follow_up.tsv,TCGA-ET-A39R,other_clinical_attributes.timepoint_category,,
follow_up.tsv,TCGA-CE-A485,other_clinical_attributes.timepoint_category,,
follow_up.tsv,TCGA-L6-A4EP,other_clinical_attributes.timepoint_category,,
follow_up.tsv,TCGA-DJ-A3UT,other_clinical_attributes.timepoint_category,,
follow_up.tsv,TCGA-ET-A2N3,other_clinical_attributes.timepoint_category,,
follow_up.tsv,TCGA-DE-A69J,other_clinical_attributes.timepoint_category,,
follow_up.tsv,TCGA-DJ-A2PS,other_clinical_attributes.timepoint_category,,
follow_up.tsv,TCGA-ET-A3DT,other_clinical_attributes.timepoint_category,,
follow_up.tsv,TCGA-DJ-A2Q2,other_clinical_attributes.timepoint_category,,
follow_up.tsv,TCGA-ET-A3DR,other_clinical_attributes.timepoint_category,,
follow_up.tsv,TCGA-J8-A3YH,other_clinical_attributes.timepoint_category,,
follow_up.tsv,TCGA-EL-A3TB,other_clinical_attributes.timepoint_category,,
follow_up.tsv,TCGA-BJ-A45C,other_clinical_attributes.timepoint_category,,
follow_up.tsv,TCGA-CE-A13K,other_clinical_attributes.timepoint_category,,
follow_up.tsv,TCGA-DJ-A2PX,other_clinical_attributes.timepoint_category,,
follow_up.tsv,TCGA-EL-A3ZS,other_clinical_attributes.timepoint_category,,
follow_up.tsv,TCGA-E8-A419,other_clinical_attributes.timepoint_category,,
follow_up.tsv,TCGA-DJ-A3V8,other_clinical_attributes.timepoint_category,,
follow_up.tsv,TCGA-EL-A4K2,other_clinical_attributes.timepoint_category,,
follow_up.tsv,TCGA-DE-A4M8,other_clinical_attributes.timepoint_category,,
follow_up.tsv,TCGA-CE-A482,other_clinical_attributes.timepoint_category,,
follow_up.tsv,TCGA-E8-A44K,other_clinical_attributes.timepoint_category,,
follow_up.tsv,TCGA-EM-A2OW,other_clinical_attributes.timepoint_category,,
follow_up.tsv,TCGA-BJ-A3F0,other_clinical_attributes.timepoint_category,,
follow_up.tsv,TCGA-DJ-A3VF,other_clinical_attributes.timepoint_category,,
follow_up.tsv,TCGA-FE-A3PC,other_clinical_attributes.timepoint_category,,
follow_up.tsv,TCGA-BJ-A28T,other_clinical_attributes.timepoint_category,,
follow_up.tsv,TCGA-EL-A4K1,other_clinical_attributes.timepoint_category,,
follow_up.tsv,TCGA-EM-A22L,other_clinical_attributes.timepoint_category,,
follow_up.tsv,TCGA-DJ-A3UZ,other_clinical_attributes.timepoint_category,,
follow_up.tsv,TCGA-EL-A3CY,other_clinical_attributes.timepoint_category,,
follow_up.tsv,TCGA-DJ-A4UT,other_clinical_attributes.timepoint_category,,
follow_up.tsv,TCGA-DJ-A2Q3,other_clinical_attributes.timepoint_category,,
follow_up.tsv,TCGA-DJ-A2Q6,other_clinical_attributes.timepoint_category,,
follow_up.tsv,TCGA-FK-A3SE,other_clinical_attributes.timepoint_category,,
follow_up.tsv,TCGA-DJ-A2QA,other_clinical_attributes.timepoint_category,,
follow_up.tsv,TCGA-FY-A2QD,other_clinical_attributes.timepoint_category,,
follow_up.tsv,TCGA-EL-A3GR,other_clinical_attributes.timepoint_category,,
follow_up.tsv,TCGA-EL-A3T7,other_clinical_attributes.timepoint_category,,
follow_up.tsv,TCGA-EM-A3FO,other_clinical_attributes.timepoint_category,,
follow_up.tsv,TCGA-DJ-A3VB,other_clinical_attributes.timepoint_category,,
follow_up.tsv,TCGA-FY-A3NN,other_clinical_attributes.timepoint_category,,
follow_up.tsv,TCGA-EM-A1YB,other_clinical_attributes.timepoint_category,,
follow_up.tsv,TCGA-ET-A3DV,other_clinical_attributes.timepoint_category,,
follow_up.tsv,TCGA-EL-A4KD,other_clinical_attributes.timepoint_category,,
follow_up.tsv,TCGA-L6-A4EU,other_clinical_attributes.timepoint_category,,
follow_up.tsv,TCGA-DJ-A2QB,other_clinical_attributes.timepoint_category,,
follow_up.tsv,TCGA-DJ-A4V4,other_clinical_attributes.timepoint_category,,
follow_up.tsv,TCGA-DJ-A3V0,other_clinical_attributes.timepoint_category,,
follow_up.tsv,TCGA-BJ-A45G,other_clinical_attributes.timepoint_category,,
follow_up.tsv,TCGA-FY-A3R7,other_clinical_attributes.timepoint_category,,
follow_up.tsv,TCGA-EM-A2P2,other_clinical_attributes.timepoint_category,,
follow_up.tsv,TCGA-DJ-A13M,other_clinical_attributes.timepoint_category,,
follow_up.tsv,TCGA-EL-A3D1,other_clinical_attributes.timepoint_category,,
follow_up.tsv,TCGA-BJ-A28V,other_clinical_attributes.timepoint_category,,
follow_up.tsv,TCGA-BJ-A3EZ,other_clinical_attributes.timepoint_category,,
follow_up.tsv,TCGA-DJ-A3VG,other_clinical_attributes.timepoint_category,,
follow_up.tsv,TCGA-ET-A3DU,other_clinical_attributes.timepoint_category,,
follow_up.tsv,TCGA-ET-A3BO,other_clinical_attributes.timepoint_category,,
follow_up.tsv,TCGA-EM-A3FP,other_clinical_attributes.timepoint_category,,
follow_up.tsv,TCGA-ET-A25O,other_clinical_attributes.timepoint_category,,
follow_up.tsv,TCGA-E8-A415,other_clinical_attributes.timepoint_category,,
follow_up.tsv,TCGA-EM-A22J,other_clinical_attributes.timepoint_category,,
follow_up.tsv,TCGA-DJ-A3UR,other_clinical_attributes.timepoint_category,,
follow_up.tsv,TCGA-EM-A22N,other_clinical_attributes.timepoint_category,,
follow_up.tsv,TCGA-FY-A3BL,other_clinical_attributes.timepoint_category,,
follow_up.tsv,TCGA-FY-A3R8,other_clinical_attributes.timepoint_category,,
follow_up.tsv,TCGA-FE-A235,other_clinical_attributes.timepoint_category,,
follow_up.tsv,TCGA-DJ-A13L,other_clinical_attributes.timepoint_category,,
follow_up.tsv,TCGA-ET-A3BS,other_clinical_attributes.timepoint_category,,
follow_up.tsv,TCGA-EM-A2CT,other_clinical_attributes.timepoint_category,,
follow_up.tsv,TCGA-ET-A40S,other_clinical_attributes.timepoint_category,,
follow_up.tsv,TCGA-J8-A3YE,other_clinical_attributes.timepoint_category,,
follow_up.tsv,TCGA-EM-A3FJ,other_clinical_attributes.timepoint_category,,
follow_up.tsv,TCGA-EM-A2P3,other_clinical_attributes.timepoint_category,,
follow_up.tsv,TCGA-EM-A4G1,other_clinical_attributes.timepoint_category,,
follow_up.tsv,TCGA-EL-A3GW,other_clinical_attributes.timepoint_category,,
follow_up.tsv,TCGA-DJ-A13P,other_clinical_attributes.timepoint_category,,
follow_up.tsv,TCGA-DJ-A3VL,other_clinical_attributes.timepoint_category,,
follow_up.tsv,TCGA-DJ-A1QG,other_clinical_attributes.timepoint_category,,
follow_up.tsv,TCGA-BJ-A2N7,other_clinical_attributes.timepoint_category,,
follow_up.tsv,TCGA-FY-A3I4,other_clinical_attributes.timepoint_category,,
follow_up.tsv,TCGA-ET-A39L,other_clinical_attributes.timepoint_category,,
follow_up.tsv,TCGA-EM-A3FL,other_clinical_attributes.timepoint_category,,
follow_up.tsv,TCGA-ET-A39O,other_clinical_attributes.timepoint_category,,
follow_up.tsv,TCGA-IM-A3ED,other_clinical_attributes.timepoint_category,,
follow_up.tsv,TCGA-FY-A3YR,other_clinical_attributes.timepoint_category,,
follow_up.tsv,TCGA-KS-A4IB,other_clinical_attributes.timepoint_category,,
follow_up.tsv,TCGA-EM-A2OY,other_clinical_attributes.timepoint_category,,
follow_up.tsv,TCGA-EL-A3TA,other_clinical_attributes.timepoint_category,,
follow_up.tsv,TCGA-DJ-A2PW,other_clinical_attributes.timepoint_category,,
follow_up.tsv,TCGA-BJ-A291,other_clinical_attributes.timepoint_category,,
follow_up.tsv,TCGA-DJ-A3UM,other_clinical_attributes.timepoint_category,,
follow_up.tsv,TCGA-E8-A413,other_clinical_attributes.timepoint_category,,
follow_up.tsv,TCGA-DJ-A2PO,other_clinical_attributes.timepoint_category,,
follow_up.tsv,TCGA-DJ-A3UK,other_clinical_attributes.timepoint_category,,
follow_up.tsv,TCGA-L6-A4EQ,other_clinical_attributes.timepoint_category,,
follow_up.tsv,TCGA-DJ-A3UO,other_clinical_attributes.timepoint_category,,
follow_up.tsv,TCGA-EM-A3AJ,other_clinical_attributes.timepoint_category,,
follow_up.tsv,TCGA-FY-A3R9,other_clinical_attributes.timepoint_category,,
follow_up.tsv,TCGA-DJ-A1QD,other_clinical_attributes.timepoint_category,,
follow_up.tsv,TCGA-DJ-A4V2,other_clinical_attributes.timepoint_category,,
follow_up.tsv,TCGA-EM-A2CJ,other_clinical_attributes.timepoint_category,,
follow_up.tsv,TCGA-EL-A4K7,other_clinical_attributes.timepoint_category,,
follow_up.tsv,TCGA-EL-A4KG,other_clinical_attributes.timepoint_category,,
follow_up.tsv,TCGA-DJ-A3VD,other_clinical_attributes.timepoint_category,,
follow_up.tsv,TCGA-DJ-A1QE,other_clinical_attributes.timepoint_category,,
follow_up.tsv,TCGA-IM-A3U3,other_clinical_attributes.timepoint_category,,
follow_up.tsv,TCGA-MK-A4N6,other_clinical_attributes.timepoint_category,,
follow_up.tsv,TCGA-EL-A3GP,other_clinical_attributes.timepoint_category,,
follow_up.tsv,TCGA-EM-A22K,other_clinical_attributes.timepoint_category,,
follow_up.tsv,TCGA-CE-A3ME,other_clinical_attributes.timepoint_category,,
follow_up.tsv,TCGA-ET-A39S,other_clinical_attributes.timepoint_category,,
follow_up.tsv,TCGA-E8-A436,other_clinical_attributes.timepoint_category,,
follow_up.tsv,TCGA-E3-A3DY,other_clinical_attributes.timepoint_category,,
follow_up.tsv,TCGA-KS-A4I7,other_clinical_attributes.timepoint_category,,
follow_up.tsv,TCGA-EL-A3H4,other_clinical_attributes.timepoint_category,,
follow_up.tsv,TCGA-DJ-A3VE,other_clinical_attributes.timepoint_category,,
follow_up.tsv,TCGA-EM-A4FO,other_clinical_attributes.timepoint_category,,
follow_up.tsv,TCGA-4C-A93U,other_clinical_attributes.timepoint_category,,
follow_up.tsv,TCGA-ET-A25G,other_clinical_attributes.timepoint_category,,
follow_up.tsv,TCGA-EL-A3ZL,other_clinical_attributes.timepoint_category,,
follow_up.tsv,TCGA-IM-A420,other_clinical_attributes.timepoint_category,,
follow_up.tsv,TCGA-DJ-A2Q1,other_clinical_attributes.timepoint_category,,
follow_up.tsv,TCGA-FK-A3SH,other_clinical_attributes.timepoint_category,,
follow_up.tsv,TCGA-DJ-A1QL,other_clinical_attributes.timepoint_category,,
follow_up.tsv,TCGA-H2-A26U,other_clinical_attributes.timepoint_category,,
follow_up.tsv,TCGA-CE-A484,other_clinical_attributes.timepoint_category,,
follow_up.tsv,TCGA-DJ-A3VJ,other_clinical_attributes.timepoint_category,,
follow_up.tsv,TCGA-EM-A1YE,other_clinical_attributes.timepoint_category,,
follow_up.tsv,TCGA-ET-A2N1,other_clinical_attributes.timepoint_category,,
follow_up.tsv,TCGA-BJ-A45D,other_clinical_attributes.timepoint_category,,
follow_up.tsv,TCGA-BJ-A2P4,other_clinical_attributes.timepoint_category,,
follow_up.tsv,TCGA-EM-A3AQ,other_clinical_attributes.timepoint_category,,
follow_up.tsv,TCGA-EM-A1CS,other_clinical_attributes.timepoint_category,,
follow_up.tsv,TCGA-KS-A4I5,other_clinical_attributes.timepoint_category,,
follow_up.tsv,TCGA-EL-A3GV,other_clinical_attributes.timepoint_category,,
follow_up.tsv,TCGA-ET-A39M,other_clinical_attributes.timepoint_category,,
follow_up.tsv,TCGA-EL-A3D5,other_clinical_attributes.timepoint_category,,
follow_up.tsv,TCGA-EL-A3ZP,other_clinical_attributes.timepoint_category,,
follow_up.tsv,TCGA-ET-A2MY,other_clinical_attributes.timepoint_category,,
follow_up.tsv,TCGA-E8-A418,other_clinical_attributes.timepoint_category,,
follow_up.tsv,TCGA-ET-A25N,other_clinical_attributes.timepoint_category,,
follow_up.tsv,TCGA-DJ-A2PQ,other_clinical_attributes.timepoint_category,,
follow_up.tsv,TCGA-EM-A22I,other_clinical_attributes.timepoint_category,,
follow_up.tsv,TCGA-EL-A3MW,other_clinical_attributes.timepoint_category,,
follow_up.tsv,TCGA-E3-A3E2,other_clinical_attributes.timepoint_category,,
follow_up.tsv,TCGA-E8-A434,other_clinical_attributes.timepoint_category,,
follow_up.tsv,TCGA-DJ-A2Q4,other_clinical_attributes.timepoint_category,,
follow_up.tsv,TCGA-MK-A4N7,other_clinical_attributes.timepoint_category,,
follow_up.tsv,TCGA-E8-A438,other_clinical_attributes.timepoint_category,,
follow_up.tsv,TCGA-DJ-A1QO,other_clinical_attributes.timepoint_category,,
follow_up.tsv,TCGA-DJ-A3UV,other_clinical_attributes.timepoint_category,,
follow_up.tsv,TCGA-E8-A3X7,other_clinical_attributes.timepoint_category,,
follow_up.tsv,TCGA-DJ-A1QH,other_clinical_attributes.timepoint_category,,
follow_up.tsv,TCGA-BJ-A0YZ,other_clinical_attributes.timepoint_category,,
follow_up.tsv,TCGA-E8-A2JQ,other_clinical_attributes.timepoint_category,,
follow_up.tsv,TCGA-FY-A3NM,other_clinical_attributes.timepoint_category,,
follow_up.tsv,TCGA-EL-A3MZ,other_clinical_attributes.timepoint_category,,
follow_up.tsv,TCGA-EM-A4FN,other_clinical_attributes.timepoint_category,,
follow_up.tsv,TCGA-ET-A3DQ,other_clinical_attributes.timepoint_category,,
follow_up.tsv,TCGA-DJ-A2Q8,other_clinical_attributes.timepoint_category,,
follow_up.tsv,TCGA-KS-A4I3,other_clinical_attributes.timepoint_category,,
follow_up.tsv,TCGA-EL-A3H8,other_clinical_attributes.timepoint_category,,
follow_up.tsv,TCGA-EL-A3H7,other_clinical_attributes.timepoint_category,,
follow_up.tsv,TCGA-DJ-A2PN,other_clinical_attributes.timepoint_category,,
follow_up.tsv,TCGA-EL-A3CV,other_clinical_attributes.timepoint_category,,
follow_up.tsv,TCGA-DJ-A1QF,other_clinical_attributes.timepoint_category,,
follow_up.tsv,TCGA-BJ-A3PR,other_clinical_attributes.timepoint_category,,
follow_up.tsv,TCGA-DJ-A2PY,other_clinical_attributes.timepoint_category,,
follow_up.tsv,TCGA-J8-A4HW,other_clinical_attributes.timepoint_category,,
follow_up.tsv,TCGA-FE-A23A,other_clinical_attributes.timepoint_category,,
follow_up.tsv,TCGA-EM-A3SU,other_clinical_attributes.timepoint_category,,
follow_up.tsv,TCGA-EM-A3FQ,other_clinical_attributes.timepoint_category,,
follow_up.tsv,TCGA-EL-A3CW,other_clinical_attributes.timepoint_category,,
follow_up.tsv,TCGA-EL-A3CL,other_clinical_attributes.timepoint_category,,
follow_up.tsv,TCGA-EL-A3CO,other_clinical_attributes.timepoint_category,,
pathology_detail.tsv,TCGA-FY-A4B3,pathology_details.days_to_pathology_detail,,
pathology_detail.tsv,TCGA-EL-A3ZM,pathology_details.days_to_pathology_detail,,
pathology_detail.tsv,TCGA-FE-A3PB,pathology_details.days_to_pathology_detail,,
pathology_detail.tsv,TCGA-DE-A3KN,pathology_details.days_to_pathology_detail,,
pathology_detail.tsv,TCGA-BJ-A18Z,pathology_details.days_to_pathology_detail,,
pathology_detail.tsv,TCGA-EM-A4FM,pathology_details.days_to_pathology_detail,,
pathology_detail.tsv,TCGA-EL-A3ZH,pathology_details.days_to_pathology_detail,,
pathology_detail.tsv,TCGA-EL-A4KI,pathology_details.days_to_pathology_detail,,
pathology_detail.tsv,TCGA-EL-A3ZN,pathology_details.days_to_pathology_detail,,
pathology_detail.tsv,TCGA-EL-A3D6,pathology_details.days_to_pathology_detail,,
pathology_detail.tsv,TCGA-EL-A3GS,pathology_details.days_to_pathology_detail,,
pathology_detail.tsv,TCGA-MK-A4N9,pathology_details.days_to_pathology_detail,,
pathology_detail.tsv,TCGA-EL-A3CR,pathology_details.days_to_pathology_detail,,
pathology_detail.tsv,TCGA-DJ-A4UQ,pathology_details.days_to_pathology_detail,,
pathology_detail.tsv,TCGA-EL-A4K4,pathology_details.days_to_pathology_detail,,
pathology_detail.tsv,TCGA-DJ-A2PR,pathology_details.days_to_pathology_detail,,
pathology_detail.tsv,TCGA-EL-A3N2,pathology_details.days_to_pathology_detail,,
pathology_detail.tsv,TCGA-DJ-A3V4,pathology_details.days_to_pathology_detail,,
pathology_detail.tsv,TCGA-DJ-A3UQ,pathology_details.days_to_pathology_detail,,
pathology_detail.tsv,TCGA-IM-A4EB,pathology_details.days_to_pathology_detail,,
pathology_detail.tsv,TCGA-DJ-A2PT,pathology_details.days_to_pathology_detail,,
pathology_detail.tsv,TCGA-IM-A3EB,pathology_details.days_to_pathology_detail,,
pathology_detail.tsv,TCGA-EL-A3ZO,pathology_details.days_to_pathology_detail,,
pathology_detail.tsv,TCGA-BJ-A290,pathology_details.days_to_pathology_detail,,
pathology_detail.tsv,TCGA-EL-A4JZ,pathology_details.days_to_pathology_detail,,
pathology_detail.tsv,TCGA-FY-A40L,pathology_details.days_to_pathology_detail,,
pathology_detail.tsv,TCGA-EL-A3H5,pathology_details.days_to_pathology_detail,,
pathology_detail.tsv,TCGA-ET-A39P,pathology_details.days_to_pathology_detail,,
pathology_detail.tsv,TCGA-ET-A25L,pathology_details.days_to_pathology_detail,,
pathology_detail.tsv,TCGA-DJ-A3UU,pathology_details.days_to_pathology_detail,,
pathology_detail.tsv,TCGA-EL-A3CN,pathology_details.days_to_pathology_detail,,
pathology_detail.tsv,TCGA-EL-A3CT,pathology_details.days_to_pathology_detail,,
pathology_detail.tsv,TCGA-BJ-A3PU,pathology_details.days_to_pathology_detail,,
pathology_detail.tsv,TCGA-DE-A4MB,pathology_details.days_to_pathology_detail,,
pathology_detail.tsv,TCGA-EL-A4K6,pathology_details.days_to_pathology_detail,,
pathology_detail.tsv,TCGA-FY-A3TY,pathology_details.days_to_pathology_detail,,
pathology_detail.tsv,TCGA-IM-A41Y,pathology_details.days_to_pathology_detail,,
pathology_detail.tsv,TCGA-EL-A3D4,pathology_details.days_to_pathology_detail,,
pathology_detail.tsv,TCGA-DJ-A2PZ,pathology_details.days_to_pathology_detail,,
pathology_detail.tsv,TCGA-FE-A232,pathology_details.days_to_pathology_detail,,
pathology_detail.tsv,TCGA-EL-A3D0,pathology_details.days_to_pathology_detail,,
pathology_detail.tsv,TCGA-EM-A22O,pathology_details.days_to_pathology_detail,,
pathology_detail.tsv,TCGA-BJ-A28Z,pathology_details.days_to_pathology_detail,,
pathology_detail.tsv,TCGA-ET-A40Q,pathology_details.days_to_pathology_detail,,
pathology_detail.tsv,TCGA-ET-A4KN,pathology_details.days_to_pathology_detail,,
pathology_detail.tsv,TCGA-FE-A22Z,pathology_details.days_to_pathology_detail,,
pathology_detail.tsv,TCGA-ET-A39T,pathology_details.days_to_pathology_detail,,
pathology_detail.tsv,TCGA-DJ-A2Q7,pathology_details.days_to_pathology_detail,,
pathology_detail.tsv,TCGA-DJ-A3V5,pathology_details.days_to_pathology_detail,,
pathology_detail.tsv,TCGA-FE-A237,pathology_details.days_to_pathology_detail,,
pathology_detail.tsv,TCGA-DE-A69K,pathology_details.days_to_pathology_detail,,
pathology_detail.tsv,TCGA-IM-A3U2,pathology_details.days_to_pathology_detail,,
pathology_detail.tsv,TCGA-DE-A4MC,pathology_details.days_to_pathology_detail,,
pathology_detail.tsv,TCGA-DJ-A4V5,pathology_details.days_to_pathology_detail,,
pathology_detail.tsv,TCGA-BJ-A0Z9,pathology_details.days_to_pathology_detail,,
pathology_detail.tsv,TCGA-DE-A4MA,pathology_details.days_to_pathology_detail,,
pathology_detail.tsv,TCGA-ET-A3BX,pathology_details.days_to_pathology_detail,,
pathology_detail.tsv,TCGA-EL-A3CS,pathology_details.days_to_pathology_detail,,
pathology_detail.tsv,TCGA-DJ-A3V7,pathology_details.days_to_pathology_detail,,
pathology_detail.tsv,TCGA-DJ-A3VK,pathology_details.days_to_pathology_detail,,
pathology_detail.tsv,TCGA-EL-A3T1,pathology_details.days_to_pathology_detail,,
pathology_detail.tsv,TCGA-DJ-A13V,pathology_details.days_to_pathology_detail,,
pathology_detail.tsv,TCGA-DJ-A2PS,pathology_details.days_to_pathology_detail,,
pathology_detail.tsv,TCGA-EL-A3TB,pathology_details.days_to_pathology_detail,,
pathology_detail.tsv,TCGA-BJ-A45C,pathology_details.days_to_pathology_detail,,
pathology_detail.tsv,TCGA-CE-A13K,pathology_details.days_to_pathology_detail,,
pathology_detail.tsv,TCGA-DJ-A3V8,pathology_details.days_to_pathology_detail,,
pathology_detail.tsv,TCGA-DJ-A3VF,pathology_details.days_to_pathology_detail,,
pathology_detail.tsv,TCGA-DJ-A2Q3,pathology_details.days_to_pathology_detail,,
pathology_detail.tsv,TCGA-DJ-A2Q6,pathology_details.days_to_pathology_detail,,
pathology_detail.tsv,TCGA-DJ-A2QA,pathology_details.days_to_pathology_detail,,
pathology_detail.tsv,TCGA-DJ-A3VB,pathology_details.days_to_pathology_detail,,
pathology_detail.tsv,TCGA-EL-A4KD,pathology_details.days_to_pathology_detail,,
pathology_detail.tsv,TCGA-L6-A4EU,pathology_details.days_to_pathology_detail,,
pathology_detail.tsv,TCGA-DO-A1K0,pathology_details.days_to_pathology_detail,,
pathology_detail.tsv,TCGA-DJ-A3V0,pathology_details.days_to_pathology_detail,,
pathology_detail.tsv,TCGA-ET-A3BO,pathology_details.days_to_pathology_detail,,
pathology_detail.tsv,TCGA-QD-A8IV,pathology_details.days_to_pathology_detail,,
pathology_detail.tsv,TCGA-BJ-A45I,pathology_details.days_to_pathology_detail,,
pathology_detail.tsv,TCGA-DJ-A3UR,pathology_details.days_to_pathology_detail,,
pathology_detail.tsv,TCGA-ET-A3BS,pathology_details.days_to_pathology_detail,,
pathology_detail.tsv,TCGA-FY-A3YR,pathology_details.days_to_pathology_detail,,
pathology_detail.tsv,TCGA-DJ-A3UO,pathology_details.days_to_pathology_detail,,
pathology_detail.tsv,TCGA-EL-A4K7,pathology_details.days_to_pathology_detail,,
pathology_detail.tsv,TCGA-BJ-A0ZB,pathology_details.days_to_pathology_detail,,
pathology_detail.tsv,TCGA-EL-A4KG,pathology_details.days_to_pathology_detail,,
pathology_detail.tsv,TCGA-EL-A3GP,pathology_details.days_to_pathology_detail,,
pathology_detail.tsv,TCGA-EL-A3GU,pathology_details.days_to_pathology_detail,,
pathology_detail.tsv,TCGA-FE-A238,pathology_details.days_to_pathology_detail,,
pathology_detail.tsv,TCGA-EL-A3H4,pathology_details.days_to_pathology_detail,,
pathology_detail.tsv,TCGA-4C-A93U,pathology_details.days_to_pathology_detail,,
pathology_detail.tsv,TCGA-ET-A25G,pathology_details.days_to_pathology_detail,,
pathology_detail.tsv,TCGA-DJ-A3VJ,pathology_details.days_to_pathology_detail,,
pathology_detail.tsv,TCGA-EL-A3GV,pathology_details.days_to_pathology_detail,,
pathology_detail.tsv,TCGA-EL-A3D5,pathology_details.days_to_pathology_detail,,
pathology_detail.tsv,TCGA-EL-A3ZP,pathology_details.days_to_pathology_detail,,
pathology_detail.tsv,TCGA-EM-A22I,pathology_details.days_to_pathology_detail,,
pathology_detail.tsv,TCGA-DJ-A1QH,pathology_details.days_to_pathology_detail,,
pathology_detail.tsv,TCGA-EL-A3MZ,pathology_details.days_to_pathology_detail,,
pathology_detail.tsv,TCGA-KS-A4I3,pathology_details.days_to_pathology_detail,,
pathology_detail.tsv,TCGA-EL-A3H8,pathology_details.days_to_pathology_detail,,
pathology_detail.tsv,TCGA-EL-A3H7,pathology_details.days_to_pathology_detail,,
pathology_detail.tsv,TCGA-EL-A3CV,pathology_details.days_to_pathology_detail,,
pathology_detail.tsv,TCGA-DJ-A2PY,pathology_details.days_to_pathology_detail,,
pathology_detail.tsv,TCGA-EL-A3CO,pathology_details.days_to_pathology_detail,,
pathology_detail.tsv,TCGA-EL-A3CW,pathology_details.days_to_pathology_detail,,
pathology_detail.tsv,TCGA-BJ-A190,pathology_details.days_to_pathology_detail,,
pathology_detail.tsv,TCGA-DJ-A2PP,pathology_details.days_to_pathology_detail,,
pathology_detail.tsv,TCGA-DJ-A2Q9,pathology_details.days_to_pathology_detail,,
pathology_detail.tsv,TCGA-EL-A4K0,pathology_details.days_to_pathology_detail,,
pathology_detail.tsv,TCGA-EM-A1YC,pathology_details.days_to_pathology_detail,,
pathology_detail.tsv,TCGA-EM-A3AL,pathology_details.days_to_pathology_detail,,
pathology_detail.tsv,TCGA-ET-A25I,pathology_details.days_to_pathology_detail,,
pathology_detail.tsv,TCGA-BJ-A4O8,pathology_details.days_to_pathology_detail,,
pathology_detail.tsv,TCGA-EM-A3SZ,pathology_details.days_to_pathology_detail,,
pathology_detail.tsv,TCGA-ET-A25P,pathology_details.days_to_pathology_detail,,
pathology_detail.tsv,TCGA-DJ-A2PU,pathology_details.days_to_pathology_detail,,
pathology_detail.tsv,TCGA-DJ-A2Q5,pathology_details.days_to_pathology_detail,,
pathology_detail.tsv,TCGA-EM-A3SX,pathology_details.days_to_pathology_detail,,
pathology_detail.tsv,TCGA-CE-A3MD,pathology_details.days_to_pathology_detail,,
pathology_detail.tsv,TCGA-EM-A3AO,pathology_details.days_to_pathology_detail,,
pathology_detail.tsv,TCGA-EM-A22P,pathology_details.days_to_pathology_detail,,
pathology_detail.tsv,TCGA-BJ-A2N9,pathology_details.days_to_pathology_detail,,
pathology_detail.tsv,TCGA-ET-A2N0,pathology_details.days_to_pathology_detail,,
pathology_detail.tsv,TCGA-EM-A2CR,pathology_details.days_to_pathology_detail,,
pathology_detail.tsv,TCGA-EM-A1CW,pathology_details.days_to_pathology_detail,,
pathology_detail.tsv,TCGA-DE-A7U5,pathology_details.days_to_pathology_detail,,
pathology_detail.tsv,TCGA-KS-A41J,pathology_details.days_to_pathology_detail,,
pathology_detail.tsv,TCGA-EM-A3OA,pathology_details.days_to_pathology_detail,,
pathology_detail.tsv,TCGA-BJ-A191,pathology_details.days_to_pathology_detail,,
pathology_detail.tsv,TCGA-ET-A40R,pathology_details.days_to_pathology_detail,,
pathology_detail.tsv,TCGA-DJ-A4UP,pathology_details.days_to_pathology_detail,,
pathology_detail.tsv,TCGA-DJ-A3UP,pathology_details.days_to_pathology_detail,,
pathology_detail.tsv,TCGA-DJ-A3VA,pathology_details.days_to_pathology_detail,,
pathology_detail.tsv,TCGA-EM-A1CT,pathology_details.days_to_pathology_detail,,
pathology_detail.tsv,TCGA-EM-A3O3,pathology_details.days_to_pathology_detail,,
pathology_detail.tsv,TCGA-EM-A2CM,pathology_details.days_to_pathology_detail,,
pathology_detail.tsv,TCGA-EM-A3FR,pathology_details.days_to_pathology_detail,,
pathology_detail.tsv,TCGA-EM-A2CP,pathology_details.days_to_pathology_detail,,
pathology_detail.tsv,TCGA-ET-A25K,pathology_details.days_to_pathology_detail,,
pathology_detail.tsv,TCGA-FE-A236,pathology_details.days_to_pathology_detail,,
pathology_detail.tsv,TCGA-BJ-A0Z3,pathology_details.days_to_pathology_detail,,
pathology_detail.tsv,TCGA-EM-A3O9,pathology_details.days_to_pathology_detail,,
pathology_detail.tsv,TCGA-DJ-A1QM,pathology_details.days_to_pathology_detail,,
pathology_detail.tsv,TCGA-EL-A3H3,pathology_details.days_to_pathology_detail,,
pathology_detail.tsv,TCGA-FE-A3PD,pathology_details.days_to_pathology_detail,,
pathology_detail.tsv,TCGA-BJ-A45E,pathology_details.days_to_pathology_detail,,
pathology_detail.tsv,TCGA-DJ-A13X,pathology_details.days_to_pathology_detail,,
pathology_detail.tsv,TCGA-DJ-A13W,pathology_details.days_to_pathology_detail,,
pathology_detail.tsv,TCGA-EL-A3ZK,pathology_details.days_to_pathology_detail,,
pathology_detail.tsv,TCGA-DJ-A13R,pathology_details.days_to_pathology_detail,,
pathology_detail.tsv,TCGA-DE-A0XZ,pathology_details.days_to_pathology_detail,,
pathology_detail.tsv,TCGA-FY-A40N,pathology_details.days_to_pathology_detail,,
pathology_detail.tsv,TCGA-ET-A3BU,pathology_details.days_to_pathology_detail,,
pathology_detail.tsv,TCGA-EM-A3AK,pathology_details.days_to_pathology_detail,,
pathology_detail.tsv,TCGA-EM-A2CN,pathology_details.days_to_pathology_detail,,
pathology_detail.tsv,TCGA-KS-A41L,pathology_details.days_to_pathology_detail,,
pathology_detail.tsv,TCGA-BJ-A0ZA,pathology_details.days_to_pathology_detail,,
pathology_detail.tsv,TCGA-FY-A3ON,pathology_details.days_to_pathology_detail,,
pathology_detail.tsv,TCGA-KS-A4IC,pathology_details.days_to_pathology_detail,,
pathology_detail.tsv,TCGA-J8-A3YD,pathology_details.days_to_pathology_detail,,
pathology_detail.tsv,TCGA-EM-A1CU,pathology_details.days_to_pathology_detail,,
pathology_detail.tsv,TCGA-EL-A3GQ,pathology_details.days_to_pathology_detail,,
pathology_detail.tsv,TCGA-EL-A4JW,pathology_details.days_to_pathology_detail,,
pathology_detail.tsv,TCGA-ET-A2MZ,pathology_details.days_to_pathology_detail,,
pathology_detail.tsv,TCGA-EM-A4FQ,pathology_details.days_to_pathology_detail,,
pathology_detail.tsv,TCGA-FY-A3I5,pathology_details.days_to_pathology_detail,,
pathology_detail.tsv,TCGA-BJ-A28R,pathology_details.days_to_pathology_detail,,
pathology_detail.tsv,TCGA-KS-A4I9,pathology_details.days_to_pathology_detail,,
pathology_detail.tsv,TCGA-J8-A3O0,pathology_details.days_to_pathology_detail,,
pathology_detail.tsv,TCGA-EM-A3FN,pathology_details.days_to_pathology_detail,,
pathology_detail.tsv,TCGA-E3-A3DZ,pathology_details.days_to_pathology_detail,,
pathology_detail.tsv,TCGA-ET-A3BQ,pathology_details.days_to_pathology_detail,,
pathology_detail.tsv,TCGA-E3-A3E0,pathology_details.days_to_pathology_detail,,
pathology_detail.tsv,TCGA-ET-A3DS,pathology_details.days_to_pathology_detail,,
pathology_detail.tsv,TCGA-DJ-A3UW,pathology_details.days_to_pathology_detail,,
pathology_detail.tsv,TCGA-ET-A25J,pathology_details.days_to_pathology_detail,,
pathology_detail.tsv,TCGA-DJ-A2PV,pathology_details.days_to_pathology_detail,,
pathology_detail.tsv,TCGA-E3-A3E3,pathology_details.days_to_pathology_detail,,
pathology_detail.tsv,TCGA-EM-A4FV,pathology_details.days_to_pathology_detail,,
pathology_detail.tsv,TCGA-EM-A3AN,pathology_details.days_to_pathology_detail,,
pathology_detail.tsv,TCGA-DJ-A3V3,pathology_details.days_to_pathology_detail,,
pathology_detail.tsv,TCGA-EM-A2CU,pathology_details.days_to_pathology_detail,,
pathology_detail.tsv,TCGA-DJ-A3UN,pathology_details.days_to_pathology_detail,,
pathology_detail.tsv,TCGA-EL-A4JX,pathology_details.days_to_pathology_detail,,
pathology_detail.tsv,TCGA-DE-A0Y2,pathology_details.days_to_pathology_detail,,
pathology_detail.tsv,TCGA-BJ-A45J,pathology_details.days_to_pathology_detail,,
pathology_detail.tsv,TCGA-EL-A4JV,pathology_details.days_to_pathology_detail,,
pathology_detail.tsv,TCGA-EM-A3AR,pathology_details.days_to_pathology_detail,,
pathology_detail.tsv,TCGA-EM-A2CQ,pathology_details.days_to_pathology_detail,,
pathology_detail.tsv,TCGA-BJ-A2N8,pathology_details.days_to_pathology_detail,,
pathology_detail.tsv,TCGA-FY-A40M,pathology_details.days_to_pathology_detail,,
pathology_detail.tsv,TCGA-EL-A3CU,pathology_details.days_to_pathology_detail,,
pathology_detail.tsv,TCGA-EM-A2CS,pathology_details.days_to_pathology_detail,,
pathology_detail.tsv,TCGA-EM-A1CV,pathology_details.days_to_pathology_detail,,
pathology_detail.tsv,TCGA-DJ-A13O,pathology_details.days_to_pathology_detail,,
pathology_detail.tsv,TCGA-EM-A2CK,pathology_details.days_to_pathology_detail,,
pathology_detail.tsv,TCGA-DJ-A4UL,pathology_details.days_to_pathology_detail,,
pathology_detail.tsv,TCGA-DJ-A3V2,pathology_details.days_to_pathology_detail,,
pathology_detail.tsv,TCGA-ET-A40P,pathology_details.days_to_pathology_detail,,
pathology_detail.tsv,TCGA-GE-A2C6,pathology_details.days_to_pathology_detail,,
pathology_detail.tsv,TCGA-FY-A3W9,pathology_details.days_to_pathology_detail,,
pathology_detail.tsv,TCGA-ET-A25M,pathology_details.days_to_pathology_detail,,
pathology_detail.tsv,TCGA-EM-A2P0,pathology_details.days_to_pathology_detail,,
pathology_detail.tsv,TCGA-H2-A421,pathology_details.days_to_pathology_detail,,
pathology_detail.tsv,TCGA-CE-A483,pathology_details.days_to_pathology_detail,,
pathology_detail.tsv,TCGA-DO-A2HM,pathology_details.days_to_pathology_detail,,
pathology_detail.tsv,TCGA-EM-A22Q,pathology_details.days_to_pathology_detail,,
pathology_detail.tsv,TCGA-EL-A3GX,pathology_details.days_to_pathology_detail,,
pathology_detail.tsv,TCGA-BJ-A0ZH,pathology_details.days_to_pathology_detail,,
pathology_detail.tsv,TCGA-E3-A3E1,pathology_details.days_to_pathology_detail,,
pathology_detail.tsv,TCGA-BJ-A0ZJ,pathology_details.days_to_pathology_detail,,
pathology_detail.tsv,TCGA-KS-A4ID,pathology_details.days_to_pathology_detail,,
pathology_detail.tsv,TCGA-EM-A1YD,pathology_details.days_to_pathology_detail,,
pathology_detail.tsv,TCGA-EL-A3T2,pathology_details.days_to_pathology_detail,,
pathology_detail.tsv,TCGA-FY-A40K,pathology_details.days_to_pathology_detail,,
pathology_detail.tsv,TCGA-DJ-A2Q0,pathology_details.days_to_pathology_detail,,
pathology_detail.tsv,TCGA-BJ-A45K,pathology_details.days_to_pathology_detail,,
pathology_detail.tsv,TCGA-EM-A3OB,pathology_details.days_to_pathology_detail,,
pathology_detail.tsv,TCGA-EM-A4FR,pathology_details.days_to_pathology_detail,,
pathology_detail.tsv,TCGA-KS-A41F,pathology_details.days_to_pathology_detail,,
pathology_detail.tsv,TCGA-EM-A3FM,pathology_details.days_to_pathology_detail,,
pathology_detail.tsv,TCGA-IM-A41Z,pathology_details.days_to_pathology_detail,,
pathology_detail.tsv,TCGA-EL-A3CX,pathology_details.days_to_pathology_detail,,
pathology_detail.tsv,TCGA-ET-A3BP,pathology_details.days_to_pathology_detail,,
pathology_detail.tsv,TCGA-EM-A3O8,pathology_details.days_to_pathology_detail,,
pathology_detail.tsv,TCGA-EM-A2OX,pathology_details.days_to_pathology_detail,,
pathology_detail.tsv,TCGA-J8-A3YG,pathology_details.days_to_pathology_detail,,
pathology_detail.tsv,TCGA-CE-A485,pathology_details.days_to_pathology_detail,,
pathology_detail.tsv,TCGA-EM-A2P1,pathology_details.days_to_pathology_detail,,
pathology_detail.tsv,TCGA-L6-A4EP,pathology_details.days_to_pathology_detail,,
pathology_detail.tsv,TCGA-ET-A3DT,pathology_details.days_to_pathology_detail,,
pathology_detail.tsv,TCGA-DJ-A2Q2,pathology_details.days_to_pathology_detail,,
pathology_detail.tsv,TCGA-EL-A3ZS,pathology_details.days_to_pathology_detail,,
pathology_detail.tsv,TCGA-E8-A419,pathology_details.days_to_pathology_detail,,
pathology_detail.tsv,TCGA-DJ-A3UX,pathology_details.days_to_pathology_detail,,
pathology_detail.tsv,TCGA-EL-A4K2,pathology_details.days_to_pathology_detail,,
pathology_detail.tsv,TCGA-DE-A4M8,pathology_details.days_to_pathology_detail,,
pathology_detail.tsv,TCGA-BJ-A28W,pathology_details.days_to_pathology_detail,,
pathology_detail.tsv,TCGA-FE-A3PC,pathology_details.days_to_pathology_detail,,
pathology_detail.tsv,TCGA-BJ-A28T,pathology_details.days_to_pathology_detail,,
pathology_detail.tsv,TCGA-EL-A3GO,pathology_details.days_to_pathology_detail,,
pathology_detail.tsv,TCGA-EL-A4K1,pathology_details.days_to_pathology_detail,,
pathology_detail.tsv,TCGA-EM-A22L,pathology_details.days_to_pathology_detail,,
pathology_detail.tsv,TCGA-EL-A3CY,pathology_details.days_to_pathology_detail,,
pathology_detail.tsv,TCGA-BJ-A18Y,pathology_details.days_to_pathology_detail,,
pathology_detail.tsv,TCGA-FY-A2QD,pathology_details.days_to_pathology_detail,,
pathology_detail.tsv,TCGA-FE-A230,pathology_details.days_to_pathology_detail,,
pathology_detail.tsv,TCGA-EM-A3FO,pathology_details.days_to_pathology_detail,,
pathology_detail.tsv,TCGA-BJ-A192,pathology_details.days_to_pathology_detail,,
pathology_detail.tsv,TCGA-EM-A4FF,pathology_details.days_to_pathology_detail,,
pathology_detail.tsv,TCGA-BJ-A45G,pathology_details.days_to_pathology_detail,,
pathology_detail.tsv,TCGA-EM-A2P2,pathology_details.days_to_pathology_detail,,
pathology_detail.tsv,TCGA-DJ-A13M,pathology_details.days_to_pathology_detail,,
pathology_detail.tsv,TCGA-EL-A3D1,pathology_details.days_to_pathology_detail,,
pathology_detail.tsv,TCGA-DJ-A3VG,pathology_details.days_to_pathology_detail,,
pathology_detail.tsv,TCGA-ET-A3BV,pathology_details.days_to_pathology_detail,,
pathology_detail.tsv,TCGA-EM-A3FP,pathology_details.days_to_pathology_detail,,
pathology_detail.tsv,TCGA-ET-A25O,pathology_details.days_to_pathology_detail,,
pathology_detail.tsv,TCGA-DE-A0Y3,pathology_details.days_to_pathology_detail,,
pathology_detail.tsv,TCGA-EM-A22J,pathology_details.days_to_pathology_detail,,
pathology_detail.tsv,TCGA-EM-A22N,pathology_details.days_to_pathology_detail,,
pathology_detail.tsv,TCGA-FE-A235,pathology_details.days_to_pathology_detail,,
pathology_detail.tsv,TCGA-EM-A2CT,pathology_details.days_to_pathology_detail,,
pathology_detail.tsv,TCGA-ET-A40S,pathology_details.days_to_pathology_detail,,
pathology_detail.tsv,TCGA-EL-A3CZ,pathology_details.days_to_pathology_detail,,
pathology_detail.tsv,TCGA-EM-A3FJ,pathology_details.days_to_pathology_detail,,
pathology_detail.tsv,TCGA-EM-A4G1,pathology_details.days_to_pathology_detail,,
pathology_detail.tsv,TCGA-DJ-A3VL,pathology_details.days_to_pathology_detail,,
pathology_detail.tsv,TCGA-DJ-A1QG,pathology_details.days_to_pathology_detail,,
pathology_detail.tsv,TCGA-BJ-A4O9,pathology_details.days_to_pathology_detail,,
pathology_detail.tsv,TCGA-DE-A4MD,pathology_details.days_to_pathology_detail,,
pathology_detail.tsv,TCGA-FY-A3I4,pathology_details.days_to_pathology_detail,,
pathology_detail.tsv,TCGA-ET-A39O,pathology_details.days_to_pathology_detail,,
pathology_detail.tsv,TCGA-IM-A3ED,pathology_details.days_to_pathology_detail,,
pathology_detail.tsv,TCGA-KS-A4IB,pathology_details.days_to_pathology_detail,,
pathology_detail.tsv,TCGA-EM-A2OY,pathology_details.days_to_pathology_detail,,
pathology_detail.tsv,TCGA-DJ-A2PW,pathology_details.days_to_pathology_detail,,
pathology_detail.tsv,TCGA-BJ-A291,pathology_details.days_to_pathology_detail,,
pathology_detail.tsv,TCGA-DJ-A3UM,pathology_details.days_to_pathology_detail,,
pathology_detail.tsv,TCGA-EM-A3ST,pathology_details.days_to_pathology_detail,,
pathology_detail.tsv,TCGA-DJ-A2PO,pathology_details.days_to_pathology_detail,,
pathology_detail.tsv,TCGA-DJ-A3UK,pathology_details.days_to_pathology_detail,,
pathology_detail.tsv,TCGA-L6-A4EQ,pathology_details.days_to_pathology_detail,,
pathology_detail.tsv,TCGA-ET-A3BT,pathology_details.days_to_pathology_detail,,
pathology_detail.tsv,TCGA-EM-A3AJ,pathology_details.days_to_pathology_detail,,
pathology_detail.tsv,TCGA-DJ-A4V2,pathology_details.days_to_pathology_detail,,
pathology_detail.tsv,TCGA-DJ-A3VD,pathology_details.days_to_pathology_detail,,
pathology_detail.tsv,TCGA-IM-A3U3,pathology_details.days_to_pathology_detail,,
pathology_detail.tsv,TCGA-MK-A4N6,pathology_details.days_to_pathology_detail,,
pathology_detail.tsv,TCGA-EM-A22K,pathology_details.days_to_pathology_detail,,
pathology_detail.tsv,TCGA-E3-A3DY,pathology_details.days_to_pathology_detail,,
pathology_detail.tsv,TCGA-KS-A4I7,pathology_details.days_to_pathology_detail,,
pathology_detail.tsv,TCGA-EL-A3ZL,pathology_details.days_to_pathology_detail,,
pathology_detail.tsv,TCGA-IM-A420,pathology_details.days_to_pathology_detail,,
pathology_detail.tsv,TCGA-DJ-A2Q1,pathology_details.days_to_pathology_detail,,
pathology_detail.tsv,TCGA-FE-A234,pathology_details.days_to_pathology_detail,,
pathology_detail.tsv,TCGA-CE-A484,pathology_details.days_to_pathology_detail,,
pathology_detail.tsv,TCGA-EM-A1YE,pathology_details.days_to_pathology_detail,,
pathology_detail.tsv,TCGA-FE-A233,pathology_details.days_to_pathology_detail,,
pathology_detail.tsv,TCGA-BJ-A45D,pathology_details.days_to_pathology_detail,,
pathology_detail.tsv,TCGA-EM-A3AQ,pathology_details.days_to_pathology_detail,,
pathology_detail.tsv,TCGA-EM-A1CS,pathology_details.days_to_pathology_detail,,
pathology_detail.tsv,TCGA-KS-A4I5,pathology_details.days_to_pathology_detail,,
pathology_detail.tsv,TCGA-EL-A3MX,pathology_details.days_to_pathology_detail,,
pathology_detail.tsv,TCGA-ET-A25N,pathology_details.days_to_pathology_detail,,
pathology_detail.tsv,TCGA-DJ-A2PQ,pathology_details.days_to_pathology_detail,,
pathology_detail.tsv,TCGA-EL-A3MW,pathology_details.days_to_pathology_detail,,
pathology_detail.tsv,TCGA-E3-A3E2,pathology_details.days_to_pathology_detail,,
pathology_detail.tsv,TCGA-DJ-A2Q4,pathology_details.days_to_pathology_detail,,
pathology_detail.tsv,TCGA-MK-A4N7,pathology_details.days_to_pathology_detail,,
pathology_detail.tsv,TCGA-DJ-A3UV,pathology_details.days_to_pathology_detail,,
pathology_detail.tsv,TCGA-E8-A2JQ,pathology_details.days_to_pathology_detail,,
pathology_detail.tsv,TCGA-EM-A4FN,pathology_details.days_to_pathology_detail,,
pathology_detail.tsv,TCGA-DJ-A2Q8,pathology_details.days_to_pathology_detail,,
pathology_detail.tsv,TCGA-FE-A239,pathology_details.days_to_pathology_detail,,
pathology_detail.tsv,TCGA-FE-A23A,pathology_details.days_to_pathology_detail,,
pathology_detail.tsv,TCGA-EM-A3SU,pathology_details.days_to_pathology_detail,,
pathology_detail.tsv,TCGA-EL-A3N3,pathology_details.days_to_pathology_detail,,
pathology_detail.tsv,TCGA-J8-A3O2,pathology_details.days_to_pathology_detail,,
pathology_detail.tsv,TCGA-ET-A25R,pathology_details.days_to_pathology_detail,,
pathology_detail.tsv,TCGA-FE-A3PA,pathology_details.days_to_pathology_detail,,
pathology_detail.tsv,TCGA-EL-A3CM,pathology_details.days_to_pathology_detail,,
pathology_detail.tsv,TCGA-EL-A3ZG,pathology_details.days_to_pathology_detail,,
pathology_detail.tsv,TCGA-EM-A2CL,pathology_details.days_to_pathology_detail,,
pathology_detail.tsv,TCGA-J8-A4HY,pathology_details.days_to_pathology_detail,,
pathology_detail.tsv,TCGA-EL-A3ZQ,pathology_details.days_to_pathology_detail,,
pathology_detail.tsv,TCGA-ET-A2N4,pathology_details.days_to_pathology_detail,,
pathology_detail.tsv,TCGA-J8-A3NZ,pathology_details.days_to_pathology_detail,,
pathology_detail.tsv,TCGA-E8-A242,pathology_details.days_to_pathology_detail,,
pathology_detail.tsv,TCGA-EM-A2OV,pathology_details.days_to_pathology_detail,,
pathology_detail.tsv,TCGA-EL-A3ZT,pathology_details.days_to_pathology_detail,,
pathology_detail.tsv,TCGA-ET-A39K,pathology_details.days_to_pathology_detail,,
pathology_detail.tsv,TCGA-BJ-A0Z0,pathology_details.days_to_pathology_detail,,
pathology_detail.tsv,TCGA-KS-A41I,pathology_details.days_to_pathology_detail,,
pathology_detail.tsv,TCGA-DJ-A3V6,pathology_details.days_to_pathology_detail,,
pathology_detail.tsv,TCGA-EL-A3MY,pathology_details.days_to_pathology_detail,,
pathology_detail.tsv,TCGA-BJ-A45H,pathology_details.days_to_pathology_detail,,
pathology_detail.tsv,TCGA-FK-A3S3,pathology_details.days_to_pathology_detail,,
pathology_detail.tsv,TCGA-FK-A4UB,pathology_details.days_to_pathology_detail,,
pathology_detail.tsv,TCGA-ET-A2N5,pathology_details.days_to_pathology_detail,,
pathology_detail.tsv,TCGA-FK-A3SB,pathology_details.days_to_pathology_detail,,
pathology_detail.tsv,TCGA-EL-A4K9,pathology_details.days_to_pathology_detail,,
pathology_detail.tsv,TCGA-EL-A3T9,pathology_details.days_to_pathology_detail,,
pathology_detail.tsv,TCGA-DJ-A13U,pathology_details.days_to_pathology_detail,,
pathology_detail.tsv,TCGA-E3-A3E5,pathology_details.days_to_pathology_detail,,
pathology_detail.tsv,TCGA-EM-A22M,pathology_details.days_to_pathology_detail,,
pathology_detail.tsv,TCGA-DJ-A1QQ,pathology_details.days_to_pathology_detail,,
pathology_detail.tsv,TCGA-DJ-A3UZ,pathology_details.days_to_pathology_detail,,
pathology_detail.tsv,TCGA-BJ-A0ZE,pathology_details.days_to_pathology_detail,,
pathology_detail.tsv,TCGA-EL-A3GR,pathology_details.days_to_pathology_detail,,
pathology_detail.tsv,TCGA-EL-A3T7,pathology_details.days_to_pathology_detail,,
pathology_detail.tsv,TCGA-ET-A3DV,pathology_details.days_to_pathology_detail,,
pathology_detail.tsv,TCGA-DJ-A2QB,pathology_details.days_to_pathology_detail,,
pathology_detail.tsv,TCGA-FY-A3R7,pathology_details.days_to_pathology_detail,,
pathology_detail.tsv,TCGA-H2-A3RI,pathology_details.days_to_pathology_detail,,
pathology_detail.tsv,TCGA-DJ-A4UR,pathology_details.days_to_pathology_detail,,
pathology_detail.tsv,TCGA-FY-A3R8,pathology_details.days_to_pathology_detail,,
pathology_detail.tsv,TCGA-J8-A3YE,pathology_details.days_to_pathology_detail,,
pathology_detail.tsv,TCGA-DJ-A1QE,pathology_details.days_to_pathology_detail,,
pathology_detail.tsv,TCGA-EM-A4FO,pathology_details.days_to_pathology_detail,,
pathology_detail.tsv,TCGA-DJ-A1QO,pathology_details.days_to_pathology_detail,,
pathology_detail.tsv,TCGA-J8-A3YF,pathology_details.days_to_pathology_detail,,
pathology_detail.tsv,TCGA-DJ-A3UY,pathology_details.days_to_pathology_detail,,
pathology_detail.tsv,TCGA-H2-A3RH,pathology_details.days_to_pathology_detail,,
pathology_detail.tsv,TCGA-EM-A2CO,pathology_details.days_to_pathology_detail,,
pathology_detail.tsv,TCGA-DJ-A13T,pathology_details.days_to_pathology_detail,,
pathology_detail.tsv,TCGA-ET-A3DO,pathology_details.days_to_pathology_detail,,
pathology_detail.tsv,TCGA-EM-A4FK,pathology_details.days_to_pathology_detail,,
pathology_detail.tsv,TCGA-EM-A3FK,pathology_details.days_to_pathology_detail,,
pathology_detail.tsv,TCGA-EM-A3AP,pathology_details.days_to_pathology_detail,,
pathology_detail.tsv,TCGA-EL-A3GY,pathology_details.days_to_pathology_detail,,
pathology_detail.tsv,TCGA-DO-A1JZ,pathology_details.days_to_pathology_detail,,
pathology_detail.tsv,TCGA-ET-A39J,pathology_details.days_to_pathology_detail,,
pathology_detail.tsv,TCGA-DJ-A3VI,pathology_details.days_to_pathology_detail,,
pathology_detail.tsv,TCGA-DJ-A3VM,pathology_details.days_to_pathology_detail,,
pathology_detail.tsv,TCGA-DJ-A2QC,pathology_details.days_to_pathology_detail,,
pathology_detail.tsv,TCGA-EM-A2OZ,pathology_details.days_to_pathology_detail,,
pathology_detail.tsv,TCGA-DJ-A1QN,pathology_details.days_to_pathology_detail,,
pathology_detail.tsv,TCGA-MK-A84Z,pathology_details.days_to_pathology_detail,,
pathology_detail.tsv,TCGA-E8-A414,pathology_details.days_to_pathology_detail,,
pathology_detail.tsv,TCGA-ET-A4KQ,pathology_details.days_to_pathology_detail,,
pathology_detail.tsv,TCGA-CE-A481,pathology_details.days_to_pathology_detail,,
pathology_detail.tsv,TCGA-ET-A40T,pathology_details.days_to_pathology_detail,,
pathology_detail.tsv,TCGA-ET-A3BW,pathology_details.days_to_pathology_detail,,
pathology_detail.tsv,TCGA-DJ-A3V9,pathology_details.days_to_pathology_detail,,
pathology_detail.tsv,TCGA-EL-A3GZ,pathology_details.days_to_pathology_detail,,
pathology_detail.tsv,TCGA-EM-A3O6,pathology_details.days_to_pathology_detail,,
pathology_detail.tsv,TCGA-EM-A3O7,pathology_details.days_to_pathology_detail,,
pathology_detail.tsv,TCGA-DJ-A1QI,pathology_details.days_to_pathology_detail,,
pathology_detail.tsv,TCGA-ET-A3BN,pathology_details.days_to_pathology_detail,,
pathology_detail.tsv,TCGA-ET-A3DW,pathology_details.days_to_pathology_detail,,
pathology_detail.tsv,TCGA-EM-A4FH,pathology_details.days_to_pathology_detail,,
pathology_detail.tsv,TCGA-E8-A433,pathology_details.days_to_pathology_detail,,
pathology_detail.tsv,TCGA-EM-A4FU,pathology_details.days_to_pathology_detail,,
pathology_detail.tsv,TCGA-EM-A1YA,pathology_details.days_to_pathology_detail,,
pathology_detail.tsv,TCGA-ET-A2MX,pathology_details.days_to_pathology_detail,,
pathology_detail.tsv,TCGA-BJ-A28S,pathology_details.days_to_pathology_detail,,
pathology_detail.tsv,TCGA-FY-A4B4,pathology_details.days_to_pathology_detail,,
pathology_detail.tsv,TCGA-J8-A42S,pathology_details.days_to_pathology_detail,,
pathology_detail.tsv,TCGA-EL-A4KH,pathology_details.days_to_pathology_detail,,
pathology_detail.tsv,TCGA-EL-A3T3,pathology_details.days_to_pathology_detail,,
pathology_detail.tsv,TCGA-BJ-A0ZC,pathology_details.days_to_pathology_detail,,
pathology_detail.tsv,TCGA-EM-A3AI,pathology_details.days_to_pathology_detail,,
pathology_detail.tsv,TCGA-DJ-A3US,pathology_details.days_to_pathology_detail,,
pathology_detail.tsv,TCGA-KS-A4I1,pathology_details.days_to_pathology_detail,,
pathology_detail.tsv,TCGA-FE-A231,pathology_details.days_to_pathology_detail,,
pathology_detail.tsv,TCGA-CE-A27D,pathology_details.days_to_pathology_detail,,
pathology_detail.tsv,TCGA-EL-A3H2,pathology_details.days_to_pathology_detail,,
pathology_detail.tsv,TCGA-DE-A2OL,pathology_details.days_to_pathology_detail,,
pathology_detail.tsv,TCGA-FY-A76V,pathology_details.days_to_pathology_detail,,
pathology_detail.tsv,TCGA-FK-A3SG,pathology_details.days_to_pathology_detail,,
pathology_detail.tsv,TCGA-DE-A4M9,pathology_details.days_to_pathology_detail,,
pathology_detail.tsv,TCGA-ET-A39N,pathology_details.days_to_pathology_detail,,
pathology_detail.tsv,TCGA-DJ-A13S,pathology_details.days_to_pathology_detail,,
pathology_detail.tsv,TCGA-BJ-A0ZF,pathology_details.days_to_pathology_detail,,
pathology_detail.tsv,TCGA-EL-A3T6,pathology_details.days_to_pathology_detail,,
pathology_detail.tsv,TCGA-FY-A3R6,pathology_details.days_to_pathology_detail,,
pathology_detail.tsv,TCGA-E8-A417,pathology_details.days_to_pathology_detail,,
pathology_detail.tsv,TCGA-EM-A3SY,pathology_details.days_to_pathology_detail,,
pathology_detail.tsv,TCGA-EL-A3ZR,pathology_details.days_to_pathology_detail,,
pathology_detail.tsv,TCGA-DJ-A4UW,pathology_details.days_to_pathology_detail,,
pathology_detail.tsv,TCGA-E8-A2EA,pathology_details.days_to_pathology_detail,,
pathology_detail.tsv,TCGA-EL-A3T8,pathology_details.days_to_pathology_detail,,
pathology_detail.tsv,TCGA-ET-A39R,pathology_details.days_to_pathology_detail,,
pathology_detail.tsv,TCGA-DJ-A3UT,pathology_details.days_to_pathology_detail,,
pathology_detail.tsv,TCGA-DE-A69J,pathology_details.days_to_pathology_detail,,
pathology_detail.tsv,TCGA-ET-A3DR,pathology_details.days_to_pathology_detail,,
pathology_detail.tsv,TCGA-J8-A3YH,pathology_details.days_to_pathology_detail,,
pathology_detail.tsv,TCGA-DJ-A2PX,pathology_details.days_to_pathology_detail,,
pathology_detail.tsv,TCGA-BJ-A0ZG,pathology_details.days_to_pathology_detail,,
pathology_detail.tsv,TCGA-CE-A482,pathology_details.days_to_pathology_detail,,
pathology_detail.tsv,TCGA-E8-A44K,pathology_details.days_to_pathology_detail,,
pathology_detail.tsv,TCGA-EM-A2OW,pathology_details.days_to_pathology_detail,,
pathology_detail.tsv,TCGA-DJ-A4UT,pathology_details.days_to_pathology_detail,,
pathology_detail.tsv,TCGA-FK-A3SE,pathology_details.days_to_pathology_detail,,
pathology_detail.tsv,TCGA-FY-A3NN,pathology_details.days_to_pathology_detail,,
pathology_detail.tsv,TCGA-EM-A1YB,pathology_details.days_to_pathology_detail,,
pathology_detail.tsv,TCGA-DJ-A4V4,pathology_details.days_to_pathology_detail,,
pathology_detail.tsv,TCGA-BJ-A28V,pathology_details.days_to_pathology_detail,,
pathology_detail.tsv,TCGA-ET-A3DU,pathology_details.days_to_pathology_detail,,
pathology_detail.tsv,TCGA-E8-A415,pathology_details.days_to_pathology_detail,,
pathology_detail.tsv,TCGA-DJ-A13L,pathology_details.days_to_pathology_detail,,
pathology_detail.tsv,TCGA-EM-A2P3,pathology_details.days_to_pathology_detail,,
pathology_detail.tsv,TCGA-EL-A3GW,pathology_details.days_to_pathology_detail,,
pathology_detail.tsv,TCGA-ET-A39L,pathology_details.days_to_pathology_detail,,
pathology_detail.tsv,TCGA-EL-A3TA,pathology_details.days_to_pathology_detail,,
pathology_detail.tsv,TCGA-FY-A3R9,pathology_details.days_to_pathology_detail,,
pathology_detail.tsv,TCGA-DJ-A1QD,pathology_details.days_to_pathology_detail,,
pathology_detail.tsv,TCGA-EM-A2CJ,pathology_details.days_to_pathology_detail,,
pathology_detail.tsv,TCGA-BJ-A45F,pathology_details.days_to_pathology_detail,,
pathology_detail.tsv,TCGA-CE-A3ME,pathology_details.days_to_pathology_detail,,
pathology_detail.tsv,TCGA-ET-A39S,pathology_details.days_to_pathology_detail,,
pathology_detail.tsv,TCGA-E8-A436,pathology_details.days_to_pathology_detail,,
pathology_detail.tsv,TCGA-DJ-A3VE,pathology_details.days_to_pathology_detail,,
pathology_detail.tsv,TCGA-L6-A4ET,pathology_details.days_to_pathology_detail,,
pathology_detail.tsv,TCGA-FK-A3SH,pathology_details.days_to_pathology_detail,,
pathology_detail.tsv,TCGA-DJ-A1QL,pathology_details.days_to_pathology_detail,,
pathology_detail.tsv,TCGA-ET-A2N1,pathology_details.days_to_pathology_detail,,
pathology_detail.tsv,TCGA-BJ-A2P4,pathology_details.days_to_pathology_detail,,
pathology_detail.tsv,TCGA-ET-A39M,pathology_details.days_to_pathology_detail,,
pathology_detail.tsv,TCGA-ET-A2MY,pathology_details.days_to_pathology_detail,,
pathology_detail.tsv,TCGA-E8-A438,pathology_details.days_to_pathology_detail,,
pathology_detail.tsv,TCGA-ET-A3DQ,pathology_details.days_to_pathology_detail,,
pathology_detail.tsv,TCGA-BJ-A0Z2,pathology_details.days_to_pathology_detail,,
pathology_detail.tsv,TCGA-J8-A3O1,pathology_details.days_to_pathology_detail,,
pathology_detail.tsv,TCGA-DJ-A2PN,pathology_details.days_to_pathology_detail,,
pathology_detail.tsv,TCGA-DJ-A1QF,pathology_details.days_to_pathology_detail,,
pathology_detail.tsv,TCGA-J8-A4HW,pathology_details.days_to_pathology_detail,,
pathology_detail.tsv,TCGA-EM-A3FQ,pathology_details.days_to_pathology_detail,,
pathology_detail.tsv,TCGA-DJ-A4V0,pathology_details.days_to_pathology_detail,,
pathology_detail.tsv,TCGA-EL-A3T0,pathology_details.days_to_pathology_detail,,
pathology_detail.tsv,TCGA-BJ-A28X,pathology_details.days_to_pathology_detail,,
pathology_detail.tsv,TCGA-BJ-A3EZ,pathology_details.days_to_pathology_detail,,
pathology_detail.tsv,TCGA-DJ-A13P,pathology_details.days_to_pathology_detail,,
pathology_detail.tsv,TCGA-H2-A26U,pathology_details.days_to_pathology_detail,,
pathology_detail.tsv,TCGA-E8-A418,pathology_details.days_to_pathology_detail,,
pathology_detail.tsv,TCGA-E8-A3X7,pathology_details.days_to_pathology_detail,,
pathology_detail.tsv,TCGA-BJ-A0YZ,pathology_details.days_to_pathology_detail,,
pathology_detail.tsv,TCGA-FY-A3NM,pathology_details.days_to_pathology_detail,,
pathology_detail.tsv,TCGA-BJ-A2NA,pathology_details.days_to_pathology_detail,,
pathology_detail.tsv,TCGA-FY-A3NP,pathology_details.days_to_pathology_detail,,
pathology_detail.tsv,TCGA-BJ-A0Z5,pathology_details.days_to_pathology_detail,,
pathology_detail.tsv,TCGA-ET-A3DP,pathology_details.days_to_pathology_detail,,
pathology_detail.tsv,TCGA-E8-A437,pathology_details.days_to_pathology_detail,,
pathology_detail.tsv,TCGA-H2-A2K9,pathology_details.days_to_pathology_detail,,
pathology_detail.tsv,TCGA-E8-A44M,pathology_details.days_to_pathology_detail,,
pathology_detail.tsv,TCGA-EL-A3CP,pathology_details.days_to_pathology_detail,,
pathology_detail.tsv,TCGA-ET-A39I,pathology_details.days_to_pathology_detail,,
pathology_detail.tsv,TCGA-FY-A3RA,pathology_details.days_to_pathology_detail,,
pathology_detail.tsv,TCGA-FY-A3WA,pathology_details.days_to_pathology_detail,,
pathology_detail.tsv,TCGA-FK-A3SD,pathology_details.days_to_pathology_detail,,
pathology_detail.tsv,TCGA-EL-A3CL,pathology_details.days_to_pathology_detail,,
pathology_detail.tsv,TCGA-FY-A4B0,pathology_details.days_to_pathology_detail,,
pathology_detail.tsv,TCGA-E8-A416,pathology_details.days_to_pathology_detail,,
pathology_detail.tsv,TCGA-H2-A422,pathology_details.days_to_pathology_detail,,
pathology_detail.tsv,TCGA-ET-A2N3,pathology_details.days_to_pathology_detail,,
pathology_detail.tsv,TCGA-E8-A432,pathology_details.days_to_pathology_detail,,
pathology_detail.tsv,TCGA-FY-A3BL,pathology_details.days_to_pathology_detail,,
pathology_detail.tsv,TCGA-EM-A3FL,pathology_details.days_to_pathology_detail,,
pathology_detail.tsv,TCGA-E8-A413,pathology_details.days_to_pathology_detail,,
pathology_detail.tsv,TCGA-E8-A434,pathology_details.days_to_pathology_detail,,
pathology_detail.tsv,TCGA-BJ-A3PR,pathology_details.days_to_pathology_detail,,
pathology_detail.tsv,TCGA-BJ-A2N7,pathology_details.days_to_pathology_detail,,
pathology_detail.tsv,TCGA-BJ-A3PT,pathology_details.days_to_pathology_detail,,
pathology_detail.tsv,TCGA-EL-A3H1,pathology_details.days_to_pathology_detail,,
pathology_detail.tsv,TCGA-BJ-A3F0,pathology_details.days_to_pathology_detail,,
pathology_detail.tsv,TCGA-FY-A4B3,pathology_details.timepoint_category,,
pathology_detail.tsv,TCGA-EL-A3ZM,pathology_details.timepoint_category,,
pathology_detail.tsv,TCGA-FE-A3PB,pathology_details.timepoint_category,,
pathology_detail.tsv,TCGA-DE-A3KN,pathology_details.timepoint_category,,
pathology_detail.tsv,TCGA-BJ-A18Z,pathology_details.timepoint_category,,
pathology_detail.tsv,TCGA-EM-A4FM,pathology_details.timepoint_category,,
pathology_detail.tsv,TCGA-EL-A3ZH,pathology_details.timepoint_category,,
pathology_detail.tsv,TCGA-EL-A4KI,pathology_details.timepoint_category,,
pathology_detail.tsv,TCGA-EL-A3ZN,pathology_details.timepoint_category,,
pathology_detail.tsv,TCGA-EL-A3D6,pathology_details.timepoint_category,,
pathology_detail.tsv,TCGA-EL-A3GS,pathology_details.timepoint_category,,
pathology_detail.tsv,TCGA-MK-A4N9,pathology_details.timepoint_category,,
pathology_detail.tsv,TCGA-EL-A3CR,pathology_details.timepoint_category,,
pathology_detail.tsv,TCGA-DJ-A4UQ,pathology_details.timepoint_category,,
pathology_detail.tsv,TCGA-EL-A4K4,pathology_details.timepoint_category,,
pathology_detail.tsv,TCGA-DJ-A2PR,pathology_details.timepoint_category,,
pathology_detail.tsv,TCGA-EL-A3N2,pathology_details.timepoint_category,,
pathology_detail.tsv,TCGA-DJ-A3V4,pathology_details.timepoint_category,,
pathology_detail.tsv,TCGA-DJ-A3UQ,pathology_details.timepoint_category,,
pathology_detail.tsv,TCGA-IM-A4EB,pathology_details.timepoint_category,,
pathology_detail.tsv,TCGA-DJ-A2PT,pathology_details.timepoint_category,,
pathology_detail.tsv,TCGA-IM-A3EB,pathology_details.timepoint_category,,
pathology_detail.tsv,TCGA-EL-A3ZO,pathology_details.timepoint_category,,
pathology_detail.tsv,TCGA-BJ-A290,pathology_details.timepoint_category,,
pathology_detail.tsv,TCGA-EL-A4JZ,pathology_details.timepoint_category,,
pathology_detail.tsv,TCGA-FY-A40L,pathology_details.timepoint_category,,
pathology_detail.tsv,TCGA-EL-A3H5,pathology_details.timepoint_category,,
pathology_detail.tsv,TCGA-ET-A39P,pathology_details.timepoint_category,,
pathology_detail.tsv,TCGA-ET-A25L,pathology_details.timepoint_category,,
pathology_detail.tsv,TCGA-DJ-A3UU,pathology_details.timepoint_category,,
pathology_detail.tsv,TCGA-EL-A3CN,pathology_details.timepoint_category,,
pathology_detail.tsv,TCGA-EL-A3CT,pathology_details.timepoint_category,,
pathology_detail.tsv,TCGA-BJ-A3PU,pathology_details.timepoint_category,,
pathology_detail.tsv,TCGA-DE-A4MB,pathology_details.timepoint_category,,
pathology_detail.tsv,TCGA-EL-A4K6,pathology_details.timepoint_category,,
pathology_detail.tsv,TCGA-FY-A3TY,pathology_details.timepoint_category,,
pathology_detail.tsv,TCGA-IM-A41Y,pathology_details.timepoint_category,,
pathology_detail.tsv,TCGA-EL-A3D4,pathology_details.timepoint_category,,
pathology_detail.tsv,TCGA-DJ-A2PZ,pathology_details.timepoint_category,,
pathology_detail.tsv,TCGA-FE-A232,pathology_details.timepoint_category,,
pathology_detail.tsv,TCGA-EL-A3D0,pathology_details.timepoint_category,,
pathology_detail.tsv,TCGA-EM-A22O,pathology_details.timepoint_category,,
pathology_detail.tsv,TCGA-BJ-A28Z,pathology_details.timepoint_category,,
pathology_detail.tsv,TCGA-ET-A40Q,pathology_details.timepoint_category,,
pathology_detail.tsv,TCGA-ET-A4KN,pathology_details.timepoint_category,,
pathology_detail.tsv,TCGA-FE-A22Z,pathology_details.timepoint_category,,
pathology_detail.tsv,TCGA-ET-A39T,pathology_details.timepoint_category,,
pathology_detail.tsv,TCGA-DJ-A2Q7,pathology_details.timepoint_category,,
pathology_detail.tsv,TCGA-DJ-A3V5,pathology_details.timepoint_category,,
pathology_detail.tsv,TCGA-FE-A237,pathology_details.timepoint_category,,
pathology_detail.tsv,TCGA-DE-A69K,pathology_details.timepoint_category,,
pathology_detail.tsv,TCGA-IM-A3U2,pathology_details.timepoint_category,,
pathology_detail.tsv,TCGA-DE-A4MC,pathology_details.timepoint_category,,
pathology_detail.tsv,TCGA-DJ-A4V5,pathology_details.timepoint_category,,
pathology_detail.tsv,TCGA-BJ-A0Z9,pathology_details.timepoint_category,,
pathology_detail.tsv,TCGA-DE-A4MA,pathology_details.timepoint_category,,
pathology_detail.tsv,TCGA-ET-A3BX,pathology_details.timepoint_category,,
pathology_detail.tsv,TCGA-EL-A3CS,pathology_details.timepoint_category,,
pathology_detail.tsv,TCGA-DJ-A3V7,pathology_details.timepoint_category,,
pathology_detail.tsv,TCGA-DJ-A3VK,pathology_details.timepoint_category,,
pathology_detail.tsv,TCGA-EL-A3T1,pathology_details.timepoint_category,,
pathology_detail.tsv,TCGA-DJ-A13V,pathology_details.timepoint_category,,
pathology_detail.tsv,TCGA-DJ-A2PS,pathology_details.timepoint_category,,
pathology_detail.tsv,TCGA-EL-A3TB,pathology_details.timepoint_category,,
pathology_detail.tsv,TCGA-BJ-A45C,pathology_details.timepoint_category,,
pathology_detail.tsv,TCGA-CE-A13K,pathology_details.timepoint_category,,
pathology_detail.tsv,TCGA-DJ-A3V8,pathology_details.timepoint_category,,
pathology_detail.tsv,TCGA-DJ-A3VF,pathology_details.timepoint_category,,
pathology_detail.tsv,TCGA-DJ-A2Q3,pathology_details.timepoint_category,,
pathology_detail.tsv,TCGA-DJ-A2Q6,pathology_details.timepoint_category,,
pathology_detail.tsv,TCGA-DJ-A2QA,pathology_details.timepoint_category,,
pathology_detail.tsv,TCGA-DJ-A3VB,pathology_details.timepoint_category,,
pathology_detail.tsv,TCGA-EL-A4KD,pathology_details.timepoint_category,,
pathology_detail.tsv,TCGA-L6-A4EU,pathology_details.timepoint_category,,
pathology_detail.tsv,TCGA-DO-A1K0,pathology_details.timepoint_category,,
pathology_detail.tsv,TCGA-DJ-A3V0,pathology_details.timepoint_category,,
pathology_detail.tsv,TCGA-ET-A3BO,pathology_details.timepoint_category,,
pathology_detail.tsv,TCGA-QD-A8IV,pathology_details.timepoint_category,,
pathology_detail.tsv,TCGA-BJ-A45I,pathology_details.timepoint_category,,
pathology_detail.tsv,TCGA-DJ-A3UR,pathology_details.timepoint_category,,
pathology_detail.tsv,TCGA-ET-A3BS,pathology_details.timepoint_category,,
pathology_detail.tsv,TCGA-FY-A3YR,pathology_details.timepoint_category,,
pathology_detail.tsv,TCGA-DJ-A3UO,pathology_details.timepoint_category,,
pathology_detail.tsv,TCGA-EL-A4K7,pathology_details.timepoint_category,,
pathology_detail.tsv,TCGA-BJ-A0ZB,pathology_details.timepoint_category,,
pathology_detail.tsv,TCGA-EL-A4KG,pathology_details.timepoint_category,,
pathology_detail.tsv,TCGA-EL-A3GP,pathology_details.timepoint_category,,
pathology_detail.tsv,TCGA-EL-A3GU,pathology_details.timepoint_category,,
pathology_detail.tsv,TCGA-FE-A238,pathology_details.timepoint_category,,
pathology_detail.tsv,TCGA-EL-A3H4,pathology_details.timepoint_category,,
pathology_detail.tsv,TCGA-4C-A93U,pathology_details.timepoint_category,,
pathology_detail.tsv,TCGA-ET-A25G,pathology_details.timepoint_category,,
pathology_detail.tsv,TCGA-DJ-A3VJ,pathology_details.timepoint_category,,
pathology_detail.tsv,TCGA-EL-A3GV,pathology_details.timepoint_category,,
pathology_detail.tsv,TCGA-EL-A3D5,pathology_details.timepoint_category,,
pathology_detail.tsv,TCGA-EL-A3ZP,pathology_details.timepoint_category,,
pathology_detail.tsv,TCGA-EM-A22I,pathology_details.timepoint_category,,
pathology_detail.tsv,TCGA-DJ-A1QH,pathology_details.timepoint_category,,
pathology_detail.tsv,TCGA-EL-A3MZ,pathology_details.timepoint_category,,
pathology_detail.tsv,TCGA-KS-A4I3,pathology_details.timepoint_category,,
pathology_detail.tsv,TCGA-EL-A3H8,pathology_details.timepoint_category,,
pathology_detail.tsv,TCGA-EL-A3H7,pathology_details.timepoint_category,,
pathology_detail.tsv,TCGA-EL-A3CV,pathology_details.timepoint_category,,
pathology_detail.tsv,TCGA-DJ-A2PY,pathology_details.timepoint_category,,
pathology_detail.tsv,TCGA-EL-A3CO,pathology_details.timepoint_category,,
pathology_detail.tsv,TCGA-EL-A3CW,pathology_details.timepoint_category,,
pathology_detail.tsv,TCGA-BJ-A190,pathology_details.timepoint_category,,
pathology_detail.tsv,TCGA-DJ-A2PP,pathology_details.timepoint_category,,
pathology_detail.tsv,TCGA-DJ-A2Q9,pathology_details.timepoint_category,,
pathology_detail.tsv,TCGA-EL-A4K0,pathology_details.timepoint_category,,
pathology_detail.tsv,TCGA-EM-A1YC,pathology_details.timepoint_category,,
pathology_detail.tsv,TCGA-EM-A3AL,pathology_details.timepoint_category,,
pathology_detail.tsv,TCGA-ET-A25I,pathology_details.timepoint_category,,
pathology_detail.tsv,TCGA-BJ-A4O8,pathology_details.timepoint_category,,
pathology_detail.tsv,TCGA-EM-A3SZ,pathology_details.timepoint_category,,
pathology_detail.tsv,TCGA-ET-A25P,pathology_details.timepoint_category,,
pathology_detail.tsv,TCGA-DJ-A2PU,pathology_details.timepoint_category,,
pathology_detail.tsv,TCGA-DJ-A2Q5,pathology_details.timepoint_category,,
pathology_detail.tsv,TCGA-EM-A3SX,pathology_details.timepoint_category,,
pathology_detail.tsv,TCGA-CE-A3MD,pathology_details.timepoint_category,,
pathology_detail.tsv,TCGA-EM-A3AO,pathology_details.timepoint_category,,
pathology_detail.tsv,TCGA-EM-A22P,pathology_details.timepoint_category,,
pathology_detail.tsv,TCGA-BJ-A2N9,pathology_details.timepoint_category,,
pathology_detail.tsv,TCGA-ET-A2N0,pathology_details.timepoint_category,,
pathology_detail.tsv,TCGA-EM-A2CR,pathology_details.timepoint_category,,
pathology_detail.tsv,TCGA-EM-A1CW,pathology_details.timepoint_category,,
pathology_detail.tsv,TCGA-DE-A7U5,pathology_details.timepoint_category,,
pathology_detail.tsv,TCGA-KS-A41J,pathology_details.timepoint_category,,
pathology_detail.tsv,TCGA-EM-A3OA,pathology_details.timepoint_category,,
pathology_detail.tsv,TCGA-BJ-A191,pathology_details.timepoint_category,,
pathology_detail.tsv,TCGA-ET-A40R,pathology_details.timepoint_category,,
pathology_detail.tsv,TCGA-DJ-A4UP,pathology_details.timepoint_category,,
pathology_detail.tsv,TCGA-DJ-A3UP,pathology_details.timepoint_category,,
pathology_detail.tsv,TCGA-DJ-A3VA,pathology_details.timepoint_category,,
pathology_detail.tsv,TCGA-EM-A1CT,pathology_details.timepoint_category,,
pathology_detail.tsv,TCGA-EM-A3O3,pathology_details.timepoint_category,,
pathology_detail.tsv,TCGA-EM-A2CM,pathology_details.timepoint_category,,
pathology_detail.tsv,TCGA-EM-A3FR,pathology_details.timepoint_category,,
pathology_detail.tsv,TCGA-EM-A2CP,pathology_details.timepoint_category,,
pathology_detail.tsv,TCGA-ET-A25K,pathology_details.timepoint_category,,
pathology_detail.tsv,TCGA-FE-A236,pathology_details.timepoint_category,,
pathology_detail.tsv,TCGA-BJ-A0Z3,pathology_details.timepoint_category,,
pathology_detail.tsv,TCGA-EM-A3O9,pathology_details.timepoint_category,,
pathology_detail.tsv,TCGA-DJ-A1QM,pathology_details.timepoint_category,,
pathology_detail.tsv,TCGA-EL-A3H3,pathology_details.timepoint_category,,
pathology_detail.tsv,TCGA-FE-A3PD,pathology_details.timepoint_category,,
pathology_detail.tsv,TCGA-BJ-A45E,pathology_details.timepoint_category,,
pathology_detail.tsv,TCGA-DJ-A13X,pathology_details.timepoint_category,,
pathology_detail.tsv,TCGA-DJ-A13W,pathology_details.timepoint_category,,
pathology_detail.tsv,TCGA-EL-A3ZK,pathology_details.timepoint_category,,
pathology_detail.tsv,TCGA-DJ-A13R,pathology_details.timepoint_category,,
pathology_detail.tsv,TCGA-DE-A0XZ,pathology_details.timepoint_category,,
pathology_detail.tsv,TCGA-FY-A40N,pathology_details.timepoint_category,,
pathology_detail.tsv,TCGA-ET-A3BU,pathology_details.timepoint_category,,
pathology_detail.tsv,TCGA-EM-A3AK,pathology_details.timepoint_category,,
pathology_detail.tsv,TCGA-EM-A2CN,pathology_details.timepoint_category,,
pathology_detail.tsv,TCGA-KS-A41L,pathology_details.timepoint_category,,
pathology_detail.tsv,TCGA-BJ-A0ZA,pathology_details.timepoint_category,,
pathology_detail.tsv,TCGA-FY-A3ON,pathology_details.timepoint_category,,
pathology_detail.tsv,TCGA-KS-A4IC,pathology_details.timepoint_category,,
pathology_detail.tsv,TCGA-J8-A3YD,pathology_details.timepoint_category,,
pathology_detail.tsv,TCGA-EM-A1CU,pathology_details.timepoint_category,,
pathology_detail.tsv,TCGA-EL-A3GQ,pathology_details.timepoint_category,,
pathology_detail.tsv,TCGA-EL-A4JW,pathology_details.timepoint_category,,
pathology_detail.tsv,TCGA-ET-A2MZ,pathology_details.timepoint_category,,
pathology_detail.tsv,TCGA-EM-A4FQ,pathology_details.timepoint_category,,
pathology_detail.tsv,TCGA-FY-A3I5,pathology_details.timepoint_category,,
pathology_detail.tsv,TCGA-BJ-A28R,pathology_details.timepoint_category,,
pathology_detail.tsv,TCGA-KS-A4I9,pathology_details.timepoint_category,,
pathology_detail.tsv,TCGA-J8-A3O0,pathology_details.timepoint_category,,
pathology_detail.tsv,TCGA-EM-A3FN,pathology_details.timepoint_category,,
pathology_detail.tsv,TCGA-E3-A3DZ,pathology_details.timepoint_category,,
pathology_detail.tsv,TCGA-ET-A3BQ,pathology_details.timepoint_category,,
pathology_detail.tsv,TCGA-E3-A3E0,pathology_details.timepoint_category,,
pathology_detail.tsv,TCGA-ET-A3DS,pathology_details.timepoint_category,,
pathology_detail.tsv,TCGA-DJ-A3UW,pathology_details.timepoint_category,,
pathology_detail.tsv,TCGA-ET-A25J,pathology_details.timepoint_category,,
pathology_detail.tsv,TCGA-DJ-A2PV,pathology_details.timepoint_category,,
pathology_detail.tsv,TCGA-E3-A3E3,pathology_details.timepoint_category,,
pathology_detail.tsv,TCGA-EM-A4FV,pathology_details.timepoint_category,,
pathology_detail.tsv,TCGA-EM-A3AN,pathology_details.timepoint_category,,
pathology_detail.tsv,TCGA-DJ-A3V3,pathology_details.timepoint_category,,
pathology_detail.tsv,TCGA-EM-A2CU,pathology_details.timepoint_category,,
pathology_detail.tsv,TCGA-DJ-A3UN,pathology_details.timepoint_category,,
pathology_detail.tsv,TCGA-EL-A4JX,pathology_details.timepoint_category,,
pathology_detail.tsv,TCGA-DE-A0Y2,pathology_details.timepoint_category,,
pathology_detail.tsv,TCGA-BJ-A45J,pathology_details.timepoint_category,,
pathology_detail.tsv,TCGA-EL-A4JV,pathology_details.timepoint_category,,
pathology_detail.tsv,TCGA-EM-A3AR,pathology_details.timepoint_category,,
pathology_detail.tsv,TCGA-EM-A2CQ,pathology_details.timepoint_category,,
pathology_detail.tsv,TCGA-BJ-A2N8,pathology_details.timepoint_category,,
pathology_detail.tsv,TCGA-FY-A40M,pathology_details.timepoint_category,,
pathology_detail.tsv,TCGA-EL-A3CU,pathology_details.timepoint_category,,
pathology_detail.tsv,TCGA-EM-A2CS,pathology_details.timepoint_category,,
pathology_detail.tsv,TCGA-EM-A1CV,pathology_details.timepoint_category,,
pathology_detail.tsv,TCGA-DJ-A13O,pathology_details.timepoint_category,,
pathology_detail.tsv,TCGA-EM-A2CK,pathology_details.timepoint_category,,
pathology_detail.tsv,TCGA-DJ-A4UL,pathology_details.timepoint_category,,
pathology_detail.tsv,TCGA-DJ-A3V2,pathology_details.timepoint_category,,
pathology_detail.tsv,TCGA-ET-A40P,pathology_details.timepoint_category,,
pathology_detail.tsv,TCGA-GE-A2C6,pathology_details.timepoint_category,,
pathology_detail.tsv,TCGA-FY-A3W9,pathology_details.timepoint_category,,
pathology_detail.tsv,TCGA-ET-A25M,pathology_details.timepoint_category,,
pathology_detail.tsv,TCGA-EM-A2P0,pathology_details.timepoint_category,,
pathology_detail.tsv,TCGA-H2-A421,pathology_details.timepoint_category,,
pathology_detail.tsv,TCGA-CE-A483,pathology_details.timepoint_category,,
pathology_detail.tsv,TCGA-DO-A2HM,pathology_details.timepoint_category,,
pathology_detail.tsv,TCGA-EM-A22Q,pathology_details.timepoint_category,,
pathology_detail.tsv,TCGA-EL-A3GX,pathology_details.timepoint_category,,
pathology_detail.tsv,TCGA-BJ-A0ZH,pathology_details.timepoint_category,,
pathology_detail.tsv,TCGA-E3-A3E1,pathology_details.timepoint_category,,
pathology_detail.tsv,TCGA-BJ-A0ZJ,pathology_details.timepoint_category,,
pathology_detail.tsv,TCGA-KS-A4ID,pathology_details.timepoint_category,,
pathology_detail.tsv,TCGA-EM-A1YD,pathology_details.timepoint_category,,
pathology_detail.tsv,TCGA-EL-A3T2,pathology_details.timepoint_category,,
pathology_detail.tsv,TCGA-FY-A40K,pathology_details.timepoint_category,,
pathology_detail.tsv,TCGA-DJ-A2Q0,pathology_details.timepoint_category,,
pathology_detail.tsv,TCGA-BJ-A45K,pathology_details.timepoint_category,,
pathology_detail.tsv,TCGA-EM-A3OB,pathology_details.timepoint_category,,
pathology_detail.tsv,TCGA-EM-A4FR,pathology_details.timepoint_category,,
pathology_detail.tsv,TCGA-KS-A41F,pathology_details.timepoint_category,,
pathology_detail.tsv,TCGA-EM-A3FM,pathology_details.timepoint_category,,
pathology_detail.tsv,TCGA-IM-A41Z,pathology_details.timepoint_category,,
pathology_detail.tsv,TCGA-EL-A3CX,pathology_details.timepoint_category,,
pathology_detail.tsv,TCGA-ET-A3BP,pathology_details.timepoint_category,,
pathology_detail.tsv,TCGA-EM-A3O8,pathology_details.timepoint_category,,
pathology_detail.tsv,TCGA-EM-A2OX,pathology_details.timepoint_category,,
pathology_detail.tsv,TCGA-J8-A3YG,pathology_details.timepoint_category,,
pathology_detail.tsv,TCGA-CE-A485,pathology_details.timepoint_category,,
pathology_detail.tsv,TCGA-EM-A2P1,pathology_details.timepoint_category,,
pathology_detail.tsv,TCGA-L6-A4EP,pathology_details.timepoint_category,,
pathology_detail.tsv,TCGA-ET-A3DT,pathology_details.timepoint_category,,
pathology_detail.tsv,TCGA-DJ-A2Q2,pathology_details.timepoint_category,,
pathology_detail.tsv,TCGA-EL-A3ZS,pathology_details.timepoint_category,,
pathology_detail.tsv,TCGA-E8-A419,pathology_details.timepoint_category,,
pathology_detail.tsv,TCGA-DJ-A3UX,pathology_details.timepoint_category,,
pathology_detail.tsv,TCGA-EL-A4K2,pathology_details.timepoint_category,,
pathology_detail.tsv,TCGA-DE-A4M8,pathology_details.timepoint_category,,
pathology_detail.tsv,TCGA-BJ-A28W,pathology_details.timepoint_category,,
pathology_detail.tsv,TCGA-FE-A3PC,pathology_details.timepoint_category,,
pathology_detail.tsv,TCGA-BJ-A28T,pathology_details.timepoint_category,,
pathology_detail.tsv,TCGA-EL-A3GO,pathology_details.timepoint_category,,
pathology_detail.tsv,TCGA-EL-A4K1,pathology_details.timepoint_category,,
pathology_detail.tsv,TCGA-EM-A22L,pathology_details.timepoint_category,,
pathology_detail.tsv,TCGA-EL-A3CY,pathology_details.timepoint_category,,
pathology_detail.tsv,TCGA-BJ-A18Y,pathology_details.timepoint_category,,
pathology_detail.tsv,TCGA-FY-A2QD,pathology_details.timepoint_category,,
pathology_detail.tsv,TCGA-FE-A230,pathology_details.timepoint_category,,
pathology_detail.tsv,TCGA-EM-A3FO,pathology_details.timepoint_category,,
pathology_detail.tsv,TCGA-BJ-A192,pathology_details.timepoint_category,,
pathology_detail.tsv,TCGA-EM-A4FF,pathology_details.timepoint_category,,
pathology_detail.tsv,TCGA-BJ-A45G,pathology_details.timepoint_category,,
pathology_detail.tsv,TCGA-EM-A2P2,pathology_details.timepoint_category,,
pathology_detail.tsv,TCGA-DJ-A13M,pathology_details.timepoint_category,,
pathology_detail.tsv,TCGA-EL-A3D1,pathology_details.timepoint_category,,
pathology_detail.tsv,TCGA-DJ-A3VG,pathology_details.timepoint_category,,
pathology_detail.tsv,TCGA-ET-A3BV,pathology_details.timepoint_category,,
pathology_detail.tsv,TCGA-EM-A3FP,pathology_details.timepoint_category,,
pathology_detail.tsv,TCGA-ET-A25O,pathology_details.timepoint_category,,
pathology_detail.tsv,TCGA-DE-A0Y3,pathology_details.timepoint_category,,
pathology_detail.tsv,TCGA-EM-A22J,pathology_details.timepoint_category,,
pathology_detail.tsv,TCGA-EM-A22N,pathology_details.timepoint_category,,
pathology_detail.tsv,TCGA-FE-A235,pathology_details.timepoint_category,,
pathology_detail.tsv,TCGA-EM-A2CT,pathology_details.timepoint_category,,
pathology_detail.tsv,TCGA-ET-A40S,pathology_details.timepoint_category,,
pathology_detail.tsv,TCGA-EL-A3CZ,pathology_details.timepoint_category,,
pathology_detail.tsv,TCGA-EM-A3FJ,pathology_details.timepoint_category,,
pathology_detail.tsv,TCGA-EM-A4G1,pathology_details.timepoint_category,,
pathology_detail.tsv,TCGA-DJ-A3VL,pathology_details.timepoint_category,,
pathology_detail.tsv,TCGA-DJ-A1QG,pathology_details.timepoint_category,,
pathology_detail.tsv,TCGA-BJ-A4O9,pathology_details.timepoint_category,,
pathology_detail.tsv,TCGA-DE-A4MD,pathology_details.timepoint_category,,
pathology_detail.tsv,TCGA-FY-A3I4,pathology_details.timepoint_category,,
pathology_detail.tsv,TCGA-ET-A39O,pathology_details.timepoint_category,,
pathology_detail.tsv,TCGA-IM-A3ED,pathology_details.timepoint_category,,
pathology_detail.tsv,TCGA-KS-A4IB,pathology_details.timepoint_category,,
pathology_detail.tsv,TCGA-EM-A2OY,pathology_details.timepoint_category,,
pathology_detail.tsv,TCGA-DJ-A2PW,pathology_details.timepoint_category,,
pathology_detail.tsv,TCGA-BJ-A291,pathology_details.timepoint_category,,
pathology_detail.tsv,TCGA-DJ-A3UM,pathology_details.timepoint_category,,
pathology_detail.tsv,TCGA-EM-A3ST,pathology_details.timepoint_category,,
pathology_detail.tsv,TCGA-DJ-A2PO,pathology_details.timepoint_category,,
pathology_detail.tsv,TCGA-DJ-A3UK,pathology_details.timepoint_category,,
pathology_detail.tsv,TCGA-L6-A4EQ,pathology_details.timepoint_category,,
pathology_detail.tsv,TCGA-ET-A3BT,pathology_details.timepoint_category,,
pathology_detail.tsv,TCGA-EM-A3AJ,pathology_details.timepoint_category,,
pathology_detail.tsv,TCGA-DJ-A4V2,pathology_details.timepoint_category,,
pathology_detail.tsv,TCGA-DJ-A3VD,pathology_details.timepoint_category,,
pathology_detail.tsv,TCGA-IM-A3U3,pathology_details.timepoint_category,,
pathology_detail.tsv,TCGA-MK-A4N6,pathology_details.timepoint_category,,
pathology_detail.tsv,TCGA-EM-A22K,pathology_details.timepoint_category,,
pathology_detail.tsv,TCGA-E3-A3DY,pathology_details.timepoint_category,,
pathology_detail.tsv,TCGA-KS-A4I7,pathology_details.timepoint_category,,
pathology_detail.tsv,TCGA-EL-A3ZL,pathology_details.timepoint_category,,
pathology_detail.tsv,TCGA-IM-A420,pathology_details.timepoint_category,,
pathology_detail.tsv,TCGA-DJ-A2Q1,pathology_details.timepoint_category,,
pathology_detail.tsv,TCGA-FE-A234,pathology_details.timepoint_category,,
pathology_detail.tsv,TCGA-CE-A484,pathology_details.timepoint_category,,
pathology_detail.tsv,TCGA-EM-A1YE,pathology_details.timepoint_category,,
pathology_detail.tsv,TCGA-FE-A233,pathology_details.timepoint_category,,
pathology_detail.tsv,TCGA-BJ-A45D,pathology_details.timepoint_category,,
pathology_detail.tsv,TCGA-EM-A3AQ,pathology_details.timepoint_category,,
pathology_detail.tsv,TCGA-EM-A1CS,pathology_details.timepoint_category,,
pathology_detail.tsv,TCGA-KS-A4I5,pathology_details.timepoint_category,,
pathology_detail.tsv,TCGA-EL-A3MX,pathology_details.timepoint_category,,
pathology_detail.tsv,TCGA-ET-A25N,pathology_details.timepoint_category,,
pathology_detail.tsv,TCGA-DJ-A2PQ,pathology_details.timepoint_category,,
pathology_detail.tsv,TCGA-EL-A3MW,pathology_details.timepoint_category,,
pathology_detail.tsv,TCGA-E3-A3E2,pathology_details.timepoint_category,,
pathology_detail.tsv,TCGA-DJ-A2Q4,pathology_details.timepoint_category,,
pathology_detail.tsv,TCGA-MK-A4N7,pathology_details.timepoint_category,,
pathology_detail.tsv,TCGA-DJ-A3UV,pathology_details.timepoint_category,,
pathology_detail.tsv,TCGA-E8-A2JQ,pathology_details.timepoint_category,,
pathology_detail.tsv,TCGA-EM-A4FN,pathology_details.timepoint_category,,
pathology_detail.tsv,TCGA-DJ-A2Q8,pathology_details.timepoint_category,,
pathology_detail.tsv,TCGA-FE-A239,pathology_details.timepoint_category,,
pathology_detail.tsv,TCGA-FE-A23A,pathology_details.timepoint_category,,
pathology_detail.tsv,TCGA-EM-A3SU,pathology_details.timepoint_category,,
pathology_detail.tsv,TCGA-EL-A3N3,pathology_details.timepoint_category,,
pathology_detail.tsv,TCGA-J8-A3O2,pathology_details.timepoint_category,,
pathology_detail.tsv,TCGA-ET-A25R,pathology_details.timepoint_category,,
pathology_detail.tsv,TCGA-FE-A3PA,pathology_details.timepoint_category,,
pathology_detail.tsv,TCGA-EL-A3CM,pathology_details.timepoint_category,,
pathology_detail.tsv,TCGA-EL-A3ZG,pathology_details.timepoint_category,,
pathology_detail.tsv,TCGA-EM-A2CL,pathology_details.timepoint_category,,
pathology_detail.tsv,TCGA-J8-A4HY,pathology_details.timepoint_category,,
pathology_detail.tsv,TCGA-EL-A3ZQ,pathology_details.timepoint_category,,
pathology_detail.tsv,TCGA-ET-A2N4,pathology_details.timepoint_category,,
pathology_detail.tsv,TCGA-J8-A3NZ,pathology_details.timepoint_category,,
pathology_detail.tsv,TCGA-E8-A242,pathology_details.timepoint_category,,
pathology_detail.tsv,TCGA-EM-A2OV,pathology_details.timepoint_category,,
pathology_detail.tsv,TCGA-EL-A3ZT,pathology_details.timepoint_category,,
pathology_detail.tsv,TCGA-ET-A39K,pathology_details.timepoint_category,,
pathology_detail.tsv,TCGA-BJ-A0Z0,pathology_details.timepoint_category,,
pathology_detail.tsv,TCGA-KS-A41I,pathology_details.timepoint_category,,
pathology_detail.tsv,TCGA-DJ-A3V6,pathology_details.timepoint_category,,
pathology_detail.tsv,TCGA-EL-A3MY,pathology_details.timepoint_category,,
pathology_detail.tsv,TCGA-BJ-A45H,pathology_details.timepoint_category,,
pathology_detail.tsv,TCGA-FK-A3S3,pathology_details.timepoint_category,,
pathology_detail.tsv,TCGA-FK-A4UB,pathology_details.timepoint_category,,
pathology_detail.tsv,TCGA-ET-A2N5,pathology_details.timepoint_category,,
pathology_detail.tsv,TCGA-FK-A3SB,pathology_details.timepoint_category,,
pathology_detail.tsv,TCGA-EL-A4K9,pathology_details.timepoint_category,,
pathology_detail.tsv,TCGA-EL-A3T9,pathology_details.timepoint_category,,
pathology_detail.tsv,TCGA-DJ-A13U,pathology_details.timepoint_category,,
pathology_detail.tsv,TCGA-E3-A3E5,pathology_details.timepoint_category,,
pathology_detail.tsv,TCGA-EM-A22M,pathology_details.timepoint_category,,
pathology_detail.tsv,TCGA-DJ-A1QQ,pathology_details.timepoint_category,,
pathology_detail.tsv,TCGA-DJ-A3UZ,pathology_details.timepoint_category,,
pathology_detail.tsv,TCGA-BJ-A0ZE,pathology_details.timepoint_category,,
pathology_detail.tsv,TCGA-EL-A3GR,pathology_details.timepoint_category,,
pathology_detail.tsv,TCGA-EL-A3T7,pathology_details.timepoint_category,,
pathology_detail.tsv,TCGA-ET-A3DV,pathology_details.timepoint_category,,
pathology_detail.tsv,TCGA-DJ-A2QB,pathology_details.timepoint_category,,
pathology_detail.tsv,TCGA-FY-A3R7,pathology_details.timepoint_category,,
pathology_detail.tsv,TCGA-H2-A3RI,pathology_details.timepoint_category,,
pathology_detail.tsv,TCGA-DJ-A4UR,pathology_details.timepoint_category,,
pathology_detail.tsv,TCGA-FY-A3R8,pathology_details.timepoint_category,,
pathology_detail.tsv,TCGA-J8-A3YE,pathology_details.timepoint_category,,
pathology_detail.tsv,TCGA-DJ-A1QE,pathology_details.timepoint_category,,
pathology_detail.tsv,TCGA-EM-A4FO,pathology_details.timepoint_category,,
pathology_detail.tsv,TCGA-DJ-A1QO,pathology_details.timepoint_category,,
pathology_detail.tsv,TCGA-J8-A3YF,pathology_details.timepoint_category,,
pathology_detail.tsv,TCGA-DJ-A3UY,pathology_details.timepoint_category,,
pathology_detail.tsv,TCGA-H2-A3RH,pathology_details.timepoint_category,,
pathology_detail.tsv,TCGA-EM-A2CO,pathology_details.timepoint_category,,
pathology_detail.tsv,TCGA-DJ-A13T,pathology_details.timepoint_category,,
pathology_detail.tsv,TCGA-ET-A3DO,pathology_details.timepoint_category,,
pathology_detail.tsv,TCGA-EM-A4FK,pathology_details.timepoint_category,,
pathology_detail.tsv,TCGA-EM-A3FK,pathology_details.timepoint_category,,
pathology_detail.tsv,TCGA-EM-A3AP,pathology_details.timepoint_category,,
pathology_detail.tsv,TCGA-EL-A3GY,pathology_details.timepoint_category,,
pathology_detail.tsv,TCGA-DO-A1JZ,pathology_details.timepoint_category,,
pathology_detail.tsv,TCGA-ET-A39J,pathology_details.timepoint_category,,
pathology_detail.tsv,TCGA-DJ-A3VI,pathology_details.timepoint_category,,
pathology_detail.tsv,TCGA-DJ-A3VM,pathology_details.timepoint_category,,
pathology_detail.tsv,TCGA-DJ-A2QC,pathology_details.timepoint_category,,
pathology_detail.tsv,TCGA-EM-A2OZ,pathology_details.timepoint_category,,
pathology_detail.tsv,TCGA-DJ-A1QN,pathology_details.timepoint_category,,
pathology_detail.tsv,TCGA-MK-A84Z,pathology_details.timepoint_category,,
pathology_detail.tsv,TCGA-E8-A414,pathology_details.timepoint_category,,
pathology_detail.tsv,TCGA-ET-A4KQ,pathology_details.timepoint_category,,
pathology_detail.tsv,TCGA-CE-A481,pathology_details.timepoint_category,,
pathology_detail.tsv,TCGA-ET-A40T,pathology_details.timepoint_category,,
pathology_detail.tsv,TCGA-ET-A3BW,pathology_details.timepoint_category,,
pathology_detail.tsv,TCGA-DJ-A3V9,pathology_details.timepoint_category,,
pathology_detail.tsv,TCGA-EL-A3GZ,pathology_details.timepoint_category,,
pathology_detail.tsv,TCGA-EM-A3O6,pathology_details.timepoint_category,,
pathology_detail.tsv,TCGA-EM-A3O7,pathology_details.timepoint_category,,
pathology_detail.tsv,TCGA-DJ-A1QI,pathology_details.timepoint_category,,
pathology_detail.tsv,TCGA-ET-A3BN,pathology_details.timepoint_category,,
pathology_detail.tsv,TCGA-ET-A3DW,pathology_details.timepoint_category,,
pathology_detail.tsv,TCGA-EM-A4FH,pathology_details.timepoint_category,,
pathology_detail.tsv,TCGA-E8-A433,pathology_details.timepoint_category,,
pathology_detail.tsv,TCGA-EM-A4FU,pathology_details.timepoint_category,,
pathology_detail.tsv,TCGA-EM-A1YA,pathology_details.timepoint_category,,
pathology_detail.tsv,TCGA-ET-A2MX,pathology_details.timepoint_category,,
pathology_detail.tsv,TCGA-BJ-A28S,pathology_details.timepoint_category,,
pathology_detail.tsv,TCGA-FY-A4B4,pathology_details.timepoint_category,,
pathology_detail.tsv,TCGA-J8-A42S,pathology_details.timepoint_category,,
pathology_detail.tsv,TCGA-EL-A4KH,pathology_details.timepoint_category,,
pathology_detail.tsv,TCGA-EL-A3T3,pathology_details.timepoint_category,,
pathology_detail.tsv,TCGA-BJ-A0ZC,pathology_details.timepoint_category,,
pathology_detail.tsv,TCGA-EM-A3AI,pathology_details.timepoint_category,,
pathology_detail.tsv,TCGA-DJ-A3US,pathology_details.timepoint_category,,
pathology_detail.tsv,TCGA-KS-A4I1,pathology_details.timepoint_category,,
pathology_detail.tsv,TCGA-FE-A231,pathology_details.timepoint_category,,
pathology_detail.tsv,TCGA-CE-A27D,pathology_details.timepoint_category,,
pathology_detail.tsv,TCGA-EL-A3H2,pathology_details.timepoint_category,,
pathology_detail.tsv,TCGA-DE-A2OL,pathology_details.timepoint_category,,
pathology_detail.tsv,TCGA-FY-A76V,pathology_details.timepoint_category,,
pathology_detail.tsv,TCGA-FK-A3SG,pathology_details.timepoint_category,,
pathology_detail.tsv,TCGA-DE-A4M9,pathology_details.timepoint_category,,
pathology_detail.tsv,TCGA-ET-A39N,pathology_details.timepoint_category,,
pathology_detail.tsv,TCGA-DJ-A13S,pathology_details.timepoint_category,,
pathology_detail.tsv,TCGA-BJ-A0ZF,pathology_details.timepoint_category,,
pathology_detail.tsv,TCGA-EL-A3T6,pathology_details.timepoint_category,,
pathology_detail.tsv,TCGA-FY-A3R6,pathology_details.timepoint_category,,
pathology_detail.tsv,TCGA-E8-A417,pathology_details.timepoint_category,,
pathology_detail.tsv,TCGA-EM-A3SY,pathology_details.timepoint_category,,
pathology_detail.tsv,TCGA-EL-A3ZR,pathology_details.timepoint_category,,
pathology_detail.tsv,TCGA-DJ-A4UW,pathology_details.timepoint_category,,
pathology_detail.tsv,TCGA-E8-A2EA,pathology_details.timepoint_category,,
pathology_detail.tsv,TCGA-EL-A3T8,pathology_details.timepoint_category,,
pathology_detail.tsv,TCGA-ET-A39R,pathology_details.timepoint_category,,
pathology_detail.tsv,TCGA-DJ-A3UT,pathology_details.timepoint_category,,
pathology_detail.tsv,TCGA-DE-A69J,pathology_details.timepoint_category,,
pathology_detail.tsv,TCGA-ET-A3DR,pathology_details.timepoint_category,,
pathology_detail.tsv,TCGA-J8-A3YH,pathology_details.timepoint_category,,
pathology_detail.tsv,TCGA-DJ-A2PX,pathology_details.timepoint_category,,
pathology_detail.tsv,TCGA-BJ-A0ZG,pathology_details.timepoint_category,,
pathology_detail.tsv,TCGA-CE-A482,pathology_details.timepoint_category,,
pathology_detail.tsv,TCGA-E8-A44K,pathology_details.timepoint_category,,
pathology_detail.tsv,TCGA-EM-A2OW,pathology_details.timepoint_category,,
pathology_detail.tsv,TCGA-DJ-A4UT,pathology_details.timepoint_category,,
pathology_detail.tsv,TCGA-FK-A3SE,pathology_details.timepoint_category,,
pathology_detail.tsv,TCGA-FY-A3NN,pathology_details.timepoint_category,,
pathology_detail.tsv,TCGA-EM-A1YB,pathology_details.timepoint_category,,
pathology_detail.tsv,TCGA-DJ-A4V4,pathology_details.timepoint_category,,
pathology_detail.tsv,TCGA-BJ-A28V,pathology_details.timepoint_category,,
pathology_detail.tsv,TCGA-ET-A3DU,pathology_details.timepoint_category,,
pathology_detail.tsv,TCGA-E8-A415,pathology_details.timepoint_category,,
pathology_detail.tsv,TCGA-DJ-A13L,pathology_details.timepoint_category,,
pathology_detail.tsv,TCGA-EM-A2P3,pathology_details.timepoint_category,,
pathology_detail.tsv,TCGA-EL-A3GW,pathology_details.timepoint_category,,
pathology_detail.tsv,TCGA-ET-A39L,pathology_details.timepoint_category,,
pathology_detail.tsv,TCGA-EL-A3TA,pathology_details.timepoint_category,,
pathology_detail.tsv,TCGA-FY-A3R9,pathology_details.timepoint_category,,
pathology_detail.tsv,TCGA-DJ-A1QD,pathology_details.timepoint_category,,
pathology_detail.tsv,TCGA-EM-A2CJ,pathology_details.timepoint_category,,
pathology_detail.tsv,TCGA-BJ-A45F,pathology_details.timepoint_category,,
pathology_detail.tsv,TCGA-CE-A3ME,pathology_details.timepoint_category,,
pathology_detail.tsv,TCGA-ET-A39S,pathology_details.timepoint_category,,
pathology_detail.tsv,TCGA-E8-A436,pathology_details.timepoint_category,,
pathology_detail.tsv,TCGA-DJ-A3VE,pathology_details.timepoint_category,,
pathology_detail.tsv,TCGA-L6-A4ET,pathology_details.timepoint_category,,
pathology_detail.tsv,TCGA-FK-A3SH,pathology_details.timepoint_category,,
pathology_detail.tsv,TCGA-DJ-A1QL,pathology_details.timepoint_category,,
pathology_detail.tsv,TCGA-ET-A2N1,pathology_details.timepoint_category,,
pathology_detail.tsv,TCGA-BJ-A2P4,pathology_details.timepoint_category,,
pathology_detail.tsv,TCGA-ET-A39M,pathology_details.timepoint_category,,
pathology_detail.tsv,TCGA-ET-A2MY,pathology_details.timepoint_category,,
pathology_detail.tsv,TCGA-E8-A438,pathology_details.timepoint_category,,
pathology_detail.tsv,TCGA-ET-A3DQ,pathology_details.timepoint_category,,
pathology_detail.tsv,TCGA-BJ-A0Z2,pathology_details.timepoint_category,,
pathology_detail.tsv,TCGA-J8-A3O1,pathology_details.timepoint_category,,
pathology_detail.tsv,TCGA-DJ-A2PN,pathology_details.timepoint_category,,
pathology_detail.tsv,TCGA-DJ-A1QF,pathology_details.timepoint_category,,
pathology_detail.tsv,TCGA-J8-A4HW,pathology_details.timepoint_category,,
pathology_detail.tsv,TCGA-EM-A3FQ,pathology_details.timepoint_category,,
pathology_detail.tsv,TCGA-DJ-A4V0,pathology_details.timepoint_category,,
pathology_detail.tsv,TCGA-EL-A3T0,pathology_details.timepoint_category,,
pathology_detail.tsv,TCGA-BJ-A28X,pathology_details.timepoint_category,,
pathology_detail.tsv,TCGA-BJ-A3EZ,pathology_details.timepoint_category,,
pathology_detail.tsv,TCGA-DJ-A13P,pathology_details.timepoint_category,,
pathology_detail.tsv,TCGA-H2-A26U,pathology_details.timepoint_category,,
pathology_detail.tsv,TCGA-E8-A418,pathology_details.timepoint_category,,
pathology_detail.tsv,TCGA-E8-A3X7,pathology_details.timepoint_category,,
pathology_detail.tsv,TCGA-BJ-A0YZ,pathology_details.timepoint_category,,
pathology_detail.tsv,TCGA-FY-A3NM,pathology_details.timepoint_category,,
pathology_detail.tsv,TCGA-BJ-A2NA,pathology_details.timepoint_category,,
pathology_detail.tsv,TCGA-FY-A3NP,pathology_details.timepoint_category,,
pathology_detail.tsv,TCGA-BJ-A0Z5,pathology_details.timepoint_category,,
pathology_detail.tsv,TCGA-ET-A3DP,pathology_details.timepoint_category,,
pathology_detail.tsv,TCGA-E8-A437,pathology_details.timepoint_category,,
pathology_detail.tsv,TCGA-H2-A2K9,pathology_details.timepoint_category,,
pathology_detail.tsv,TCGA-E8-A44M,pathology_details.timepoint_category,,
pathology_detail.tsv,TCGA-EL-A3CP,pathology_details.timepoint_category,,
pathology_detail.tsv,TCGA-ET-A39I,pathology_details.timepoint_category,,
pathology_detail.tsv,TCGA-FY-A3RA,pathology_details.timepoint_category,,
pathology_detail.tsv,TCGA-FY-A3WA,pathology_details.timepoint_category,,
pathology_detail.tsv,TCGA-FK-A3SD,pathology_details.timepoint_category,,
pathology_detail.tsv,TCGA-EL-A3CL,pathology_details.timepoint_category,,
pathology_detail.tsv,TCGA-FY-A4B0,pathology_details.timepoint_category,,
pathology_detail.tsv,TCGA-E8-A416,pathology_details.timepoint_category,,
pathology_detail.tsv,TCGA-H2-A422,pathology_details.timepoint_category,,
pathology_detail.tsv,TCGA-ET-A2N3,pathology_details.timepoint_category,,
pathology_detail.tsv,TCGA-E8-A432,pathology_details.timepoint_category,,
pathology_detail.tsv,TCGA-FY-A3BL,pathology_details.timepoint_category,,
pathology_detail.tsv,TCGA-EM-A3FL,pathology_details.timepoint_category,,
pathology_detail.tsv,TCGA-E8-A413,pathology_details.timepoint_category,,
pathology_detail.tsv,TCGA-E8-A434,pathology_details.timepoint_category,,
pathology_detail.tsv,TCGA-BJ-A3PR,pathology_details.timepoint_category,,
pathology_detail.tsv,TCGA-BJ-A2N7,pathology_details.timepoint_category,,
pathology_detail.tsv,TCGA-BJ-A3PT,pathology_details.timepoint_category,,
pathology_detail.tsv,TCGA-EL-A3H1,pathology_details.timepoint_category,,
pathology_detail.tsv,TCGA-BJ-A3F0,pathology_details.timepoint_category,,
