gamma,baseline_auc,baseline_brier,baseline_accuracy,nars_gated_auc,nars_gated_brier,nars_gated_accuracy,auc_delta_gated_minus_baseline,brier_delta_gated_minus_baseline,accuracy_delta_gated_minus_baseline
0.25,0.7252100840336135,0.2118353396654129,0.6666666666666666,0.7260504201680673,0.21186477889398792,0.6811594202898551,0.0008403361344537785,2.9439228575012244e-05,0.01449275362318847
0.5,0.7252100840336135,0.2118353396654129,0.6666666666666666,0.7260504201680673,0.2118954322242124,0.6811594202898551,0.0008403361344537785,6.009255879949049e-05,0.01449275362318847
1.0,0.7252100840336135,0.2118353396654129,0.6666666666666666,0.7260504201680673,0.21196003936618402,0.6811594202898551,0.0008403361344537785,0.0001246997007711137,0.01449275362318847
2.0,0.7252100840336135,0.2118353396654129,0.6666666666666666,0.7260504201680673,0.21210238317094554,0.6666666666666666,0.0008403361344537785,0.0002670435055326381,0.0
4.0,0.7252100840336135,0.2118353396654129,0.6666666666666666,0.7294117647058824,0.2124388256296932,0.6666666666666666,0.004201680672268893,0.0006034859642803092,0.0
