gamma,baseline_auc,baseline_brier,baseline_accuracy,nars_gated_auc,nars_gated_brier,nars_gated_accuracy,auc_delta_gated_minus_baseline,brier_delta_gated_minus_baseline,accuracy_delta_gated_minus_baseline
0.25,0.7252100840336135,0.2118353396654129,0.6666666666666666,0.7260504201680673,0.21187482220601134,0.6811594202898551,0.0008403361344537785,3.948254059843448e-05,0.01449275362318847
0.5,0.7252100840336135,0.2118353396654129,0.6666666666666666,0.7260504201680673,0.2119158529899425,0.6811594202898551,0.0008403361344537785,8.051332452960192e-05,0.01449275362318847
1.0,0.7252100840336135,0.2118353396654129,0.6666666666666666,0.7260504201680673,0.21200219830261297,0.6811594202898551,0.0008403361344537785,0.00016685863720006244,0.01449275362318847
2.0,0.7252100840336135,0.2118353396654129,0.6666666666666666,0.7260504201680673,0.21219180711118052,0.6666666666666666,0.0008403361344537785,0.00035646744576761646,0.0
4.0,0.7252100840336135,0.2118353396654129,0.6666666666666666,0.7294117647058824,0.21263664011061195,0.6666666666666666,0.004201680672268893,0.0008013004451990491,0.0
