gamma,baseline_auc,baseline_brier,baseline_accuracy,nars_gated_auc,nars_gated_brier,nars_gated_accuracy,auc_delta_gated_minus_baseline,brier_delta_gated_minus_baseline,accuracy_delta_gated_minus_baseline
0.25,0.9872958257713248,0.041214317083358765,0.9583333333333334,0.9891107078039927,0.041251552457659386,0.9583333333333334,0.001814882032667886,3.723537430062179e-05,0.0
0.5,0.9872958257713248,0.041214317083358765,0.9583333333333334,0.9891107078039927,0.04123643145698802,0.9583333333333334,0.001814882032667886,2.2114373629256168e-05,0.0
1.0,0.9872958257713248,0.041214317083358765,0.9583333333333334,0.9891107078039927,0.04120659450153135,0.9583333333333334,0.001814882032667886,-7.72258182741431e-06,0.0
2.0,0.9872958257713248,0.041214317083358765,0.9583333333333334,0.9891107078039927,0.04114851492476937,0.9583333333333334,0.001814882032667886,-6.580215858939531e-05,0.0
4.0,0.9872958257713248,0.041214317083358765,0.9583333333333334,0.9891107078039927,0.041038526411125285,0.9583333333333334,0.001814882032667886,-0.00017579067223347927,0.0
