variant,auc,brier,accuracy,ece,auc_ci_95_lower,auc_ci_95_upper
random_forest,0.6563025210084035,0.2308561594202898,0.5652173913043478,0.1389130434782609,0.5157905982905984,0.7816273554876496
baseline,0.73109243697479,0.20618906617164612,0.6956521739130435,0.12799123707024948,0.5991371058558559,0.8504203476262301
flat_confidence,0.7344537815126051,0.2060257065726854,0.6956521739130435,0.1283999696951661,0.6025641025641026,0.8510512150451175
nars_gated,0.7336134453781513,0.20590257147308771,0.6956521739130435,0.1286839253004297,0.6025462962962963,0.8508725685234305
