variant,auc,brier,accuracy,ece,auc_ci_95_lower,auc_ci_95_upper
baseline,0.9872958257713248,0.041214317083358765,0.9583333333333334,0.04758404627743099,0.9589829799107142,1.0
flat_confidence,0.9891107078039927,0.041266809706909234,0.9583333333333334,0.04984991801526196,0.9636919681951441,1.0
nars_gated,0.9891107078039927,0.04114851492476937,0.9583333333333334,0.04961881118330721,0.9636919681951441,1.0
