variant,auc,brier,accuracy
baseline,0.9872958257713248,0.041214317083358765,0.9583333333333334
nars_gated,0.9891107078039927,0.04114851492476937,0.9583333333333334
