variant,auc,brier,accuracy
baseline,0.9872958257713248,0.041528575122356415,0.9583333333333334
nars_gated,0.9891107078039927,0.0418703709465774,0.9583333333333334
