source,case_id,field,distinct_values
clinical.tsv,TCGA-4C-A93U,treatments.submitter_id,2
clinical.tsv,TCGA-4C-A93U,treatments.treatment_id,2
clinical.tsv,TCGA-4C-A93U,treatments.treatment_type,2
clinical.tsv,TCGA-BJ-A0YZ,treatments.submitter_id,2
clinical.tsv,TCGA-BJ-A0YZ,treatments.treatment_id,2
clinical.tsv,TCGA-BJ-A0YZ,treatments.treatment_type,2
clinical.tsv,TCGA-BJ-A0Z0,treatments.submitter_id,3
clinical.tsv,TCGA-BJ-A0Z0,treatments.treatment_id,3
clinical.tsv,TCGA-BJ-A0Z0,treatments.treatment_or_therapy,2
clinical.tsv,TCGA-BJ-A0Z0,treatments.treatment_type,3
clinical.tsv,TCGA-BJ-A0Z2,diagnoses.age_at_diagnosis,2
clinical.tsv,TCGA-BJ-A0Z2,diagnoses.classification_of_tumor,2
clinical.tsv,TCGA-BJ-A0Z2,diagnoses.days_to_diagnosis,2
clinical.tsv,TCGA-BJ-A0Z2,diagnoses.diagnosis_id,2
clinical.tsv,TCGA-BJ-A0Z2,diagnoses.diagnosis_is_primary_disease,2
clinical.tsv,TCGA-BJ-A0Z2,diagnoses.prior_treatment,2
clinical.tsv,TCGA-BJ-A0Z2,diagnoses.submitter_id,2
clinical.tsv,TCGA-BJ-A0Z2,diagnoses.tissue_or_organ_of_origin,2
clinical.tsv,TCGA-BJ-A0Z2,treatments.submitter_id,4
clinical.tsv,TCGA-BJ-A0Z2,treatments.treatment_id,4
clinical.tsv,TCGA-BJ-A0Z2,treatments.treatment_or_therapy,2
clinical.tsv,TCGA-BJ-A0Z2,treatments.treatment_type,3
clinical.tsv,TCGA-BJ-A0Z3,treatments.submitter_id,3
clinical.tsv,TCGA-BJ-A0Z3,treatments.treatment_id,3
clinical.tsv,TCGA-BJ-A0Z3,treatments.treatment_or_therapy,2
clinical.tsv,TCGA-BJ-A0Z3,treatments.treatment_type,3
clinical.tsv,TCGA-BJ-A0Z5,treatments.submitter_id,3
clinical.tsv,TCGA-BJ-A0Z5,treatments.treatment_id,3
clinical.tsv,TCGA-BJ-A0Z5,treatments.treatment_or_therapy,2
clinical.tsv,TCGA-BJ-A0Z5,treatments.treatment_type,3
clinical.tsv,TCGA-BJ-A0Z9,treatments.submitter_id,2
clinical.tsv,TCGA-BJ-A0Z9,treatments.treatment_id,2
clinical.tsv,TCGA-BJ-A0Z9,treatments.treatment_or_therapy,2
clinical.tsv,TCGA-BJ-A0Z9,treatments.treatment_type,2
clinical.tsv,TCGA-BJ-A0ZA,treatments.submitter_id,3
clinical.tsv,TCGA-BJ-A0ZA,treatments.treatment_id,3
clinical.tsv,TCGA-BJ-A0ZA,treatments.treatment_or_therapy,2
clinical.tsv,TCGA-BJ-A0ZA,treatments.treatment_type,3
clinical.tsv,TCGA-BJ-A0ZB,treatments.submitter_id,3
clinical.tsv,TCGA-BJ-A0ZB,treatments.treatment_id,3
clinical.tsv,TCGA-BJ-A0ZB,treatments.treatment_or_therapy,2
clinical.tsv,TCGA-BJ-A0ZB,treatments.treatment_type,3
clinical.tsv,TCGA-BJ-A0ZC,treatments.submitter_id,2
clinical.tsv,TCGA-BJ-A0ZC,treatments.treatment_id,2
clinical.tsv,TCGA-BJ-A0ZC,treatments.treatment_type,2
clinical.tsv,TCGA-BJ-A0ZE,treatments.submitter_id,3
clinical.tsv,TCGA-BJ-A0ZE,treatments.treatment_id,3
clinical.tsv,TCGA-BJ-A0ZE,treatments.treatment_or_therapy,2
clinical.tsv,TCGA-BJ-A0ZE,treatments.treatment_type,3
clinical.tsv,TCGA-BJ-A0ZF,diagnoses.age_at_diagnosis,2
clinical.tsv,TCGA-BJ-A0ZF,diagnoses.classification_of_tumor,2
clinical.tsv,TCGA-BJ-A0ZF,diagnoses.days_to_diagnosis,2
clinical.tsv,TCGA-BJ-A0ZF,diagnoses.diagnosis_id,2
clinical.tsv,TCGA-BJ-A0ZF,diagnoses.diagnosis_is_primary_disease,2
clinical.tsv,TCGA-BJ-A0ZF,diagnoses.prior_treatment,2
clinical.tsv,TCGA-BJ-A0ZF,diagnoses.submitter_id,2
clinical.tsv,TCGA-BJ-A0ZF,treatments.submitter_id,2
clinical.tsv,TCGA-BJ-A0ZF,treatments.treatment_id,2
clinical.tsv,TCGA-BJ-A0ZF,treatments.treatment_type,2
clinical.tsv,TCGA-BJ-A0ZG,treatments.submitter_id,2
clinical.tsv,TCGA-BJ-A0ZG,treatments.treatment_id,2
clinical.tsv,TCGA-BJ-A0ZG,treatments.treatment_type,2
clinical.tsv,TCGA-BJ-A0ZH,treatments.submitter_id,2
clinical.tsv,TCGA-BJ-A0ZH,treatments.treatment_id,2
clinical.tsv,TCGA-BJ-A0ZH,treatments.treatment_type,2
clinical.tsv,TCGA-BJ-A0ZJ,treatments.submitter_id,2
clinical.tsv,TCGA-BJ-A0ZJ,treatments.treatment_id,2
clinical.tsv,TCGA-BJ-A0ZJ,treatments.treatment_or_therapy,2
clinical.tsv,TCGA-BJ-A0ZJ,treatments.treatment_type,2
clinical.tsv,TCGA-BJ-A18Y,treatments.submitter_id,3
clinical.tsv,TCGA-BJ-A18Y,treatments.treatment_id,3
clinical.tsv,TCGA-BJ-A18Y,treatments.treatment_or_therapy,2
clinical.tsv,TCGA-BJ-A18Y,treatments.treatment_type,3
clinical.tsv,TCGA-BJ-A18Z,treatments.submitter_id,3
clinical.tsv,TCGA-BJ-A18Z,treatments.treatment_id,3
clinical.tsv,TCGA-BJ-A18Z,treatments.treatment_or_therapy,2
clinical.tsv,TCGA-BJ-A18Z,treatments.treatment_type,3
clinical.tsv,TCGA-BJ-A190,treatments.submitter_id,2
clinical.tsv,TCGA-BJ-A190,treatments.treatment_id,2
clinical.tsv,TCGA-BJ-A190,treatments.treatment_or_therapy,2
clinical.tsv,TCGA-BJ-A190,treatments.treatment_type,2
clinical.tsv,TCGA-BJ-A191,treatments.submitter_id,3
clinical.tsv,TCGA-BJ-A191,treatments.treatment_id,3
clinical.tsv,TCGA-BJ-A191,treatments.treatment_or_therapy,2
clinical.tsv,TCGA-BJ-A191,treatments.treatment_type,3
clinical.tsv,TCGA-BJ-A192,treatments.submitter_id,2
clinical.tsv,TCGA-BJ-A192,treatments.treatment_id,2
clinical.tsv,TCGA-BJ-A192,treatments.treatment_type,2
clinical.tsv,TCGA-BJ-A28R,treatments.submitter_id,2
clinical.tsv,TCGA-BJ-A28R,treatments.treatment_id,2
clinical.tsv,TCGA-BJ-A28R,treatments.treatment_type,2
clinical.tsv,TCGA-BJ-A28S,treatments.submitter_id,2
clinical.tsv,TCGA-BJ-A28S,treatments.treatment_id,2
clinical.tsv,TCGA-BJ-A28S,treatments.treatment_type,2
clinical.tsv,TCGA-BJ-A28T,treatments.submitter_id,2
clinical.tsv,TCGA-BJ-A28T,treatments.treatment_id,2
clinical.tsv,TCGA-BJ-A28T,treatments.treatment_type,2
clinical.tsv,TCGA-BJ-A28V,treatments.submitter_id,2
clinical.tsv,TCGA-BJ-A28V,treatments.treatment_id,2
clinical.tsv,TCGA-BJ-A28V,treatments.treatment_type,2
clinical.tsv,TCGA-BJ-A28W,treatments.submitter_id,2
clinical.tsv,TCGA-BJ-A28W,treatments.treatment_id,2
clinical.tsv,TCGA-BJ-A28W,treatments.treatment_type,2
clinical.tsv,TCGA-BJ-A28X,diagnoses.age_at_diagnosis,2
clinical.tsv,TCGA-BJ-A28X,diagnoses.days_to_diagnosis,2
clinical.tsv,TCGA-BJ-A28X,diagnoses.diagnosis_id,2
clinical.tsv,TCGA-BJ-A28X,diagnoses.diagnosis_is_primary_disease,2
clinical.tsv,TCGA-BJ-A28X,diagnoses.prior_treatment,2
clinical.tsv,TCGA-BJ-A28X,diagnoses.submitter_id,2
clinical.tsv,TCGA-BJ-A28X,treatments.days_to_treatment_start,2
clinical.tsv,TCGA-BJ-A28X,treatments.submitter_id,5
clinical.tsv,TCGA-BJ-A28X,treatments.treatment_id,5
clinical.tsv,TCGA-BJ-A28X,treatments.treatment_or_therapy,2
clinical.tsv,TCGA-BJ-A28X,treatments.treatment_type,4
clinical.tsv,TCGA-BJ-A28Z,treatments.submitter_id,3
clinical.tsv,TCGA-BJ-A28Z,treatments.treatment_id,3
clinical.tsv,TCGA-BJ-A28Z,treatments.treatment_or_therapy,2
clinical.tsv,TCGA-BJ-A28Z,treatments.treatment_type,3
clinical.tsv,TCGA-BJ-A290,diagnoses.age_at_diagnosis,2
clinical.tsv,TCGA-BJ-A290,diagnoses.ajcc_pathologic_m,2
clinical.tsv,TCGA-BJ-A290,diagnoses.ajcc_pathologic_n,2
clinical.tsv,TCGA-BJ-A290,diagnoses.ajcc_pathologic_stage,2
clinical.tsv,TCGA-BJ-A290,diagnoses.classification_of_tumor,3
clinical.tsv,TCGA-BJ-A290,diagnoses.days_to_diagnosis,2
clinical.tsv,TCGA-BJ-A290,diagnoses.diagnosis_id,3
clinical.tsv,TCGA-BJ-A290,diagnoses.diagnosis_is_primary_disease,2
clinical.tsv,TCGA-BJ-A290,diagnoses.morphology,2
clinical.tsv,TCGA-BJ-A290,diagnoses.primary_diagnosis,2
clinical.tsv,TCGA-BJ-A290,diagnoses.prior_treatment,2
clinical.tsv,TCGA-BJ-A290,diagnoses.submitter_id,3
clinical.tsv,TCGA-BJ-A290,diagnoses.tissue_or_organ_of_origin,3
clinical.tsv,TCGA-BJ-A290,treatments.submitter_id,5
clinical.tsv,TCGA-BJ-A290,treatments.treatment_id,5
clinical.tsv,TCGA-BJ-A290,treatments.treatment_or_therapy,2
clinical.tsv,TCGA-BJ-A290,treatments.treatment_type,4
clinical.tsv,TCGA-BJ-A291,diagnoses.ajcc_pathologic_m,2
clinical.tsv,TCGA-BJ-A291,diagnoses.ajcc_pathologic_n,2
clinical.tsv,TCGA-BJ-A291,diagnoses.ajcc_pathologic_stage,2
clinical.tsv,TCGA-BJ-A291,diagnoses.ajcc_pathologic_t,2
clinical.tsv,TCGA-BJ-A291,diagnoses.ajcc_staging_system_edition,2
clinical.tsv,TCGA-BJ-A291,diagnoses.classification_of_tumor,2
clinical.tsv,TCGA-BJ-A291,diagnoses.diagnosis_id,2
clinical.tsv,TCGA-BJ-A291,diagnoses.diagnosis_is_primary_disease,2
clinical.tsv,TCGA-BJ-A291,diagnoses.submitter_id,2
clinical.tsv,TCGA-BJ-A291,treatments.submitter_id,4
clinical.tsv,TCGA-BJ-A291,treatments.treatment_id,4
clinical.tsv,TCGA-BJ-A291,treatments.treatment_or_therapy,2
clinical.tsv,TCGA-BJ-A291,treatments.treatment_type,2
clinical.tsv,TCGA-BJ-A2N7,treatments.days_to_treatment_start,2
clinical.tsv,TCGA-BJ-A2N7,treatments.submitter_id,2
clinical.tsv,TCGA-BJ-A2N7,treatments.treatment_id,2
clinical.tsv,TCGA-BJ-A2N7,treatments.treatment_outcome,2
clinical.tsv,TCGA-BJ-A2N7,treatments.treatment_type,2
clinical.tsv,TCGA-BJ-A2N8,treatments.submitter_id,2
clinical.tsv,TCGA-BJ-A2N8,treatments.treatment_id,2
clinical.tsv,TCGA-BJ-A2N8,treatments.treatment_type,2
clinical.tsv,TCGA-BJ-A2N9,diagnoses.age_at_diagnosis,2
clinical.tsv,TCGA-BJ-A2N9,diagnoses.classification_of_tumor,2
clinical.tsv,TCGA-BJ-A2N9,diagnoses.days_to_diagnosis,2
clinical.tsv,TCGA-BJ-A2N9,diagnoses.diagnosis_id,2
clinical.tsv,TCGA-BJ-A2N9,diagnoses.diagnosis_is_primary_disease,2
clinical.tsv,TCGA-BJ-A2N9,diagnoses.prior_treatment,2
clinical.tsv,TCGA-BJ-A2N9,diagnoses.submitter_id,2
clinical.tsv,TCGA-BJ-A2N9,treatments.submitter_id,3
clinical.tsv,TCGA-BJ-A2N9,treatments.treatment_id,3
clinical.tsv,TCGA-BJ-A2N9,treatments.treatment_or_therapy,2
clinical.tsv,TCGA-BJ-A2N9,treatments.treatment_type,3
clinical.tsv,TCGA-BJ-A2NA,diagnoses.age_at_diagnosis,2
clinical.tsv,TCGA-BJ-A2NA,diagnoses.classification_of_tumor,2
clinical.tsv,TCGA-BJ-A2NA,diagnoses.days_to_diagnosis,2
clinical.tsv,TCGA-BJ-A2NA,diagnoses.diagnosis_id,2
clinical.tsv,TCGA-BJ-A2NA,diagnoses.diagnosis_is_primary_disease,2
clinical.tsv,TCGA-BJ-A2NA,diagnoses.prior_treatment,2
clinical.tsv,TCGA-BJ-A2NA,diagnoses.submitter_id,2
clinical.tsv,TCGA-BJ-A2NA,treatments.submitter_id,2
clinical.tsv,TCGA-BJ-A2NA,treatments.treatment_id,2
clinical.tsv,TCGA-BJ-A2NA,treatments.treatment_type,2
clinical.tsv,TCGA-BJ-A2P4,treatments.submitter_id,3
clinical.tsv,TCGA-BJ-A2P4,treatments.treatment_id,3
clinical.tsv,TCGA-BJ-A2P4,treatments.treatment_or_therapy,2
clinical.tsv,TCGA-BJ-A2P4,treatments.treatment_type,3
clinical.tsv,TCGA-BJ-A3EZ,treatments.submitter_id,2
clinical.tsv,TCGA-BJ-A3EZ,treatments.treatment_id,2
clinical.tsv,TCGA-BJ-A3EZ,treatments.treatment_or_therapy,2
clinical.tsv,TCGA-BJ-A3EZ,treatments.treatment_type,2
clinical.tsv,TCGA-BJ-A3F0,treatments.submitter_id,2
clinical.tsv,TCGA-BJ-A3F0,treatments.treatment_id,2
clinical.tsv,TCGA-BJ-A3F0,treatments.treatment_type,2
clinical.tsv,TCGA-BJ-A3PR,treatments.submitter_id,2
clinical.tsv,TCGA-BJ-A3PR,treatments.treatment_id,2
clinical.tsv,TCGA-BJ-A3PR,treatments.treatment_type,2
clinical.tsv,TCGA-BJ-A3PT,treatments.submitter_id,2
clinical.tsv,TCGA-BJ-A3PT,treatments.treatment_id,2
clinical.tsv,TCGA-BJ-A3PT,treatments.treatment_or_therapy,2
clinical.tsv,TCGA-BJ-A3PT,treatments.treatment_type,2
clinical.tsv,TCGA-BJ-A3PU,diagnoses.age_at_diagnosis,3
clinical.tsv,TCGA-BJ-A3PU,diagnoses.classification_of_tumor,2
clinical.tsv,TCGA-BJ-A3PU,diagnoses.days_to_diagnosis,3
clinical.tsv,TCGA-BJ-A3PU,diagnoses.diagnosis_id,3
clinical.tsv,TCGA-BJ-A3PU,diagnoses.diagnosis_is_primary_disease,2
clinical.tsv,TCGA-BJ-A3PU,diagnoses.prior_treatment,2
clinical.tsv,TCGA-BJ-A3PU,diagnoses.submitter_id,3
clinical.tsv,TCGA-BJ-A3PU,diagnoses.tissue_or_organ_of_origin,3
clinical.tsv,TCGA-BJ-A3PU,treatments.submitter_id,7
clinical.tsv,TCGA-BJ-A3PU,treatments.treatment_id,7
clinical.tsv,TCGA-BJ-A3PU,treatments.treatment_or_therapy,2
clinical.tsv,TCGA-BJ-A3PU,treatments.treatment_type,4
clinical.tsv,TCGA-BJ-A45C,treatments.submitter_id,3
clinical.tsv,TCGA-BJ-A45C,treatments.treatment_id,3
clinical.tsv,TCGA-BJ-A45C,treatments.treatment_or_therapy,2
clinical.tsv,TCGA-BJ-A45C,treatments.treatment_type,3
clinical.tsv,TCGA-BJ-A45D,treatments.submitter_id,2
clinical.tsv,TCGA-BJ-A45D,treatments.treatment_id,2
clinical.tsv,TCGA-BJ-A45D,treatments.treatment_type,2
clinical.tsv,TCGA-BJ-A45E,treatments.submitter_id,2
clinical.tsv,TCGA-BJ-A45E,treatments.treatment_id,2
clinical.tsv,TCGA-BJ-A45E,treatments.treatment_type,2
clinical.tsv,TCGA-BJ-A45F,treatments.submitter_id,3
clinical.tsv,TCGA-BJ-A45F,treatments.treatment_id,3
clinical.tsv,TCGA-BJ-A45F,treatments.treatment_or_therapy,2
clinical.tsv,TCGA-BJ-A45F,treatments.treatment_type,3
clinical.tsv,TCGA-BJ-A45G,treatments.submitter_id,3
clinical.tsv,TCGA-BJ-A45G,treatments.treatment_id,3
clinical.tsv,TCGA-BJ-A45G,treatments.treatment_or_therapy,2
clinical.tsv,TCGA-BJ-A45G,treatments.treatment_type,3
clinical.tsv,TCGA-BJ-A45H,treatments.submitter_id,3
clinical.tsv,TCGA-BJ-A45H,treatments.treatment_id,3
clinical.tsv,TCGA-BJ-A45H,treatments.treatment_or_therapy,2
clinical.tsv,TCGA-BJ-A45H,treatments.treatment_type,3
clinical.tsv,TCGA-BJ-A45I,diagnoses.age_at_diagnosis,2
clinical.tsv,TCGA-BJ-A45I,diagnoses.days_to_diagnosis,2
clinical.tsv,TCGA-BJ-A45I,diagnoses.diagnosis_id,2
clinical.tsv,TCGA-BJ-A45I,diagnoses.diagnosis_is_primary_disease,2
clinical.tsv,TCGA-BJ-A45I,diagnoses.prior_treatment,2
clinical.tsv,TCGA-BJ-A45I,diagnoses.submitter_id,2
clinical.tsv,TCGA-BJ-A45I,treatments.submitter_id,3
clinical.tsv,TCGA-BJ-A45I,treatments.treatment_id,3
clinical.tsv,TCGA-BJ-A45I,treatments.treatment_or_therapy,2
clinical.tsv,TCGA-BJ-A45I,treatments.treatment_type,3
clinical.tsv,TCGA-BJ-A45J,treatments.submitter_id,3
clinical.tsv,TCGA-BJ-A45J,treatments.treatment_id,3
clinical.tsv,TCGA-BJ-A45J,treatments.treatment_or_therapy,2
clinical.tsv,TCGA-BJ-A45J,treatments.treatment_type,3
clinical.tsv,TCGA-BJ-A45K,treatments.submitter_id,2
clinical.tsv,TCGA-BJ-A45K,treatments.treatment_id,2
clinical.tsv,TCGA-BJ-A45K,treatments.treatment_or_therapy,2
clinical.tsv,TCGA-BJ-A45K,treatments.treatment_type,2
clinical.tsv,TCGA-BJ-A4O8,treatments.submitter_id,3
clinical.tsv,TCGA-BJ-A4O8,treatments.treatment_id,3
clinical.tsv,TCGA-BJ-A4O8,treatments.treatment_or_therapy,2
clinical.tsv,TCGA-BJ-A4O8,treatments.treatment_type,3
clinical.tsv,TCGA-BJ-A4O9,treatments.submitter_id,2
clinical.tsv,TCGA-BJ-A4O9,treatments.treatment_id,2
clinical.tsv,TCGA-BJ-A4O9,treatments.treatment_type,2
clinical.tsv,TCGA-CE-A13K,diagnoses.classification_of_tumor,2
clinical.tsv,TCGA-CE-A13K,diagnoses.diagnosis_id,2
clinical.tsv,TCGA-CE-A13K,diagnoses.diagnosis_is_primary_disease,2
clinical.tsv,TCGA-CE-A13K,diagnoses.submitter_id,2
clinical.tsv,TCGA-CE-A13K,treatments.submitter_id,4
clinical.tsv,TCGA-CE-A13K,treatments.treatment_id,4
clinical.tsv,TCGA-CE-A13K,treatments.treatment_type,2
clinical.tsv,TCGA-CE-A27D,treatments.submitter_id,2
clinical.tsv,TCGA-CE-A27D,treatments.treatment_id,2
clinical.tsv,TCGA-CE-A27D,treatments.treatment_type,2
clinical.tsv,TCGA-CE-A3MD,treatments.submitter_id,2
clinical.tsv,TCGA-CE-A3MD,treatments.treatment_id,2
clinical.tsv,TCGA-CE-A3MD,treatments.treatment_type,2
clinical.tsv,TCGA-CE-A3ME,treatments.submitter_id,2
clinical.tsv,TCGA-CE-A3ME,treatments.treatment_id,2
clinical.tsv,TCGA-CE-A3ME,treatments.treatment_type,2
clinical.tsv,TCGA-CE-A481,treatments.submitter_id,3
clinical.tsv,TCGA-CE-A481,treatments.treatment_id,3
clinical.tsv,TCGA-CE-A481,treatments.treatment_or_therapy,2
clinical.tsv,TCGA-CE-A481,treatments.treatment_type,3
clinical.tsv,TCGA-CE-A482,treatments.submitter_id,4
clinical.tsv,TCGA-CE-A482,treatments.treatment_id,4
clinical.tsv,TCGA-CE-A482,treatments.treatment_or_therapy,2
clinical.tsv,TCGA-CE-A482,treatments.treatment_type,4
clinical.tsv,TCGA-CE-A483,treatments.submitter_id,2
clinical.tsv,TCGA-CE-A483,treatments.treatment_id,2
clinical.tsv,TCGA-CE-A483,treatments.treatment_type,2
clinical.tsv,TCGA-CE-A484,treatments.submitter_id,2
clinical.tsv,TCGA-CE-A484,treatments.treatment_id,2
clinical.tsv,TCGA-CE-A484,treatments.treatment_type,2
clinical.tsv,TCGA-CE-A485,treatments.submitter_id,2
clinical.tsv,TCGA-CE-A485,treatments.treatment_id,2
clinical.tsv,TCGA-CE-A485,treatments.treatment_type,2
clinical.tsv,TCGA-DE-A0XZ,diagnoses.age_at_diagnosis,2
clinical.tsv,TCGA-DE-A0XZ,diagnoses.ajcc_pathologic_stage,2
clinical.tsv,TCGA-DE-A0XZ,diagnoses.classification_of_tumor,2
clinical.tsv,TCGA-DE-A0XZ,diagnoses.days_to_diagnosis,2
clinical.tsv,TCGA-DE-A0XZ,diagnoses.diagnosis_id,3
clinical.tsv,TCGA-DE-A0XZ,diagnoses.diagnosis_is_primary_disease,2
clinical.tsv,TCGA-DE-A0XZ,diagnoses.morphology,2
clinical.tsv,TCGA-DE-A0XZ,diagnoses.primary_diagnosis,2
clinical.tsv,TCGA-DE-A0XZ,diagnoses.prior_treatment,2
clinical.tsv,TCGA-DE-A0XZ,diagnoses.submitter_id,3
clinical.tsv,TCGA-DE-A0XZ,diagnoses.tissue_or_organ_of_origin,2
clinical.tsv,TCGA-DE-A0XZ,treatments.submitter_id,7
clinical.tsv,TCGA-DE-A0XZ,treatments.treatment_id,7
clinical.tsv,TCGA-DE-A0XZ,treatments.treatment_or_therapy,2
clinical.tsv,TCGA-DE-A0XZ,treatments.treatment_type,4
clinical.tsv,TCGA-DE-A0Y2,treatments.submitter_id,6
clinical.tsv,TCGA-DE-A0Y2,treatments.treatment_id,6
clinical.tsv,TCGA-DE-A0Y2,treatments.treatment_or_therapy,2
clinical.tsv,TCGA-DE-A0Y2,treatments.treatment_type,5
clinical.tsv,TCGA-DE-A0Y3,diagnoses.age_at_diagnosis,2
clinical.tsv,TCGA-DE-A0Y3,diagnoses.classification_of_tumor,2
clinical.tsv,TCGA-DE-A0Y3,diagnoses.days_to_diagnosis,2
clinical.tsv,TCGA-DE-A0Y3,diagnoses.diagnosis_id,2
clinical.tsv,TCGA-DE-A0Y3,diagnoses.diagnosis_is_primary_disease,2
clinical.tsv,TCGA-DE-A0Y3,diagnoses.prior_treatment,2
clinical.tsv,TCGA-DE-A0Y3,diagnoses.submitter_id,2
clinical.tsv,TCGA-DE-A0Y3,diagnoses.tissue_or_organ_of_origin,2
clinical.tsv,TCGA-DE-A0Y3,treatments.submitter_id,9
clinical.tsv,TCGA-DE-A0Y3,treatments.treatment_id,9
clinical.tsv,TCGA-DE-A0Y3,treatments.treatment_or_therapy,2
clinical.tsv,TCGA-DE-A0Y3,treatments.treatment_type,6
clinical.tsv,TCGA-DE-A2OL,treatments.submitter_id,6
clinical.tsv,TCGA-DE-A2OL,treatments.treatment_id,6
clinical.tsv,TCGA-DE-A2OL,treatments.treatment_or_therapy,2
clinical.tsv,TCGA-DE-A2OL,treatments.treatment_type,5
clinical.tsv,TCGA-DE-A3KN,treatments.submitter_id,4
clinical.tsv,TCGA-DE-A3KN,treatments.treatment_id,4
clinical.tsv,TCGA-DE-A3KN,treatments.treatment_or_therapy,2
clinical.tsv,TCGA-DE-A3KN,treatments.treatment_type,3
clinical.tsv,TCGA-DE-A4M8,treatments.submitter_id,5
clinical.tsv,TCGA-DE-A4M8,treatments.treatment_id,5
clinical.tsv,TCGA-DE-A4M8,treatments.treatment_or_therapy,2
clinical.tsv,TCGA-DE-A4M8,treatments.treatment_type,4
clinical.tsv,TCGA-DE-A4M9,treatments.submitter_id,5
clinical.tsv,TCGA-DE-A4M9,treatments.treatment_id,5
clinical.tsv,TCGA-DE-A4M9,treatments.treatment_or_therapy,2
clinical.tsv,TCGA-DE-A4M9,treatments.treatment_type,4
clinical.tsv,TCGA-DE-A4MA,treatments.submitter_id,5
clinical.tsv,TCGA-DE-A4MA,treatments.treatment_id,5
clinical.tsv,TCGA-DE-A4MA,treatments.treatment_or_therapy,2
clinical.tsv,TCGA-DE-A4MA,treatments.treatment_type,4
clinical.tsv,TCGA-DE-A4MB,treatments.prescribed_dose,2
clinical.tsv,TCGA-DE-A4MB,treatments.submitter_id,5
clinical.tsv,TCGA-DE-A4MB,treatments.treatment_id,5
clinical.tsv,TCGA-DE-A4MB,treatments.treatment_or_therapy,2
clinical.tsv,TCGA-DE-A4MB,treatments.treatment_type,4
clinical.tsv,TCGA-DE-A4MC,diagnoses.age_at_diagnosis,2
clinical.tsv,TCGA-DE-A4MC,diagnoses.classification_of_tumor,2
clinical.tsv,TCGA-DE-A4MC,diagnoses.days_to_diagnosis,2
clinical.tsv,TCGA-DE-A4MC,diagnoses.diagnosis_id,2
clinical.tsv,TCGA-DE-A4MC,diagnoses.diagnosis_is_primary_disease,2
clinical.tsv,TCGA-DE-A4MC,diagnoses.prior_treatment,2
clinical.tsv,TCGA-DE-A4MC,diagnoses.submitter_id,2
clinical.tsv,TCGA-DE-A4MC,diagnoses.tissue_or_organ_of_origin,2
clinical.tsv,TCGA-DE-A4MC,treatments.days_to_treatment_start,2
clinical.tsv,TCGA-DE-A4MC,treatments.prescribed_dose,2
clinical.tsv,TCGA-DE-A4MC,treatments.submitter_id,9
clinical.tsv,TCGA-DE-A4MC,treatments.treatment_dose,2
clinical.tsv,TCGA-DE-A4MC,treatments.treatment_id,9
clinical.tsv,TCGA-DE-A4MC,treatments.treatment_or_therapy,2
clinical.tsv,TCGA-DE-A4MC,treatments.treatment_type,5
clinical.tsv,TCGA-DE-A4MD,diagnoses.age_at_diagnosis,3
clinical.tsv,TCGA-DE-A4MD,diagnoses.classification_of_tumor,2
clinical.tsv,TCGA-DE-A4MD,diagnoses.days_to_diagnosis,3
clinical.tsv,TCGA-DE-A4MD,diagnoses.diagnosis_id,3
clinical.tsv,TCGA-DE-A4MD,diagnoses.diagnosis_is_primary_disease,2
clinical.tsv,TCGA-DE-A4MD,diagnoses.prior_treatment,2
clinical.tsv,TCGA-DE-A4MD,diagnoses.submitter_id,3
clinical.tsv,TCGA-DE-A4MD,diagnoses.tissue_or_organ_of_origin,2
clinical.tsv,TCGA-DE-A4MD,treatments.days_to_treatment_start,3
clinical.tsv,TCGA-DE-A4MD,treatments.submitter_id,12
clinical.tsv,TCGA-DE-A4MD,treatments.treatment_dose,3
clinical.tsv,TCGA-DE-A4MD,treatments.treatment_id,12
clinical.tsv,TCGA-DE-A4MD,treatments.treatment_or_therapy,2
clinical.tsv,TCGA-DE-A4MD,treatments.treatment_type,6
clinical.tsv,TCGA-DE-A69J,treatments.submitter_id,5
clinical.tsv,TCGA-DE-A69J,treatments.treatment_id,5
clinical.tsv,TCGA-DE-A69J,treatments.treatment_or_therapy,2
clinical.tsv,TCGA-DE-A69J,treatments.treatment_type,4
clinical.tsv,TCGA-DE-A69K,treatments.submitter_id,5
clinical.tsv,TCGA-DE-A69K,treatments.treatment_id,5
clinical.tsv,TCGA-DE-A69K,treatments.treatment_or_therapy,2
clinical.tsv,TCGA-DE-A69K,treatments.treatment_type,4
clinical.tsv,TCGA-DE-A7U5,treatments.submitter_id,3
clinical.tsv,TCGA-DE-A7U5,treatments.treatment_id,3
clinical.tsv,TCGA-DE-A7U5,treatments.treatment_type,3
clinical.tsv,TCGA-DJ-A13L,diagnoses.age_at_diagnosis,2
clinical.tsv,TCGA-DJ-A13L,diagnoses.ajcc_pathologic_t,2
clinical.tsv,TCGA-DJ-A13L,diagnoses.classification_of_tumor,2
clinical.tsv,TCGA-DJ-A13L,diagnoses.days_to_diagnosis,2
clinical.tsv,TCGA-DJ-A13L,diagnoses.diagnosis_id,2
clinical.tsv,TCGA-DJ-A13L,diagnoses.diagnosis_is_primary_disease,2
clinical.tsv,TCGA-DJ-A13L,diagnoses.morphology,2
clinical.tsv,TCGA-DJ-A13L,diagnoses.primary_diagnosis,2
clinical.tsv,TCGA-DJ-A13L,diagnoses.submitter_id,2
clinical.tsv,TCGA-DJ-A13L,diagnoses.tissue_or_organ_of_origin,2
clinical.tsv,TCGA-DJ-A13L,treatments.days_to_treatment_start,2
clinical.tsv,TCGA-DJ-A13L,treatments.submitter_id,7
clinical.tsv,TCGA-DJ-A13L,treatments.treatment_id,7
clinical.tsv,TCGA-DJ-A13L,treatments.treatment_or_therapy,2
clinical.tsv,TCGA-DJ-A13L,treatments.treatment_type,5
clinical.tsv,TCGA-DJ-A13M,treatments.submitter_id,4
clinical.tsv,TCGA-DJ-A13M,treatments.treatment_id,4
clinical.tsv,TCGA-DJ-A13M,treatments.treatment_type,4
clinical.tsv,TCGA-DJ-A13O,treatments.submitter_id,4
clinical.tsv,TCGA-DJ-A13O,treatments.treatment_id,4
clinical.tsv,TCGA-DJ-A13O,treatments.treatment_type,4
clinical.tsv,TCGA-DJ-A13P,treatments.submitter_id,4
clinical.tsv,TCGA-DJ-A13P,treatments.treatment_id,4
clinical.tsv,TCGA-DJ-A13P,treatments.treatment_type,4
clinical.tsv,TCGA-DJ-A13R,treatments.submitter_id,7
clinical.tsv,TCGA-DJ-A13R,treatments.treatment_id,7
clinical.tsv,TCGA-DJ-A13R,treatments.treatment_or_therapy,2
clinical.tsv,TCGA-DJ-A13R,treatments.treatment_type,5
clinical.tsv,TCGA-DJ-A13S,treatments.submitter_id,3
clinical.tsv,TCGA-DJ-A13S,treatments.treatment_id,3
clinical.tsv,TCGA-DJ-A13S,treatments.treatment_type,3
clinical.tsv,TCGA-DJ-A13T,treatments.submitter_id,4
clinical.tsv,TCGA-DJ-A13T,treatments.treatment_id,4
clinical.tsv,TCGA-DJ-A13T,treatments.treatment_type,4
clinical.tsv,TCGA-DJ-A13U,treatments.submitter_id,6
clinical.tsv,TCGA-DJ-A13U,treatments.treatment_id,6
clinical.tsv,TCGA-DJ-A13U,treatments.treatment_or_therapy,2
clinical.tsv,TCGA-DJ-A13U,treatments.treatment_type,5
clinical.tsv,TCGA-DJ-A13V,treatments.submitter_id,6
clinical.tsv,TCGA-DJ-A13V,treatments.treatment_id,6
clinical.tsv,TCGA-DJ-A13V,treatments.treatment_or_therapy,2
clinical.tsv,TCGA-DJ-A13V,treatments.treatment_type,5
clinical.tsv,TCGA-DJ-A13W,treatments.submitter_id,4
clinical.tsv,TCGA-DJ-A13W,treatments.treatment_id,4
clinical.tsv,TCGA-DJ-A13W,treatments.treatment_type,4
clinical.tsv,TCGA-DJ-A13X,treatments.submitter_id,3
clinical.tsv,TCGA-DJ-A13X,treatments.treatment_id,3
clinical.tsv,TCGA-DJ-A13X,treatments.treatment_type,3
clinical.tsv,TCGA-DJ-A1QD,treatments.submitter_id,4
clinical.tsv,TCGA-DJ-A1QD,treatments.treatment_id,4
clinical.tsv,TCGA-DJ-A1QD,treatments.treatment_type,4
clinical.tsv,TCGA-DJ-A1QE,treatments.submitter_id,4
clinical.tsv,TCGA-DJ-A1QE,treatments.treatment_id,4
clinical.tsv,TCGA-DJ-A1QE,treatments.treatment_type,4
clinical.tsv,TCGA-DJ-A1QF,treatments.submitter_id,3
clinical.tsv,TCGA-DJ-A1QF,treatments.treatment_id,3
clinical.tsv,TCGA-DJ-A1QF,treatments.treatment_type,3
clinical.tsv,TCGA-DJ-A1QG,treatments.submitter_id,4
clinical.tsv,TCGA-DJ-A1QG,treatments.treatment_id,4
clinical.tsv,TCGA-DJ-A1QG,treatments.treatment_type,4
clinical.tsv,TCGA-DJ-A1QH,treatments.submitter_id,6
clinical.tsv,TCGA-DJ-A1QH,treatments.treatment_id,6
clinical.tsv,TCGA-DJ-A1QH,treatments.treatment_or_therapy,2
clinical.tsv,TCGA-DJ-A1QH,treatments.treatment_type,5
clinical.tsv,TCGA-DJ-A1QI,treatments.submitter_id,3
clinical.tsv,TCGA-DJ-A1QI,treatments.treatment_id,3
clinical.tsv,TCGA-DJ-A1QI,treatments.treatment_type,3
clinical.tsv,TCGA-DJ-A1QL,treatments.submitter_id,4
clinical.tsv,TCGA-DJ-A1QL,treatments.treatment_id,4
clinical.tsv,TCGA-DJ-A1QL,treatments.treatment_type,4
clinical.tsv,TCGA-DJ-A1QM,treatments.submitter_id,3
clinical.tsv,TCGA-DJ-A1QM,treatments.treatment_id,3
clinical.tsv,TCGA-DJ-A1QM,treatments.treatment_type,3
clinical.tsv,TCGA-DJ-A1QN,treatments.submitter_id,4
clinical.tsv,TCGA-DJ-A1QN,treatments.treatment_id,4
clinical.tsv,TCGA-DJ-A1QN,treatments.treatment_type,4
clinical.tsv,TCGA-DJ-A1QO,diagnoses.age_at_diagnosis,2
clinical.tsv,TCGA-DJ-A1QO,diagnoses.classification_of_tumor,2
clinical.tsv,TCGA-DJ-A1QO,diagnoses.days_to_diagnosis,2
clinical.tsv,TCGA-DJ-A1QO,diagnoses.diagnosis_id,2
clinical.tsv,TCGA-DJ-A1QO,diagnoses.diagnosis_is_primary_disease,2
clinical.tsv,TCGA-DJ-A1QO,diagnoses.prior_treatment,2
clinical.tsv,TCGA-DJ-A1QO,diagnoses.submitter_id,2
clinical.tsv,TCGA-DJ-A1QO,diagnoses.tissue_or_organ_of_origin,2
clinical.tsv,TCGA-DJ-A1QO,treatments.days_to_treatment_start,2
clinical.tsv,TCGA-DJ-A1QO,treatments.submitter_id,9
clinical.tsv,TCGA-DJ-A1QO,treatments.treatment_id,9
clinical.tsv,TCGA-DJ-A1QO,treatments.treatment_or_therapy,2
clinical.tsv,TCGA-DJ-A1QO,treatments.treatment_type,5
clinical.tsv,TCGA-DJ-A1QQ,treatments.submitter_id,3
clinical.tsv,TCGA-DJ-A1QQ,treatments.treatment_id,3
clinical.tsv,TCGA-DJ-A1QQ,treatments.treatment_type,3
clinical.tsv,TCGA-DJ-A2PN,treatments.submitter_id,3
clinical.tsv,TCGA-DJ-A2PN,treatments.treatment_id,3
clinical.tsv,TCGA-DJ-A2PN,treatments.treatment_type,3
clinical.tsv,TCGA-DJ-A2PO,treatments.submitter_id,3
clinical.tsv,TCGA-DJ-A2PO,treatments.treatment_id,3
clinical.tsv,TCGA-DJ-A2PO,treatments.treatment_type,3
clinical.tsv,TCGA-DJ-A2PP,treatments.submitter_id,4
clinical.tsv,TCGA-DJ-A2PP,treatments.treatment_id,4
clinical.tsv,TCGA-DJ-A2PP,treatments.treatment_type,4
clinical.tsv,TCGA-DJ-A2PQ,treatments.submitter_id,5
clinical.tsv,TCGA-DJ-A2PQ,treatments.treatment_id,5
clinical.tsv,TCGA-DJ-A2PQ,treatments.treatment_or_therapy,2
clinical.tsv,TCGA-DJ-A2PQ,treatments.treatment_type,4
clinical.tsv,TCGA-DJ-A2PR,diagnoses.classification_of_tumor,2
clinical.tsv,TCGA-DJ-A2PR,diagnoses.diagnosis_id,2
clinical.tsv,TCGA-DJ-A2PR,diagnoses.diagnosis_is_primary_disease,2
clinical.tsv,TCGA-DJ-A2PR,diagnoses.morphology,2
clinical.tsv,TCGA-DJ-A2PR,diagnoses.primary_diagnosis,2
clinical.tsv,TCGA-DJ-A2PR,diagnoses.submitter_id,2
clinical.tsv,TCGA-DJ-A2PR,diagnoses.tissue_or_organ_of_origin,2
clinical.tsv,TCGA-DJ-A2PR,treatments.submitter_id,6
clinical.tsv,TCGA-DJ-A2PR,treatments.treatment_id,6
clinical.tsv,TCGA-DJ-A2PR,treatments.treatment_or_therapy,2
clinical.tsv,TCGA-DJ-A2PR,treatments.treatment_type,4
clinical.tsv,TCGA-DJ-A2PS,treatments.submitter_id,5
clinical.tsv,TCGA-DJ-A2PS,treatments.treatment_id,5
clinical.tsv,TCGA-DJ-A2PS,treatments.treatment_or_therapy,2
clinical.tsv,TCGA-DJ-A2PS,treatments.treatment_type,4
clinical.tsv,TCGA-DJ-A2PT,treatments.prescribed_dose,2
clinical.tsv,TCGA-DJ-A2PT,treatments.submitter_id,6
clinical.tsv,TCGA-DJ-A2PT,treatments.treatment_id,6
clinical.tsv,TCGA-DJ-A2PT,treatments.treatment_or_therapy,2
clinical.tsv,TCGA-DJ-A2PT,treatments.treatment_type,4
clinical.tsv,TCGA-DJ-A2PU,treatments.submitter_id,4
clinical.tsv,TCGA-DJ-A2PU,treatments.treatment_id,4
clinical.tsv,TCGA-DJ-A2PU,treatments.treatment_type,4
clinical.tsv,TCGA-DJ-A2PV,treatments.submitter_id,4
clinical.tsv,TCGA-DJ-A2PV,treatments.treatment_id,4
clinical.tsv,TCGA-DJ-A2PV,treatments.treatment_type,4
clinical.tsv,TCGA-DJ-A2PW,treatments.submitter_id,5
clinical.tsv,TCGA-DJ-A2PW,treatments.treatment_id,5
clinical.tsv,TCGA-DJ-A2PW,treatments.treatment_or_therapy,2
clinical.tsv,TCGA-DJ-A2PW,treatments.treatment_type,4
clinical.tsv,TCGA-DJ-A2PX,treatments.submitter_id,4
clinical.tsv,TCGA-DJ-A2PX,treatments.treatment_id,4
clinical.tsv,TCGA-DJ-A2PX,treatments.treatment_type,4
clinical.tsv,TCGA-DJ-A2PY,treatments.submitter_id,3
clinical.tsv,TCGA-DJ-A2PY,treatments.treatment_id,3
clinical.tsv,TCGA-DJ-A2PY,treatments.treatment_type,3
clinical.tsv,TCGA-DJ-A2PZ,treatments.submitter_id,3
clinical.tsv,TCGA-DJ-A2PZ,treatments.treatment_id,3
clinical.tsv,TCGA-DJ-A2PZ,treatments.treatment_type,3
clinical.tsv,TCGA-DJ-A2Q0,treatments.submitter_id,4
clinical.tsv,TCGA-DJ-A2Q0,treatments.treatment_id,4
clinical.tsv,TCGA-DJ-A2Q0,treatments.treatment_type,4
clinical.tsv,TCGA-DJ-A2Q1,treatments.submitter_id,5
clinical.tsv,TCGA-DJ-A2Q1,treatments.treatment_id,5
clinical.tsv,TCGA-DJ-A2Q1,treatments.treatment_or_therapy,2
clinical.tsv,TCGA-DJ-A2Q1,treatments.treatment_type,4
clinical.tsv,TCGA-DJ-A2Q2,treatments.submitter_id,5
clinical.tsv,TCGA-DJ-A2Q2,treatments.treatment_id,5
clinical.tsv,TCGA-DJ-A2Q2,treatments.treatment_or_therapy,2
clinical.tsv,TCGA-DJ-A2Q2,treatments.treatment_type,4
clinical.tsv,TCGA-DJ-A2Q3,diagnoses.age_at_diagnosis,2
clinical.tsv,TCGA-DJ-A2Q3,diagnoses.classification_of_tumor,2
clinical.tsv,TCGA-DJ-A2Q3,diagnoses.days_to_diagnosis,2
clinical.tsv,TCGA-DJ-A2Q3,diagnoses.diagnosis_id,2
clinical.tsv,TCGA-DJ-A2Q3,diagnoses.diagnosis_is_primary_disease,2
clinical.tsv,TCGA-DJ-A2Q3,diagnoses.prior_treatment,2
clinical.tsv,TCGA-DJ-A2Q3,diagnoses.submitter_id,2
clinical.tsv,TCGA-DJ-A2Q3,diagnoses.tissue_or_organ_of_origin,2
clinical.tsv,TCGA-DJ-A2Q3,treatments.days_to_treatment_start,2
clinical.tsv,TCGA-DJ-A2Q3,treatments.submitter_id,9
clinical.tsv,TCGA-DJ-A2Q3,treatments.treatment_dose,2
clinical.tsv,TCGA-DJ-A2Q3,treatments.treatment_id,9
clinical.tsv,TCGA-DJ-A2Q3,treatments.treatment_or_therapy,2
clinical.tsv,TCGA-DJ-A2Q3,treatments.treatment_type,6
clinical.tsv,TCGA-DJ-A2Q4,treatments.submitter_id,4
clinical.tsv,TCGA-DJ-A2Q4,treatments.treatment_id,4
clinical.tsv,TCGA-DJ-A2Q4,treatments.treatment_type,4
clinical.tsv,TCGA-DJ-A2Q5,treatments.submitter_id,5
clinical.tsv,TCGA-DJ-A2Q5,treatments.treatment_id,5
clinical.tsv,TCGA-DJ-A2Q5,treatments.treatment_or_therapy,2
clinical.tsv,TCGA-DJ-A2Q5,treatments.treatment_type,4
clinical.tsv,TCGA-DJ-A2Q6,treatments.prescribed_dose,2
clinical.tsv,TCGA-DJ-A2Q6,treatments.submitter_id,7
clinical.tsv,TCGA-DJ-A2Q6,treatments.treatment_dose,2
clinical.tsv,TCGA-DJ-A2Q6,treatments.treatment_id,7
clinical.tsv,TCGA-DJ-A2Q6,treatments.treatment_or_therapy,2
clinical.tsv,TCGA-DJ-A2Q6,treatments.treatment_type,4
clinical.tsv,TCGA-DJ-A2Q7,treatments.submitter_id,4
clinical.tsv,TCGA-DJ-A2Q7,treatments.treatment_id,4
clinical.tsv,TCGA-DJ-A2Q7,treatments.treatment_type,4
clinical.tsv,TCGA-DJ-A2Q8,treatments.submitter_id,4
clinical.tsv,TCGA-DJ-A2Q8,treatments.treatment_id,4
clinical.tsv,TCGA-DJ-A2Q8,treatments.treatment_type,4
clinical.tsv,TCGA-DJ-A2Q9,treatments.submitter_id,5
clinical.tsv,TCGA-DJ-A2Q9,treatments.treatment_id,5
clinical.tsv,TCGA-DJ-A2Q9,treatments.treatment_or_therapy,2
clinical.tsv,TCGA-DJ-A2Q9,treatments.treatment_type,4
clinical.tsv,TCGA-DJ-A2QA,treatments.submitter_id,4
clinical.tsv,TCGA-DJ-A2QA,treatments.treatment_id,4
clinical.tsv,TCGA-DJ-A2QA,treatments.treatment_type,4
clinical.tsv,TCGA-DJ-A2QB,treatments.submitter_id,5
clinical.tsv,TCGA-DJ-A2QB,treatments.treatment_id,5
clinical.tsv,TCGA-DJ-A2QB,treatments.treatment_or_therapy,2
clinical.tsv,TCGA-DJ-A2QB,treatments.treatment_type,4
clinical.tsv,TCGA-DJ-A2QC,treatments.submitter_id,4
clinical.tsv,TCGA-DJ-A2QC,treatments.treatment_id,4
clinical.tsv,TCGA-DJ-A2QC,treatments.treatment_type,4
clinical.tsv,TCGA-DJ-A3UK,treatments.submitter_id,4
clinical.tsv,TCGA-DJ-A3UK,treatments.treatment_id,4
clinical.tsv,TCGA-DJ-A3UK,treatments.treatment_type,4
clinical.tsv,TCGA-DJ-A3UM,treatments.submitter_id,4
clinical.tsv,TCGA-DJ-A3UM,treatments.treatment_id,4
clinical.tsv,TCGA-DJ-A3UM,treatments.treatment_type,4
clinical.tsv,TCGA-DJ-A3UN,treatments.submitter_id,4
clinical.tsv,TCGA-DJ-A3UN,treatments.treatment_id,4
clinical.tsv,TCGA-DJ-A3UN,treatments.treatment_type,4
clinical.tsv,TCGA-DJ-A3UO,diagnoses.age_at_diagnosis,2
clinical.tsv,TCGA-DJ-A3UO,diagnoses.classification_of_tumor,2
clinical.tsv,TCGA-DJ-A3UO,diagnoses.days_to_diagnosis,2
clinical.tsv,TCGA-DJ-A3UO,diagnoses.diagnosis_id,2
clinical.tsv,TCGA-DJ-A3UO,diagnoses.diagnosis_is_primary_disease,2
clinical.tsv,TCGA-DJ-A3UO,diagnoses.prior_treatment,2
clinical.tsv,TCGA-DJ-A3UO,diagnoses.submitter_id,2
clinical.tsv,TCGA-DJ-A3UO,diagnoses.tissue_or_organ_of_origin,2
clinical.tsv,TCGA-DJ-A3UO,treatments.submitter_id,5
clinical.tsv,TCGA-DJ-A3UO,treatments.treatment_id,5
clinical.tsv,TCGA-DJ-A3UO,treatments.treatment_or_therapy,2
clinical.tsv,TCGA-DJ-A3UO,treatments.treatment_type,4
clinical.tsv,TCGA-DJ-A3UP,treatments.submitter_id,5
clinical.tsv,TCGA-DJ-A3UP,treatments.treatment_id,5
clinical.tsv,TCGA-DJ-A3UP,treatments.treatment_or_therapy,2
clinical.tsv,TCGA-DJ-A3UP,treatments.treatment_type,4
clinical.tsv,TCGA-DJ-A3UQ,treatments.submitter_id,5
clinical.tsv,TCGA-DJ-A3UQ,treatments.treatment_id,5
clinical.tsv,TCGA-DJ-A3UQ,treatments.treatment_or_therapy,2
clinical.tsv,TCGA-DJ-A3UQ,treatments.treatment_type,4
clinical.tsv,TCGA-DJ-A3UR,treatments.submitter_id,4
clinical.tsv,TCGA-DJ-A3UR,treatments.treatment_id,4
clinical.tsv,TCGA-DJ-A3UR,treatments.treatment_type,4
clinical.tsv,TCGA-DJ-A3US,treatments.submitter_id,4
clinical.tsv,TCGA-DJ-A3US,treatments.treatment_id,4
clinical.tsv,TCGA-DJ-A3US,treatments.treatment_type,4
clinical.tsv,TCGA-DJ-A3UT,treatments.submitter_id,4
clinical.tsv,TCGA-DJ-A3UT,treatments.treatment_id,4
clinical.tsv,TCGA-DJ-A3UT,treatments.treatment_type,4
clinical.tsv,TCGA-DJ-A3UU,diagnoses.classification_of_tumor,2
clinical.tsv,TCGA-DJ-A3UU,diagnoses.diagnosis_id,2
clinical.tsv,TCGA-DJ-A3UU,diagnoses.diagnosis_is_primary_disease,2
clinical.tsv,TCGA-DJ-A3UU,diagnoses.morphology,2
clinical.tsv,TCGA-DJ-A3UU,diagnoses.primary_diagnosis,2
clinical.tsv,TCGA-DJ-A3UU,diagnoses.submitter_id,2
clinical.tsv,TCGA-DJ-A3UU,diagnoses.tissue_or_organ_of_origin,2
clinical.tsv,TCGA-DJ-A3UU,treatments.days_to_treatment_start,2
clinical.tsv,TCGA-DJ-A3UU,treatments.number_of_fractions,2
clinical.tsv,TCGA-DJ-A3UU,treatments.prescribed_dose,2
clinical.tsv,TCGA-DJ-A3UU,treatments.submitter_id,9
clinical.tsv,TCGA-DJ-A3UU,treatments.treatment_anatomic_sites,2
clinical.tsv,TCGA-DJ-A3UU,treatments.treatment_dose,2
clinical.tsv,TCGA-DJ-A3UU,treatments.treatment_id,9
clinical.tsv,TCGA-DJ-A3UU,treatments.treatment_or_therapy,2
clinical.tsv,TCGA-DJ-A3UU,treatments.treatment_type,6
clinical.tsv,TCGA-DJ-A3UV,diagnoses.age_at_diagnosis,2
clinical.tsv,TCGA-DJ-A3UV,diagnoses.ajcc_staging_system_edition,2
clinical.tsv,TCGA-DJ-A3UV,diagnoses.classification_of_tumor,2
clinical.tsv,TCGA-DJ-A3UV,diagnoses.days_to_diagnosis,2
clinical.tsv,TCGA-DJ-A3UV,diagnoses.diagnosis_id,2
clinical.tsv,TCGA-DJ-A3UV,diagnoses.diagnosis_is_primary_disease,2
clinical.tsv,TCGA-DJ-A3UV,diagnoses.morphology,2
clinical.tsv,TCGA-DJ-A3UV,diagnoses.primary_diagnosis,2
clinical.tsv,TCGA-DJ-A3UV,diagnoses.submitter_id,2
clinical.tsv,TCGA-DJ-A3UV,treatments.submitter_id,8
clinical.tsv,TCGA-DJ-A3UV,treatments.therapeutic_agents,2
clinical.tsv,TCGA-DJ-A3UV,treatments.treatment_id,8
clinical.tsv,TCGA-DJ-A3UV,treatments.treatment_or_therapy,2
clinical.tsv,TCGA-DJ-A3UV,treatments.treatment_type,5
clinical.tsv,TCGA-DJ-A3UW,diagnoses.age_at_diagnosis,2
clinical.tsv,TCGA-DJ-A3UW,diagnoses.ajcc_pathologic_t,2
clinical.tsv,TCGA-DJ-A3UW,diagnoses.classification_of_tumor,2
clinical.tsv,TCGA-DJ-A3UW,diagnoses.days_to_diagnosis,2
clinical.tsv,TCGA-DJ-A3UW,diagnoses.diagnosis_id,2
clinical.tsv,TCGA-DJ-A3UW,diagnoses.diagnosis_is_primary_disease,2
clinical.tsv,TCGA-DJ-A3UW,diagnoses.morphology,2
clinical.tsv,TCGA-DJ-A3UW,diagnoses.primary_diagnosis,2
clinical.tsv,TCGA-DJ-A3UW,diagnoses.submitter_id,2
clinical.tsv,TCGA-DJ-A3UW,treatments.submitter_id,7
clinical.tsv,TCGA-DJ-A3UW,treatments.treatment_id,7
clinical.tsv,TCGA-DJ-A3UW,treatments.treatment_or_therapy,2
clinical.tsv,TCGA-DJ-A3UW,treatments.treatment_type,5
clinical.tsv,TCGA-DJ-A3UX,treatments.submitter_id,4
clinical.tsv,TCGA-DJ-A3UX,treatments.treatment_id,4
clinical.tsv,TCGA-DJ-A3UX,treatments.treatment_type,4
clinical.tsv,TCGA-DJ-A3UY,treatments.submitter_id,4
clinical.tsv,TCGA-DJ-A3UY,treatments.treatment_id,4
clinical.tsv,TCGA-DJ-A3UY,treatments.treatment_type,4
clinical.tsv,TCGA-DJ-A3UZ,treatments.submitter_id,4
clinical.tsv,TCGA-DJ-A3UZ,treatments.treatment_id,4
clinical.tsv,TCGA-DJ-A3UZ,treatments.treatment_type,4
clinical.tsv,TCGA-DJ-A3V0,treatments.submitter_id,5
clinical.tsv,TCGA-DJ-A3V0,treatments.treatment_id,5
clinical.tsv,TCGA-DJ-A3V0,treatments.treatment_or_therapy,2
clinical.tsv,TCGA-DJ-A3V0,treatments.treatment_type,4
clinical.tsv,TCGA-DJ-A3V2,treatments.submitter_id,4
clinical.tsv,TCGA-DJ-A3V2,treatments.treatment_id,4
clinical.tsv,TCGA-DJ-A3V2,treatments.treatment_type,4
clinical.tsv,TCGA-DJ-A3V3,treatments.submitter_id,4
clinical.tsv,TCGA-DJ-A3V3,treatments.treatment_id,4
clinical.tsv,TCGA-DJ-A3V3,treatments.treatment_type,4
clinical.tsv,TCGA-DJ-A3V4,diagnoses.age_at_diagnosis,2
clinical.tsv,TCGA-DJ-A3V4,diagnoses.classification_of_tumor,2
clinical.tsv,TCGA-DJ-A3V4,diagnoses.days_to_diagnosis,2
clinical.tsv,TCGA-DJ-A3V4,diagnoses.diagnosis_id,2
clinical.tsv,TCGA-DJ-A3V4,diagnoses.diagnosis_is_primary_disease,2
clinical.tsv,TCGA-DJ-A3V4,diagnoses.morphology,2
clinical.tsv,TCGA-DJ-A3V4,diagnoses.primary_diagnosis,2
clinical.tsv,TCGA-DJ-A3V4,diagnoses.submitter_id,2
clinical.tsv,TCGA-DJ-A3V4,diagnoses.tissue_or_organ_of_origin,2
clinical.tsv,TCGA-DJ-A3V4,treatments.days_to_treatment_start,2
clinical.tsv,TCGA-DJ-A3V4,treatments.submitter_id,8
clinical.tsv,TCGA-DJ-A3V4,treatments.treatment_id,8
clinical.tsv,TCGA-DJ-A3V4,treatments.treatment_or_therapy,2
clinical.tsv,TCGA-DJ-A3V4,treatments.treatment_type,6
clinical.tsv,TCGA-DJ-A3V5,treatments.submitter_id,3
clinical.tsv,TCGA-DJ-A3V5,treatments.treatment_id,3
clinical.tsv,TCGA-DJ-A3V5,treatments.treatment_or_therapy,2
clinical.tsv,TCGA-DJ-A3V5,treatments.treatment_type,3
clinical.tsv,TCGA-DJ-A3V6,diagnoses.age_at_diagnosis,2
clinical.tsv,TCGA-DJ-A3V6,diagnoses.ajcc_pathologic_stage,2
clinical.tsv,TCGA-DJ-A3V6,diagnoses.ajcc_staging_system_edition,2
clinical.tsv,TCGA-DJ-A3V6,diagnoses.classification_of_tumor,2
clinical.tsv,TCGA-DJ-A3V6,diagnoses.days_to_diagnosis,2
clinical.tsv,TCGA-DJ-A3V6,diagnoses.diagnosis_id,2
clinical.tsv,TCGA-DJ-A3V6,diagnoses.diagnosis_is_primary_disease,2
clinical.tsv,TCGA-DJ-A3V6,diagnoses.morphology,2
clinical.tsv,TCGA-DJ-A3V6,diagnoses.primary_diagnosis,2
clinical.tsv,TCGA-DJ-A3V6,diagnoses.submitter_id,2
clinical.tsv,TCGA-DJ-A3V6,treatments.days_to_treatment_start,2
clinical.tsv,TCGA-DJ-A3V6,treatments.submitter_id,12
clinical.tsv,TCGA-DJ-A3V6,treatments.therapeutic_agents,5
clinical.tsv,TCGA-DJ-A3V6,treatments.treatment_anatomic_sites,2
clinical.tsv,TCGA-DJ-A3V6,treatments.treatment_id,12
clinical.tsv,TCGA-DJ-A3V6,treatments.treatment_or_therapy,2
clinical.tsv,TCGA-DJ-A3V6,treatments.treatment_type,6
clinical.tsv,TCGA-DJ-A3V7,treatments.submitter_id,5
clinical.tsv,TCGA-DJ-A3V7,treatments.treatment_id,5
clinical.tsv,TCGA-DJ-A3V7,treatments.treatment_or_therapy,2
clinical.tsv,TCGA-DJ-A3V7,treatments.treatment_type,4
clinical.tsv,TCGA-DJ-A3V8,treatments.submitter_id,5
clinical.tsv,TCGA-DJ-A3V8,treatments.treatment_id,5
clinical.tsv,TCGA-DJ-A3V8,treatments.treatment_or_therapy,2
clinical.tsv,TCGA-DJ-A3V8,treatments.treatment_type,4
clinical.tsv,TCGA-DJ-A3V9,treatments.submitter_id,7
clinical.tsv,TCGA-DJ-A3V9,treatments.treatment_id,7
clinical.tsv,TCGA-DJ-A3V9,treatments.treatment_or_therapy,2
clinical.tsv,TCGA-DJ-A3V9,treatments.treatment_type,4
clinical.tsv,TCGA-DJ-A3VA,treatments.submitter_id,4
clinical.tsv,TCGA-DJ-A3VA,treatments.treatment_id,4
clinical.tsv,TCGA-DJ-A3VA,treatments.treatment_type,4
clinical.tsv,TCGA-DJ-A3VB,treatments.submitter_id,7
clinical.tsv,TCGA-DJ-A3VB,treatments.treatment_id,7
clinical.tsv,TCGA-DJ-A3VB,treatments.treatment_or_therapy,2
clinical.tsv,TCGA-DJ-A3VB,treatments.treatment_type,4
clinical.tsv,TCGA-DJ-A3VD,treatments.submitter_id,5
clinical.tsv,TCGA-DJ-A3VD,treatments.treatment_id,5
clinical.tsv,TCGA-DJ-A3VD,treatments.treatment_or_therapy,2
clinical.tsv,TCGA-DJ-A3VD,treatments.treatment_type,4
clinical.tsv,TCGA-DJ-A3VE,treatments.submitter_id,4
clinical.tsv,TCGA-DJ-A3VE,treatments.treatment_id,4
clinical.tsv,TCGA-DJ-A3VE,treatments.treatment_type,4
clinical.tsv,TCGA-DJ-A3VF,treatments.submitter_id,5
clinical.tsv,TCGA-DJ-A3VF,treatments.treatment_id,5
clinical.tsv,TCGA-DJ-A3VF,treatments.treatment_or_therapy,2
clinical.tsv,TCGA-DJ-A3VF,treatments.treatment_type,4
clinical.tsv,TCGA-DJ-A3VG,treatments.submitter_id,4
clinical.tsv,TCGA-DJ-A3VG,treatments.treatment_id,4
clinical.tsv,TCGA-DJ-A3VG,treatments.treatment_type,4
clinical.tsv,TCGA-DJ-A3VI,diagnoses.classification_of_tumor,2
clinical.tsv,TCGA-DJ-A3VI,diagnoses.diagnosis_id,2
clinical.tsv,TCGA-DJ-A3VI,diagnoses.diagnosis_is_primary_disease,2
clinical.tsv,TCGA-DJ-A3VI,diagnoses.morphology,2
clinical.tsv,TCGA-DJ-A3VI,diagnoses.primary_diagnosis,2
clinical.tsv,TCGA-DJ-A3VI,diagnoses.submitter_id,2
clinical.tsv,TCGA-DJ-A3VI,diagnoses.tissue_or_organ_of_origin,2
clinical.tsv,TCGA-DJ-A3VI,treatments.submitter_id,7
clinical.tsv,TCGA-DJ-A3VI,treatments.treatment_id,7
clinical.tsv,TCGA-DJ-A3VI,treatments.treatment_or_therapy,2
clinical.tsv,TCGA-DJ-A3VI,treatments.treatment_type,5
clinical.tsv,TCGA-DJ-A3VJ,treatments.submitter_id,5
clinical.tsv,TCGA-DJ-A3VJ,treatments.treatment_dose,2
clinical.tsv,TCGA-DJ-A3VJ,treatments.treatment_id,5
clinical.tsv,TCGA-DJ-A3VJ,treatments.treatment_or_therapy,2
clinical.tsv,TCGA-DJ-A3VJ,treatments.treatment_type,4
clinical.tsv,TCGA-DJ-A3VK,diagnoses.classification_of_tumor,2
clinical.tsv,TCGA-DJ-A3VK,diagnoses.diagnosis_id,2
clinical.tsv,TCGA-DJ-A3VK,diagnoses.diagnosis_is_primary_disease,2
clinical.tsv,TCGA-DJ-A3VK,diagnoses.morphology,2
clinical.tsv,TCGA-DJ-A3VK,diagnoses.primary_diagnosis,2
clinical.tsv,TCGA-DJ-A3VK,diagnoses.submitter_id,2
clinical.tsv,TCGA-DJ-A3VK,diagnoses.tissue_or_organ_of_origin,2
clinical.tsv,TCGA-DJ-A3VK,treatments.submitter_id,8
clinical.tsv,TCGA-DJ-A3VK,treatments.treatment_id,8
clinical.tsv,TCGA-DJ-A3VK,treatments.treatment_or_therapy,2
clinical.tsv,TCGA-DJ-A3VK,treatments.treatment_type,6
clinical.tsv,TCGA-DJ-A3VL,diagnoses.age_at_diagnosis,3
clinical.tsv,TCGA-DJ-A3VL,diagnoses.classification_of_tumor,2
clinical.tsv,TCGA-DJ-A3VL,diagnoses.days_to_diagnosis,3
clinical.tsv,TCGA-DJ-A3VL,diagnoses.diagnosis_id,3
clinical.tsv,TCGA-DJ-A3VL,diagnoses.diagnosis_is_primary_disease,2
clinical.tsv,TCGA-DJ-A3VL,diagnoses.prior_treatment,2
clinical.tsv,TCGA-DJ-A3VL,diagnoses.submitter_id,3
clinical.tsv,TCGA-DJ-A3VL,diagnoses.tissue_or_organ_of_origin,3
clinical.tsv,TCGA-DJ-A3VL,treatments.submitter_id,4
clinical.tsv,TCGA-DJ-A3VL,treatments.treatment_id,4
clinical.tsv,TCGA-DJ-A3VL,treatments.treatment_type,4
clinical.tsv,TCGA-DJ-A3VM,treatments.submitter_id,5
clinical.tsv,TCGA-DJ-A3VM,treatments.treatment_id,5
clinical.tsv,TCGA-DJ-A3VM,treatments.treatment_or_therapy,2
clinical.tsv,TCGA-DJ-A3VM,treatments.treatment_type,4
clinical.tsv,TCGA-DJ-A4UL,treatments.submitter_id,4
clinical.tsv,TCGA-DJ-A4UL,treatments.treatment_id,4
clinical.tsv,TCGA-DJ-A4UL,treatments.treatment_type,4
clinical.tsv,TCGA-DJ-A4UP,treatments.submitter_id,5
clinical.tsv,TCGA-DJ-A4UP,treatments.treatment_id,5
clinical.tsv,TCGA-DJ-A4UP,treatments.treatment_or_therapy,2
clinical.tsv,TCGA-DJ-A4UP,treatments.treatment_type,4
clinical.tsv,TCGA-DJ-A4UQ,treatments.submitter_id,5
clinical.tsv,TCGA-DJ-A4UQ,treatments.treatment_id,5
clinical.tsv,TCGA-DJ-A4UQ,treatments.treatment_or_therapy,2
clinical.tsv,TCGA-DJ-A4UQ,treatments.treatment_type,4
clinical.tsv,TCGA-DJ-A4UR,diagnoses.age_at_diagnosis,2
clinical.tsv,TCGA-DJ-A4UR,diagnoses.classification_of_tumor,2
clinical.tsv,TCGA-DJ-A4UR,diagnoses.days_to_diagnosis,2
clinical.tsv,TCGA-DJ-A4UR,diagnoses.diagnosis_id,2
clinical.tsv,TCGA-DJ-A4UR,diagnoses.diagnosis_is_primary_disease,2
clinical.tsv,TCGA-DJ-A4UR,diagnoses.prior_treatment,2
clinical.tsv,TCGA-DJ-A4UR,diagnoses.submitter_id,2
clinical.tsv,TCGA-DJ-A4UR,diagnoses.tissue_or_organ_of_origin,2
clinical.tsv,TCGA-DJ-A4UR,treatments.submitter_id,8
clinical.tsv,TCGA-DJ-A4UR,treatments.treatment_id,8
clinical.tsv,TCGA-DJ-A4UR,treatments.treatment_or_therapy,2
clinical.tsv,TCGA-DJ-A4UR,treatments.treatment_type,5
clinical.tsv,TCGA-DJ-A4UT,treatments.submitter_id,4
clinical.tsv,TCGA-DJ-A4UT,treatments.treatment_id,4
clinical.tsv,TCGA-DJ-A4UT,treatments.treatment_type,4
clinical.tsv,TCGA-DJ-A4UW,treatments.submitter_id,5
clinical.tsv,TCGA-DJ-A4UW,treatments.treatment_id,5
clinical.tsv,TCGA-DJ-A4UW,treatments.treatment_or_therapy,2
clinical.tsv,TCGA-DJ-A4UW,treatments.treatment_type,4
clinical.tsv,TCGA-DJ-A4V0,treatments.submitter_id,4
clinical.tsv,TCGA-DJ-A4V0,treatments.treatment_id,4
clinical.tsv,TCGA-DJ-A4V0,treatments.treatment_type,4
clinical.tsv,TCGA-DJ-A4V2,treatments.submitter_id,4
clinical.tsv,TCGA-DJ-A4V2,treatments.treatment_id,4
clinical.tsv,TCGA-DJ-A4V2,treatments.treatment_type,4
clinical.tsv,TCGA-DJ-A4V4,treatments.submitter_id,4
clinical.tsv,TCGA-DJ-A4V4,treatments.treatment_id,4
clinical.tsv,TCGA-DJ-A4V4,treatments.treatment_type,4
clinical.tsv,TCGA-DJ-A4V5,treatments.submitter_id,5
clinical.tsv,TCGA-DJ-A4V5,treatments.treatment_id,5
clinical.tsv,TCGA-DJ-A4V5,treatments.treatment_or_therapy,2
clinical.tsv,TCGA-DJ-A4V5,treatments.treatment_type,4
clinical.tsv,TCGA-DO-A1JZ,treatments.days_to_treatment_start,2
clinical.tsv,TCGA-DO-A1JZ,treatments.prescribed_dose,2
clinical.tsv,TCGA-DO-A1JZ,treatments.prescribed_dose_units,2
clinical.tsv,TCGA-DO-A1JZ,treatments.submitter_id,5
clinical.tsv,TCGA-DO-A1JZ,treatments.treatment_id,5
clinical.tsv,TCGA-DO-A1JZ,treatments.treatment_or_therapy,2
clinical.tsv,TCGA-DO-A1JZ,treatments.treatment_type,4
clinical.tsv,TCGA-DO-A1K0,diagnoses.age_at_diagnosis,2
clinical.tsv,TCGA-DO-A1K0,diagnoses.classification_of_tumor,2
clinical.tsv,TCGA-DO-A1K0,diagnoses.days_to_diagnosis,2
clinical.tsv,TCGA-DO-A1K0,diagnoses.diagnosis_id,2
clinical.tsv,TCGA-DO-A1K0,diagnoses.diagnosis_is_primary_disease,2
clinical.tsv,TCGA-DO-A1K0,diagnoses.prior_treatment,2
clinical.tsv,TCGA-DO-A1K0,diagnoses.submitter_id,2
clinical.tsv,TCGA-DO-A1K0,diagnoses.tissue_or_organ_of_origin,2
clinical.tsv,TCGA-DO-A1K0,treatments.course_number,2
clinical.tsv,TCGA-DO-A1K0,treatments.days_to_treatment_end,2
clinical.tsv,TCGA-DO-A1K0,treatments.days_to_treatment_start,4
clinical.tsv,TCGA-DO-A1K0,treatments.number_of_fractions,2
clinical.tsv,TCGA-DO-A1K0,treatments.prescribed_dose,2
clinical.tsv,TCGA-DO-A1K0,treatments.prescribed_dose_units,2
clinical.tsv,TCGA-DO-A1K0,treatments.submitter_id,9
clinical.tsv,TCGA-DO-A1K0,treatments.treatment_anatomic_sites,2
clinical.tsv,TCGA-DO-A1K0,treatments.treatment_dose,2
clinical.tsv,TCGA-DO-A1K0,treatments.treatment_dose_units,2
clinical.tsv,TCGA-DO-A1K0,treatments.treatment_id,9
clinical.tsv,TCGA-DO-A1K0,treatments.treatment_or_therapy,2
clinical.tsv,TCGA-DO-A1K0,treatments.treatment_type,7
clinical.tsv,TCGA-DO-A2HM,treatments.submitter_id,2
clinical.tsv,TCGA-DO-A2HM,treatments.treatment_id,2
clinical.tsv,TCGA-DO-A2HM,treatments.treatment_type,2
clinical.tsv,TCGA-E3-A3DY,treatments.days_to_treatment_start,3
clinical.tsv,TCGA-E3-A3DY,treatments.submitter_id,6
clinical.tsv,TCGA-E3-A3DY,treatments.therapeutic_agents,2
clinical.tsv,TCGA-E3-A3DY,treatments.treatment_id,6
clinical.tsv,TCGA-E3-A3DY,treatments.treatment_or_therapy,2
clinical.tsv,TCGA-E3-A3DY,treatments.treatment_outcome,2
clinical.tsv,TCGA-E3-A3DY,treatments.treatment_type,4
clinical.tsv,TCGA-E3-A3DZ,treatments.days_to_treatment_end,2
clinical.tsv,TCGA-E3-A3DZ,treatments.days_to_treatment_start,4
clinical.tsv,TCGA-E3-A3DZ,treatments.submitter_id,7
clinical.tsv,TCGA-E3-A3DZ,treatments.therapeutic_agents,2
clinical.tsv,TCGA-E3-A3DZ,treatments.treatment_id,7
clinical.tsv,TCGA-E3-A3DZ,treatments.treatment_or_therapy,2
clinical.tsv,TCGA-E3-A3DZ,treatments.treatment_outcome,2
clinical.tsv,TCGA-E3-A3DZ,treatments.treatment_type,4
clinical.tsv,TCGA-E3-A3E0,treatments.submitter_id,4
clinical.tsv,TCGA-E3-A3E0,treatments.treatment_id,4
clinical.tsv,TCGA-E3-A3E0,treatments.treatment_or_therapy,2
clinical.tsv,TCGA-E3-A3E0,treatments.treatment_type,4
clinical.tsv,TCGA-E3-A3E1,treatments.submitter_id,4
clinical.tsv,TCGA-E3-A3E1,treatments.treatment_id,4
clinical.tsv,TCGA-E3-A3E1,treatments.treatment_or_therapy,2
clinical.tsv,TCGA-E3-A3E1,treatments.treatment_type,4
clinical.tsv,TCGA-E3-A3E2,treatments.days_to_treatment_end,3
clinical.tsv,TCGA-E3-A3E2,treatments.days_to_treatment_start,4
clinical.tsv,TCGA-E3-A3E2,treatments.submitter_id,7
clinical.tsv,TCGA-E3-A3E2,treatments.therapeutic_agents,2
clinical.tsv,TCGA-E3-A3E2,treatments.treatment_dose,2
clinical.tsv,TCGA-E3-A3E2,treatments.treatment_id,7
clinical.tsv,TCGA-E3-A3E2,treatments.treatment_or_therapy,2
clinical.tsv,TCGA-E3-A3E2,treatments.treatment_type,4
clinical.tsv,TCGA-E3-A3E3,diagnoses.age_at_diagnosis,2
clinical.tsv,TCGA-E3-A3E3,diagnoses.classification_of_tumor,2
clinical.tsv,TCGA-E3-A3E3,diagnoses.days_to_diagnosis,2
clinical.tsv,TCGA-E3-A3E3,diagnoses.diagnosis_id,2
clinical.tsv,TCGA-E3-A3E3,diagnoses.diagnosis_is_primary_disease,2
clinical.tsv,TCGA-E3-A3E3,diagnoses.prior_treatment,2
clinical.tsv,TCGA-E3-A3E3,diagnoses.submitter_id,2
clinical.tsv,TCGA-E3-A3E3,diagnoses.tissue_or_organ_of_origin,2
clinical.tsv,TCGA-E3-A3E3,treatments.days_to_treatment_end,2
clinical.tsv,TCGA-E3-A3E3,treatments.days_to_treatment_start,3
clinical.tsv,TCGA-E3-A3E3,treatments.submitter_id,9
clinical.tsv,TCGA-E3-A3E3,treatments.therapeutic_agents,2
clinical.tsv,TCGA-E3-A3E3,treatments.treatment_id,9
clinical.tsv,TCGA-E3-A3E3,treatments.treatment_or_therapy,2
clinical.tsv,TCGA-E3-A3E3,treatments.treatment_outcome,2
clinical.tsv,TCGA-E3-A3E3,treatments.treatment_type,7
clinical.tsv,TCGA-E3-A3E5,diagnoses.classification_of_tumor,2
clinical.tsv,TCGA-E3-A3E5,diagnoses.diagnosis_id,2
clinical.tsv,TCGA-E3-A3E5,diagnoses.diagnosis_is_primary_disease,2
clinical.tsv,TCGA-E3-A3E5,diagnoses.submitter_id,2
clinical.tsv,TCGA-E3-A3E5,diagnoses.tissue_or_organ_of_origin,2
clinical.tsv,TCGA-E3-A3E5,treatments.days_to_treatment_end,2
clinical.tsv,TCGA-E3-A3E5,treatments.days_to_treatment_start,2
clinical.tsv,TCGA-E3-A3E5,treatments.submitter_id,8
clinical.tsv,TCGA-E3-A3E5,treatments.therapeutic_agents,2
clinical.tsv,TCGA-E3-A3E5,treatments.treatment_id,8
clinical.tsv,TCGA-E3-A3E5,treatments.treatment_or_therapy,2
clinical.tsv,TCGA-E3-A3E5,treatments.treatment_outcome,2
clinical.tsv,TCGA-E3-A3E5,treatments.treatment_type,6
clinical.tsv,TCGA-E8-A242,treatments.submitter_id,5
clinical.tsv,TCGA-E8-A242,treatments.treatment_id,5
clinical.tsv,TCGA-E8-A242,treatments.treatment_or_therapy,2
clinical.tsv,TCGA-E8-A242,treatments.treatment_type,4
clinical.tsv,TCGA-E8-A2EA,treatments.submitter_id,4
clinical.tsv,TCGA-E8-A2EA,treatments.treatment_id,4
clinical.tsv,TCGA-E8-A2EA,treatments.treatment_type,4
clinical.tsv,TCGA-E8-A2JQ,treatments.days_to_treatment_start,2
clinical.tsv,TCGA-E8-A2JQ,treatments.submitter_id,4
clinical.tsv,TCGA-E8-A2JQ,treatments.treatment_id,4
clinical.tsv,TCGA-E8-A2JQ,treatments.treatment_or_therapy,2
clinical.tsv,TCGA-E8-A2JQ,treatments.treatment_outcome,2
clinical.tsv,TCGA-E8-A2JQ,treatments.treatment_type,4
clinical.tsv,TCGA-E8-A3X7,treatments.submitter_id,4
clinical.tsv,TCGA-E8-A3X7,treatments.treatment_id,4
clinical.tsv,TCGA-E8-A3X7,treatments.treatment_or_therapy,2
clinical.tsv,TCGA-E8-A3X7,treatments.treatment_type,3
clinical.tsv,TCGA-E8-A413,treatments.submitter_id,4
clinical.tsv,TCGA-E8-A413,treatments.treatment_id,4
clinical.tsv,TCGA-E8-A413,treatments.treatment_type,4
clinical.tsv,TCGA-E8-A414,treatments.submitter_id,4
clinical.tsv,TCGA-E8-A414,treatments.treatment_id,4
clinical.tsv,TCGA-E8-A414,treatments.treatment_type,4
clinical.tsv,TCGA-E8-A415,treatments.submitter_id,4
clinical.tsv,TCGA-E8-A415,treatments.treatment_id,4
clinical.tsv,TCGA-E8-A415,treatments.treatment_type,4
clinical.tsv,TCGA-E8-A416,treatments.submitter_id,3
clinical.tsv,TCGA-E8-A416,treatments.treatment_id,3
clinical.tsv,TCGA-E8-A416,treatments.treatment_or_therapy,2
clinical.tsv,TCGA-E8-A416,treatments.treatment_type,3
clinical.tsv,TCGA-E8-A417,treatments.submitter_id,3
clinical.tsv,TCGA-E8-A417,treatments.treatment_id,3
clinical.tsv,TCGA-E8-A417,treatments.treatment_or_therapy,2
clinical.tsv,TCGA-E8-A417,treatments.treatment_type,3
clinical.tsv,TCGA-E8-A418,treatments.submitter_id,4
clinical.tsv,TCGA-E8-A418,treatments.treatment_id,4
clinical.tsv,TCGA-E8-A418,treatments.treatment_type,4
clinical.tsv,TCGA-E8-A419,treatments.submitter_id,2
clinical.tsv,TCGA-E8-A419,treatments.treatment_id,2
clinical.tsv,TCGA-E8-A419,treatments.treatment_type,2
clinical.tsv,TCGA-E8-A432,diagnoses.age_at_diagnosis,2
clinical.tsv,TCGA-E8-A432,diagnoses.classification_of_tumor,2
clinical.tsv,TCGA-E8-A432,diagnoses.days_to_diagnosis,2
clinical.tsv,TCGA-E8-A432,diagnoses.diagnosis_id,2
clinical.tsv,TCGA-E8-A432,diagnoses.diagnosis_is_primary_disease,2
clinical.tsv,TCGA-E8-A432,diagnoses.prior_treatment,2
clinical.tsv,TCGA-E8-A432,diagnoses.submitter_id,2
clinical.tsv,TCGA-E8-A432,treatments.submitter_id,7
clinical.tsv,TCGA-E8-A432,treatments.treatment_id,7
clinical.tsv,TCGA-E8-A432,treatments.treatment_or_therapy,2
clinical.tsv,TCGA-E8-A432,treatments.treatment_type,5
clinical.tsv,TCGA-E8-A433,treatments.submitter_id,3
clinical.tsv,TCGA-E8-A433,treatments.treatment_id,3
clinical.tsv,TCGA-E8-A433,treatments.treatment_or_therapy,2
clinical.tsv,TCGA-E8-A433,treatments.treatment_type,3
clinical.tsv,TCGA-E8-A434,treatments.submitter_id,3
clinical.tsv,TCGA-E8-A434,treatments.treatment_id,3
clinical.tsv,TCGA-E8-A434,treatments.treatment_or_therapy,2
clinical.tsv,TCGA-E8-A434,treatments.treatment_type,3
clinical.tsv,TCGA-E8-A436,treatments.submitter_id,4
clinical.tsv,TCGA-E8-A436,treatments.treatment_id,4
clinical.tsv,TCGA-E8-A436,treatments.treatment_type,4
clinical.tsv,TCGA-E8-A437,treatments.submitter_id,4
clinical.tsv,TCGA-E8-A437,treatments.treatment_id,4
clinical.tsv,TCGA-E8-A437,treatments.treatment_type,4
clinical.tsv,TCGA-E8-A438,treatments.submitter_id,4
clinical.tsv,TCGA-E8-A438,treatments.treatment_id,4
clinical.tsv,TCGA-E8-A438,treatments.treatment_type,4
clinical.tsv,TCGA-E8-A44K,treatments.submitter_id,3
clinical.tsv,TCGA-E8-A44K,treatments.treatment_id,3
clinical.tsv,TCGA-E8-A44K,treatments.treatment_or_therapy,2
clinical.tsv,TCGA-E8-A44K,treatments.treatment_type,3
clinical.tsv,TCGA-E8-A44M,treatments.submitter_id,3
clinical.tsv,TCGA-E8-A44M,treatments.treatment_id,3
clinical.tsv,TCGA-E8-A44M,treatments.treatment_or_therapy,2
clinical.tsv,TCGA-E8-A44M,treatments.treatment_type,3
clinical.tsv,TCGA-EL-A3CL,treatments.submitter_id,2
clinical.tsv,TCGA-EL-A3CL,treatments.treatment_id,2
clinical.tsv,TCGA-EL-A3CL,treatments.treatment_type,2
clinical.tsv,TCGA-EL-A3CM,treatments.submitter_id,3
clinical.tsv,TCGA-EL-A3CM,treatments.treatment_id,3
clinical.tsv,TCGA-EL-A3CM,treatments.treatment_or_therapy,2
clinical.tsv,TCGA-EL-A3CM,treatments.treatment_type,3
clinical.tsv,TCGA-EL-A3CN,treatments.submitter_id,4
clinical.tsv,TCGA-EL-A3CN,treatments.treatment_id,4
clinical.tsv,TCGA-EL-A3CN,treatments.treatment_or_therapy,2
clinical.tsv,TCGA-EL-A3CN,treatments.treatment_type,4
clinical.tsv,TCGA-EL-A3CO,treatments.submitter_id,3
clinical.tsv,TCGA-EL-A3CO,treatments.treatment_id,3
clinical.tsv,TCGA-EL-A3CO,treatments.treatment_or_therapy,2
clinical.tsv,TCGA-EL-A3CO,treatments.treatment_type,3
clinical.tsv,TCGA-EL-A3CP,treatments.submitter_id,3
clinical.tsv,TCGA-EL-A3CP,treatments.treatment_id,3
clinical.tsv,TCGA-EL-A3CP,treatments.treatment_or_therapy,2
clinical.tsv,TCGA-EL-A3CP,treatments.treatment_type,3
clinical.tsv,TCGA-EL-A3CR,diagnoses.age_at_diagnosis,2
clinical.tsv,TCGA-EL-A3CR,diagnoses.classification_of_tumor,2
clinical.tsv,TCGA-EL-A3CR,diagnoses.days_to_diagnosis,2
clinical.tsv,TCGA-EL-A3CR,diagnoses.diagnosis_id,2
clinical.tsv,TCGA-EL-A3CR,diagnoses.diagnosis_is_primary_disease,2
clinical.tsv,TCGA-EL-A3CR,diagnoses.morphology,2
clinical.tsv,TCGA-EL-A3CR,diagnoses.primary_diagnosis,2
clinical.tsv,TCGA-EL-A3CR,diagnoses.submitter_id,2
clinical.tsv,TCGA-EL-A3CR,diagnoses.tissue_or_organ_of_origin,2
clinical.tsv,TCGA-EL-A3CR,treatments.submitter_id,5
clinical.tsv,TCGA-EL-A3CR,treatments.treatment_id,5
clinical.tsv,TCGA-EL-A3CR,treatments.treatment_type,3
clinical.tsv,TCGA-EL-A3CS,diagnoses.classification_of_tumor,2
clinical.tsv,TCGA-EL-A3CS,diagnoses.diagnosis_id,2
clinical.tsv,TCGA-EL-A3CS,diagnoses.diagnosis_is_primary_disease,2
clinical.tsv,TCGA-EL-A3CS,diagnoses.submitter_id,2
clinical.tsv,TCGA-EL-A3CS,treatments.submitter_id,5
clinical.tsv,TCGA-EL-A3CS,treatments.treatment_id,5
clinical.tsv,TCGA-EL-A3CS,treatments.treatment_or_therapy,2
clinical.tsv,TCGA-EL-A3CS,treatments.treatment_type,4
clinical.tsv,TCGA-EL-A3CT,treatments.submitter_id,3
clinical.tsv,TCGA-EL-A3CT,treatments.treatment_id,3
clinical.tsv,TCGA-EL-A3CT,treatments.treatment_type,3
clinical.tsv,TCGA-EL-A3CU,treatments.submitter_id,3
clinical.tsv,TCGA-EL-A3CU,treatments.treatment_id,3
clinical.tsv,TCGA-EL-A3CU,treatments.treatment_or_therapy,2
clinical.tsv,TCGA-EL-A3CU,treatments.treatment_type,3
clinical.tsv,TCGA-EL-A3CV,treatments.submitter_id,3
clinical.tsv,TCGA-EL-A3CV,treatments.treatment_id,3
clinical.tsv,TCGA-EL-A3CV,treatments.treatment_or_therapy,2
clinical.tsv,TCGA-EL-A3CV,treatments.treatment_type,3
clinical.tsv,TCGA-EL-A3CW,treatments.submitter_id,2
clinical.tsv,TCGA-EL-A3CW,treatments.treatment_id,2
clinical.tsv,TCGA-EL-A3CW,treatments.treatment_type,2
clinical.tsv,TCGA-EL-A3CX,treatments.submitter_id,4
clinical.tsv,TCGA-EL-A3CX,treatments.treatment_id,4
clinical.tsv,TCGA-EL-A3CX,treatments.treatment_type,4
clinical.tsv,TCGA-EL-A3CY,diagnoses.classification_of_tumor,2
clinical.tsv,TCGA-EL-A3CY,diagnoses.diagnosis_id,2
clinical.tsv,TCGA-EL-A3CY,diagnoses.diagnosis_is_primary_disease,2
clinical.tsv,TCGA-EL-A3CY,diagnoses.submitter_id,2
clinical.tsv,TCGA-EL-A3CY,treatments.submitter_id,6
clinical.tsv,TCGA-EL-A3CY,treatments.treatment_id,6
clinical.tsv,TCGA-EL-A3CY,treatments.treatment_or_therapy,2
clinical.tsv,TCGA-EL-A3CY,treatments.treatment_type,4
clinical.tsv,TCGA-EL-A3CZ,diagnoses.age_at_diagnosis,2
clinical.tsv,TCGA-EL-A3CZ,diagnoses.classification_of_tumor,2
clinical.tsv,TCGA-EL-A3CZ,diagnoses.days_to_diagnosis,2
clinical.tsv,TCGA-EL-A3CZ,diagnoses.diagnosis_id,2
clinical.tsv,TCGA-EL-A3CZ,diagnoses.diagnosis_is_primary_disease,2
clinical.tsv,TCGA-EL-A3CZ,diagnoses.prior_treatment,2
clinical.tsv,TCGA-EL-A3CZ,diagnoses.submitter_id,2
clinical.tsv,TCGA-EL-A3CZ,diagnoses.tissue_or_organ_of_origin,2
clinical.tsv,TCGA-EL-A3CZ,treatments.days_to_treatment_start,2
clinical.tsv,TCGA-EL-A3CZ,treatments.submitter_id,6
clinical.tsv,TCGA-EL-A3CZ,treatments.treatment_id,6
clinical.tsv,TCGA-EL-A3CZ,treatments.treatment_or_therapy,2
clinical.tsv,TCGA-EL-A3CZ,treatments.treatment_type,5
clinical.tsv,TCGA-EL-A3D0,diagnoses.classification_of_tumor,2
clinical.tsv,TCGA-EL-A3D0,diagnoses.diagnosis_id,2
clinical.tsv,TCGA-EL-A3D0,diagnoses.diagnosis_is_primary_disease,2
clinical.tsv,TCGA-EL-A3D0,diagnoses.morphology,2
clinical.tsv,TCGA-EL-A3D0,diagnoses.primary_diagnosis,2
clinical.tsv,TCGA-EL-A3D0,diagnoses.submitter_id,2
clinical.tsv,TCGA-EL-A3D0,diagnoses.tissue_or_organ_of_origin,2
clinical.tsv,TCGA-EL-A3D0,treatments.days_to_treatment_end,2
clinical.tsv,TCGA-EL-A3D0,treatments.days_to_treatment_start,2
clinical.tsv,TCGA-EL-A3D0,treatments.submitter_id,6
clinical.tsv,TCGA-EL-A3D0,treatments.treatment_dose,2
clinical.tsv,TCGA-EL-A3D0,treatments.treatment_id,6
clinical.tsv,TCGA-EL-A3D0,treatments.treatment_or_therapy,2
clinical.tsv,TCGA-EL-A3D0,treatments.treatment_type,4
clinical.tsv,TCGA-EL-A3D1,treatments.submitter_id,3
clinical.tsv,TCGA-EL-A3D1,treatments.treatment_id,3
clinical.tsv,TCGA-EL-A3D1,treatments.treatment_or_therapy,2
clinical.tsv,TCGA-EL-A3D1,treatments.treatment_type,3
clinical.tsv,TCGA-EL-A3D4,treatments.submitter_id,3
clinical.tsv,TCGA-EL-A3D4,treatments.treatment_id,3
clinical.tsv,TCGA-EL-A3D4,treatments.treatment_or_therapy,2
clinical.tsv,TCGA-EL-A3D4,treatments.treatment_type,3
clinical.tsv,TCGA-EL-A3D5,diagnoses.age_at_diagnosis,2
clinical.tsv,TCGA-EL-A3D5,diagnoses.classification_of_tumor,2
clinical.tsv,TCGA-EL-A3D5,diagnoses.days_to_diagnosis,2
clinical.tsv,TCGA-EL-A3D5,diagnoses.diagnosis_id,2
clinical.tsv,TCGA-EL-A3D5,diagnoses.diagnosis_is_primary_disease,2
clinical.tsv,TCGA-EL-A3D5,diagnoses.laterality,2
clinical.tsv,TCGA-EL-A3D5,diagnoses.morphology,2
clinical.tsv,TCGA-EL-A3D5,diagnoses.primary_diagnosis,2
clinical.tsv,TCGA-EL-A3D5,diagnoses.submitter_id,2
clinical.tsv,TCGA-EL-A3D5,diagnoses.tissue_or_organ_of_origin,2
clinical.tsv,TCGA-EL-A3D5,treatments.days_to_treatment_start,2
clinical.tsv,TCGA-EL-A3D5,treatments.submitter_id,7
clinical.tsv,TCGA-EL-A3D5,treatments.treatment_id,7
clinical.tsv,TCGA-EL-A3D5,treatments.treatment_or_therapy,2
clinical.tsv,TCGA-EL-A3D5,treatments.treatment_type,6
clinical.tsv,TCGA-EL-A3D6,treatments.submitter_id,3
clinical.tsv,TCGA-EL-A3D6,treatments.treatment_id,3
clinical.tsv,TCGA-EL-A3D6,treatments.treatment_or_therapy,2
clinical.tsv,TCGA-EL-A3D6,treatments.treatment_type,3
clinical.tsv,TCGA-EL-A3GO,diagnoses.age_at_diagnosis,2
clinical.tsv,TCGA-EL-A3GO,diagnoses.classification_of_tumor,2
clinical.tsv,TCGA-EL-A3GO,diagnoses.days_to_diagnosis,2
clinical.tsv,TCGA-EL-A3GO,diagnoses.diagnosis_id,2
clinical.tsv,TCGA-EL-A3GO,diagnoses.diagnosis_is_primary_disease,2
clinical.tsv,TCGA-EL-A3GO,diagnoses.prior_treatment,2
clinical.tsv,TCGA-EL-A3GO,diagnoses.submitter_id,2
clinical.tsv,TCGA-EL-A3GO,treatments.submitter_id,6
clinical.tsv,TCGA-EL-A3GO,treatments.treatment_id,6
clinical.tsv,TCGA-EL-A3GO,treatments.treatment_or_therapy,2
clinical.tsv,TCGA-EL-A3GO,treatments.treatment_type,4
clinical.tsv,TCGA-EL-A3GP,treatments.submitter_id,3
clinical.tsv,TCGA-EL-A3GP,treatments.treatment_id,3
clinical.tsv,TCGA-EL-A3GP,treatments.treatment_type,3
clinical.tsv,TCGA-EL-A3GQ,diagnoses.classification_of_tumor,2
clinical.tsv,TCGA-EL-A3GQ,diagnoses.diagnosis_id,2
clinical.tsv,TCGA-EL-A3GQ,diagnoses.diagnosis_is_primary_disease,2
clinical.tsv,TCGA-EL-A3GQ,diagnoses.morphology,2
clinical.tsv,TCGA-EL-A3GQ,diagnoses.primary_diagnosis,2
clinical.tsv,TCGA-EL-A3GQ,diagnoses.submitter_id,2
clinical.tsv,TCGA-EL-A3GQ,diagnoses.tissue_or_organ_of_origin,2
clinical.tsv,TCGA-EL-A3GQ,treatments.submitter_id,5
clinical.tsv,TCGA-EL-A3GQ,treatments.treatment_id,5
clinical.tsv,TCGA-EL-A3GQ,treatments.treatment_or_therapy,2
clinical.tsv,TCGA-EL-A3GQ,treatments.treatment_type,3
clinical.tsv,TCGA-EL-A3GR,treatments.submitter_id,5
clinical.tsv,TCGA-EL-A3GR,treatments.treatment_id,5
clinical.tsv,TCGA-EL-A3GR,treatments.treatment_or_therapy,2
clinical.tsv,TCGA-EL-A3GR,treatments.treatment_type,4
clinical.tsv,TCGA-EL-A3GS,treatments.submitter_id,5
clinical.tsv,TCGA-EL-A3GS,treatments.treatment_id,5
clinical.tsv,TCGA-EL-A3GS,treatments.treatment_or_therapy,2
clinical.tsv,TCGA-EL-A3GS,treatments.treatment_type,4
clinical.tsv,TCGA-EL-A3GU,diagnoses.age_at_diagnosis,2
clinical.tsv,TCGA-EL-A3GU,diagnoses.classification_of_tumor,2
clinical.tsv,TCGA-EL-A3GU,diagnoses.days_to_diagnosis,2
clinical.tsv,TCGA-EL-A3GU,diagnoses.diagnosis_id,2
clinical.tsv,TCGA-EL-A3GU,diagnoses.diagnosis_is_primary_disease,2
clinical.tsv,TCGA-EL-A3GU,diagnoses.prior_treatment,2
clinical.tsv,TCGA-EL-A3GU,diagnoses.submitter_id,2
clinical.tsv,TCGA-EL-A3GU,diagnoses.tissue_or_organ_of_origin,2
clinical.tsv,TCGA-EL-A3GU,treatments.submitter_id,6
clinical.tsv,TCGA-EL-A3GU,treatments.treatment_id,6
clinical.tsv,TCGA-EL-A3GU,treatments.treatment_or_therapy,2
clinical.tsv,TCGA-EL-A3GU,treatments.treatment_type,5
clinical.tsv,TCGA-EL-A3GV,treatments.submitter_id,5
clinical.tsv,TCGA-EL-A3GV,treatments.treatment_id,5
clinical.tsv,TCGA-EL-A3GV,treatments.treatment_or_therapy,2
clinical.tsv,TCGA-EL-A3GV,treatments.treatment_type,4
clinical.tsv,TCGA-EL-A3GW,treatments.submitter_id,5
clinical.tsv,TCGA-EL-A3GW,treatments.treatment_id,5
clinical.tsv,TCGA-EL-A3GW,treatments.treatment_or_therapy,2
clinical.tsv,TCGA-EL-A3GW,treatments.treatment_type,4
clinical.tsv,TCGA-EL-A3GX,diagnoses.age_at_diagnosis,2
clinical.tsv,TCGA-EL-A3GX,diagnoses.classification_of_tumor,2
clinical.tsv,TCGA-EL-A3GX,diagnoses.days_to_diagnosis,2
clinical.tsv,TCGA-EL-A3GX,diagnoses.diagnosis_id,2
clinical.tsv,TCGA-EL-A3GX,diagnoses.diagnosis_is_primary_disease,2
clinical.tsv,TCGA-EL-A3GX,diagnoses.prior_treatment,2
clinical.tsv,TCGA-EL-A3GX,diagnoses.submitter_id,2
clinical.tsv,TCGA-EL-A3GX,treatments.days_to_treatment_start,2
clinical.tsv,TCGA-EL-A3GX,treatments.submitter_id,9
clinical.tsv,TCGA-EL-A3GX,treatments.treatment_id,9
clinical.tsv,TCGA-EL-A3GX,treatments.treatment_or_therapy,2
clinical.tsv,TCGA-EL-A3GX,treatments.treatment_type,5
clinical.tsv,TCGA-EL-A3GY,treatments.submitter_id,4
clinical.tsv,TCGA-EL-A3GY,treatments.treatment_id,4
clinical.tsv,TCGA-EL-A3GY,treatments.treatment_or_therapy,2
clinical.tsv,TCGA-EL-A3GY,treatments.treatment_type,4
clinical.tsv,TCGA-EL-A3GZ,treatments.submitter_id,5
clinical.tsv,TCGA-EL-A3GZ,treatments.treatment_id,5
clinical.tsv,TCGA-EL-A3GZ,treatments.treatment_or_therapy,2
clinical.tsv,TCGA-EL-A3GZ,treatments.treatment_type,4
clinical.tsv,TCGA-EL-A3H1,treatments.submitter_id,4
clinical.tsv,TCGA-EL-A3H1,treatments.treatment_id,4
clinical.tsv,TCGA-EL-A3H1,treatments.treatment_or_therapy,2
clinical.tsv,TCGA-EL-A3H1,treatments.treatment_type,4
clinical.tsv,TCGA-EL-A3H2,diagnoses.classification_of_tumor,2
clinical.tsv,TCGA-EL-A3H2,diagnoses.diagnosis_id,2
clinical.tsv,TCGA-EL-A3H2,diagnoses.diagnosis_is_primary_disease,2
clinical.tsv,TCGA-EL-A3H2,diagnoses.morphology,2
clinical.tsv,TCGA-EL-A3H2,diagnoses.primary_diagnosis,2
clinical.tsv,TCGA-EL-A3H2,diagnoses.submitter_id,2
clinical.tsv,TCGA-EL-A3H2,diagnoses.tissue_or_organ_of_origin,2
clinical.tsv,TCGA-EL-A3H2,treatments.submitter_id,5
clinical.tsv,TCGA-EL-A3H2,treatments.treatment_id,5
clinical.tsv,TCGA-EL-A3H2,treatments.treatment_or_therapy,2
clinical.tsv,TCGA-EL-A3H2,treatments.treatment_type,4
clinical.tsv,TCGA-EL-A3H3,treatments.submitter_id,3
clinical.tsv,TCGA-EL-A3H3,treatments.treatment_id,3
clinical.tsv,TCGA-EL-A3H3,treatments.treatment_or_therapy,2
clinical.tsv,TCGA-EL-A3H3,treatments.treatment_type,3
clinical.tsv,TCGA-EL-A3H4,treatments.submitter_id,5
clinical.tsv,TCGA-EL-A3H4,treatments.treatment_id,5
clinical.tsv,TCGA-EL-A3H4,treatments.treatment_or_therapy,2
clinical.tsv,TCGA-EL-A3H4,treatments.treatment_type,4
clinical.tsv,TCGA-EL-A3H5,treatments.submitter_id,4
clinical.tsv,TCGA-EL-A3H5,treatments.treatment_id,4
clinical.tsv,TCGA-EL-A3H5,treatments.treatment_or_therapy,2
clinical.tsv,TCGA-EL-A3H5,treatments.treatment_type,4
clinical.tsv,TCGA-EL-A3H7,treatments.submitter_id,3
clinical.tsv,TCGA-EL-A3H7,treatments.treatment_id,3
clinical.tsv,TCGA-EL-A3H7,treatments.treatment_type,3
clinical.tsv,TCGA-EL-A3H8,diagnoses.age_at_diagnosis,2
clinical.tsv,TCGA-EL-A3H8,diagnoses.classification_of_tumor,2
clinical.tsv,TCGA-EL-A3H8,diagnoses.days_to_diagnosis,2
clinical.tsv,TCGA-EL-A3H8,diagnoses.diagnosis_id,2
clinical.tsv,TCGA-EL-A3H8,diagnoses.diagnosis_is_primary_disease,2
clinical.tsv,TCGA-EL-A3H8,diagnoses.morphology,2
clinical.tsv,TCGA-EL-A3H8,diagnoses.primary_diagnosis,2
clinical.tsv,TCGA-EL-A3H8,diagnoses.submitter_id,2
clinical.tsv,TCGA-EL-A3H8,diagnoses.tissue_or_organ_of_origin,2
clinical.tsv,TCGA-EL-A3H8,treatments.submitter_id,6
clinical.tsv,TCGA-EL-A3H8,treatments.treatment_id,6
clinical.tsv,TCGA-EL-A3H8,treatments.treatment_or_therapy,2
clinical.tsv,TCGA-EL-A3H8,treatments.treatment_type,4
clinical.tsv,TCGA-EL-A3MW,treatments.submitter_id,4
clinical.tsv,TCGA-EL-A3MW,treatments.treatment_id,4
clinical.tsv,TCGA-EL-A3MW,treatments.treatment_or_therapy,2
clinical.tsv,TCGA-EL-A3MW,treatments.treatment_type,4
clinical.tsv,TCGA-EL-A3MX,diagnoses.age_at_diagnosis,2
clinical.tsv,TCGA-EL-A3MX,diagnoses.classification_of_tumor,2
clinical.tsv,TCGA-EL-A3MX,diagnoses.days_to_diagnosis,2
clinical.tsv,TCGA-EL-A3MX,diagnoses.diagnosis_id,6
clinical.tsv,TCGA-EL-A3MX,diagnoses.diagnosis_is_primary_disease,2
clinical.tsv,TCGA-EL-A3MX,diagnoses.prior_treatment,2
clinical.tsv,TCGA-EL-A3MX,diagnoses.submitter_id,6
clinical.tsv,TCGA-EL-A3MX,diagnoses.tissue_or_organ_of_origin,6
clinical.tsv,TCGA-EL-A3MX,treatments.days_to_treatment_end,2
clinical.tsv,TCGA-EL-A3MX,treatments.days_to_treatment_start,3
clinical.tsv,TCGA-EL-A3MX,treatments.submitter_id,20
clinical.tsv,TCGA-EL-A3MX,treatments.treatment_anatomic_sites,2
clinical.tsv,TCGA-EL-A3MX,treatments.treatment_dose,2
clinical.tsv,TCGA-EL-A3MX,treatments.treatment_dose_units,2
clinical.tsv,TCGA-EL-A3MX,treatments.treatment_id,20
clinical.tsv,TCGA-EL-A3MX,treatments.treatment_or_therapy,2
clinical.tsv,TCGA-EL-A3MX,treatments.treatment_type,5
clinical.tsv,TCGA-EL-A3MY,diagnoses.classification_of_tumor,2
clinical.tsv,TCGA-EL-A3MY,diagnoses.diagnosis_id,2
clinical.tsv,TCGA-EL-A3MY,diagnoses.diagnosis_is_primary_disease,2
clinical.tsv,TCGA-EL-A3MY,diagnoses.submitter_id,2
clinical.tsv,TCGA-EL-A3MY,diagnoses.tissue_or_organ_of_origin,2
clinical.tsv,TCGA-EL-A3MY,treatments.submitter_id,6
clinical.tsv,TCGA-EL-A3MY,treatments.treatment_anatomic_sites,2
clinical.tsv,TCGA-EL-A3MY,treatments.treatment_id,6
clinical.tsv,TCGA-EL-A3MY,treatments.treatment_or_therapy,2
clinical.tsv,TCGA-EL-A3MY,treatments.treatment_type,5
clinical.tsv,TCGA-EL-A3MZ,treatments.submitter_id,3
clinical.tsv,TCGA-EL-A3MZ,treatments.treatment_id,3
clinical.tsv,TCGA-EL-A3MZ,treatments.treatment_or_therapy,2
clinical.tsv,TCGA-EL-A3MZ,treatments.treatment_type,3
clinical.tsv,TCGA-EL-A3N2,treatments.submitter_id,3
clinical.tsv,TCGA-EL-A3N2,treatments.treatment_id,3
clinical.tsv,TCGA-EL-A3N2,treatments.treatment_or_therapy,2
clinical.tsv,TCGA-EL-A3N2,treatments.treatment_type,3
clinical.tsv,TCGA-EL-A3N3,diagnoses.age_at_diagnosis,2
clinical.tsv,TCGA-EL-A3N3,diagnoses.classification_of_tumor,2
clinical.tsv,TCGA-EL-A3N3,diagnoses.days_to_diagnosis,2
clinical.tsv,TCGA-EL-A3N3,diagnoses.diagnosis_id,2
clinical.tsv,TCGA-EL-A3N3,diagnoses.diagnosis_is_primary_disease,2
clinical.tsv,TCGA-EL-A3N3,diagnoses.morphology,2
clinical.tsv,TCGA-EL-A3N3,diagnoses.primary_diagnosis,2
clinical.tsv,TCGA-EL-A3N3,diagnoses.submitter_id,2
clinical.tsv,TCGA-EL-A3N3,diagnoses.tissue_or_organ_of_origin,2
clinical.tsv,TCGA-EL-A3N3,treatments.days_to_treatment_start,2
clinical.tsv,TCGA-EL-A3N3,treatments.submitter_id,8
clinical.tsv,TCGA-EL-A3N3,treatments.treatment_id,8
clinical.tsv,TCGA-EL-A3N3,treatments.treatment_or_therapy,2
clinical.tsv,TCGA-EL-A3N3,treatments.treatment_type,6
clinical.tsv,TCGA-EL-A3T0,treatments.submitter_id,6
clinical.tsv,TCGA-EL-A3T0,treatments.treatment_id,6
clinical.tsv,TCGA-EL-A3T0,treatments.treatment_or_therapy,2
clinical.tsv,TCGA-EL-A3T0,treatments.treatment_type,4
clinical.tsv,TCGA-EL-A3T1,treatments.submitter_id,3
clinical.tsv,TCGA-EL-A3T1,treatments.treatment_id,3
clinical.tsv,TCGA-EL-A3T1,treatments.treatment_type,3
clinical.tsv,TCGA-EL-A3T2,diagnoses.age_at_diagnosis,3
clinical.tsv,TCGA-EL-A3T2,diagnoses.classification_of_tumor,2
clinical.tsv,TCGA-EL-A3T2,diagnoses.days_to_diagnosis,3
clinical.tsv,TCGA-EL-A3T2,diagnoses.diagnosis_id,3
clinical.tsv,TCGA-EL-A3T2,diagnoses.diagnosis_is_primary_disease,2
clinical.tsv,TCGA-EL-A3T2,diagnoses.prior_treatment,2
clinical.tsv,TCGA-EL-A3T2,diagnoses.submitter_id,3
clinical.tsv,TCGA-EL-A3T2,diagnoses.tissue_or_organ_of_origin,3
clinical.tsv,TCGA-EL-A3T2,treatments.submitter_id,9
clinical.tsv,TCGA-EL-A3T2,treatments.treatment_id,9
clinical.tsv,TCGA-EL-A3T2,treatments.treatment_or_therapy,2
clinical.tsv,TCGA-EL-A3T2,treatments.treatment_type,5
clinical.tsv,TCGA-EL-A3T3,treatments.submitter_id,5
clinical.tsv,TCGA-EL-A3T3,treatments.treatment_id,5
clinical.tsv,TCGA-EL-A3T3,treatments.treatment_or_therapy,2
clinical.tsv,TCGA-EL-A3T3,treatments.treatment_type,3
clinical.tsv,TCGA-EL-A3T6,treatments.submitter_id,3
clinical.tsv,TCGA-EL-A3T6,treatments.treatment_id,3
clinical.tsv,TCGA-EL-A3T6,treatments.treatment_or_therapy,2
clinical.tsv,TCGA-EL-A3T6,treatments.treatment_type,3
clinical.tsv,TCGA-EL-A3T7,treatments.submitter_id,2
clinical.tsv,TCGA-EL-A3T7,treatments.treatment_id,2
clinical.tsv,TCGA-EL-A3T7,treatments.treatment_type,2
clinical.tsv,TCGA-EL-A3T8,treatments.submitter_id,3
clinical.tsv,TCGA-EL-A3T8,treatments.treatment_id,3
clinical.tsv,TCGA-EL-A3T8,treatments.treatment_or_therapy,2
clinical.tsv,TCGA-EL-A3T8,treatments.treatment_type,3
clinical.tsv,TCGA-EL-A3T9,treatments.submitter_id,2
clinical.tsv,TCGA-EL-A3T9,treatments.treatment_id,2
clinical.tsv,TCGA-EL-A3T9,treatments.treatment_type,2
clinical.tsv,TCGA-EL-A3TA,treatments.submitter_id,3
clinical.tsv,TCGA-EL-A3TA,treatments.treatment_id,3
clinical.tsv,TCGA-EL-A3TA,treatments.treatment_or_therapy,2
clinical.tsv,TCGA-EL-A3TA,treatments.treatment_type,3
clinical.tsv,TCGA-EL-A3TB,treatments.submitter_id,3
clinical.tsv,TCGA-EL-A3TB,treatments.treatment_id,3
clinical.tsv,TCGA-EL-A3TB,treatments.treatment_or_therapy,2
clinical.tsv,TCGA-EL-A3TB,treatments.treatment_type,3
clinical.tsv,TCGA-EL-A3ZG,treatments.submitter_id,5
clinical.tsv,TCGA-EL-A3ZG,treatments.treatment_id,5
clinical.tsv,TCGA-EL-A3ZG,treatments.treatment_or_therapy,2
clinical.tsv,TCGA-EL-A3ZG,treatments.treatment_type,4
clinical.tsv,TCGA-EL-A3ZH,treatments.submitter_id,4
clinical.tsv,TCGA-EL-A3ZH,treatments.treatment_id,4
clinical.tsv,TCGA-EL-A3ZH,treatments.treatment_or_therapy,2
clinical.tsv,TCGA-EL-A3ZH,treatments.treatment_type,4
clinical.tsv,TCGA-EL-A3ZK,treatments.submitter_id,4
clinical.tsv,TCGA-EL-A3ZK,treatments.treatment_dose,2
clinical.tsv,TCGA-EL-A3ZK,treatments.treatment_id,4
clinical.tsv,TCGA-EL-A3ZK,treatments.treatment_or_therapy,2
clinical.tsv,TCGA-EL-A3ZK,treatments.treatment_type,4
clinical.tsv,TCGA-EL-A3ZL,treatments.submitter_id,5
clinical.tsv,TCGA-EL-A3ZL,treatments.treatment_id,5
clinical.tsv,TCGA-EL-A3ZL,treatments.treatment_or_therapy,2
clinical.tsv,TCGA-EL-A3ZL,treatments.treatment_type,4
clinical.tsv,TCGA-EL-A3ZM,treatments.days_to_treatment_end,2
clinical.tsv,TCGA-EL-A3ZM,treatments.days_to_treatment_start,2
clinical.tsv,TCGA-EL-A3ZM,treatments.number_of_fractions,2
clinical.tsv,TCGA-EL-A3ZM,treatments.submitter_id,5
clinical.tsv,TCGA-EL-A3ZM,treatments.treatment_dose,2
clinical.tsv,TCGA-EL-A3ZM,treatments.treatment_dose_units,2
clinical.tsv,TCGA-EL-A3ZM,treatments.treatment_id,5
clinical.tsv,TCGA-EL-A3ZM,treatments.treatment_or_therapy,2
clinical.tsv,TCGA-EL-A3ZM,treatments.treatment_type,5
clinical.tsv,TCGA-EL-A3ZN,treatments.submitter_id,4
clinical.tsv,TCGA-EL-A3ZN,treatments.treatment_id,4
clinical.tsv,TCGA-EL-A3ZN,treatments.treatment_type,4
clinical.tsv,TCGA-EL-A3ZO,treatments.submitter_id,5
clinical.tsv,TCGA-EL-A3ZO,treatments.treatment_dose,2
clinical.tsv,TCGA-EL-A3ZO,treatments.treatment_dose_units,2
clinical.tsv,TCGA-EL-A3ZO,treatments.treatment_id,5
clinical.tsv,TCGA-EL-A3ZO,treatments.treatment_or_therapy,2
clinical.tsv,TCGA-EL-A3ZO,treatments.treatment_type,4
clinical.tsv,TCGA-EL-A3ZP,treatments.submitter_id,4
clinical.tsv,TCGA-EL-A3ZP,treatments.treatment_id,4
clinical.tsv,TCGA-EL-A3ZP,treatments.treatment_or_therapy,2
clinical.tsv,TCGA-EL-A3ZP,treatments.treatment_type,4
clinical.tsv,TCGA-EL-A3ZQ,treatments.submitter_id,5
clinical.tsv,TCGA-EL-A3ZQ,treatments.treatment_id,5
clinical.tsv,TCGA-EL-A3ZQ,treatments.treatment_or_therapy,2
clinical.tsv,TCGA-EL-A3ZQ,treatments.treatment_type,4
clinical.tsv,TCGA-EL-A3ZR,treatments.submitter_id,5
clinical.tsv,TCGA-EL-A3ZR,treatments.treatment_id,5
clinical.tsv,TCGA-EL-A3ZR,treatments.treatment_or_therapy,2
clinical.tsv,TCGA-EL-A3ZR,treatments.treatment_type,4
clinical.tsv,TCGA-EL-A3ZS,treatments.submitter_id,4
clinical.tsv,TCGA-EL-A3ZS,treatments.treatment_id,4
clinical.tsv,TCGA-EL-A3ZS,treatments.treatment_or_therapy,2
clinical.tsv,TCGA-EL-A3ZS,treatments.treatment_type,4
clinical.tsv,TCGA-EL-A3ZT,treatments.submitter_id,5
clinical.tsv,TCGA-EL-A3ZT,treatments.treatment_id,5
clinical.tsv,TCGA-EL-A3ZT,treatments.treatment_or_therapy,2
clinical.tsv,TCGA-EL-A3ZT,treatments.treatment_type,4
clinical.tsv,TCGA-EL-A4JV,treatments.submitter_id,3
clinical.tsv,TCGA-EL-A4JV,treatments.treatment_id,3
clinical.tsv,TCGA-EL-A4JV,treatments.treatment_or_therapy,2
clinical.tsv,TCGA-EL-A4JV,treatments.treatment_type,3
clinical.tsv,TCGA-EL-A4JW,treatments.submitter_id,3
clinical.tsv,TCGA-EL-A4JW,treatments.treatment_id,3
clinical.tsv,TCGA-EL-A4JW,treatments.treatment_or_therapy,2
clinical.tsv,TCGA-EL-A4JW,treatments.treatment_type,3
clinical.tsv,TCGA-EL-A4JX,treatments.submitter_id,3
clinical.tsv,TCGA-EL-A4JX,treatments.treatment_id,3
clinical.tsv,TCGA-EL-A4JX,treatments.treatment_type,3
clinical.tsv,TCGA-EL-A4JZ,treatments.submitter_id,3
clinical.tsv,TCGA-EL-A4JZ,treatments.treatment_id,3
clinical.tsv,TCGA-EL-A4JZ,treatments.treatment_type,3
clinical.tsv,TCGA-EL-A4K0,treatments.submitter_id,4
clinical.tsv,TCGA-EL-A4K0,treatments.treatment_id,4
clinical.tsv,TCGA-EL-A4K0,treatments.treatment_type,4
clinical.tsv,TCGA-EL-A4K1,treatments.submitter_id,3
clinical.tsv,TCGA-EL-A4K1,treatments.treatment_id,3
clinical.tsv,TCGA-EL-A4K1,treatments.treatment_type,3
clinical.tsv,TCGA-EL-A4K2,treatments.submitter_id,3
clinical.tsv,TCGA-EL-A4K2,treatments.treatment_id,3
clinical.tsv,TCGA-EL-A4K2,treatments.treatment_type,3
clinical.tsv,TCGA-EL-A4K4,diagnoses.diagnosis_id,2
clinical.tsv,TCGA-EL-A4K4,diagnoses.diagnosis_is_primary_disease,2
clinical.tsv,TCGA-EL-A4K4,diagnoses.prior_treatment,2
clinical.tsv,TCGA-EL-A4K4,diagnoses.submitter_id,2
clinical.tsv,TCGA-EL-A4K4,diagnoses.tissue_or_organ_of_origin,2
clinical.tsv,TCGA-EL-A4K4,treatments.submitter_id,2
clinical.tsv,TCGA-EL-A4K4,treatments.treatment_id,2
clinical.tsv,TCGA-EL-A4K4,treatments.treatment_or_therapy,2
clinical.tsv,TCGA-EL-A4K4,treatments.treatment_type,2
clinical.tsv,TCGA-EL-A4K6,diagnoses.age_at_diagnosis,2
clinical.tsv,TCGA-EL-A4K6,diagnoses.classification_of_tumor,2
clinical.tsv,TCGA-EL-A4K6,diagnoses.days_to_diagnosis,2
clinical.tsv,TCGA-EL-A4K6,diagnoses.diagnosis_id,2
clinical.tsv,TCGA-EL-A4K6,diagnoses.diagnosis_is_primary_disease,2
clinical.tsv,TCGA-EL-A4K6,diagnoses.prior_treatment,2
clinical.tsv,TCGA-EL-A4K6,diagnoses.submitter_id,2
clinical.tsv,TCGA-EL-A4K6,diagnoses.tissue_or_organ_of_origin,2
clinical.tsv,TCGA-EL-A4K6,treatments.submitter_id,6
clinical.tsv,TCGA-EL-A4K6,treatments.treatment_id,6
clinical.tsv,TCGA-EL-A4K6,treatments.treatment_or_therapy,2
clinical.tsv,TCGA-EL-A4K6,treatments.treatment_type,5
clinical.tsv,TCGA-EL-A4K7,treatments.submitter_id,3
clinical.tsv,TCGA-EL-A4K7,treatments.treatment_id,3
clinical.tsv,TCGA-EL-A4K7,treatments.treatment_type,3
clinical.tsv,TCGA-EL-A4K9,treatments.submitter_id,2
clinical.tsv,TCGA-EL-A4K9,treatments.treatment_id,2
clinical.tsv,TCGA-EL-A4K9,treatments.treatment_or_therapy,2
clinical.tsv,TCGA-EL-A4K9,treatments.treatment_type,2
clinical.tsv,TCGA-EL-A4KD,treatments.submitter_id,5
clinical.tsv,TCGA-EL-A4KD,treatments.treatment_id,5
clinical.tsv,TCGA-EL-A4KD,treatments.treatment_or_therapy,2
clinical.tsv,TCGA-EL-A4KD,treatments.treatment_type,3
clinical.tsv,TCGA-EL-A4KG,treatments.submitter_id,3
clinical.tsv,TCGA-EL-A4KG,treatments.treatment_id,3
clinical.tsv,TCGA-EL-A4KG,treatments.treatment_type,3
clinical.tsv,TCGA-EL-A4KH,treatments.submitter_id,3
clinical.tsv,TCGA-EL-A4KH,treatments.treatment_id,3
clinical.tsv,TCGA-EL-A4KH,treatments.treatment_or_therapy,2
clinical.tsv,TCGA-EL-A4KH,treatments.treatment_type,3
clinical.tsv,TCGA-EL-A4KI,diagnoses.age_at_diagnosis,2
clinical.tsv,TCGA-EL-A4KI,diagnoses.classification_of_tumor,2
clinical.tsv,TCGA-EL-A4KI,diagnoses.days_to_diagnosis,2
clinical.tsv,TCGA-EL-A4KI,diagnoses.diagnosis_id,2
clinical.tsv,TCGA-EL-A4KI,diagnoses.diagnosis_is_primary_disease,2
clinical.tsv,TCGA-EL-A4KI,diagnoses.prior_treatment,2
clinical.tsv,TCGA-EL-A4KI,diagnoses.submitter_id,2
clinical.tsv,TCGA-EL-A4KI,diagnoses.tissue_or_organ_of_origin,2
clinical.tsv,TCGA-EL-A4KI,treatments.submitter_id,4
clinical.tsv,TCGA-EL-A4KI,treatments.treatment_id,4
clinical.tsv,TCGA-EL-A4KI,treatments.treatment_or_therapy,2
clinical.tsv,TCGA-EL-A4KI,treatments.treatment_type,4
clinical.tsv,TCGA-EM-A1CS,treatments.submitter_id,3
clinical.tsv,TCGA-EM-A1CS,treatments.treatment_id,3
clinical.tsv,TCGA-EM-A1CS,treatments.treatment_type,3
clinical.tsv,TCGA-EM-A1CT,treatments.submitter_id,3
clinical.tsv,TCGA-EM-A1CT,treatments.treatment_id,3
clinical.tsv,TCGA-EM-A1CT,treatments.treatment_or_therapy,2
clinical.tsv,TCGA-EM-A1CT,treatments.treatment_type,3
clinical.tsv,TCGA-EM-A1CU,treatments.submitter_id,3
clinical.tsv,TCGA-EM-A1CU,treatments.treatment_id,3
clinical.tsv,TCGA-EM-A1CU,treatments.treatment_or_therapy,2
clinical.tsv,TCGA-EM-A1CU,treatments.treatment_type,3
clinical.tsv,TCGA-EM-A1CV,treatments.submitter_id,4
clinical.tsv,TCGA-EM-A1CV,treatments.treatment_id,4
clinical.tsv,TCGA-EM-A1CV,treatments.treatment_type,4
clinical.tsv,TCGA-EM-A1CW,treatments.submitter_id,4
clinical.tsv,TCGA-EM-A1CW,treatments.treatment_id,4
clinical.tsv,TCGA-EM-A1CW,treatments.treatment_or_therapy,2
clinical.tsv,TCGA-EM-A1CW,treatments.treatment_type,3
clinical.tsv,TCGA-EM-A1YA,treatments.submitter_id,5
clinical.tsv,TCGA-EM-A1YA,treatments.treatment_id,5
clinical.tsv,TCGA-EM-A1YA,treatments.treatment_or_therapy,2
clinical.tsv,TCGA-EM-A1YA,treatments.treatment_type,4
clinical.tsv,TCGA-EM-A1YB,treatments.submitter_id,4
clinical.tsv,TCGA-EM-A1YB,treatments.treatment_id,4
clinical.tsv,TCGA-EM-A1YB,treatments.treatment_or_therapy,2
clinical.tsv,TCGA-EM-A1YB,treatments.treatment_type,4
clinical.tsv,TCGA-EM-A1YC,treatments.submitter_id,6
clinical.tsv,TCGA-EM-A1YC,treatments.treatment_id,6
clinical.tsv,TCGA-EM-A1YC,treatments.treatment_or_therapy,2
clinical.tsv,TCGA-EM-A1YC,treatments.treatment_type,5
clinical.tsv,TCGA-EM-A1YD,treatments.submitter_id,2
clinical.tsv,TCGA-EM-A1YD,treatments.treatment_id,2
clinical.tsv,TCGA-EM-A1YD,treatments.treatment_type,2
clinical.tsv,TCGA-EM-A1YE,treatments.submitter_id,3
clinical.tsv,TCGA-EM-A1YE,treatments.treatment_id,3
clinical.tsv,TCGA-EM-A1YE,treatments.treatment_or_therapy,2
clinical.tsv,TCGA-EM-A1YE,treatments.treatment_type,3
clinical.tsv,TCGA-EM-A22I,treatments.submitter_id,5
clinical.tsv,TCGA-EM-A22I,treatments.treatment_id,5
clinical.tsv,TCGA-EM-A22I,treatments.treatment_or_therapy,2
clinical.tsv,TCGA-EM-A22I,treatments.treatment_type,4
clinical.tsv,TCGA-EM-A22J,treatments.submitter_id,3
clinical.tsv,TCGA-EM-A22J,treatments.treatment_id,3
clinical.tsv,TCGA-EM-A22J,treatments.treatment_or_therapy,2
clinical.tsv,TCGA-EM-A22J,treatments.treatment_type,3
clinical.tsv,TCGA-EM-A22K,treatments.submitter_id,3
clinical.tsv,TCGA-EM-A22K,treatments.treatment_id,3
clinical.tsv,TCGA-EM-A22K,treatments.treatment_or_therapy,2
clinical.tsv,TCGA-EM-A22K,treatments.treatment_type,3
clinical.tsv,TCGA-EM-A22L,treatments.submitter_id,2
clinical.tsv,TCGA-EM-A22L,treatments.treatment_id,2
clinical.tsv,TCGA-EM-A22L,treatments.treatment_type,2
clinical.tsv,TCGA-EM-A22M,treatments.submitter_id,3
clinical.tsv,TCGA-EM-A22M,treatments.treatment_id,3
clinical.tsv,TCGA-EM-A22M,treatments.treatment_or_therapy,2
clinical.tsv,TCGA-EM-A22M,treatments.treatment_type,3
clinical.tsv,TCGA-EM-A22N,treatments.submitter_id,3
clinical.tsv,TCGA-EM-A22N,treatments.treatment_id,3
clinical.tsv,TCGA-EM-A22N,treatments.treatment_or_therapy,2
clinical.tsv,TCGA-EM-A22N,treatments.treatment_type,3
clinical.tsv,TCGA-EM-A22O,treatments.days_to_treatment_end,2
clinical.tsv,TCGA-EM-A22O,treatments.days_to_treatment_start,2
clinical.tsv,TCGA-EM-A22O,treatments.prescribed_dose,2
clinical.tsv,TCGA-EM-A22O,treatments.prescribed_dose_units,2
clinical.tsv,TCGA-EM-A22O,treatments.submitter_id,7
clinical.tsv,TCGA-EM-A22O,treatments.treatment_anatomic_sites,2
clinical.tsv,TCGA-EM-A22O,treatments.treatment_dose,2
clinical.tsv,TCGA-EM-A22O,treatments.treatment_dose_units,2
clinical.tsv,TCGA-EM-A22O,treatments.treatment_id,7
clinical.tsv,TCGA-EM-A22O,treatments.treatment_or_therapy,2
clinical.tsv,TCGA-EM-A22O,treatments.treatment_type,5
clinical.tsv,TCGA-EM-A22P,treatments.submitter_id,7
clinical.tsv,TCGA-EM-A22P,treatments.treatment_dose,2
clinical.tsv,TCGA-EM-A22P,treatments.treatment_id,7
clinical.tsv,TCGA-EM-A22P,treatments.treatment_or_therapy,2
clinical.tsv,TCGA-EM-A22P,treatments.treatment_type,5
clinical.tsv,TCGA-EM-A22Q,treatments.submitter_id,4
clinical.tsv,TCGA-EM-A22Q,treatments.treatment_id,4
clinical.tsv,TCGA-EM-A22Q,treatments.treatment_or_therapy,2
clinical.tsv,TCGA-EM-A22Q,treatments.treatment_type,3
clinical.tsv,TCGA-EM-A2CJ,treatments.submitter_id,4
clinical.tsv,TCGA-EM-A2CJ,treatments.treatment_id,4
clinical.tsv,TCGA-EM-A2CJ,treatments.treatment_type,4
clinical.tsv,TCGA-EM-A2CK,treatments.submitter_id,5
clinical.tsv,TCGA-EM-A2CK,treatments.treatment_id,5
clinical.tsv,TCGA-EM-A2CK,treatments.treatment_or_therapy,2
clinical.tsv,TCGA-EM-A2CK,treatments.treatment_type,4
clinical.tsv,TCGA-EM-A2CL,treatments.submitter_id,3
clinical.tsv,TCGA-EM-A2CL,treatments.treatment_id,3
clinical.tsv,TCGA-EM-A2CL,treatments.treatment_type,3
clinical.tsv,TCGA-EM-A2CM,treatments.submitter_id,7
clinical.tsv,TCGA-EM-A2CM,treatments.treatment_id,7
clinical.tsv,TCGA-EM-A2CM,treatments.treatment_or_therapy,2
clinical.tsv,TCGA-EM-A2CM,treatments.treatment_type,4
clinical.tsv,TCGA-EM-A2CN,treatments.prescribed_dose,2
clinical.tsv,TCGA-EM-A2CN,treatments.prescribed_dose_units,2
clinical.tsv,TCGA-EM-A2CN,treatments.submitter_id,5
clinical.tsv,TCGA-EM-A2CN,treatments.treatment_id,5
clinical.tsv,TCGA-EM-A2CN,treatments.treatment_or_therapy,2
clinical.tsv,TCGA-EM-A2CN,treatments.treatment_type,4
clinical.tsv,TCGA-EM-A2CO,treatments.submitter_id,5
clinical.tsv,TCGA-EM-A2CO,treatments.treatment_id,5
clinical.tsv,TCGA-EM-A2CO,treatments.treatment_or_therapy,2
clinical.tsv,TCGA-EM-A2CO,treatments.treatment_type,4
clinical.tsv,TCGA-EM-A2CP,treatments.submitter_id,2
clinical.tsv,TCGA-EM-A2CP,treatments.treatment_id,2
clinical.tsv,TCGA-EM-A2CP,treatments.treatment_type,2
clinical.tsv,TCGA-EM-A2CQ,treatments.submitter_id,3
clinical.tsv,TCGA-EM-A2CQ,treatments.treatment_id,3
clinical.tsv,TCGA-EM-A2CQ,treatments.treatment_type,3
clinical.tsv,TCGA-EM-A2CR,treatments.submitter_id,3
clinical.tsv,TCGA-EM-A2CR,treatments.treatment_id,3
clinical.tsv,TCGA-EM-A2CR,treatments.treatment_type,3
clinical.tsv,TCGA-EM-A2CS,treatments.days_to_treatment_end,2
clinical.tsv,TCGA-EM-A2CS,treatments.days_to_treatment_start,2
clinical.tsv,TCGA-EM-A2CS,treatments.number_of_fractions,2
clinical.tsv,TCGA-EM-A2CS,treatments.prescribed_dose,2
clinical.tsv,TCGA-EM-A2CS,treatments.submitter_id,7
clinical.tsv,TCGA-EM-A2CS,treatments.treatment_dose,2
clinical.tsv,TCGA-EM-A2CS,treatments.treatment_dose_units,2
clinical.tsv,TCGA-EM-A2CS,treatments.treatment_id,7
clinical.tsv,TCGA-EM-A2CS,treatments.treatment_or_therapy,2
clinical.tsv,TCGA-EM-A2CS,treatments.treatment_type,5
clinical.tsv,TCGA-EM-A2CT,treatments.submitter_id,4
clinical.tsv,TCGA-EM-A2CT,treatments.treatment_id,4
clinical.tsv,TCGA-EM-A2CT,treatments.treatment_type,4
clinical.tsv,TCGA-EM-A2CU,treatments.submitter_id,5
clinical.tsv,TCGA-EM-A2CU,treatments.treatment_id,5
clinical.tsv,TCGA-EM-A2CU,treatments.treatment_or_therapy,2
clinical.tsv,TCGA-EM-A2CU,treatments.treatment_type,4
clinical.tsv,TCGA-EM-A2OV,treatments.submitter_id,5
clinical.tsv,TCGA-EM-A2OV,treatments.treatment_id,5
clinical.tsv,TCGA-EM-A2OV,treatments.treatment_or_therapy,2
clinical.tsv,TCGA-EM-A2OV,treatments.treatment_type,4
clinical.tsv,TCGA-EM-A2OW,treatments.submitter_id,4
clinical.tsv,TCGA-EM-A2OW,treatments.treatment_id,4
clinical.tsv,TCGA-EM-A2OW,treatments.treatment_type,4
clinical.tsv,TCGA-EM-A2OX,treatments.submitter_id,5
clinical.tsv,TCGA-EM-A2OX,treatments.treatment_id,5
clinical.tsv,TCGA-EM-A2OX,treatments.treatment_or_therapy,2
clinical.tsv,TCGA-EM-A2OX,treatments.treatment_type,4
clinical.tsv,TCGA-EM-A2OY,treatments.prescribed_dose,2
clinical.tsv,TCGA-EM-A2OY,treatments.pretreatment,2
clinical.tsv,TCGA-EM-A2OY,treatments.submitter_id,7
clinical.tsv,TCGA-EM-A2OY,treatments.treatment_dose,2
clinical.tsv,TCGA-EM-A2OY,treatments.treatment_id,7
clinical.tsv,TCGA-EM-A2OY,treatments.treatment_or_therapy,2
clinical.tsv,TCGA-EM-A2OY,treatments.treatment_type,4
clinical.tsv,TCGA-EM-A2OZ,treatments.submitter_id,4
clinical.tsv,TCGA-EM-A2OZ,treatments.treatment_id,4
clinical.tsv,TCGA-EM-A2OZ,treatments.treatment_type,4
clinical.tsv,TCGA-EM-A2P0,treatments.submitter_id,5
clinical.tsv,TCGA-EM-A2P0,treatments.treatment_id,5
clinical.tsv,TCGA-EM-A2P0,treatments.treatment_or_therapy,2
clinical.tsv,TCGA-EM-A2P0,treatments.treatment_type,4
clinical.tsv,TCGA-EM-A2P1,diagnoses.age_at_diagnosis,2
clinical.tsv,TCGA-EM-A2P1,diagnoses.classification_of_tumor,2
clinical.tsv,TCGA-EM-A2P1,diagnoses.days_to_diagnosis,2
clinical.tsv,TCGA-EM-A2P1,diagnoses.diagnosis_id,2
clinical.tsv,TCGA-EM-A2P1,diagnoses.diagnosis_is_primary_disease,2
clinical.tsv,TCGA-EM-A2P1,diagnoses.prior_treatment,2
clinical.tsv,TCGA-EM-A2P1,diagnoses.submitter_id,2
clinical.tsv,TCGA-EM-A2P1,diagnoses.tissue_or_organ_of_origin,2
clinical.tsv,TCGA-EM-A2P1,treatments.submitter_id,5
clinical.tsv,TCGA-EM-A2P1,treatments.treatment_id,5
clinical.tsv,TCGA-EM-A2P1,treatments.treatment_or_therapy,2
clinical.tsv,TCGA-EM-A2P1,treatments.treatment_type,4
clinical.tsv,TCGA-EM-A2P2,treatments.submitter_id,5
clinical.tsv,TCGA-EM-A2P2,treatments.treatment_id,5
clinical.tsv,TCGA-EM-A2P2,treatments.treatment_or_therapy,2
clinical.tsv,TCGA-EM-A2P2,treatments.treatment_type,4
clinical.tsv,TCGA-EM-A2P3,treatments.submitter_id,4
clinical.tsv,TCGA-EM-A2P3,treatments.treatment_id,4
clinical.tsv,TCGA-EM-A2P3,treatments.treatment_type,4
clinical.tsv,TCGA-EM-A3AI,treatments.submitter_id,5
clinical.tsv,TCGA-EM-A3AI,treatments.treatment_id,5
clinical.tsv,TCGA-EM-A3AI,treatments.treatment_or_therapy,2
clinical.tsv,TCGA-EM-A3AI,treatments.treatment_type,4
clinical.tsv,TCGA-EM-A3AJ,treatments.pretreatment,2
clinical.tsv,TCGA-EM-A3AJ,treatments.submitter_id,7
clinical.tsv,TCGA-EM-A3AJ,treatments.treatment_id,7
clinical.tsv,TCGA-EM-A3AJ,treatments.treatment_or_therapy,2
clinical.tsv,TCGA-EM-A3AJ,treatments.treatment_type,4
clinical.tsv,TCGA-EM-A3AK,treatments.submitter_id,4
clinical.tsv,TCGA-EM-A3AK,treatments.treatment_id,4
clinical.tsv,TCGA-EM-A3AK,treatments.treatment_type,4
clinical.tsv,TCGA-EM-A3AL,treatments.submitter_id,3
clinical.tsv,TCGA-EM-A3AL,treatments.treatment_id,3
clinical.tsv,TCGA-EM-A3AL,treatments.treatment_type,3
clinical.tsv,TCGA-EM-A3AN,treatments.pretreatment,2
clinical.tsv,TCGA-EM-A3AN,treatments.submitter_id,7
clinical.tsv,TCGA-EM-A3AN,treatments.treatment_id,7
clinical.tsv,TCGA-EM-A3AN,treatments.treatment_or_therapy,2
clinical.tsv,TCGA-EM-A3AN,treatments.treatment_type,4
clinical.tsv,TCGA-EM-A3AO,treatments.submitter_id,5
clinical.tsv,TCGA-EM-A3AO,treatments.treatment_id,5
clinical.tsv,TCGA-EM-A3AO,treatments.treatment_or_therapy,2
clinical.tsv,TCGA-EM-A3AO,treatments.treatment_type,4
clinical.tsv,TCGA-EM-A3AP,treatments.submitter_id,3
clinical.tsv,TCGA-EM-A3AP,treatments.treatment_id,3
clinical.tsv,TCGA-EM-A3AP,treatments.treatment_type,3
clinical.tsv,TCGA-EM-A3AQ,diagnoses.classification_of_tumor,2
clinical.tsv,TCGA-EM-A3AQ,diagnoses.diagnosis_id,2
clinical.tsv,TCGA-EM-A3AQ,diagnoses.diagnosis_is_primary_disease,2
clinical.tsv,TCGA-EM-A3AQ,diagnoses.morphology,2
clinical.tsv,TCGA-EM-A3AQ,diagnoses.primary_diagnosis,2
clinical.tsv,TCGA-EM-A3AQ,diagnoses.submitter_id,2
clinical.tsv,TCGA-EM-A3AQ,diagnoses.tissue_or_organ_of_origin,2
clinical.tsv,TCGA-EM-A3AQ,treatments.submitter_id,6
clinical.tsv,TCGA-EM-A3AQ,treatments.treatment_id,6
clinical.tsv,TCGA-EM-A3AQ,treatments.treatment_type,4
clinical.tsv,TCGA-EM-A3AR,treatments.submitter_id,5
clinical.tsv,TCGA-EM-A3AR,treatments.treatment_id,5
clinical.tsv,TCGA-EM-A3AR,treatments.treatment_or_therapy,2
clinical.tsv,TCGA-EM-A3AR,treatments.treatment_type,4
clinical.tsv,TCGA-EM-A3FJ,treatments.submitter_id,5
clinical.tsv,TCGA-EM-A3FJ,treatments.treatment_id,5
clinical.tsv,TCGA-EM-A3FJ,treatments.treatment_or_therapy,2
clinical.tsv,TCGA-EM-A3FJ,treatments.treatment_type,4
clinical.tsv,TCGA-EM-A3FK,treatments.submitter_id,5
clinical.tsv,TCGA-EM-A3FK,treatments.treatment_id,5
clinical.tsv,TCGA-EM-A3FK,treatments.treatment_or_therapy,2
clinical.tsv,TCGA-EM-A3FK,treatments.treatment_type,4
clinical.tsv,TCGA-EM-A3FL,treatments.submitter_id,5
clinical.tsv,TCGA-EM-A3FL,treatments.treatment_id,5
clinical.tsv,TCGA-EM-A3FL,treatments.treatment_or_therapy,2
clinical.tsv,TCGA-EM-A3FL,treatments.treatment_type,4
clinical.tsv,TCGA-EM-A3FM,diagnoses.age_at_diagnosis,2
clinical.tsv,TCGA-EM-A3FM,diagnoses.classification_of_tumor,2
clinical.tsv,TCGA-EM-A3FM,diagnoses.days_to_diagnosis,2
clinical.tsv,TCGA-EM-A3FM,diagnoses.diagnosis_id,2
clinical.tsv,TCGA-EM-A3FM,diagnoses.diagnosis_is_primary_disease,2
clinical.tsv,TCGA-EM-A3FM,diagnoses.prior_treatment,2
clinical.tsv,TCGA-EM-A3FM,diagnoses.submitter_id,2
clinical.tsv,TCGA-EM-A3FM,diagnoses.tissue_or_organ_of_origin,2
clinical.tsv,TCGA-EM-A3FM,treatments.submitter_id,8
clinical.tsv,TCGA-EM-A3FM,treatments.treatment_id,8
clinical.tsv,TCGA-EM-A3FM,treatments.treatment_or_therapy,2
clinical.tsv,TCGA-EM-A3FM,treatments.treatment_type,4
clinical.tsv,TCGA-EM-A3FN,treatments.submitter_id,4
clinical.tsv,TCGA-EM-A3FN,treatments.treatment_id,4
clinical.tsv,TCGA-EM-A3FN,treatments.treatment_type,4
clinical.tsv,TCGA-EM-A3FO,treatments.submitter_id,5
clinical.tsv,TCGA-EM-A3FO,treatments.treatment_id,5
clinical.tsv,TCGA-EM-A3FO,treatments.treatment_or_therapy,2
clinical.tsv,TCGA-EM-A3FO,treatments.treatment_type,4
clinical.tsv,TCGA-EM-A3FP,treatments.submitter_id,5
clinical.tsv,TCGA-EM-A3FP,treatments.treatment_id,5
clinical.tsv,TCGA-EM-A3FP,treatments.treatment_or_therapy,2
clinical.tsv,TCGA-EM-A3FP,treatments.treatment_type,4
clinical.tsv,TCGA-EM-A3FQ,treatments.submitter_id,5
clinical.tsv,TCGA-EM-A3FQ,treatments.treatment_id,5
clinical.tsv,TCGA-EM-A3FQ,treatments.treatment_or_therapy,2
clinical.tsv,TCGA-EM-A3FQ,treatments.treatment_type,4
clinical.tsv,TCGA-EM-A3FR,treatments.submitter_id,5
clinical.tsv,TCGA-EM-A3FR,treatments.treatment_id,5
clinical.tsv,TCGA-EM-A3FR,treatments.treatment_or_therapy,2
clinical.tsv,TCGA-EM-A3FR,treatments.treatment_type,4
clinical.tsv,TCGA-EM-A3O3,treatments.submitter_id,5
clinical.tsv,TCGA-EM-A3O3,treatments.treatment_id,5
clinical.tsv,TCGA-EM-A3O3,treatments.treatment_or_therapy,2
clinical.tsv,TCGA-EM-A3O3,treatments.treatment_type,4
clinical.tsv,TCGA-EM-A3O6,treatments.submitter_id,5
clinical.tsv,TCGA-EM-A3O6,treatments.treatment_id,5
clinical.tsv,TCGA-EM-A3O6,treatments.treatment_or_therapy,2
clinical.tsv,TCGA-EM-A3O6,treatments.treatment_type,4
clinical.tsv,TCGA-EM-A3O7,treatments.submitter_id,6
clinical.tsv,TCGA-EM-A3O7,treatments.treatment_id,6
clinical.tsv,TCGA-EM-A3O7,treatments.treatment_or_therapy,2
clinical.tsv,TCGA-EM-A3O7,treatments.treatment_type,4
clinical.tsv,TCGA-EM-A3O8,treatments.submitter_id,4
clinical.tsv,TCGA-EM-A3O8,treatments.treatment_id,4
clinical.tsv,TCGA-EM-A3O8,treatments.treatment_type,4
clinical.tsv,TCGA-EM-A3O9,treatments.submitter_id,6
clinical.tsv,TCGA-EM-A3O9,treatments.treatment_id,6
clinical.tsv,TCGA-EM-A3O9,treatments.treatment_or_therapy,2
clinical.tsv,TCGA-EM-A3O9,treatments.treatment_type,4
clinical.tsv,TCGA-EM-A3OA,treatments.submitter_id,4
clinical.tsv,TCGA-EM-A3OA,treatments.treatment_id,4
clinical.tsv,TCGA-EM-A3OA,treatments.treatment_type,4
clinical.tsv,TCGA-EM-A3OB,treatments.submitter_id,4
clinical.tsv,TCGA-EM-A3OB,treatments.treatment_id,4
clinical.tsv,TCGA-EM-A3OB,treatments.treatment_type,4
clinical.tsv,TCGA-EM-A3ST,treatments.submitter_id,5
clinical.tsv,TCGA-EM-A3ST,treatments.treatment_id,5
clinical.tsv,TCGA-EM-A3ST,treatments.treatment_or_therapy,2
clinical.tsv,TCGA-EM-A3ST,treatments.treatment_type,4
clinical.tsv,TCGA-EM-A3SU,treatments.submitter_id,7
clinical.tsv,TCGA-EM-A3SU,treatments.treatment_id,7
clinical.tsv,TCGA-EM-A3SU,treatments.treatment_or_therapy,2
clinical.tsv,TCGA-EM-A3SU,treatments.treatment_type,4
clinical.tsv,TCGA-EM-A3SX,treatments.submitter_id,8
clinical.tsv,TCGA-EM-A3SX,treatments.treatment_id,8
clinical.tsv,TCGA-EM-A3SX,treatments.treatment_or_therapy,2
clinical.tsv,TCGA-EM-A3SX,treatments.treatment_type,4
clinical.tsv,TCGA-EM-A3SY,treatments.submitter_id,4
clinical.tsv,TCGA-EM-A3SY,treatments.treatment_id,4
clinical.tsv,TCGA-EM-A3SY,treatments.treatment_type,4
clinical.tsv,TCGA-EM-A3SZ,treatments.submitter_id,4
clinical.tsv,TCGA-EM-A3SZ,treatments.treatment_id,4
clinical.tsv,TCGA-EM-A3SZ,treatments.treatment_type,4
clinical.tsv,TCGA-EM-A4FF,diagnoses.age_at_diagnosis,3
clinical.tsv,TCGA-EM-A4FF,diagnoses.classification_of_tumor,2
clinical.tsv,TCGA-EM-A4FF,diagnoses.days_to_diagnosis,3
clinical.tsv,TCGA-EM-A4FF,diagnoses.diagnosis_id,3
clinical.tsv,TCGA-EM-A4FF,diagnoses.diagnosis_is_primary_disease,2
clinical.tsv,TCGA-EM-A4FF,diagnoses.prior_treatment,2
clinical.tsv,TCGA-EM-A4FF,diagnoses.submitter_id,3
clinical.tsv,TCGA-EM-A4FF,diagnoses.tissue_or_organ_of_origin,2
clinical.tsv,TCGA-EM-A4FF,treatments.days_to_treatment_end,2
clinical.tsv,TCGA-EM-A4FF,treatments.days_to_treatment_start,3
clinical.tsv,TCGA-EM-A4FF,treatments.prescribed_dose,2
clinical.tsv,TCGA-EM-A4FF,treatments.pretreatment,2
clinical.tsv,TCGA-EM-A4FF,treatments.submitter_id,12
clinical.tsv,TCGA-EM-A4FF,treatments.treatment_anatomic_sites,2
clinical.tsv,TCGA-EM-A4FF,treatments.treatment_dose,3
clinical.tsv,TCGA-EM-A4FF,treatments.treatment_id,12
clinical.tsv,TCGA-EM-A4FF,treatments.treatment_or_therapy,2
clinical.tsv,TCGA-EM-A4FF,treatments.treatment_type,5
clinical.tsv,TCGA-EM-A4FH,treatments.submitter_id,5
clinical.tsv,TCGA-EM-A4FH,treatments.treatment_id,5
clinical.tsv,TCGA-EM-A4FH,treatments.treatment_or_therapy,2
clinical.tsv,TCGA-EM-A4FH,treatments.treatment_type,4
clinical.tsv,TCGA-EM-A4FK,treatments.submitter_id,4
clinical.tsv,TCGA-EM-A4FK,treatments.treatment_id,4
clinical.tsv,TCGA-EM-A4FK,treatments.treatment_type,4
clinical.tsv,TCGA-EM-A4FM,treatments.days_to_treatment_end,2
clinical.tsv,TCGA-EM-A4FM,treatments.days_to_treatment_start,2
clinical.tsv,TCGA-EM-A4FM,treatments.number_of_fractions,2
clinical.tsv,TCGA-EM-A4FM,treatments.prescribed_dose,2
clinical.tsv,TCGA-EM-A4FM,treatments.prescribed_dose_units,2
clinical.tsv,TCGA-EM-A4FM,treatments.submitter_id,7
clinical.tsv,TCGA-EM-A4FM,treatments.treatment_dose,2
clinical.tsv,TCGA-EM-A4FM,treatments.treatment_dose_units,2
clinical.tsv,TCGA-EM-A4FM,treatments.treatment_id,7
clinical.tsv,TCGA-EM-A4FM,treatments.treatment_or_therapy,2
clinical.tsv,TCGA-EM-A4FM,treatments.treatment_type,5
clinical.tsv,TCGA-EM-A4FN,treatments.submitter_id,5
clinical.tsv,TCGA-EM-A4FN,treatments.treatment_id,5
clinical.tsv,TCGA-EM-A4FN,treatments.treatment_or_therapy,2
clinical.tsv,TCGA-EM-A4FN,treatments.treatment_type,4
clinical.tsv,TCGA-EM-A4FO,treatments.submitter_id,5
clinical.tsv,TCGA-EM-A4FO,treatments.treatment_id,5
clinical.tsv,TCGA-EM-A4FO,treatments.treatment_or_therapy,2
clinical.tsv,TCGA-EM-A4FO,treatments.treatment_type,4
clinical.tsv,TCGA-EM-A4FQ,treatments.submitter_id,6
clinical.tsv,TCGA-EM-A4FQ,treatments.treatment_id,6
clinical.tsv,TCGA-EM-A4FQ,treatments.treatment_or_therapy,2
clinical.tsv,TCGA-EM-A4FQ,treatments.treatment_type,4
clinical.tsv,TCGA-EM-A4FR,treatments.submitter_id,5
clinical.tsv,TCGA-EM-A4FR,treatments.treatment_id,5
clinical.tsv,TCGA-EM-A4FR,treatments.treatment_or_therapy,2
clinical.tsv,TCGA-EM-A4FR,treatments.treatment_type,4
clinical.tsv,TCGA-EM-A4FU,diagnoses.age_at_diagnosis,2
clinical.tsv,TCGA-EM-A4FU,diagnoses.classification_of_tumor,2
clinical.tsv,TCGA-EM-A4FU,diagnoses.days_to_diagnosis,2
clinical.tsv,TCGA-EM-A4FU,diagnoses.diagnosis_id,2
clinical.tsv,TCGA-EM-A4FU,diagnoses.diagnosis_is_primary_disease,2
clinical.tsv,TCGA-EM-A4FU,diagnoses.prior_treatment,2
clinical.tsv,TCGA-EM-A4FU,diagnoses.submitter_id,2
clinical.tsv,TCGA-EM-A4FU,diagnoses.tissue_or_organ_of_origin,2
clinical.tsv,TCGA-EM-A4FU,treatments.days_to_treatment_end,2
clinical.tsv,TCGA-EM-A4FU,treatments.days_to_treatment_start,3
clinical.tsv,TCGA-EM-A4FU,treatments.submitter_id,9
clinical.tsv,TCGA-EM-A4FU,treatments.treatment_anatomic_sites,2
clinical.tsv,TCGA-EM-A4FU,treatments.treatment_dose,2
clinical.tsv,TCGA-EM-A4FU,treatments.treatment_id,9
clinical.tsv,TCGA-EM-A4FU,treatments.treatment_or_therapy,2
clinical.tsv,TCGA-EM-A4FU,treatments.treatment_type,6
clinical.tsv,TCGA-EM-A4FV,treatments.submitter_id,4
clinical.tsv,TCGA-EM-A4FV,treatments.treatment_id,4
clinical.tsv,TCGA-EM-A4FV,treatments.treatment_type,4
clinical.tsv,TCGA-EM-A4G1,treatments.submitter_id,4
clinical.tsv,TCGA-EM-A4G1,treatments.treatment_id,4
clinical.tsv,TCGA-EM-A4G1,treatments.treatment_type,4
clinical.tsv,TCGA-ET-A25G,treatments.submitter_id,5
clinical.tsv,TCGA-ET-A25G,treatments.treatment_id,5
clinical.tsv,TCGA-ET-A25G,treatments.treatment_or_therapy,2
clinical.tsv,TCGA-ET-A25G,treatments.treatment_type,4
clinical.tsv,TCGA-ET-A25I,treatments.submitter_id,3
clinical.tsv,TCGA-ET-A25I,treatments.treatment_id,3
clinical.tsv,TCGA-ET-A25I,treatments.treatment_or_therapy,2
clinical.tsv,TCGA-ET-A25I,treatments.treatment_type,3
clinical.tsv,TCGA-ET-A25J,treatments.submitter_id,3
clinical.tsv,TCGA-ET-A25J,treatments.treatment_id,3
clinical.tsv,TCGA-ET-A25J,treatments.treatment_or_therapy,2
clinical.tsv,TCGA-ET-A25J,treatments.treatment_type,3
clinical.tsv,TCGA-ET-A25K,treatments.submitter_id,5
clinical.tsv,TCGA-ET-A25K,treatments.treatment_id,5
clinical.tsv,TCGA-ET-A25K,treatments.treatment_or_therapy,2
clinical.tsv,TCGA-ET-A25K,treatments.treatment_type,4
clinical.tsv,TCGA-ET-A25L,treatments.submitter_id,5
clinical.tsv,TCGA-ET-A25L,treatments.treatment_id,5
clinical.tsv,TCGA-ET-A25L,treatments.treatment_or_therapy,2
clinical.tsv,TCGA-ET-A25L,treatments.treatment_type,4
clinical.tsv,TCGA-ET-A25M,treatments.submitter_id,5
clinical.tsv,TCGA-ET-A25M,treatments.treatment_id,5
clinical.tsv,TCGA-ET-A25M,treatments.treatment_or_therapy,2
clinical.tsv,TCGA-ET-A25M,treatments.treatment_type,4
clinical.tsv,TCGA-ET-A25N,treatments.submitter_id,5
clinical.tsv,TCGA-ET-A25N,treatments.treatment_dose,2
clinical.tsv,TCGA-ET-A25N,treatments.treatment_id,5
clinical.tsv,TCGA-ET-A25N,treatments.treatment_or_therapy,2
clinical.tsv,TCGA-ET-A25N,treatments.treatment_type,4
clinical.tsv,TCGA-ET-A25O,treatments.submitter_id,5
clinical.tsv,TCGA-ET-A25O,treatments.treatment_id,5
clinical.tsv,TCGA-ET-A25O,treatments.treatment_or_therapy,2
clinical.tsv,TCGA-ET-A25O,treatments.treatment_type,4
clinical.tsv,TCGA-ET-A25P,treatments.submitter_id,3
clinical.tsv,TCGA-ET-A25P,treatments.treatment_id,3
clinical.tsv,TCGA-ET-A25P,treatments.treatment_type,3
clinical.tsv,TCGA-ET-A25R,treatments.submitter_id,4
clinical.tsv,TCGA-ET-A25R,treatments.treatment_id,4
clinical.tsv,TCGA-ET-A25R,treatments.treatment_type,4
clinical.tsv,TCGA-ET-A2MX,treatments.submitter_id,5
clinical.tsv,TCGA-ET-A2MX,treatments.treatment_id,5
clinical.tsv,TCGA-ET-A2MX,treatments.treatment_or_therapy,2
clinical.tsv,TCGA-ET-A2MX,treatments.treatment_type,4
clinical.tsv,TCGA-ET-A2MY,treatments.submitter_id,5
clinical.tsv,TCGA-ET-A2MY,treatments.treatment_id,5
clinical.tsv,TCGA-ET-A2MY,treatments.treatment_or_therapy,2
clinical.tsv,TCGA-ET-A2MY,treatments.treatment_type,4
clinical.tsv,TCGA-ET-A2MZ,treatments.submitter_id,4
clinical.tsv,TCGA-ET-A2MZ,treatments.treatment_id,4
clinical.tsv,TCGA-ET-A2MZ,treatments.treatment_type,4
clinical.tsv,TCGA-ET-A2N0,treatments.submitter_id,5
clinical.tsv,TCGA-ET-A2N0,treatments.treatment_id,5
clinical.tsv,TCGA-ET-A2N0,treatments.treatment_or_therapy,2
clinical.tsv,TCGA-ET-A2N0,treatments.treatment_type,4
clinical.tsv,TCGA-ET-A2N1,treatments.submitter_id,6
clinical.tsv,TCGA-ET-A2N1,treatments.treatment_id,6
clinical.tsv,TCGA-ET-A2N1,treatments.treatment_or_therapy,2
clinical.tsv,TCGA-ET-A2N1,treatments.treatment_type,4
clinical.tsv,TCGA-ET-A2N3,treatments.submitter_id,5
clinical.tsv,TCGA-ET-A2N3,treatments.treatment_id,5
clinical.tsv,TCGA-ET-A2N3,treatments.treatment_or_therapy,2
clinical.tsv,TCGA-ET-A2N3,treatments.treatment_type,4
clinical.tsv,TCGA-ET-A2N4,treatments.submitter_id,3
clinical.tsv,TCGA-ET-A2N4,treatments.treatment_id,3
clinical.tsv,TCGA-ET-A2N4,treatments.treatment_or_therapy,2
clinical.tsv,TCGA-ET-A2N4,treatments.treatment_type,3
clinical.tsv,TCGA-ET-A2N5,treatments.submitter_id,6
clinical.tsv,TCGA-ET-A2N5,treatments.treatment_id,6
clinical.tsv,TCGA-ET-A2N5,treatments.treatment_or_therapy,2
clinical.tsv,TCGA-ET-A2N5,treatments.treatment_type,4
clinical.tsv,TCGA-ET-A39I,treatments.submitter_id,2
clinical.tsv,TCGA-ET-A39I,treatments.treatment_id,2
clinical.tsv,TCGA-ET-A39I,treatments.treatment_type,2
clinical.tsv,TCGA-ET-A39J,treatments.submitter_id,5
clinical.tsv,TCGA-ET-A39J,treatments.treatment_id,5
clinical.tsv,TCGA-ET-A39J,treatments.treatment_or_therapy,2
clinical.tsv,TCGA-ET-A39J,treatments.treatment_type,4
clinical.tsv,TCGA-ET-A39K,diagnoses.age_at_diagnosis,7
clinical.tsv,TCGA-ET-A39K,diagnoses.classification_of_tumor,2
clinical.tsv,TCGA-ET-A39K,diagnoses.days_to_diagnosis,7
clinical.tsv,TCGA-ET-A39K,diagnoses.diagnosis_id,7
clinical.tsv,TCGA-ET-A39K,diagnoses.diagnosis_is_primary_disease,2
clinical.tsv,TCGA-ET-A39K,diagnoses.prior_treatment,2
clinical.tsv,TCGA-ET-A39K,diagnoses.submitter_id,7
clinical.tsv,TCGA-ET-A39K,diagnoses.tissue_or_organ_of_origin,2
clinical.tsv,TCGA-ET-A39K,treatments.days_to_treatment_start,6
clinical.tsv,TCGA-ET-A39K,treatments.prescribed_dose,2
clinical.tsv,TCGA-ET-A39K,treatments.pretreatment,2
clinical.tsv,TCGA-ET-A39K,treatments.submitter_id,23
clinical.tsv,TCGA-ET-A39K,treatments.treatment_dose,2
clinical.tsv,TCGA-ET-A39K,treatments.treatment_id,23
clinical.tsv,TCGA-ET-A39K,treatments.treatment_or_therapy,2
clinical.tsv,TCGA-ET-A39K,treatments.treatment_type,6
clinical.tsv,TCGA-ET-A39L,treatments.submitter_id,2
clinical.tsv,TCGA-ET-A39L,treatments.treatment_id,2
clinical.tsv,TCGA-ET-A39L,treatments.treatment_type,2
clinical.tsv,TCGA-ET-A39M,treatments.submitter_id,3
clinical.tsv,TCGA-ET-A39M,treatments.treatment_id,3
clinical.tsv,TCGA-ET-A39M,treatments.treatment_or_therapy,2
clinical.tsv,TCGA-ET-A39M,treatments.treatment_type,3
clinical.tsv,TCGA-ET-A39N,treatments.submitter_id,6
clinical.tsv,TCGA-ET-A39N,treatments.treatment_id,6
clinical.tsv,TCGA-ET-A39N,treatments.treatment_or_therapy,2
clinical.tsv,TCGA-ET-A39N,treatments.treatment_type,4
clinical.tsv,TCGA-ET-A39O,treatments.submitter_id,3
clinical.tsv,TCGA-ET-A39O,treatments.treatment_id,3
clinical.tsv,TCGA-ET-A39O,treatments.treatment_or_therapy,2
clinical.tsv,TCGA-ET-A39O,treatments.treatment_type,3
clinical.tsv,TCGA-ET-A39P,treatments.submitter_id,5
clinical.tsv,TCGA-ET-A39P,treatments.treatment_id,5
clinical.tsv,TCGA-ET-A39P,treatments.treatment_or_therapy,2
clinical.tsv,TCGA-ET-A39P,treatments.treatment_type,4
clinical.tsv,TCGA-ET-A39R,treatments.submitter_id,4
clinical.tsv,TCGA-ET-A39R,treatments.treatment_id,4
clinical.tsv,TCGA-ET-A39R,treatments.treatment_type,4
clinical.tsv,TCGA-ET-A39S,treatments.submitter_id,2
clinical.tsv,TCGA-ET-A39S,treatments.treatment_id,2
clinical.tsv,TCGA-ET-A39S,treatments.treatment_type,2
clinical.tsv,TCGA-ET-A39T,treatments.submitter_id,3
clinical.tsv,TCGA-ET-A39T,treatments.treatment_id,3
clinical.tsv,TCGA-ET-A39T,treatments.treatment_or_therapy,2
clinical.tsv,TCGA-ET-A39T,treatments.treatment_type,3
clinical.tsv,TCGA-ET-A3BN,treatments.submitter_id,2
clinical.tsv,TCGA-ET-A3BN,treatments.treatment_id,2
clinical.tsv,TCGA-ET-A3BN,treatments.treatment_type,2
clinical.tsv,TCGA-ET-A3BO,diagnoses.classification_of_tumor,2
clinical.tsv,TCGA-ET-A3BO,diagnoses.diagnosis_id,2
clinical.tsv,TCGA-ET-A3BO,diagnoses.diagnosis_is_primary_disease,2
clinical.tsv,TCGA-ET-A3BO,diagnoses.morphology,2
clinical.tsv,TCGA-ET-A3BO,diagnoses.primary_diagnosis,2
clinical.tsv,TCGA-ET-A3BO,diagnoses.submitter_id,2
clinical.tsv,TCGA-ET-A3BO,diagnoses.tissue_or_organ_of_origin,2
clinical.tsv,TCGA-ET-A3BO,treatments.submitter_id,6
clinical.tsv,TCGA-ET-A3BO,treatments.treatment_id,6
clinical.tsv,TCGA-ET-A3BO,treatments.treatment_type,4
clinical.tsv,TCGA-ET-A3BP,treatments.submitter_id,5
clinical.tsv,TCGA-ET-A3BP,treatments.treatment_id,5
clinical.tsv,TCGA-ET-A3BP,treatments.treatment_or_therapy,2
clinical.tsv,TCGA-ET-A3BP,treatments.treatment_type,4
clinical.tsv,TCGA-ET-A3BQ,treatments.submitter_id,3
clinical.tsv,TCGA-ET-A3BQ,treatments.treatment_id,3
clinical.tsv,TCGA-ET-A3BQ,treatments.treatment_or_therapy,2
clinical.tsv,TCGA-ET-A3BQ,treatments.treatment_type,3
clinical.tsv,TCGA-ET-A3BS,treatments.submitter_id,5
clinical.tsv,TCGA-ET-A3BS,treatments.treatment_id,5
clinical.tsv,TCGA-ET-A3BS,treatments.treatment_or_therapy,2
clinical.tsv,TCGA-ET-A3BS,treatments.treatment_type,4
clinical.tsv,TCGA-ET-A3BT,diagnoses.age_at_diagnosis,2
clinical.tsv,TCGA-ET-A3BT,diagnoses.classification_of_tumor,2
clinical.tsv,TCGA-ET-A3BT,diagnoses.days_to_diagnosis,2
clinical.tsv,TCGA-ET-A3BT,diagnoses.diagnosis_id,2
clinical.tsv,TCGA-ET-A3BT,diagnoses.diagnosis_is_primary_disease,2
clinical.tsv,TCGA-ET-A3BT,diagnoses.prior_treatment,2
clinical.tsv,TCGA-ET-A3BT,diagnoses.submitter_id,2
clinical.tsv,TCGA-ET-A3BT,diagnoses.tissue_or_organ_of_origin,2
clinical.tsv,TCGA-ET-A3BT,treatments.days_to_treatment_start,2
clinical.tsv,TCGA-ET-A3BT,treatments.prescribed_dose,2
clinical.tsv,TCGA-ET-A3BT,treatments.submitter_id,10
clinical.tsv,TCGA-ET-A3BT,treatments.treatment_dose,2
clinical.tsv,TCGA-ET-A3BT,treatments.treatment_id,10
clinical.tsv,TCGA-ET-A3BT,treatments.treatment_or_therapy,2
clinical.tsv,TCGA-ET-A3BT,treatments.treatment_type,6
clinical.tsv,TCGA-ET-A3BU,treatments.submitter_id,3
clinical.tsv,TCGA-ET-A3BU,treatments.treatment_id,3
clinical.tsv,TCGA-ET-A3BU,treatments.treatment_or_therapy,2
clinical.tsv,TCGA-ET-A3BU,treatments.treatment_type,3
clinical.tsv,TCGA-ET-A3BV,diagnoses.age_at_diagnosis,3
clinical.tsv,TCGA-ET-A3BV,diagnoses.classification_of_tumor,3
clinical.tsv,TCGA-ET-A3BV,diagnoses.days_to_diagnosis,3
clinical.tsv,TCGA-ET-A3BV,diagnoses.diagnosis_id,4
clinical.tsv,TCGA-ET-A3BV,diagnoses.diagnosis_is_primary_disease,2
clinical.tsv,TCGA-ET-A3BV,diagnoses.laterality,2
clinical.tsv,TCGA-ET-A3BV,diagnoses.morphology,2
clinical.tsv,TCGA-ET-A3BV,diagnoses.primary_diagnosis,2
clinical.tsv,TCGA-ET-A3BV,diagnoses.prior_treatment,2
clinical.tsv,TCGA-ET-A3BV,diagnoses.submitter_id,4
clinical.tsv,TCGA-ET-A3BV,diagnoses.tissue_or_organ_of_origin,3
clinical.tsv,TCGA-ET-A3BV,treatments.days_to_treatment_start,2
clinical.tsv,TCGA-ET-A3BV,treatments.submitter_id,9
clinical.tsv,TCGA-ET-A3BV,treatments.treatment_id,9
clinical.tsv,TCGA-ET-A3BV,treatments.treatment_or_therapy,2
clinical.tsv,TCGA-ET-A3BV,treatments.treatment_type,6
clinical.tsv,TCGA-ET-A3BW,treatments.submitter_id,4
clinical.tsv,TCGA-ET-A3BW,treatments.treatment_id,4
clinical.tsv,TCGA-ET-A3BW,treatments.treatment_or_therapy,2
clinical.tsv,TCGA-ET-A3BW,treatments.treatment_type,4
clinical.tsv,TCGA-ET-A3BX,treatments.submitter_id,3
clinical.tsv,TCGA-ET-A3BX,treatments.treatment_id,3
clinical.tsv,TCGA-ET-A3BX,treatments.treatment_or_therapy,2
clinical.tsv,TCGA-ET-A3BX,treatments.treatment_type,3
clinical.tsv,TCGA-ET-A3DO,diagnoses.age_at_diagnosis,3
clinical.tsv,TCGA-ET-A3DO,diagnoses.classification_of_tumor,2
clinical.tsv,TCGA-ET-A3DO,diagnoses.days_to_diagnosis,3
clinical.tsv,TCGA-ET-A3DO,diagnoses.diagnosis_id,3
clinical.tsv,TCGA-ET-A3DO,diagnoses.diagnosis_is_primary_disease,2
clinical.tsv,TCGA-ET-A3DO,diagnoses.prior_treatment,2
clinical.tsv,TCGA-ET-A3DO,diagnoses.submitter_id,3
clinical.tsv,TCGA-ET-A3DO,diagnoses.tissue_or_organ_of_origin,2
clinical.tsv,TCGA-ET-A3DO,treatments.days_to_treatment_start,3
clinical.tsv,TCGA-ET-A3DO,treatments.submitter_id,8
clinical.tsv,TCGA-ET-A3DO,treatments.treatment_id,8
clinical.tsv,TCGA-ET-A3DO,treatments.treatment_or_therapy,2
clinical.tsv,TCGA-ET-A3DO,treatments.treatment_type,6
clinical.tsv,TCGA-ET-A3DP,treatments.submitter_id,4
clinical.tsv,TCGA-ET-A3DP,treatments.treatment_id,4
clinical.tsv,TCGA-ET-A3DP,treatments.treatment_type,4
clinical.tsv,TCGA-ET-A3DQ,treatments.submitter_id,4
clinical.tsv,TCGA-ET-A3DQ,treatments.treatment_id,4
clinical.tsv,TCGA-ET-A3DQ,treatments.treatment_type,4
clinical.tsv,TCGA-ET-A3DR,treatments.submitter_id,4
clinical.tsv,TCGA-ET-A3DR,treatments.treatment_id,4
clinical.tsv,TCGA-ET-A3DR,treatments.treatment_type,4
clinical.tsv,TCGA-ET-A3DS,treatments.submitter_id,4
clinical.tsv,TCGA-ET-A3DS,treatments.treatment_id,4
clinical.tsv,TCGA-ET-A3DS,treatments.treatment_type,4
clinical.tsv,TCGA-ET-A3DT,treatments.submitter_id,4
clinical.tsv,TCGA-ET-A3DT,treatments.treatment_id,4
clinical.tsv,TCGA-ET-A3DT,treatments.treatment_type,4
clinical.tsv,TCGA-ET-A3DU,treatments.submitter_id,7
clinical.tsv,TCGA-ET-A3DU,treatments.treatment_id,7
clinical.tsv,TCGA-ET-A3DU,treatments.treatment_or_therapy,2
clinical.tsv,TCGA-ET-A3DU,treatments.treatment_type,4
clinical.tsv,TCGA-ET-A3DV,treatments.submitter_id,5
clinical.tsv,TCGA-ET-A3DV,treatments.treatment_id,5
clinical.tsv,TCGA-ET-A3DV,treatments.treatment_or_therapy,2
clinical.tsv,TCGA-ET-A3DV,treatments.treatment_type,4
clinical.tsv,TCGA-ET-A3DW,treatments.submitter_id,3
clinical.tsv,TCGA-ET-A3DW,treatments.treatment_id,3
clinical.tsv,TCGA-ET-A3DW,treatments.treatment_or_therapy,2
clinical.tsv,TCGA-ET-A3DW,treatments.treatment_type,3
clinical.tsv,TCGA-ET-A40P,treatments.submitter_id,3
clinical.tsv,TCGA-ET-A40P,treatments.treatment_id,3
clinical.tsv,TCGA-ET-A40P,treatments.treatment_or_therapy,2
clinical.tsv,TCGA-ET-A40P,treatments.treatment_type,3
clinical.tsv,TCGA-ET-A40Q,diagnoses.age_at_diagnosis,2
clinical.tsv,TCGA-ET-A40Q,diagnoses.classification_of_tumor,2
clinical.tsv,TCGA-ET-A40Q,diagnoses.days_to_diagnosis,2
clinical.tsv,TCGA-ET-A40Q,diagnoses.diagnosis_id,2
clinical.tsv,TCGA-ET-A40Q,diagnoses.diagnosis_is_primary_disease,2
clinical.tsv,TCGA-ET-A40Q,diagnoses.prior_treatment,2
clinical.tsv,TCGA-ET-A40Q,diagnoses.submitter_id,2
clinical.tsv,TCGA-ET-A40Q,diagnoses.tissue_or_organ_of_origin,2
clinical.tsv,TCGA-ET-A40Q,treatments.submitter_id,8
clinical.tsv,TCGA-ET-A40Q,treatments.treatment_id,8
clinical.tsv,TCGA-ET-A40Q,treatments.treatment_or_therapy,2
clinical.tsv,TCGA-ET-A40Q,treatments.treatment_type,6
clinical.tsv,TCGA-ET-A40R,treatments.submitter_id,3
clinical.tsv,TCGA-ET-A40R,treatments.treatment_id,3
clinical.tsv,TCGA-ET-A40R,treatments.treatment_or_therapy,2
clinical.tsv,TCGA-ET-A40R,treatments.treatment_type,3
clinical.tsv,TCGA-ET-A40S,treatments.submitter_id,3
clinical.tsv,TCGA-ET-A40S,treatments.treatment_id,3
clinical.tsv,TCGA-ET-A40S,treatments.treatment_or_therapy,2
clinical.tsv,TCGA-ET-A40S,treatments.treatment_type,3
clinical.tsv,TCGA-ET-A40T,treatments.submitter_id,3
clinical.tsv,TCGA-ET-A40T,treatments.treatment_id,3
clinical.tsv,TCGA-ET-A40T,treatments.treatment_or_therapy,2
clinical.tsv,TCGA-ET-A40T,treatments.treatment_type,3
clinical.tsv,TCGA-ET-A4KN,treatments.submitter_id,5
clinical.tsv,TCGA-ET-A4KN,treatments.treatment_id,5
clinical.tsv,TCGA-ET-A4KN,treatments.treatment_or_therapy,2
clinical.tsv,TCGA-ET-A4KN,treatments.treatment_type,4
clinical.tsv,TCGA-ET-A4KQ,treatments.submitter_id,4
clinical.tsv,TCGA-ET-A4KQ,treatments.treatment_id,4
clinical.tsv,TCGA-ET-A4KQ,treatments.treatment_or_therapy,2
clinical.tsv,TCGA-ET-A4KQ,treatments.treatment_type,4
clinical.tsv,TCGA-FE-A22Z,diagnoses.age_at_diagnosis,4
clinical.tsv,TCGA-FE-A22Z,diagnoses.classification_of_tumor,3
clinical.tsv,TCGA-FE-A22Z,diagnoses.days_to_diagnosis,4
clinical.tsv,TCGA-FE-A22Z,diagnoses.diagnosis_id,4
clinical.tsv,TCGA-FE-A22Z,diagnoses.diagnosis_is_primary_disease,2
clinical.tsv,TCGA-FE-A22Z,diagnoses.prior_treatment,2
clinical.tsv,TCGA-FE-A22Z,diagnoses.submitter_id,4
clinical.tsv,TCGA-FE-A22Z,diagnoses.tissue_or_organ_of_origin,4
clinical.tsv,TCGA-FE-A22Z,treatments.days_to_treatment_end,2
clinical.tsv,TCGA-FE-A22Z,treatments.days_to_treatment_start,4
clinical.tsv,TCGA-FE-A22Z,treatments.initial_disease_status,2
clinical.tsv,TCGA-FE-A22Z,treatments.submitter_id,15
clinical.tsv,TCGA-FE-A22Z,treatments.treatment_dose,2
clinical.tsv,TCGA-FE-A22Z,treatments.treatment_dose_units,2
clinical.tsv,TCGA-FE-A22Z,treatments.treatment_id,15
clinical.tsv,TCGA-FE-A22Z,treatments.treatment_or_therapy,2
clinical.tsv,TCGA-FE-A22Z,treatments.treatment_type,6
clinical.tsv,TCGA-FE-A230,diagnoses.age_at_diagnosis,2
clinical.tsv,TCGA-FE-A230,diagnoses.classification_of_tumor,2
clinical.tsv,TCGA-FE-A230,diagnoses.days_to_diagnosis,2
clinical.tsv,TCGA-FE-A230,diagnoses.diagnosis_id,2
clinical.tsv,TCGA-FE-A230,diagnoses.diagnosis_is_primary_disease,2
clinical.tsv,TCGA-FE-A230,diagnoses.prior_treatment,2
clinical.tsv,TCGA-FE-A230,diagnoses.submitter_id,2
clinical.tsv,TCGA-FE-A230,diagnoses.tissue_or_organ_of_origin,2
clinical.tsv,TCGA-FE-A230,treatments.days_to_treatment_start,2
clinical.tsv,TCGA-FE-A230,treatments.submitter_id,9
clinical.tsv,TCGA-FE-A230,treatments.treatment_id,9
clinical.tsv,TCGA-FE-A230,treatments.treatment_or_therapy,2
clinical.tsv,TCGA-FE-A230,treatments.treatment_type,5
clinical.tsv,TCGA-FE-A231,treatments.submitter_id,5
clinical.tsv,TCGA-FE-A231,treatments.treatment_id,5
clinical.tsv,TCGA-FE-A231,treatments.treatment_or_therapy,2
clinical.tsv,TCGA-FE-A231,treatments.treatment_type,4
clinical.tsv,TCGA-FE-A232,treatments.submitter_id,6
clinical.tsv,TCGA-FE-A232,treatments.treatment_id,6
clinical.tsv,TCGA-FE-A232,treatments.treatment_type,3
clinical.tsv,TCGA-FE-A233,diagnoses.age_at_diagnosis,2
clinical.tsv,TCGA-FE-A233,diagnoses.classification_of_tumor,2
clinical.tsv,TCGA-FE-A233,diagnoses.days_to_diagnosis,2
clinical.tsv,TCGA-FE-A233,diagnoses.diagnosis_id,2
clinical.tsv,TCGA-FE-A233,diagnoses.diagnosis_is_primary_disease,2
clinical.tsv,TCGA-FE-A233,diagnoses.prior_treatment,2
clinical.tsv,TCGA-FE-A233,diagnoses.submitter_id,2
clinical.tsv,TCGA-FE-A233,diagnoses.tissue_or_organ_of_origin,2
clinical.tsv,TCGA-FE-A233,treatments.days_to_treatment_start,2
clinical.tsv,TCGA-FE-A233,treatments.submitter_id,9
clinical.tsv,TCGA-FE-A233,treatments.treatment_id,9
clinical.tsv,TCGA-FE-A233,treatments.treatment_or_therapy,2
clinical.tsv,TCGA-FE-A233,treatments.treatment_type,5
clinical.tsv,TCGA-FE-A234,diagnoses.age_at_diagnosis,2
clinical.tsv,TCGA-FE-A234,diagnoses.classification_of_tumor,2
clinical.tsv,TCGA-FE-A234,diagnoses.days_to_diagnosis,2
clinical.tsv,TCGA-FE-A234,diagnoses.diagnosis_id,2
clinical.tsv,TCGA-FE-A234,diagnoses.diagnosis_is_primary_disease,2
clinical.tsv,TCGA-FE-A234,diagnoses.prior_treatment,2
clinical.tsv,TCGA-FE-A234,diagnoses.submitter_id,2
clinical.tsv,TCGA-FE-A234,diagnoses.tissue_or_organ_of_origin,2
clinical.tsv,TCGA-FE-A234,treatments.days_to_treatment_start,2
clinical.tsv,TCGA-FE-A234,treatments.submitter_id,9
clinical.tsv,TCGA-FE-A234,treatments.treatment_id,9
clinical.tsv,TCGA-FE-A234,treatments.treatment_or_therapy,2
clinical.tsv,TCGA-FE-A234,treatments.treatment_type,5
clinical.tsv,TCGA-FE-A235,treatments.submitter_id,7
clinical.tsv,TCGA-FE-A235,treatments.treatment_id,7
clinical.tsv,TCGA-FE-A235,treatments.treatment_or_therapy,2
clinical.tsv,TCGA-FE-A235,treatments.treatment_type,4
clinical.tsv,TCGA-FE-A236,treatments.submitter_id,5
clinical.tsv,TCGA-FE-A236,treatments.treatment_id,5
clinical.tsv,TCGA-FE-A236,treatments.treatment_or_therapy,2
clinical.tsv,TCGA-FE-A236,treatments.treatment_type,4
clinical.tsv,TCGA-FE-A237,diagnoses.age_at_diagnosis,3
clinical.tsv,TCGA-FE-A237,diagnoses.classification_of_tumor,2
clinical.tsv,TCGA-FE-A237,diagnoses.days_to_diagnosis,3
clinical.tsv,TCGA-FE-A237,diagnoses.diagnosis_id,3
clinical.tsv,TCGA-FE-A237,diagnoses.diagnosis_is_primary_disease,2
clinical.tsv,TCGA-FE-A237,diagnoses.prior_treatment,2
clinical.tsv,TCGA-FE-A237,diagnoses.submitter_id,3
clinical.tsv,TCGA-FE-A237,diagnoses.tissue_or_organ_of_origin,2
clinical.tsv,TCGA-FE-A237,treatments.days_to_treatment_start,3
clinical.tsv,TCGA-FE-A237,treatments.submitter_id,15
clinical.tsv,TCGA-FE-A237,treatments.treatment_id,15
clinical.tsv,TCGA-FE-A237,treatments.treatment_or_therapy,2
clinical.tsv,TCGA-FE-A237,treatments.treatment_type,5
clinical.tsv,TCGA-FE-A238,diagnoses.age_at_diagnosis,2
clinical.tsv,TCGA-FE-A238,diagnoses.classification_of_tumor,2
clinical.tsv,TCGA-FE-A238,diagnoses.days_to_diagnosis,2
clinical.tsv,TCGA-FE-A238,diagnoses.diagnosis_id,2
clinical.tsv,TCGA-FE-A238,diagnoses.diagnosis_is_primary_disease,2
clinical.tsv,TCGA-FE-A238,diagnoses.prior_treatment,2
clinical.tsv,TCGA-FE-A238,diagnoses.submitter_id,2
clinical.tsv,TCGA-FE-A238,diagnoses.tissue_or_organ_of_origin,2
clinical.tsv,TCGA-FE-A238,treatments.course_number,2
clinical.tsv,TCGA-FE-A238,treatments.days_to_treatment_end,2
clinical.tsv,TCGA-FE-A238,treatments.days_to_treatment_start,2
clinical.tsv,TCGA-FE-A238,treatments.prescribed_dose,2
clinical.tsv,TCGA-FE-A238,treatments.submitter_id,6
clinical.tsv,TCGA-FE-A238,treatments.treatment_anatomic_sites,2
clinical.tsv,TCGA-FE-A238,treatments.treatment_dose,3
clinical.tsv,TCGA-FE-A238,treatments.treatment_id,6
clinical.tsv,TCGA-FE-A238,treatments.treatment_or_therapy,2
clinical.tsv,TCGA-FE-A238,treatments.treatment_type,4
clinical.tsv,TCGA-FE-A239,diagnoses.age_at_diagnosis,2
clinical.tsv,TCGA-FE-A239,diagnoses.classification_of_tumor,2
clinical.tsv,TCGA-FE-A239,diagnoses.days_to_diagnosis,2
clinical.tsv,TCGA-FE-A239,diagnoses.diagnosis_id,2
clinical.tsv,TCGA-FE-A239,diagnoses.diagnosis_is_primary_disease,2
clinical.tsv,TCGA-FE-A239,diagnoses.prior_treatment,2
clinical.tsv,TCGA-FE-A239,diagnoses.submitter_id,2
clinical.tsv,TCGA-FE-A239,diagnoses.tissue_or_organ_of_origin,2
clinical.tsv,TCGA-FE-A239,treatments.submitter_id,9
clinical.tsv,TCGA-FE-A239,treatments.treatment_id,9
clinical.tsv,TCGA-FE-A239,treatments.treatment_or_therapy,2
clinical.tsv,TCGA-FE-A239,treatments.treatment_type,5
clinical.tsv,TCGA-FE-A23A,treatments.submitter_id,5
clinical.tsv,TCGA-FE-A23A,treatments.treatment_id,5
clinical.tsv,TCGA-FE-A23A,treatments.treatment_or_therapy,2
clinical.tsv,TCGA-FE-A23A,treatments.treatment_type,4
clinical.tsv,TCGA-FE-A3PA,treatments.days_to_treatment_end,2
clinical.tsv,TCGA-FE-A3PA,treatments.days_to_treatment_start,2
clinical.tsv,TCGA-FE-A3PA,treatments.submitter_id,6
clinical.tsv,TCGA-FE-A3PA,treatments.treatment_anatomic_sites,2
clinical.tsv,TCGA-FE-A3PA,treatments.treatment_dose,2
clinical.tsv,TCGA-FE-A3PA,treatments.treatment_id,6
clinical.tsv,TCGA-FE-A3PA,treatments.treatment_or_therapy,2
clinical.tsv,TCGA-FE-A3PA,treatments.treatment_outcome,2
clinical.tsv,TCGA-FE-A3PA,treatments.treatment_type,4
clinical.tsv,TCGA-FE-A3PB,treatments.submitter_id,4
clinical.tsv,TCGA-FE-A3PB,treatments.treatment_id,4
clinical.tsv,TCGA-FE-A3PB,treatments.treatment_or_therapy,2
clinical.tsv,TCGA-FE-A3PB,treatments.treatment_type,4
clinical.tsv,TCGA-FE-A3PC,treatments.submitter_id,4
clinical.tsv,TCGA-FE-A3PC,treatments.treatment_id,4
clinical.tsv,TCGA-FE-A3PC,treatments.treatment_or_therapy,2
clinical.tsv,TCGA-FE-A3PC,treatments.treatment_type,4
clinical.tsv,TCGA-FE-A3PD,treatments.submitter_id,4
clinical.tsv,TCGA-FE-A3PD,treatments.treatment_id,4
clinical.tsv,TCGA-FE-A3PD,treatments.treatment_or_therapy,2
clinical.tsv,TCGA-FE-A3PD,treatments.treatment_type,4
clinical.tsv,TCGA-FK-A3S3,treatments.days_to_treatment_end,2
clinical.tsv,TCGA-FK-A3S3,treatments.days_to_treatment_start,2
clinical.tsv,TCGA-FK-A3S3,treatments.prescribed_dose,3
clinical.tsv,TCGA-FK-A3S3,treatments.submitter_id,8
clinical.tsv,TCGA-FK-A3S3,treatments.treatment_dose,3
clinical.tsv,TCGA-FK-A3S3,treatments.treatment_id,8
clinical.tsv,TCGA-FK-A3S3,treatments.treatment_or_therapy,2
clinical.tsv,TCGA-FK-A3S3,treatments.treatment_outcome,2
clinical.tsv,TCGA-FK-A3S3,treatments.treatment_type,4
clinical.tsv,TCGA-FK-A3SB,treatments.submitter_id,4
clinical.tsv,TCGA-FK-A3SB,treatments.treatment_id,4
clinical.tsv,TCGA-FK-A3SB,treatments.treatment_or_therapy,2
clinical.tsv,TCGA-FK-A3SB,treatments.treatment_type,4
clinical.tsv,TCGA-FK-A3SD,diagnoses.classification_of_tumor,2
clinical.tsv,TCGA-FK-A3SD,diagnoses.diagnosis_id,2
clinical.tsv,TCGA-FK-A3SD,diagnoses.diagnosis_is_primary_disease,2
clinical.tsv,TCGA-FK-A3SD,diagnoses.morphology,2
clinical.tsv,TCGA-FK-A3SD,diagnoses.primary_diagnosis,2
clinical.tsv,TCGA-FK-A3SD,diagnoses.submitter_id,2
clinical.tsv,TCGA-FK-A3SD,diagnoses.tissue_or_organ_of_origin,2
clinical.tsv,TCGA-FK-A3SD,treatments.submitter_id,6
clinical.tsv,TCGA-FK-A3SD,treatments.treatment_id,6
clinical.tsv,TCGA-FK-A3SD,treatments.treatment_type,4
clinical.tsv,TCGA-FK-A3SE,treatments.prescribed_dose,2
clinical.tsv,TCGA-FK-A3SE,treatments.submitter_id,7
clinical.tsv,TCGA-FK-A3SE,treatments.treatment_dose,2
clinical.tsv,TCGA-FK-A3SE,treatments.treatment_id,7
clinical.tsv,TCGA-FK-A3SE,treatments.treatment_or_therapy,2
clinical.tsv,TCGA-FK-A3SE,treatments.treatment_type,4
clinical.tsv,TCGA-FK-A3SG,treatments.submitter_id,2
clinical.tsv,TCGA-FK-A3SG,treatments.treatment_id,2
clinical.tsv,TCGA-FK-A3SG,treatments.treatment_type,2
clinical.tsv,TCGA-FK-A3SH,treatments.pretreatment,2
clinical.tsv,TCGA-FK-A3SH,treatments.submitter_id,7
clinical.tsv,TCGA-FK-A3SH,treatments.treatment_id,7
clinical.tsv,TCGA-FK-A3SH,treatments.treatment_or_therapy,2
clinical.tsv,TCGA-FK-A3SH,treatments.treatment_type,4
clinical.tsv,TCGA-FK-A4UB,treatments.submitter_id,5
clinical.tsv,TCGA-FK-A4UB,treatments.treatment_id,5
clinical.tsv,TCGA-FK-A4UB,treatments.treatment_or_therapy,2
clinical.tsv,TCGA-FK-A4UB,treatments.treatment_type,4
clinical.tsv,TCGA-FY-A3BL,treatments.submitter_id,4
clinical.tsv,TCGA-FY-A3BL,treatments.treatment_id,4
clinical.tsv,TCGA-FY-A3BL,treatments.treatment_type,4
clinical.tsv,TCGA-FY-A3I4,treatments.submitter_id,5
clinical.tsv,TCGA-FY-A3I4,treatments.treatment_id,5
clinical.tsv,TCGA-FY-A3I4,treatments.treatment_or_therapy,2
clinical.tsv,TCGA-FY-A3I4,treatments.treatment_type,4
clinical.tsv,TCGA-FY-A3I5,treatments.submitter_id,2
clinical.tsv,TCGA-FY-A3I5,treatments.treatment_id,2
clinical.tsv,TCGA-FY-A3I5,treatments.treatment_type,2
clinical.tsv,TCGA-FY-A3NM,treatments.submitter_id,2
clinical.tsv,TCGA-FY-A3NM,treatments.treatment_id,2
clinical.tsv,TCGA-FY-A3NM,treatments.treatment_type,2
clinical.tsv,TCGA-FY-A3NP,treatments.submitter_id,5
clinical.tsv,TCGA-FY-A3NP,treatments.treatment_id,5
clinical.tsv,TCGA-FY-A3NP,treatments.treatment_or_therapy,2
clinical.tsv,TCGA-FY-A3NP,treatments.treatment_type,4
clinical.tsv,TCGA-FY-A3ON,treatments.days_to_treatment_start,2
clinical.tsv,TCGA-FY-A3ON,treatments.submitter_id,5
clinical.tsv,TCGA-FY-A3ON,treatments.treatment_id,5
clinical.tsv,TCGA-FY-A3ON,treatments.treatment_or_therapy,2
clinical.tsv,TCGA-FY-A3ON,treatments.treatment_outcome,2
clinical.tsv,TCGA-FY-A3ON,treatments.treatment_type,4
clinical.tsv,TCGA-FY-A3R6,treatments.submitter_id,2
clinical.tsv,TCGA-FY-A3R6,treatments.treatment_id,2
clinical.tsv,TCGA-FY-A3R6,treatments.treatment_type,2
clinical.tsv,TCGA-FY-A3R7,treatments.submitter_id,2
clinical.tsv,TCGA-FY-A3R7,treatments.treatment_id,2
clinical.tsv,TCGA-FY-A3R7,treatments.treatment_type,2
clinical.tsv,TCGA-FY-A3R8,treatments.days_to_treatment_end,2
clinical.tsv,TCGA-FY-A3R8,treatments.days_to_treatment_start,3
clinical.tsv,TCGA-FY-A3R8,treatments.prescribed_dose,2
clinical.tsv,TCGA-FY-A3R8,treatments.submitter_id,8
clinical.tsv,TCGA-FY-A3R8,treatments.treatment_dose,3
clinical.tsv,TCGA-FY-A3R8,treatments.treatment_id,8
clinical.tsv,TCGA-FY-A3R8,treatments.treatment_or_therapy,2
clinical.tsv,TCGA-FY-A3R8,treatments.treatment_outcome,2
clinical.tsv,TCGA-FY-A3R8,treatments.treatment_type,4
clinical.tsv,TCGA-FY-A3R9,treatments.submitter_id,4
clinical.tsv,TCGA-FY-A3R9,treatments.treatment_id,4
clinical.tsv,TCGA-FY-A3R9,treatments.treatment_or_therapy,2
clinical.tsv,TCGA-FY-A3R9,treatments.treatment_type,4
clinical.tsv,TCGA-FY-A3RA,treatments.submitter_id,5
clinical.tsv,TCGA-FY-A3RA,treatments.treatment_id,5
clinical.tsv,TCGA-FY-A3RA,treatments.treatment_or_therapy,2
clinical.tsv,TCGA-FY-A3RA,treatments.treatment_type,4
clinical.tsv,TCGA-FY-A3TY,treatments.submitter_id,2
clinical.tsv,TCGA-FY-A3TY,treatments.treatment_id,2
clinical.tsv,TCGA-FY-A3TY,treatments.treatment_type,2
clinical.tsv,TCGA-FY-A3W9,treatments.days_to_treatment_start,2
clinical.tsv,TCGA-FY-A3W9,treatments.submitter_id,5
clinical.tsv,TCGA-FY-A3W9,treatments.treatment_id,5
clinical.tsv,TCGA-FY-A3W9,treatments.treatment_or_therapy,2
clinical.tsv,TCGA-FY-A3W9,treatments.treatment_outcome,2
clinical.tsv,TCGA-FY-A3W9,treatments.treatment_type,4
clinical.tsv,TCGA-FY-A3WA,treatments.submitter_id,4
clinical.tsv,TCGA-FY-A3WA,treatments.treatment_id,4
clinical.tsv,TCGA-FY-A3WA,treatments.treatment_type,4
clinical.tsv,TCGA-FY-A3YR,treatments.days_to_treatment_start,2
clinical.tsv,TCGA-FY-A3YR,treatments.submitter_id,7
clinical.tsv,TCGA-FY-A3YR,treatments.treatment_id,7
clinical.tsv,TCGA-FY-A3YR,treatments.treatment_or_therapy,2
clinical.tsv,TCGA-FY-A3YR,treatments.treatment_outcome,2
clinical.tsv,TCGA-FY-A3YR,treatments.treatment_type,4
clinical.tsv,TCGA-FY-A40K,treatments.days_to_treatment_end,2
clinical.tsv,TCGA-FY-A40K,treatments.days_to_treatment_start,3
clinical.tsv,TCGA-FY-A40K,treatments.prescribed_dose,2
clinical.tsv,TCGA-FY-A40K,treatments.submitter_id,8
clinical.tsv,TCGA-FY-A40K,treatments.treatment_dose,2
clinical.tsv,TCGA-FY-A40K,treatments.treatment_id,8
clinical.tsv,TCGA-FY-A40K,treatments.treatment_or_therapy,2
clinical.tsv,TCGA-FY-A40K,treatments.treatment_outcome,2
clinical.tsv,TCGA-FY-A40K,treatments.treatment_type,4
clinical.tsv,TCGA-FY-A40L,treatments.days_to_treatment_start,2
clinical.tsv,TCGA-FY-A40L,treatments.submitter_id,7
clinical.tsv,TCGA-FY-A40L,treatments.treatment_id,7
clinical.tsv,TCGA-FY-A40L,treatments.treatment_or_therapy,2
clinical.tsv,TCGA-FY-A40L,treatments.treatment_outcome,2
clinical.tsv,TCGA-FY-A40L,treatments.treatment_type,4
clinical.tsv,TCGA-FY-A40M,treatments.days_to_treatment_start,2
clinical.tsv,TCGA-FY-A40M,treatments.submitter_id,7
clinical.tsv,TCGA-FY-A40M,treatments.treatment_id,7
clinical.tsv,TCGA-FY-A40M,treatments.treatment_or_therapy,2
clinical.tsv,TCGA-FY-A40M,treatments.treatment_outcome,2
clinical.tsv,TCGA-FY-A40M,treatments.treatment_type,4
clinical.tsv,TCGA-FY-A40N,treatments.submitter_id,4
clinical.tsv,TCGA-FY-A40N,treatments.treatment_id,4
clinical.tsv,TCGA-FY-A40N,treatments.treatment_or_therapy,2
clinical.tsv,TCGA-FY-A40N,treatments.treatment_type,4
clinical.tsv,TCGA-FY-A4B0,treatments.days_to_treatment_start,2
clinical.tsv,TCGA-FY-A4B0,treatments.submitter_id,5
clinical.tsv,TCGA-FY-A4B0,treatments.treatment_id,5
clinical.tsv,TCGA-FY-A4B0,treatments.treatment_or_therapy,2
clinical.tsv,TCGA-FY-A4B0,treatments.treatment_outcome,2
clinical.tsv,TCGA-FY-A4B0,treatments.treatment_type,4
clinical.tsv,TCGA-FY-A4B3,treatments.submitter_id,4
clinical.tsv,TCGA-FY-A4B3,treatments.treatment_id,4
clinical.tsv,TCGA-FY-A4B3,treatments.treatment_type,4
clinical.tsv,TCGA-FY-A4B4,treatments.days_to_treatment_start,2
clinical.tsv,TCGA-FY-A4B4,treatments.submitter_id,5
clinical.tsv,TCGA-FY-A4B4,treatments.treatment_id,5
clinical.tsv,TCGA-FY-A4B4,treatments.treatment_or_therapy,2
clinical.tsv,TCGA-FY-A4B4,treatments.treatment_outcome,2
clinical.tsv,TCGA-FY-A4B4,treatments.treatment_type,4
clinical.tsv,TCGA-FY-A76V,diagnoses.classification_of_tumor,2
clinical.tsv,TCGA-FY-A76V,diagnoses.diagnosis_id,2
clinical.tsv,TCGA-FY-A76V,diagnoses.diagnosis_is_primary_disease,2
clinical.tsv,TCGA-FY-A76V,diagnoses.morphology,2
clinical.tsv,TCGA-FY-A76V,diagnoses.primary_diagnosis,2
clinical.tsv,TCGA-FY-A76V,diagnoses.submitter_id,2
clinical.tsv,TCGA-FY-A76V,diagnoses.tissue_or_organ_of_origin,2
clinical.tsv,TCGA-FY-A76V,treatments.submitter_id,5
clinical.tsv,TCGA-FY-A76V,treatments.treatment_id,5
clinical.tsv,TCGA-FY-A76V,treatments.treatment_or_therapy,2
clinical.tsv,TCGA-FY-A76V,treatments.treatment_type,3
clinical.tsv,TCGA-GE-A2C6,treatments.submitter_id,3
clinical.tsv,TCGA-GE-A2C6,treatments.treatment_id,3
clinical.tsv,TCGA-GE-A2C6,treatments.treatment_or_therapy,2
clinical.tsv,TCGA-GE-A2C6,treatments.treatment_type,3
clinical.tsv,TCGA-H2-A26U,treatments.submitter_id,5
clinical.tsv,TCGA-H2-A26U,treatments.treatment_id,5
clinical.tsv,TCGA-H2-A26U,treatments.treatment_or_therapy,2
clinical.tsv,TCGA-H2-A26U,treatments.treatment_type,4
clinical.tsv,TCGA-H2-A2K9,treatments.submitter_id,5
clinical.tsv,TCGA-H2-A2K9,treatments.treatment_id,5
clinical.tsv,TCGA-H2-A2K9,treatments.treatment_or_therapy,2
clinical.tsv,TCGA-H2-A2K9,treatments.treatment_type,4
clinical.tsv,TCGA-H2-A3RH,treatments.submitter_id,5
clinical.tsv,TCGA-H2-A3RH,treatments.treatment_id,5
clinical.tsv,TCGA-H2-A3RH,treatments.treatment_or_therapy,2
clinical.tsv,TCGA-H2-A3RH,treatments.treatment_type,4
clinical.tsv,TCGA-H2-A3RI,diagnoses.age_at_diagnosis,2
clinical.tsv,TCGA-H2-A3RI,diagnoses.classification_of_tumor,2
clinical.tsv,TCGA-H2-A3RI,diagnoses.days_to_diagnosis,2
clinical.tsv,TCGA-H2-A3RI,diagnoses.diagnosis_id,2
clinical.tsv,TCGA-H2-A3RI,diagnoses.diagnosis_is_primary_disease,2
clinical.tsv,TCGA-H2-A3RI,diagnoses.prior_treatment,2
clinical.tsv,TCGA-H2-A3RI,diagnoses.submitter_id,2
clinical.tsv,TCGA-H2-A3RI,diagnoses.tissue_or_organ_of_origin,2
clinical.tsv,TCGA-H2-A3RI,treatments.days_to_treatment_end,2
clinical.tsv,TCGA-H2-A3RI,treatments.days_to_treatment_start,3
clinical.tsv,TCGA-H2-A3RI,treatments.prescribed_dose,2
clinical.tsv,TCGA-H2-A3RI,treatments.submitter_id,10
clinical.tsv,TCGA-H2-A3RI,treatments.treatment_anatomic_sites,2
clinical.tsv,TCGA-H2-A3RI,treatments.treatment_dose,2
clinical.tsv,TCGA-H2-A3RI,treatments.treatment_id,10
clinical.tsv,TCGA-H2-A3RI,treatments.treatment_or_therapy,2
clinical.tsv,TCGA-H2-A3RI,treatments.treatment_type,5
clinical.tsv,TCGA-H2-A421,treatments.submitter_id,4
clinical.tsv,TCGA-H2-A421,treatments.treatment_id,4
clinical.tsv,TCGA-H2-A421,treatments.treatment_or_therapy,2
clinical.tsv,TCGA-H2-A421,treatments.treatment_type,4
clinical.tsv,TCGA-H2-A422,treatments.submitter_id,5
clinical.tsv,TCGA-H2-A422,treatments.treatment_id,5
clinical.tsv,TCGA-H2-A422,treatments.treatment_or_therapy,2
clinical.tsv,TCGA-H2-A422,treatments.treatment_type,4
clinical.tsv,TCGA-IM-A3EB,treatments.submitter_id,4
clinical.tsv,TCGA-IM-A3EB,treatments.treatment_id,4
clinical.tsv,TCGA-IM-A3EB,treatments.treatment_or_therapy,2
clinical.tsv,TCGA-IM-A3EB,treatments.treatment_type,3
clinical.tsv,TCGA-IM-A3ED,treatments.submitter_id,2
clinical.tsv,TCGA-IM-A3ED,treatments.treatment_id,2
clinical.tsv,TCGA-IM-A3ED,treatments.treatment_or_therapy,2
clinical.tsv,TCGA-IM-A3ED,treatments.treatment_type,2
clinical.tsv,TCGA-IM-A3U2,treatments.submitter_id,4
clinical.tsv,TCGA-IM-A3U2,treatments.treatment_id,4
clinical.tsv,TCGA-IM-A3U2,treatments.treatment_type,4
clinical.tsv,TCGA-IM-A3U3,treatments.submitter_id,3
clinical.tsv,TCGA-IM-A3U3,treatments.treatment_id,3
clinical.tsv,TCGA-IM-A3U3,treatments.treatment_or_therapy,2
clinical.tsv,TCGA-IM-A3U3,treatments.treatment_type,3
clinical.tsv,TCGA-IM-A41Y,treatments.days_to_treatment_start,2
clinical.tsv,TCGA-IM-A41Y,treatments.submitter_id,4
clinical.tsv,TCGA-IM-A41Y,treatments.treatment_id,4
clinical.tsv,TCGA-IM-A41Y,treatments.treatment_or_therapy,2
clinical.tsv,TCGA-IM-A41Y,treatments.treatment_type,4
clinical.tsv,TCGA-IM-A41Z,treatments.days_to_treatment_start,2
clinical.tsv,TCGA-IM-A41Z,treatments.prescribed_dose,2
clinical.tsv,TCGA-IM-A41Z,treatments.submitter_id,5
clinical.tsv,TCGA-IM-A41Z,treatments.treatment_id,5
clinical.tsv,TCGA-IM-A41Z,treatments.treatment_or_therapy,2
clinical.tsv,TCGA-IM-A41Z,treatments.treatment_outcome,2
clinical.tsv,TCGA-IM-A41Z,treatments.treatment_type,4
clinical.tsv,TCGA-IM-A420,treatments.submitter_id,4
clinical.tsv,TCGA-IM-A420,treatments.treatment_id,4
clinical.tsv,TCGA-IM-A420,treatments.treatment_or_therapy,2
clinical.tsv,TCGA-IM-A420,treatments.treatment_type,4
clinical.tsv,TCGA-IM-A4EB,treatments.submitter_id,4
clinical.tsv,TCGA-IM-A4EB,treatments.treatment_id,4
clinical.tsv,TCGA-IM-A4EB,treatments.treatment_or_therapy,2
clinical.tsv,TCGA-IM-A4EB,treatments.treatment_type,4
clinical.tsv,TCGA-J8-A3NZ,diagnoses.classification_of_tumor,2
clinical.tsv,TCGA-J8-A3NZ,diagnoses.diagnosis_id,2
clinical.tsv,TCGA-J8-A3NZ,diagnoses.diagnosis_is_primary_disease,2
clinical.tsv,TCGA-J8-A3NZ,diagnoses.laterality,2
clinical.tsv,TCGA-J8-A3NZ,diagnoses.morphology,2
clinical.tsv,TCGA-J8-A3NZ,diagnoses.primary_diagnosis,2
clinical.tsv,TCGA-J8-A3NZ,diagnoses.submitter_id,2
clinical.tsv,TCGA-J8-A3NZ,diagnoses.tissue_or_organ_of_origin,2
clinical.tsv,TCGA-J8-A3NZ,treatments.submitter_id,7
clinical.tsv,TCGA-J8-A3NZ,treatments.treatment_id,7
clinical.tsv,TCGA-J8-A3NZ,treatments.treatment_or_therapy,2
clinical.tsv,TCGA-J8-A3NZ,treatments.treatment_type,5
clinical.tsv,TCGA-J8-A3O0,treatments.submitter_id,4
clinical.tsv,TCGA-J8-A3O0,treatments.treatment_id,4
clinical.tsv,TCGA-J8-A3O0,treatments.treatment_type,4
clinical.tsv,TCGA-J8-A3O1,treatments.submitter_id,5
clinical.tsv,TCGA-J8-A3O1,treatments.treatment_id,5
clinical.tsv,TCGA-J8-A3O1,treatments.treatment_or_therapy,2
clinical.tsv,TCGA-J8-A3O1,treatments.treatment_type,4
clinical.tsv,TCGA-J8-A3O2,treatments.submitter_id,5
clinical.tsv,TCGA-J8-A3O2,treatments.treatment_id,5
clinical.tsv,TCGA-J8-A3O2,treatments.treatment_or_therapy,2
clinical.tsv,TCGA-J8-A3O2,treatments.treatment_type,4
clinical.tsv,TCGA-J8-A3YD,treatments.submitter_id,5
clinical.tsv,TCGA-J8-A3YD,treatments.treatment_id,5
clinical.tsv,TCGA-J8-A3YD,treatments.treatment_or_therapy,2
clinical.tsv,TCGA-J8-A3YD,treatments.treatment_type,4
clinical.tsv,TCGA-J8-A3YE,treatments.submitter_id,5
clinical.tsv,TCGA-J8-A3YE,treatments.treatment_id,5
clinical.tsv,TCGA-J8-A3YE,treatments.treatment_or_therapy,2
clinical.tsv,TCGA-J8-A3YE,treatments.treatment_type,4
clinical.tsv,TCGA-J8-A3YF,treatments.submitter_id,5
clinical.tsv,TCGA-J8-A3YF,treatments.treatment_id,5
clinical.tsv,TCGA-J8-A3YF,treatments.treatment_or_therapy,2
clinical.tsv,TCGA-J8-A3YF,treatments.treatment_type,4
clinical.tsv,TCGA-J8-A3YG,treatments.submitter_id,5
clinical.tsv,TCGA-J8-A3YG,treatments.treatment_id,5
clinical.tsv,TCGA-J8-A3YG,treatments.treatment_or_therapy,2
clinical.tsv,TCGA-J8-A3YG,treatments.treatment_type,4
clinical.tsv,TCGA-J8-A3YH,treatments.submitter_id,5
clinical.tsv,TCGA-J8-A3YH,treatments.treatment_id,5
clinical.tsv,TCGA-J8-A3YH,treatments.treatment_or_therapy,2
clinical.tsv,TCGA-J8-A3YH,treatments.treatment_type,4
clinical.tsv,TCGA-J8-A42S,treatments.submitter_id,4
clinical.tsv,TCGA-J8-A42S,treatments.treatment_id,4
clinical.tsv,TCGA-J8-A42S,treatments.treatment_type,4
clinical.tsv,TCGA-J8-A4HW,diagnoses.age_at_diagnosis,2
clinical.tsv,TCGA-J8-A4HW,diagnoses.ajcc_pathologic_n,2
clinical.tsv,TCGA-J8-A4HW,diagnoses.ajcc_pathologic_t,2
clinical.tsv,TCGA-J8-A4HW,diagnoses.classification_of_tumor,2
clinical.tsv,TCGA-J8-A4HW,diagnoses.days_to_diagnosis,2
clinical.tsv,TCGA-J8-A4HW,diagnoses.diagnosis_id,2
clinical.tsv,TCGA-J8-A4HW,diagnoses.diagnosis_is_primary_disease,2
clinical.tsv,TCGA-J8-A4HW,diagnoses.morphology,2
clinical.tsv,TCGA-J8-A4HW,diagnoses.primary_diagnosis,2
clinical.tsv,TCGA-J8-A4HW,diagnoses.submitter_id,2
clinical.tsv,TCGA-J8-A4HW,diagnoses.tissue_or_organ_of_origin,2
clinical.tsv,TCGA-J8-A4HW,treatments.days_to_treatment_start,3
clinical.tsv,TCGA-J8-A4HW,treatments.submitter_id,8
clinical.tsv,TCGA-J8-A4HW,treatments.treatment_anatomic_sites,2
clinical.tsv,TCGA-J8-A4HW,treatments.treatment_id,8
clinical.tsv,TCGA-J8-A4HW,treatments.treatment_or_therapy,2
clinical.tsv,TCGA-J8-A4HW,treatments.treatment_type,6
clinical.tsv,TCGA-J8-A4HY,treatments.submitter_id,2
clinical.tsv,TCGA-J8-A4HY,treatments.treatment_id,2
clinical.tsv,TCGA-J8-A4HY,treatments.treatment_type,2
clinical.tsv,TCGA-KS-A41F,treatments.submitter_id,5
clinical.tsv,TCGA-KS-A41F,treatments.treatment_dose,2
clinical.tsv,TCGA-KS-A41F,treatments.treatment_id,5
clinical.tsv,TCGA-KS-A41F,treatments.treatment_or_therapy,2
clinical.tsv,TCGA-KS-A41F,treatments.treatment_type,4
clinical.tsv,TCGA-KS-A41I,treatments.days_to_treatment_start,2
clinical.tsv,TCGA-KS-A41I,treatments.submitter_id,2
clinical.tsv,TCGA-KS-A41I,treatments.treatment_id,2
clinical.tsv,TCGA-KS-A41I,treatments.treatment_type,2
clinical.tsv,TCGA-KS-A41J,treatments.days_to_treatment_end,2
clinical.tsv,TCGA-KS-A41J,treatments.days_to_treatment_start,3
clinical.tsv,TCGA-KS-A41J,treatments.submitter_id,3
clinical.tsv,TCGA-KS-A41J,treatments.therapeutic_agents,2
clinical.tsv,TCGA-KS-A41J,treatments.treatment_id,3
clinical.tsv,TCGA-KS-A41J,treatments.treatment_type,2
clinical.tsv,TCGA-KS-A41L,treatments.days_to_treatment_start,2
clinical.tsv,TCGA-KS-A41L,treatments.submitter_id,4
clinical.tsv,TCGA-KS-A41L,treatments.treatment_id,4
clinical.tsv,TCGA-KS-A41L,treatments.treatment_type,3
clinical.tsv,TCGA-KS-A4I1,treatments.days_to_treatment_end,2
clinical.tsv,TCGA-KS-A4I1,treatments.days_to_treatment_start,2
clinical.tsv,TCGA-KS-A4I1,treatments.submitter_id,7
clinical.tsv,TCGA-KS-A4I1,treatments.therapeutic_agents,2
clinical.tsv,TCGA-KS-A4I1,treatments.treatment_id,7
clinical.tsv,TCGA-KS-A4I1,treatments.treatment_or_therapy,2
clinical.tsv,TCGA-KS-A4I1,treatments.treatment_outcome,2
clinical.tsv,TCGA-KS-A4I1,treatments.treatment_type,4
clinical.tsv,TCGA-KS-A4I3,treatments.days_to_treatment_end,2
clinical.tsv,TCGA-KS-A4I3,treatments.days_to_treatment_start,2
clinical.tsv,TCGA-KS-A4I3,treatments.prescribed_dose,2
clinical.tsv,TCGA-KS-A4I3,treatments.submitter_id,8
clinical.tsv,TCGA-KS-A4I3,treatments.therapeutic_agents,2
clinical.tsv,TCGA-KS-A4I3,treatments.treatment_dose,2
clinical.tsv,TCGA-KS-A4I3,treatments.treatment_id,8
clinical.tsv,TCGA-KS-A4I3,treatments.treatment_or_therapy,2
clinical.tsv,TCGA-KS-A4I3,treatments.treatment_outcome,2
clinical.tsv,TCGA-KS-A4I3,treatments.treatment_type,4
clinical.tsv,TCGA-KS-A4I5,treatments.prescribed_dose,2
clinical.tsv,TCGA-KS-A4I5,treatments.submitter_id,6
clinical.tsv,TCGA-KS-A4I5,treatments.treatment_dose,2
clinical.tsv,TCGA-KS-A4I5,treatments.treatment_id,6
clinical.tsv,TCGA-KS-A4I5,treatments.treatment_or_therapy,2
clinical.tsv,TCGA-KS-A4I5,treatments.treatment_outcome,2
clinical.tsv,TCGA-KS-A4I5,treatments.treatment_type,4
clinical.tsv,TCGA-KS-A4I7,treatments.submitter_id,5
clinical.tsv,TCGA-KS-A4I7,treatments.treatment_id,5
clinical.tsv,TCGA-KS-A4I7,treatments.treatment_or_therapy,2
clinical.tsv,TCGA-KS-A4I7,treatments.treatment_outcome,2
clinical.tsv,TCGA-KS-A4I7,treatments.treatment_type,4
clinical.tsv,TCGA-KS-A4I9,treatments.days_to_treatment_end,2
clinical.tsv,TCGA-KS-A4I9,treatments.days_to_treatment_start,3
clinical.tsv,TCGA-KS-A4I9,treatments.submitter_id,7
clinical.tsv,TCGA-KS-A4I9,treatments.therapeutic_agents,2
clinical.tsv,TCGA-KS-A4I9,treatments.treatment_id,7
clinical.tsv,TCGA-KS-A4I9,treatments.treatment_or_therapy,2
clinical.tsv,TCGA-KS-A4I9,treatments.treatment_outcome,2
clinical.tsv,TCGA-KS-A4I9,treatments.treatment_type,4
clinical.tsv,TCGA-KS-A4IB,treatments.days_to_treatment_end,2
clinical.tsv,TCGA-KS-A4IB,treatments.days_to_treatment_start,3
clinical.tsv,TCGA-KS-A4IB,treatments.submitter_id,6
clinical.tsv,TCGA-KS-A4IB,treatments.therapeutic_agents,2
clinical.tsv,TCGA-KS-A4IB,treatments.treatment_id,6
clinical.tsv,TCGA-KS-A4IB,treatments.treatment_or_therapy,2
clinical.tsv,TCGA-KS-A4IB,treatments.treatment_outcome,2
clinical.tsv,TCGA-KS-A4IB,treatments.treatment_type,4
clinical.tsv,TCGA-KS-A4IC,treatments.days_to_treatment_end,2
clinical.tsv,TCGA-KS-A4IC,treatments.days_to_treatment_start,2
clinical.tsv,TCGA-KS-A4IC,treatments.submitter_id,7
clinical.tsv,TCGA-KS-A4IC,treatments.therapeutic_agents,2
clinical.tsv,TCGA-KS-A4IC,treatments.treatment_id,7
clinical.tsv,TCGA-KS-A4IC,treatments.treatment_or_therapy,2
clinical.tsv,TCGA-KS-A4IC,treatments.treatment_outcome,2
clinical.tsv,TCGA-KS-A4IC,treatments.treatment_type,4
clinical.tsv,TCGA-KS-A4ID,treatments.days_to_treatment_start,2
clinical.tsv,TCGA-KS-A4ID,treatments.submitter_id,5
clinical.tsv,TCGA-KS-A4ID,treatments.therapeutic_agents,2
clinical.tsv,TCGA-KS-A4ID,treatments.treatment_id,5
clinical.tsv,TCGA-KS-A4ID,treatments.treatment_or_therapy,2
clinical.tsv,TCGA-KS-A4ID,treatments.treatment_outcome,2
clinical.tsv,TCGA-KS-A4ID,treatments.treatment_type,4
clinical.tsv,TCGA-L6-A4EP,treatments.submitter_id,4
clinical.tsv,TCGA-L6-A4EP,treatments.treatment_id,4
clinical.tsv,TCGA-L6-A4EP,treatments.treatment_or_therapy,2
clinical.tsv,TCGA-L6-A4EP,treatments.treatment_type,3
clinical.tsv,TCGA-L6-A4EQ,treatments.submitter_id,4
clinical.tsv,TCGA-L6-A4EQ,treatments.treatment_dose,2
clinical.tsv,TCGA-L6-A4EQ,treatments.treatment_id,4
clinical.tsv,TCGA-L6-A4EQ,treatments.treatment_or_therapy,2
clinical.tsv,TCGA-L6-A4EQ,treatments.treatment_type,3
clinical.tsv,TCGA-L6-A4ET,diagnoses.age_at_diagnosis,2
clinical.tsv,TCGA-L6-A4ET,diagnoses.ajcc_pathologic_m,2
clinical.tsv,TCGA-L6-A4ET,diagnoses.ajcc_pathologic_n,2
clinical.tsv,TCGA-L6-A4ET,diagnoses.ajcc_pathologic_t,2
clinical.tsv,TCGA-L6-A4ET,diagnoses.classification_of_tumor,2
clinical.tsv,TCGA-L6-A4ET,diagnoses.days_to_diagnosis,2
clinical.tsv,TCGA-L6-A4ET,diagnoses.diagnosis_id,2
clinical.tsv,TCGA-L6-A4ET,diagnoses.diagnosis_is_primary_disease,2
clinical.tsv,TCGA-L6-A4ET,diagnoses.laterality,2
clinical.tsv,TCGA-L6-A4ET,diagnoses.morphology,2
clinical.tsv,TCGA-L6-A4ET,diagnoses.primary_diagnosis,2
clinical.tsv,TCGA-L6-A4ET,diagnoses.submitter_id,2
clinical.tsv,TCGA-L6-A4ET,diagnoses.tissue_or_organ_of_origin,2
clinical.tsv,TCGA-L6-A4ET,treatments.days_to_treatment_start,2
clinical.tsv,TCGA-L6-A4ET,treatments.submitter_id,7
clinical.tsv,TCGA-L6-A4ET,treatments.treatment_anatomic_sites,2
clinical.tsv,TCGA-L6-A4ET,treatments.treatment_id,7
clinical.tsv,TCGA-L6-A4ET,treatments.treatment_or_therapy,2
clinical.tsv,TCGA-L6-A4ET,treatments.treatment_type,5
clinical.tsv,TCGA-L6-A4EU,treatments.submitter_id,4
clinical.tsv,TCGA-L6-A4EU,treatments.treatment_id,4
clinical.tsv,TCGA-L6-A4EU,treatments.treatment_or_therapy,2
clinical.tsv,TCGA-L6-A4EU,treatments.treatment_type,3
clinical.tsv,TCGA-MK-A4N6,treatments.days_to_treatment_end,2
clinical.tsv,TCGA-MK-A4N6,treatments.days_to_treatment_start,3
clinical.tsv,TCGA-MK-A4N6,treatments.prescribed_dose,2
clinical.tsv,TCGA-MK-A4N6,treatments.submitter_id,5
clinical.tsv,TCGA-MK-A4N6,treatments.treatment_dose,2
clinical.tsv,TCGA-MK-A4N6,treatments.treatment_id,5
clinical.tsv,TCGA-MK-A4N6,treatments.treatment_outcome,2
clinical.tsv,TCGA-MK-A4N6,treatments.treatment_type,3
clinical.tsv,TCGA-MK-A4N7,treatments.days_to_treatment_start,2
clinical.tsv,TCGA-MK-A4N7,treatments.submitter_id,3
clinical.tsv,TCGA-MK-A4N7,treatments.treatment_id,3
clinical.tsv,TCGA-MK-A4N7,treatments.treatment_outcome,2
clinical.tsv,TCGA-MK-A4N7,treatments.treatment_type,3
clinical.tsv,TCGA-MK-A4N9,treatments.days_to_treatment_start,2
clinical.tsv,TCGA-MK-A4N9,treatments.prescribed_dose,2
clinical.tsv,TCGA-MK-A4N9,treatments.submitter_id,5
clinical.tsv,TCGA-MK-A4N9,treatments.treatment_id,5
clinical.tsv,TCGA-MK-A4N9,treatments.treatment_or_therapy,2
clinical.tsv,TCGA-MK-A4N9,treatments.treatment_outcome,2
clinical.tsv,TCGA-MK-A4N9,treatments.treatment_type,4
clinical.tsv,TCGA-MK-A84Z,diagnoses.classification_of_tumor,2
clinical.tsv,TCGA-MK-A84Z,diagnoses.diagnosis_id,2
clinical.tsv,TCGA-MK-A84Z,diagnoses.diagnosis_is_primary_disease,2
clinical.tsv,TCGA-MK-A84Z,diagnoses.morphology,2
clinical.tsv,TCGA-MK-A84Z,diagnoses.primary_diagnosis,2
clinical.tsv,TCGA-MK-A84Z,diagnoses.submitter_id,2
clinical.tsv,TCGA-MK-A84Z,diagnoses.tissue_or_organ_of_origin,2
clinical.tsv,TCGA-MK-A84Z,treatments.submitter_id,6
clinical.tsv,TCGA-MK-A84Z,treatments.treatment_anatomic_sites,3
clinical.tsv,TCGA-MK-A84Z,treatments.treatment_id,6
clinical.tsv,TCGA-MK-A84Z,treatments.treatment_or_therapy,2
clinical.tsv,TCGA-MK-A84Z,treatments.treatment_type,5
clinical.tsv,TCGA-QD-A8IV,treatments.prescribed_dose,2
clinical.tsv,TCGA-QD-A8IV,treatments.submitter_id,5
clinical.tsv,TCGA-QD-A8IV,treatments.treatment_id,5
clinical.tsv,TCGA-QD-A8IV,treatments.treatment_or_therapy,2
clinical.tsv,TCGA-QD-A8IV,treatments.treatment_type,4
family_history.tsv,TCGA-ET-A2N5,family_histories.relationship_type,2
follow_up.tsv,TCGA-4C-A93U,follow_ups.days_to_follow_up,2
follow_up.tsv,TCGA-4C-A93U,follow_ups.follow_up_id,6
follow_up.tsv,TCGA-4C-A93U,follow_ups.submitter_id,5
follow_up.tsv,TCGA-4C-A93U,follow_ups.timepoint_category,4
follow_up.tsv,TCGA-BJ-A0YZ,follow_ups.days_to_follow_up,2
follow_up.tsv,TCGA-BJ-A0YZ,follow_ups.disease_response,2
follow_up.tsv,TCGA-BJ-A0YZ,follow_ups.follow_up_id,6
follow_up.tsv,TCGA-BJ-A0YZ,follow_ups.submitter_id,5
follow_up.tsv,TCGA-BJ-A0YZ,follow_ups.timepoint_category,4
follow_up.tsv,TCGA-BJ-A0Z0,follow_ups.days_to_follow_up,2
follow_up.tsv,TCGA-BJ-A0Z0,follow_ups.disease_response,2
follow_up.tsv,TCGA-BJ-A0Z0,follow_ups.follow_up_id,6
follow_up.tsv,TCGA-BJ-A0Z0,follow_ups.imaging_type,2
follow_up.tsv,TCGA-BJ-A0Z0,follow_ups.submitter_id,6
follow_up.tsv,TCGA-BJ-A0Z0,follow_ups.timepoint_category,4
follow_up.tsv,TCGA-BJ-A0Z2,follow_ups.days_to_follow_up,4
follow_up.tsv,TCGA-BJ-A0Z2,follow_ups.disease_response,2
follow_up.tsv,TCGA-BJ-A0Z2,follow_ups.follow_up_id,8
follow_up.tsv,TCGA-BJ-A0Z2,follow_ups.submitter_id,7
follow_up.tsv,TCGA-BJ-A0Z2,follow_ups.timepoint_category,5
follow_up.tsv,TCGA-BJ-A0Z3,follow_ups.days_to_follow_up,2
follow_up.tsv,TCGA-BJ-A0Z3,follow_ups.follow_up_id,8
follow_up.tsv,TCGA-BJ-A0Z3,follow_ups.submitter_id,4
follow_up.tsv,TCGA-BJ-A0Z3,follow_ups.timepoint_category,3
follow_up.tsv,TCGA-BJ-A0Z3,molecular_tests.gene_symbol,3
follow_up.tsv,TCGA-BJ-A0Z3,molecular_tests.molecular_test_id,3
follow_up.tsv,TCGA-BJ-A0Z3,molecular_tests.submitter_id,3
follow_up.tsv,TCGA-BJ-A0Z3,molecular_tests.test_result,2
follow_up.tsv,TCGA-BJ-A0Z3,molecular_tests.variant_type,3
follow_up.tsv,TCGA-BJ-A0Z5,follow_ups.days_to_follow_up,2
follow_up.tsv,TCGA-BJ-A0Z5,follow_ups.disease_response,2
follow_up.tsv,TCGA-BJ-A0Z5,follow_ups.follow_up_id,10
follow_up.tsv,TCGA-BJ-A0Z5,follow_ups.submitter_id,5
follow_up.tsv,TCGA-BJ-A0Z5,follow_ups.timepoint_category,4
follow_up.tsv,TCGA-BJ-A0Z5,molecular_tests.gene_symbol,5
follow_up.tsv,TCGA-BJ-A0Z5,molecular_tests.molecular_test_id,5
follow_up.tsv,TCGA-BJ-A0Z5,molecular_tests.submitter_id,5
follow_up.tsv,TCGA-BJ-A0Z5,molecular_tests.test_result,2
follow_up.tsv,TCGA-BJ-A0Z5,molecular_tests.variant_type,3
follow_up.tsv,TCGA-BJ-A0Z9,follow_ups.days_to_follow_up,2
follow_up.tsv,TCGA-BJ-A0Z9,follow_ups.disease_response,2
follow_up.tsv,TCGA-BJ-A0Z9,follow_ups.follow_up_id,5
follow_up.tsv,TCGA-BJ-A0Z9,follow_ups.submitter_id,4
follow_up.tsv,TCGA-BJ-A0Z9,follow_ups.timepoint_category,3
follow_up.tsv,TCGA-BJ-A0ZA,follow_ups.days_to_follow_up,2
follow_up.tsv,TCGA-BJ-A0ZA,follow_ups.disease_response,2
follow_up.tsv,TCGA-BJ-A0ZA,follow_ups.follow_up_id,8
follow_up.tsv,TCGA-BJ-A0ZA,follow_ups.submitter_id,4
follow_up.tsv,TCGA-BJ-A0ZA,follow_ups.timepoint_category,3
follow_up.tsv,TCGA-BJ-A0ZA,molecular_tests.gene_symbol,3
follow_up.tsv,TCGA-BJ-A0ZA,molecular_tests.molecular_test_id,3
follow_up.tsv,TCGA-BJ-A0ZA,molecular_tests.submitter_id,3
follow_up.tsv,TCGA-BJ-A0ZA,molecular_tests.test_result,2
follow_up.tsv,TCGA-BJ-A0ZA,molecular_tests.variant_type,2
follow_up.tsv,TCGA-BJ-A0ZB,follow_ups.follow_up_id,7
follow_up.tsv,TCGA-BJ-A0ZB,follow_ups.submitter_id,3
follow_up.tsv,TCGA-BJ-A0ZB,follow_ups.timepoint_category,3
follow_up.tsv,TCGA-BJ-A0ZB,molecular_tests.gene_symbol,3
follow_up.tsv,TCGA-BJ-A0ZB,molecular_tests.molecular_test_id,3
follow_up.tsv,TCGA-BJ-A0ZB,molecular_tests.submitter_id,3
follow_up.tsv,TCGA-BJ-A0ZB,molecular_tests.test_result,2
follow_up.tsv,TCGA-BJ-A0ZB,molecular_tests.variant_type,3
follow_up.tsv,TCGA-BJ-A0ZC,follow_ups.days_to_follow_up,2
follow_up.tsv,TCGA-BJ-A0ZC,follow_ups.disease_response,2
follow_up.tsv,TCGA-BJ-A0ZC,follow_ups.follow_up_id,9
follow_up.tsv,TCGA-BJ-A0ZC,follow_ups.submitter_id,5
follow_up.tsv,TCGA-BJ-A0ZC,follow_ups.timepoint_category,4
follow_up.tsv,TCGA-BJ-A0ZC,molecular_tests.gene_symbol,3
follow_up.tsv,TCGA-BJ-A0ZC,molecular_tests.molecular_test_id,3
follow_up.tsv,TCGA-BJ-A0ZC,molecular_tests.submitter_id,3
follow_up.tsv,TCGA-BJ-A0ZC,molecular_tests.variant_type,2
follow_up.tsv,TCGA-BJ-A0ZE,follow_ups.days_to_follow_up,2
follow_up.tsv,TCGA-BJ-A0ZE,follow_ups.disease_response,2
follow_up.tsv,TCGA-BJ-A0ZE,follow_ups.follow_up_id,10
follow_up.tsv,TCGA-BJ-A0ZE,follow_ups.imaging_type,2
follow_up.tsv,TCGA-BJ-A0ZE,follow_ups.submitter_id,6
follow_up.tsv,TCGA-BJ-A0ZE,follow_ups.timepoint_category,4
follow_up.tsv,TCGA-BJ-A0ZE,molecular_tests.gene_symbol,3
follow_up.tsv,TCGA-BJ-A0ZE,molecular_tests.molecular_test_id,3
follow_up.tsv,TCGA-BJ-A0ZE,molecular_tests.submitter_id,3
follow_up.tsv,TCGA-BJ-A0ZE,molecular_tests.variant_type,2
follow_up.tsv,TCGA-BJ-A0ZF,follow_ups.days_to_follow_up,4
follow_up.tsv,TCGA-BJ-A0ZF,follow_ups.disease_response,3
follow_up.tsv,TCGA-BJ-A0ZF,follow_ups.follow_up_id,12
follow_up.tsv,TCGA-BJ-A0ZF,follow_ups.submitter_id,7
follow_up.tsv,TCGA-BJ-A0ZF,follow_ups.timepoint_category,5
follow_up.tsv,TCGA-BJ-A0ZF,molecular_tests.gene_symbol,4
follow_up.tsv,TCGA-BJ-A0ZF,molecular_tests.molecular_test_id,4
follow_up.tsv,TCGA-BJ-A0ZF,molecular_tests.submitter_id,4
follow_up.tsv,TCGA-BJ-A0ZF,molecular_tests.test_result,2
follow_up.tsv,TCGA-BJ-A0ZF,molecular_tests.variant_type,2
follow_up.tsv,TCGA-BJ-A0ZG,follow_ups.days_to_follow_up,2
follow_up.tsv,TCGA-BJ-A0ZG,follow_ups.disease_response,2
follow_up.tsv,TCGA-BJ-A0ZG,follow_ups.follow_up_id,8
follow_up.tsv,TCGA-BJ-A0ZG,follow_ups.submitter_id,4
follow_up.tsv,TCGA-BJ-A0ZG,follow_ups.timepoint_category,3
follow_up.tsv,TCGA-BJ-A0ZG,molecular_tests.gene_symbol,3
follow_up.tsv,TCGA-BJ-A0ZG,molecular_tests.molecular_test_id,3
follow_up.tsv,TCGA-BJ-A0ZG,molecular_tests.submitter_id,3
follow_up.tsv,TCGA-BJ-A0ZG,molecular_tests.test_result,2
follow_up.tsv,TCGA-BJ-A0ZG,molecular_tests.variant_type,3
follow_up.tsv,TCGA-BJ-A0ZH,follow_ups.days_to_follow_up,2
follow_up.tsv,TCGA-BJ-A0ZH,follow_ups.disease_response,2
follow_up.tsv,TCGA-BJ-A0ZH,follow_ups.follow_up_id,12
follow_up.tsv,TCGA-BJ-A0ZH,follow_ups.imaging_type,2
follow_up.tsv,TCGA-BJ-A0ZH,follow_ups.submitter_id,6
follow_up.tsv,TCGA-BJ-A0ZH,follow_ups.timepoint_category,4
follow_up.tsv,TCGA-BJ-A0ZH,molecular_tests.gene_symbol,5
follow_up.tsv,TCGA-BJ-A0ZH,molecular_tests.molecular_test_id,5
follow_up.tsv,TCGA-BJ-A0ZH,molecular_tests.submitter_id,5
follow_up.tsv,TCGA-BJ-A0ZH,molecular_tests.test_result,2
follow_up.tsv,TCGA-BJ-A0ZH,molecular_tests.variant_type,3
follow_up.tsv,TCGA-BJ-A0ZJ,follow_ups.days_to_follow_up,3
follow_up.tsv,TCGA-BJ-A0ZJ,follow_ups.disease_response,2
follow_up.tsv,TCGA-BJ-A0ZJ,follow_ups.follow_up_id,11
follow_up.tsv,TCGA-BJ-A0ZJ,follow_ups.submitter_id,5
follow_up.tsv,TCGA-BJ-A0ZJ,follow_ups.timepoint_category,3
follow_up.tsv,TCGA-BJ-A0ZJ,molecular_tests.gene_symbol,5
follow_up.tsv,TCGA-BJ-A0ZJ,molecular_tests.molecular_test_id,5
follow_up.tsv,TCGA-BJ-A0ZJ,molecular_tests.submitter_id,5
follow_up.tsv,TCGA-BJ-A0ZJ,molecular_tests.variant_type,2
follow_up.tsv,TCGA-BJ-A18Y,follow_ups.days_to_follow_up,3
follow_up.tsv,TCGA-BJ-A18Y,follow_ups.disease_response,2
follow_up.tsv,TCGA-BJ-A18Y,follow_ups.follow_up_id,11
follow_up.tsv,TCGA-BJ-A18Y,follow_ups.imaging_type,2
follow_up.tsv,TCGA-BJ-A18Y,follow_ups.submitter_id,7
follow_up.tsv,TCGA-BJ-A18Y,follow_ups.timepoint_category,4
follow_up.tsv,TCGA-BJ-A18Y,molecular_tests.gene_symbol,3
follow_up.tsv,TCGA-BJ-A18Y,molecular_tests.molecular_test_id,3
follow_up.tsv,TCGA-BJ-A18Y,molecular_tests.submitter_id,3
follow_up.tsv,TCGA-BJ-A18Y,molecular_tests.test_result,2
follow_up.tsv,TCGA-BJ-A18Y,molecular_tests.variant_type,2
follow_up.tsv,TCGA-BJ-A18Z,follow_ups.days_to_follow_up,3
follow_up.tsv,TCGA-BJ-A18Z,follow_ups.disease_response,2
follow_up.tsv,TCGA-BJ-A18Z,follow_ups.follow_up_id,10
follow_up.tsv,TCGA-BJ-A18Z,follow_ups.submitter_id,6
follow_up.tsv,TCGA-BJ-A18Z,follow_ups.timepoint_category,4
follow_up.tsv,TCGA-BJ-A18Z,molecular_tests.gene_symbol,3
follow_up.tsv,TCGA-BJ-A18Z,molecular_tests.molecular_test_id,3
follow_up.tsv,TCGA-BJ-A18Z,molecular_tests.submitter_id,3
follow_up.tsv,TCGA-BJ-A18Z,molecular_tests.test_result,2
follow_up.tsv,TCGA-BJ-A18Z,molecular_tests.variant_type,3
follow_up.tsv,TCGA-BJ-A190,follow_ups.days_to_follow_up,2
follow_up.tsv,TCGA-BJ-A190,follow_ups.disease_response,2
follow_up.tsv,TCGA-BJ-A190,follow_ups.follow_up_id,10
follow_up.tsv,TCGA-BJ-A190,follow_ups.imaging_type,2
follow_up.tsv,TCGA-BJ-A190,follow_ups.submitter_id,6
follow_up.tsv,TCGA-BJ-A190,follow_ups.timepoint_category,4
follow_up.tsv,TCGA-BJ-A190,molecular_tests.gene_symbol,3
follow_up.tsv,TCGA-BJ-A190,molecular_tests.molecular_test_id,3
follow_up.tsv,TCGA-BJ-A190,molecular_tests.submitter_id,3
follow_up.tsv,TCGA-BJ-A190,molecular_tests.test_result,2
follow_up.tsv,TCGA-BJ-A190,molecular_tests.variant_type,2
follow_up.tsv,TCGA-BJ-A191,follow_ups.disease_response,2
follow_up.tsv,TCGA-BJ-A191,follow_ups.follow_up_id,9
follow_up.tsv,TCGA-BJ-A191,follow_ups.submitter_id,4
follow_up.tsv,TCGA-BJ-A191,follow_ups.timepoint_category,4
follow_up.tsv,TCGA-BJ-A191,molecular_tests.gene_symbol,4
follow_up.tsv,TCGA-BJ-A191,molecular_tests.molecular_test_id,4
follow_up.tsv,TCGA-BJ-A191,molecular_tests.submitter_id,4
follow_up.tsv,TCGA-BJ-A191,molecular_tests.variant_type,2
follow_up.tsv,TCGA-BJ-A192,follow_ups.days_to_follow_up,2
follow_up.tsv,TCGA-BJ-A192,follow_ups.follow_up_id,8
follow_up.tsv,TCGA-BJ-A192,follow_ups.submitter_id,4
follow_up.tsv,TCGA-BJ-A192,follow_ups.timepoint_category,3
follow_up.tsv,TCGA-BJ-A192,molecular_tests.gene_symbol,3
follow_up.tsv,TCGA-BJ-A192,molecular_tests.molecular_test_id,3
follow_up.tsv,TCGA-BJ-A192,molecular_tests.submitter_id,3
follow_up.tsv,TCGA-BJ-A192,molecular_tests.variant_type,2
follow_up.tsv,TCGA-BJ-A28R,follow_ups.days_to_follow_up,2
follow_up.tsv,TCGA-BJ-A28R,follow_ups.follow_up_id,4
follow_up.tsv,TCGA-BJ-A28R,follow_ups.submitter_id,4
follow_up.tsv,TCGA-BJ-A28R,follow_ups.timepoint_category,3
follow_up.tsv,TCGA-BJ-A28S,follow_ups.days_to_follow_up,2
follow_up.tsv,TCGA-BJ-A28S,follow_ups.disease_response,2
follow_up.tsv,TCGA-BJ-A28S,follow_ups.follow_up_id,5
follow_up.tsv,TCGA-BJ-A28S,follow_ups.submitter_id,5
follow_up.tsv,TCGA-BJ-A28S,follow_ups.timepoint_category,4
follow_up.tsv,TCGA-BJ-A28T,follow_ups.days_to_follow_up,2
follow_up.tsv,TCGA-BJ-A28T,follow_ups.follow_up_id,4
follow_up.tsv,TCGA-BJ-A28T,follow_ups.submitter_id,4
follow_up.tsv,TCGA-BJ-A28T,follow_ups.timepoint_category,3
follow_up.tsv,TCGA-BJ-A28V,follow_ups.follow_up_id,2
follow_up.tsv,TCGA-BJ-A28V,follow_ups.submitter_id,2
follow_up.tsv,TCGA-BJ-A28V,follow_ups.timepoint_category,2
follow_up.tsv,TCGA-BJ-A28W,follow_ups.days_to_follow_up,2
follow_up.tsv,TCGA-BJ-A28W,follow_ups.disease_response,2
follow_up.tsv,TCGA-BJ-A28W,follow_ups.follow_up_id,5
follow_up.tsv,TCGA-BJ-A28W,follow_ups.submitter_id,4
follow_up.tsv,TCGA-BJ-A28W,follow_ups.timepoint_category,3
follow_up.tsv,TCGA-BJ-A28X,follow_ups.days_to_follow_up,3
follow_up.tsv,TCGA-BJ-A28X,follow_ups.disease_response,2
follow_up.tsv,TCGA-BJ-A28X,follow_ups.follow_up_id,6
follow_up.tsv,TCGA-BJ-A28X,follow_ups.submitter_id,6
follow_up.tsv,TCGA-BJ-A28X,follow_ups.timepoint_category,5
follow_up.tsv,TCGA-BJ-A28Z,follow_ups.days_to_follow_up,2
follow_up.tsv,TCGA-BJ-A28Z,follow_ups.disease_response,2
follow_up.tsv,TCGA-BJ-A28Z,follow_ups.follow_up_id,9
follow_up.tsv,TCGA-BJ-A28Z,follow_ups.submitter_id,5
follow_up.tsv,TCGA-BJ-A28Z,follow_ups.timepoint_category,4
follow_up.tsv,TCGA-BJ-A28Z,molecular_tests.gene_symbol,3
follow_up.tsv,TCGA-BJ-A28Z,molecular_tests.molecular_test_id,4
follow_up.tsv,TCGA-BJ-A28Z,molecular_tests.submitter_id,4
follow_up.tsv,TCGA-BJ-A28Z,molecular_tests.test_result,2
follow_up.tsv,TCGA-BJ-A28Z,molecular_tests.variant_type,2
follow_up.tsv,TCGA-BJ-A290,follow_ups.days_to_follow_up,3
follow_up.tsv,TCGA-BJ-A290,follow_ups.disease_response,2
follow_up.tsv,TCGA-BJ-A290,follow_ups.follow_up_id,8
follow_up.tsv,TCGA-BJ-A290,follow_ups.submitter_id,6
follow_up.tsv,TCGA-BJ-A290,follow_ups.timepoint_category,5
follow_up.tsv,TCGA-BJ-A290,molecular_tests.gene_symbol,2
follow_up.tsv,TCGA-BJ-A290,molecular_tests.molecular_test_id,2
follow_up.tsv,TCGA-BJ-A290,molecular_tests.submitter_id,2
follow_up.tsv,TCGA-BJ-A290,molecular_tests.test_result,2
follow_up.tsv,TCGA-BJ-A290,molecular_tests.variant_type,2
follow_up.tsv,TCGA-BJ-A291,follow_ups.days_to_follow_up,2
follow_up.tsv,TCGA-BJ-A291,follow_ups.disease_response,2
follow_up.tsv,TCGA-BJ-A291,follow_ups.follow_up_id,5
follow_up.tsv,TCGA-BJ-A291,follow_ups.submitter_id,5
follow_up.tsv,TCGA-BJ-A291,follow_ups.timepoint_category,4
follow_up.tsv,TCGA-BJ-A2N7,follow_ups.days_to_follow_up,2
follow_up.tsv,TCGA-BJ-A2N7,follow_ups.disease_response,4
follow_up.tsv,TCGA-BJ-A2N7,follow_ups.follow_up_id,6
follow_up.tsv,TCGA-BJ-A2N7,follow_ups.submitter_id,6
follow_up.tsv,TCGA-BJ-A2N7,follow_ups.timepoint_category,4
follow_up.tsv,TCGA-BJ-A2N8,follow_ups.days_to_follow_up,2
follow_up.tsv,TCGA-BJ-A2N8,follow_ups.disease_response,2
follow_up.tsv,TCGA-BJ-A2N8,follow_ups.follow_up_id,5
follow_up.tsv,TCGA-BJ-A2N8,follow_ups.submitter_id,5
follow_up.tsv,TCGA-BJ-A2N8,follow_ups.timepoint_category,4
follow_up.tsv,TCGA-BJ-A2N9,follow_ups.days_to_follow_up,3
follow_up.tsv,TCGA-BJ-A2N9,follow_ups.disease_response,3
follow_up.tsv,TCGA-BJ-A2N9,follow_ups.follow_up_id,9
follow_up.tsv,TCGA-BJ-A2N9,follow_ups.submitter_id,6
follow_up.tsv,TCGA-BJ-A2N9,follow_ups.timepoint_category,5
follow_up.tsv,TCGA-BJ-A2N9,molecular_tests.gene_symbol,3
follow_up.tsv,TCGA-BJ-A2N9,molecular_tests.molecular_test_id,3
follow_up.tsv,TCGA-BJ-A2N9,molecular_tests.submitter_id,3
follow_up.tsv,TCGA-BJ-A2N9,molecular_tests.variant_type,2
follow_up.tsv,TCGA-BJ-A2NA,follow_ups.days_to_follow_up,3
follow_up.tsv,TCGA-BJ-A2NA,follow_ups.disease_response,2
follow_up.tsv,TCGA-BJ-A2NA,follow_ups.follow_up_id,6
follow_up.tsv,TCGA-BJ-A2NA,follow_ups.submitter_id,6
follow_up.tsv,TCGA-BJ-A2NA,follow_ups.timepoint_category,5
follow_up.tsv,TCGA-BJ-A2P4,follow_ups.days_to_follow_up,2
follow_up.tsv,TCGA-BJ-A2P4,follow_ups.disease_response,2
follow_up.tsv,TCGA-BJ-A2P4,follow_ups.follow_up_id,5
follow_up.tsv,TCGA-BJ-A2P4,follow_ups.submitter_id,5
follow_up.tsv,TCGA-BJ-A2P4,follow_ups.timepoint_category,4
follow_up.tsv,TCGA-BJ-A3EZ,follow_ups.days_to_follow_up,2
follow_up.tsv,TCGA-BJ-A3EZ,follow_ups.disease_response,3
follow_up.tsv,TCGA-BJ-A3EZ,follow_ups.follow_up_id,5
follow_up.tsv,TCGA-BJ-A3EZ,follow_ups.submitter_id,5
follow_up.tsv,TCGA-BJ-A3EZ,follow_ups.timepoint_category,4
follow_up.tsv,TCGA-BJ-A3F0,follow_ups.days_to_follow_up,2
follow_up.tsv,TCGA-BJ-A3F0,follow_ups.disease_response,2
follow_up.tsv,TCGA-BJ-A3F0,follow_ups.follow_up_id,5
follow_up.tsv,TCGA-BJ-A3F0,follow_ups.submitter_id,5
follow_up.tsv,TCGA-BJ-A3F0,follow_ups.timepoint_category,4
follow_up.tsv,TCGA-BJ-A3PR,follow_ups.days_to_follow_up,3
follow_up.tsv,TCGA-BJ-A3PR,follow_ups.disease_response,2
follow_up.tsv,TCGA-BJ-A3PR,follow_ups.follow_up_id,7
follow_up.tsv,TCGA-BJ-A3PR,follow_ups.imaging_type,2
follow_up.tsv,TCGA-BJ-A3PR,follow_ups.submitter_id,7
follow_up.tsv,TCGA-BJ-A3PR,follow_ups.timepoint_category,4
follow_up.tsv,TCGA-BJ-A3PT,follow_ups.days_to_follow_up,2
follow_up.tsv,TCGA-BJ-A3PT,follow_ups.disease_response,2
follow_up.tsv,TCGA-BJ-A3PT,follow_ups.follow_up_id,5
follow_up.tsv,TCGA-BJ-A3PT,follow_ups.submitter_id,5
follow_up.tsv,TCGA-BJ-A3PT,follow_ups.timepoint_category,4
follow_up.tsv,TCGA-BJ-A3PU,follow_ups.days_to_follow_up,4
follow_up.tsv,TCGA-BJ-A3PU,follow_ups.days_to_progression,2
follow_up.tsv,TCGA-BJ-A3PU,follow_ups.disease_response,4
follow_up.tsv,TCGA-BJ-A3PU,follow_ups.follow_up_id,9
follow_up.tsv,TCGA-BJ-A3PU,follow_ups.progression_or_recurrence_anatomic_site,2
follow_up.tsv,TCGA-BJ-A3PU,follow_ups.submitter_id,9
follow_up.tsv,TCGA-BJ-A3PU,follow_ups.timepoint_category,6
follow_up.tsv,TCGA-BJ-A45C,follow_ups.days_to_follow_up,2
follow_up.tsv,TCGA-BJ-A45C,follow_ups.disease_response,2
follow_up.tsv,TCGA-BJ-A45C,follow_ups.follow_up_id,7
follow_up.tsv,TCGA-BJ-A45C,follow_ups.imaging_type,2
follow_up.tsv,TCGA-BJ-A45C,follow_ups.submitter_id,6
follow_up.tsv,TCGA-BJ-A45C,follow_ups.timepoint_category,4
follow_up.tsv,TCGA-BJ-A45D,follow_ups.days_to_follow_up,2
follow_up.tsv,TCGA-BJ-A45D,follow_ups.follow_up_id,4
follow_up.tsv,TCGA-BJ-A45D,follow_ups.submitter_id,4
follow_up.tsv,TCGA-BJ-A45D,follow_ups.timepoint_category,3
follow_up.tsv,TCGA-BJ-A45E,follow_ups.days_to_follow_up,2
follow_up.tsv,TCGA-BJ-A45E,follow_ups.disease_response,2
follow_up.tsv,TCGA-BJ-A45E,follow_ups.follow_up_id,8
follow_up.tsv,TCGA-BJ-A45E,follow_ups.submitter_id,5
follow_up.tsv,TCGA-BJ-A45E,follow_ups.timepoint_category,4
follow_up.tsv,TCGA-BJ-A45E,molecular_tests.gene_symbol,3
follow_up.tsv,TCGA-BJ-A45E,molecular_tests.molecular_test_id,3
follow_up.tsv,TCGA-BJ-A45E,molecular_tests.submitter_id,3
follow_up.tsv,TCGA-BJ-A45E,molecular_tests.variant_type,2
follow_up.tsv,TCGA-BJ-A45F,follow_ups.disease_response,2
follow_up.tsv,TCGA-BJ-A45F,follow_ups.follow_up_id,7
follow_up.tsv,TCGA-BJ-A45F,follow_ups.submitter_id,4
follow_up.tsv,TCGA-BJ-A45F,follow_ups.timepoint_category,4
follow_up.tsv,TCGA-BJ-A45F,molecular_tests.gene_symbol,3
follow_up.tsv,TCGA-BJ-A45F,molecular_tests.molecular_test_id,3
follow_up.tsv,TCGA-BJ-A45F,molecular_tests.submitter_id,3
follow_up.tsv,TCGA-BJ-A45F,molecular_tests.test_result,2
follow_up.tsv,TCGA-BJ-A45G,follow_ups.days_to_follow_up,2
follow_up.tsv,TCGA-BJ-A45G,follow_ups.disease_response,2
follow_up.tsv,TCGA-BJ-A45G,follow_ups.follow_up_id,6
follow_up.tsv,TCGA-BJ-A45G,follow_ups.submitter_id,5
follow_up.tsv,TCGA-BJ-A45G,follow_ups.timepoint_category,4
follow_up.tsv,TCGA-BJ-A45H,follow_ups.days_to_follow_up,2
follow_up.tsv,TCGA-BJ-A45H,follow_ups.disease_response,2
follow_up.tsv,TCGA-BJ-A45H,follow_ups.follow_up_id,6
follow_up.tsv,TCGA-BJ-A45H,follow_ups.submitter_id,5
follow_up.tsv,TCGA-BJ-A45H,follow_ups.timepoint_category,4
follow_up.tsv,TCGA-BJ-A45I,follow_ups.days_to_follow_up,3
follow_up.tsv,TCGA-BJ-A45I,follow_ups.disease_response,3
follow_up.tsv,TCGA-BJ-A45I,follow_ups.follow_up_id,7
follow_up.tsv,TCGA-BJ-A45I,follow_ups.submitter_id,6
follow_up.tsv,TCGA-BJ-A45I,follow_ups.timepoint_category,5
follow_up.tsv,TCGA-BJ-A45J,follow_ups.days_to_follow_up,2
follow_up.tsv,TCGA-BJ-A45J,follow_ups.disease_response,2
follow_up.tsv,TCGA-BJ-A45J,follow_ups.follow_up_id,6
follow_up.tsv,TCGA-BJ-A45J,follow_ups.submitter_id,5
follow_up.tsv,TCGA-BJ-A45J,follow_ups.timepoint_category,4
follow_up.tsv,TCGA-BJ-A45K,follow_ups.days_to_follow_up,2
follow_up.tsv,TCGA-BJ-A45K,follow_ups.follow_up_id,8
follow_up.tsv,TCGA-BJ-A45K,follow_ups.submitter_id,4
follow_up.tsv,TCGA-BJ-A45K,follow_ups.timepoint_category,3
follow_up.tsv,TCGA-BJ-A45K,molecular_tests.gene_symbol,3
follow_up.tsv,TCGA-BJ-A45K,molecular_tests.molecular_test_id,3
follow_up.tsv,TCGA-BJ-A45K,molecular_tests.submitter_id,3
follow_up.tsv,TCGA-BJ-A45K,molecular_tests.variant_type,2
follow_up.tsv,TCGA-BJ-A4O8,follow_ups.days_to_follow_up,2
follow_up.tsv,TCGA-BJ-A4O8,follow_ups.disease_response,2
follow_up.tsv,TCGA-BJ-A4O8,follow_ups.follow_up_id,6
follow_up.tsv,TCGA-BJ-A4O8,follow_ups.submitter_id,5
follow_up.tsv,TCGA-BJ-A4O8,follow_ups.timepoint_category,4
follow_up.tsv,TCGA-BJ-A4O9,follow_ups.days_to_follow_up,2
follow_up.tsv,TCGA-BJ-A4O9,follow_ups.follow_up_id,5
follow_up.tsv,TCGA-BJ-A4O9,follow_ups.submitter_id,4
follow_up.tsv,TCGA-BJ-A4O9,follow_ups.timepoint_category,3
follow_up.tsv,TCGA-CE-A13K,follow_ups.days_to_follow_up,2
follow_up.tsv,TCGA-CE-A13K,follow_ups.follow_up_id,3
follow_up.tsv,TCGA-CE-A13K,follow_ups.submitter_id,3
follow_up.tsv,TCGA-CE-A13K,follow_ups.timepoint_category,2
follow_up.tsv,TCGA-CE-A27D,follow_ups.days_to_follow_up,2
follow_up.tsv,TCGA-CE-A27D,follow_ups.follow_up_id,3
follow_up.tsv,TCGA-CE-A27D,follow_ups.submitter_id,3
follow_up.tsv,TCGA-CE-A27D,follow_ups.timepoint_category,2
follow_up.tsv,TCGA-CE-A3MD,follow_ups.days_to_follow_up,2
follow_up.tsv,TCGA-CE-A3MD,follow_ups.follow_up_id,3
follow_up.tsv,TCGA-CE-A3MD,follow_ups.submitter_id,3
follow_up.tsv,TCGA-CE-A3MD,follow_ups.timepoint_category,2
follow_up.tsv,TCGA-CE-A3ME,follow_ups.days_to_follow_up,2
follow_up.tsv,TCGA-CE-A3ME,follow_ups.follow_up_id,3
follow_up.tsv,TCGA-CE-A3ME,follow_ups.submitter_id,3
follow_up.tsv,TCGA-CE-A3ME,follow_ups.timepoint_category,2
follow_up.tsv,TCGA-CE-A481,follow_ups.days_to_follow_up,2
follow_up.tsv,TCGA-CE-A481,follow_ups.disease_response,2
follow_up.tsv,TCGA-CE-A481,follow_ups.follow_up_id,4
follow_up.tsv,TCGA-CE-A481,follow_ups.submitter_id,4
follow_up.tsv,TCGA-CE-A481,follow_ups.timepoint_category,3
follow_up.tsv,TCGA-CE-A482,follow_ups.days_to_follow_up,2
follow_up.tsv,TCGA-CE-A482,follow_ups.disease_response,2
follow_up.tsv,TCGA-CE-A482,follow_ups.follow_up_id,4
follow_up.tsv,TCGA-CE-A482,follow_ups.submitter_id,4
follow_up.tsv,TCGA-CE-A482,follow_ups.timepoint_category,3
follow_up.tsv,TCGA-CE-A483,follow_ups.days_to_follow_up,2
follow_up.tsv,TCGA-CE-A483,follow_ups.disease_response,2
follow_up.tsv,TCGA-CE-A483,follow_ups.follow_up_id,4
follow_up.tsv,TCGA-CE-A483,follow_ups.submitter_id,4
follow_up.tsv,TCGA-CE-A483,follow_ups.timepoint_category,3
follow_up.tsv,TCGA-CE-A484,follow_ups.days_to_follow_up,2
follow_up.tsv,TCGA-CE-A484,follow_ups.disease_response,2
follow_up.tsv,TCGA-CE-A484,follow_ups.follow_up_id,4
follow_up.tsv,TCGA-CE-A484,follow_ups.submitter_id,4
follow_up.tsv,TCGA-CE-A484,follow_ups.timepoint_category,3
follow_up.tsv,TCGA-CE-A485,follow_ups.days_to_follow_up,2
follow_up.tsv,TCGA-CE-A485,follow_ups.disease_response,2
follow_up.tsv,TCGA-CE-A485,follow_ups.follow_up_id,4
follow_up.tsv,TCGA-CE-A485,follow_ups.submitter_id,4
follow_up.tsv,TCGA-CE-A485,follow_ups.timepoint_category,3
follow_up.tsv,TCGA-DE-A0XZ,follow_ups.days_to_follow_up,4
follow_up.tsv,TCGA-DE-A0XZ,follow_ups.disease_response,2
follow_up.tsv,TCGA-DE-A0XZ,follow_ups.follow_up_id,8
follow_up.tsv,TCGA-DE-A0XZ,follow_ups.submitter_id,7
follow_up.tsv,TCGA-DE-A0XZ,follow_ups.timepoint_category,5
follow_up.tsv,TCGA-DE-A0Y2,follow_ups.days_to_follow_up,3
follow_up.tsv,TCGA-DE-A0Y2,follow_ups.disease_response,3
follow_up.tsv,TCGA-DE-A0Y2,follow_ups.follow_up_id,7
follow_up.tsv,TCGA-DE-A0Y2,follow_ups.submitter_id,7
follow_up.tsv,TCGA-DE-A0Y2,follow_ups.timepoint_category,4
follow_up.tsv,TCGA-DE-A0Y3,follow_ups.days_to_follow_up,4
follow_up.tsv,TCGA-DE-A0Y3,follow_ups.disease_response,3
follow_up.tsv,TCGA-DE-A0Y3,follow_ups.follow_up_id,10
follow_up.tsv,TCGA-DE-A0Y3,follow_ups.submitter_id,9
follow_up.tsv,TCGA-DE-A0Y3,follow_ups.timepoint_category,6
follow_up.tsv,TCGA-DE-A2OL,follow_ups.days_to_follow_up,3
follow_up.tsv,TCGA-DE-A2OL,follow_ups.disease_response,2
follow_up.tsv,TCGA-DE-A2OL,follow_ups.follow_up_id,5
follow_up.tsv,TCGA-DE-A2OL,follow_ups.submitter_id,5
follow_up.tsv,TCGA-DE-A2OL,follow_ups.timepoint_category,3
follow_up.tsv,TCGA-DE-A3KN,follow_ups.days_to_follow_up,3
follow_up.tsv,TCGA-DE-A3KN,follow_ups.disease_response,2
follow_up.tsv,TCGA-DE-A3KN,follow_ups.follow_up_id,7
follow_up.tsv,TCGA-DE-A3KN,follow_ups.submitter_id,6
follow_up.tsv,TCGA-DE-A3KN,follow_ups.timepoint_category,4
follow_up.tsv,TCGA-DE-A4M8,follow_ups.days_to_follow_up,2
follow_up.tsv,TCGA-DE-A4M8,follow_ups.disease_response,2
follow_up.tsv,TCGA-DE-A4M8,follow_ups.follow_up_id,5
follow_up.tsv,TCGA-DE-A4M8,follow_ups.submitter_id,5
follow_up.tsv,TCGA-DE-A4M8,follow_ups.timepoint_category,4
follow_up.tsv,TCGA-DE-A4M9,follow_ups.days_to_follow_up,2
follow_up.tsv,TCGA-DE-A4M9,follow_ups.disease_response,2
follow_up.tsv,TCGA-DE-A4M9,follow_ups.follow_up_id,5
follow_up.tsv,TCGA-DE-A4M9,follow_ups.submitter_id,5
follow_up.tsv,TCGA-DE-A4M9,follow_ups.timepoint_category,4
follow_up.tsv,TCGA-DE-A4MA,follow_ups.days_to_follow_up,2
follow_up.tsv,TCGA-DE-A4MA,follow_ups.disease_response,2
follow_up.tsv,TCGA-DE-A4MA,follow_ups.follow_up_id,5
follow_up.tsv,TCGA-DE-A4MA,follow_ups.submitter_id,5
follow_up.tsv,TCGA-DE-A4MA,follow_ups.timepoint_category,4
follow_up.tsv,TCGA-DE-A4MB,follow_ups.disease_response,2
follow_up.tsv,TCGA-DE-A4MB,follow_ups.follow_up_id,5
follow_up.tsv,TCGA-DE-A4MB,follow_ups.submitter_id,5
follow_up.tsv,TCGA-DE-A4MB,follow_ups.timepoint_category,4
follow_up.tsv,TCGA-DE-A4MC,follow_ups.days_to_follow_up,3
follow_up.tsv,TCGA-DE-A4MC,follow_ups.disease_response,3
follow_up.tsv,TCGA-DE-A4MC,follow_ups.follow_up_id,7
follow_up.tsv,TCGA-DE-A4MC,follow_ups.submitter_id,6
follow_up.tsv,TCGA-DE-A4MC,follow_ups.timepoint_category,5
follow_up.tsv,TCGA-DE-A4MD,follow_ups.days_to_follow_up,4
follow_up.tsv,TCGA-DE-A4MD,follow_ups.days_to_recurrence,2
follow_up.tsv,TCGA-DE-A4MD,follow_ups.disease_response,3
follow_up.tsv,TCGA-DE-A4MD,follow_ups.follow_up_id,8
follow_up.tsv,TCGA-DE-A4MD,follow_ups.submitter_id,8
follow_up.tsv,TCGA-DE-A4MD,follow_ups.timepoint_category,5
follow_up.tsv,TCGA-DE-A69J,follow_ups.days_to_follow_up,2
follow_up.tsv,TCGA-DE-A69J,follow_ups.disease_response,3
follow_up.tsv,TCGA-DE-A69J,follow_ups.follow_up_id,5
follow_up.tsv,TCGA-DE-A69J,follow_ups.submitter_id,5
follow_up.tsv,TCGA-DE-A69J,follow_ups.timepoint_category,4
follow_up.tsv,TCGA-DE-A69K,follow_ups.days_to_follow_up,2
follow_up.tsv,TCGA-DE-A69K,follow_ups.disease_response,2
follow_up.tsv,TCGA-DE-A69K,follow_ups.follow_up_id,7
follow_up.tsv,TCGA-DE-A69K,follow_ups.imaging_type,2
follow_up.tsv,TCGA-DE-A69K,follow_ups.submitter_id,7
follow_up.tsv,TCGA-DE-A69K,follow_ups.timepoint_category,5
follow_up.tsv,TCGA-DE-A7U5,follow_ups.follow_up_id,5
follow_up.tsv,TCGA-DE-A7U5,follow_ups.submitter_id,4
follow_up.tsv,TCGA-DE-A7U5,follow_ups.timepoint_category,4
follow_up.tsv,TCGA-DJ-A13L,follow_ups.disease_response,2
follow_up.tsv,TCGA-DJ-A13L,follow_ups.follow_up_id,4
follow_up.tsv,TCGA-DJ-A13L,follow_ups.submitter_id,4
follow_up.tsv,TCGA-DJ-A13L,follow_ups.timepoint_category,4
follow_up.tsv,TCGA-DJ-A13M,follow_ups.days_to_follow_up,3
follow_up.tsv,TCGA-DJ-A13M,follow_ups.disease_response,2
follow_up.tsv,TCGA-DJ-A13M,follow_ups.follow_up_id,7
follow_up.tsv,TCGA-DJ-A13M,follow_ups.submitter_id,6
follow_up.tsv,TCGA-DJ-A13M,follow_ups.timepoint_category,4
follow_up.tsv,TCGA-DJ-A13O,follow_ups.days_to_follow_up,3
follow_up.tsv,TCGA-DJ-A13O,follow_ups.disease_response,2
follow_up.tsv,TCGA-DJ-A13O,follow_ups.follow_up_id,7
follow_up.tsv,TCGA-DJ-A13O,follow_ups.submitter_id,6
follow_up.tsv,TCGA-DJ-A13O,follow_ups.timepoint_category,4
follow_up.tsv,TCGA-DJ-A13P,follow_ups.days_to_follow_up,3
follow_up.tsv,TCGA-DJ-A13P,follow_ups.disease_response,2
follow_up.tsv,TCGA-DJ-A13P,follow_ups.follow_up_id,5
follow_up.tsv,TCGA-DJ-A13P,follow_ups.submitter_id,5
follow_up.tsv,TCGA-DJ-A13P,follow_ups.timepoint_category,3
follow_up.tsv,TCGA-DJ-A13R,follow_ups.days_to_follow_up,3
follow_up.tsv,TCGA-DJ-A13R,follow_ups.disease_response,2
follow_up.tsv,TCGA-DJ-A13R,follow_ups.follow_up_id,6
follow_up.tsv,TCGA-DJ-A13R,follow_ups.submitter_id,5
follow_up.tsv,TCGA-DJ-A13R,follow_ups.timepoint_category,3
follow_up.tsv,TCGA-DJ-A13S,follow_ups.disease_response,2
follow_up.tsv,TCGA-DJ-A13S,follow_ups.follow_up_id,4
follow_up.tsv,TCGA-DJ-A13S,follow_ups.submitter_id,4
follow_up.tsv,TCGA-DJ-A13S,follow_ups.timepoint_category,4
follow_up.tsv,TCGA-DJ-A13T,follow_ups.days_to_follow_up,3
follow_up.tsv,TCGA-DJ-A13T,follow_ups.disease_response,2
follow_up.tsv,TCGA-DJ-A13T,follow_ups.follow_up_id,7
follow_up.tsv,TCGA-DJ-A13T,follow_ups.submitter_id,6
follow_up.tsv,TCGA-DJ-A13T,follow_ups.timepoint_category,4
follow_up.tsv,TCGA-DJ-A13U,follow_ups.days_to_follow_up,3
follow_up.tsv,TCGA-DJ-A13U,follow_ups.disease_response,2
follow_up.tsv,TCGA-DJ-A13U,follow_ups.follow_up_id,7
follow_up.tsv,TCGA-DJ-A13U,follow_ups.submitter_id,6
follow_up.tsv,TCGA-DJ-A13U,follow_ups.timepoint_category,4
follow_up.tsv,TCGA-DJ-A13V,follow_ups.days_to_follow_up,3
follow_up.tsv,TCGA-DJ-A13V,follow_ups.disease_response,4
follow_up.tsv,TCGA-DJ-A13V,follow_ups.follow_up_id,8
follow_up.tsv,TCGA-DJ-A13V,follow_ups.submitter_id,7
follow_up.tsv,TCGA-DJ-A13V,follow_ups.timepoint_category,4
follow_up.tsv,TCGA-DJ-A13W,follow_ups.days_to_follow_up,2
follow_up.tsv,TCGA-DJ-A13W,follow_ups.disease_response,2
follow_up.tsv,TCGA-DJ-A13W,follow_ups.follow_up_id,6
follow_up.tsv,TCGA-DJ-A13W,follow_ups.submitter_id,5
follow_up.tsv,TCGA-DJ-A13W,follow_ups.timepoint_category,4
follow_up.tsv,TCGA-DJ-A13X,follow_ups.days_to_follow_up,2
follow_up.tsv,TCGA-DJ-A13X,follow_ups.disease_response,2
follow_up.tsv,TCGA-DJ-A13X,follow_ups.follow_up_id,6
follow_up.tsv,TCGA-DJ-A13X,follow_ups.submitter_id,5
follow_up.tsv,TCGA-DJ-A13X,follow_ups.timepoint_category,4
follow_up.tsv,TCGA-DJ-A1QD,follow_ups.days_to_follow_up,3
follow_up.tsv,TCGA-DJ-A1QD,follow_ups.disease_response,2
follow_up.tsv,TCGA-DJ-A1QD,follow_ups.follow_up_id,7
follow_up.tsv,TCGA-DJ-A1QD,follow_ups.submitter_id,6
follow_up.tsv,TCGA-DJ-A1QD,follow_ups.timepoint_category,4
follow_up.tsv,TCGA-DJ-A1QE,follow_ups.days_to_follow_up,3
follow_up.tsv,TCGA-DJ-A1QE,follow_ups.disease_response,2
follow_up.tsv,TCGA-DJ-A1QE,follow_ups.follow_up_id,5
follow_up.tsv,TCGA-DJ-A1QE,follow_ups.submitter_id,5
follow_up.tsv,TCGA-DJ-A1QE,follow_ups.timepoint_category,3
follow_up.tsv,TCGA-DJ-A1QF,follow_ups.days_to_follow_up,2
follow_up.tsv,TCGA-DJ-A1QF,follow_ups.disease_response,2
follow_up.tsv,TCGA-DJ-A1QF,follow_ups.follow_up_id,6
follow_up.tsv,TCGA-DJ-A1QF,follow_ups.submitter_id,5
follow_up.tsv,TCGA-DJ-A1QF,follow_ups.timepoint_category,4
follow_up.tsv,TCGA-DJ-A1QG,follow_ups.days_to_follow_up,3
follow_up.tsv,TCGA-DJ-A1QG,follow_ups.disease_response,2
follow_up.tsv,TCGA-DJ-A1QG,follow_ups.follow_up_id,6
follow_up.tsv,TCGA-DJ-A1QG,follow_ups.submitter_id,6
follow_up.tsv,TCGA-DJ-A1QG,follow_ups.timepoint_category,4
follow_up.tsv,TCGA-DJ-A1QH,follow_ups.days_to_follow_up,3
follow_up.tsv,TCGA-DJ-A1QH,follow_ups.disease_response,3
follow_up.tsv,TCGA-DJ-A1QH,follow_ups.follow_up_id,7
follow_up.tsv,TCGA-DJ-A1QH,follow_ups.submitter_id,7
follow_up.tsv,TCGA-DJ-A1QH,follow_ups.timepoint_category,4
follow_up.tsv,TCGA-DJ-A1QI,follow_ups.days_to_follow_up,2
follow_up.tsv,TCGA-DJ-A1QI,follow_ups.disease_response,2
follow_up.tsv,TCGA-DJ-A1QI,follow_ups.follow_up_id,6
follow_up.tsv,TCGA-DJ-A1QI,follow_ups.submitter_id,5
follow_up.tsv,TCGA-DJ-A1QI,follow_ups.timepoint_category,4
follow_up.tsv,TCGA-DJ-A1QL,follow_ups.days_to_follow_up,3
follow_up.tsv,TCGA-DJ-A1QL,follow_ups.disease_response,2
follow_up.tsv,TCGA-DJ-A1QL,follow_ups.follow_up_id,7
follow_up.tsv,TCGA-DJ-A1QL,follow_ups.submitter_id,6
follow_up.tsv,TCGA-DJ-A1QL,follow_ups.timepoint_category,4
follow_up.tsv,TCGA-DJ-A1QM,follow_ups.days_to_follow_up,2
follow_up.tsv,TCGA-DJ-A1QM,follow_ups.follow_up_id,5
follow_up.tsv,TCGA-DJ-A1QM,follow_ups.submitter_id,4
follow_up.tsv,TCGA-DJ-A1QM,follow_ups.timepoint_category,3
follow_up.tsv,TCGA-DJ-A1QN,follow_ups.days_to_follow_up,3
follow_up.tsv,TCGA-DJ-A1QN,follow_ups.disease_response,2
follow_up.tsv,TCGA-DJ-A1QN,follow_ups.follow_up_id,7
follow_up.tsv,TCGA-DJ-A1QN,follow_ups.submitter_id,6
follow_up.tsv,TCGA-DJ-A1QN,follow_ups.timepoint_category,4
follow_up.tsv,TCGA-DJ-A1QO,follow_ups.days_to_follow_up,3
follow_up.tsv,TCGA-DJ-A1QO,follow_ups.disease_response,2
follow_up.tsv,TCGA-DJ-A1QO,follow_ups.follow_up_id,6
follow_up.tsv,TCGA-DJ-A1QO,follow_ups.submitter_id,5
follow_up.tsv,TCGA-DJ-A1QO,follow_ups.timepoint_category,3
follow_up.tsv,TCGA-DJ-A1QQ,follow_ups.days_to_follow_up,2
follow_up.tsv,TCGA-DJ-A1QQ,follow_ups.disease_response,2
follow_up.tsv,TCGA-DJ-A1QQ,follow_ups.follow_up_id,6
follow_up.tsv,TCGA-DJ-A1QQ,follow_ups.submitter_id,5
follow_up.tsv,TCGA-DJ-A1QQ,follow_ups.timepoint_category,4
follow_up.tsv,TCGA-DJ-A2PN,follow_ups.days_to_follow_up,2
follow_up.tsv,TCGA-DJ-A2PN,follow_ups.disease_response,2
follow_up.tsv,TCGA-DJ-A2PN,follow_ups.follow_up_id,6
follow_up.tsv,TCGA-DJ-A2PN,follow_ups.submitter_id,5
follow_up.tsv,TCGA-DJ-A2PN,follow_ups.timepoint_category,4
follow_up.tsv,TCGA-DJ-A2PO,follow_ups.days_to_follow_up,2
follow_up.tsv,TCGA-DJ-A2PO,follow_ups.disease_response,2
follow_up.tsv,TCGA-DJ-A2PO,follow_ups.follow_up_id,6
follow_up.tsv,TCGA-DJ-A2PO,follow_ups.submitter_id,5
follow_up.tsv,TCGA-DJ-A2PO,follow_ups.timepoint_category,4
follow_up.tsv,TCGA-DJ-A2PP,follow_ups.days_to_follow_up,3
follow_up.tsv,TCGA-DJ-A2PP,follow_ups.disease_response,2
follow_up.tsv,TCGA-DJ-A2PP,follow_ups.follow_up_id,7
follow_up.tsv,TCGA-DJ-A2PP,follow_ups.submitter_id,6
follow_up.tsv,TCGA-DJ-A2PP,follow_ups.timepoint_category,4
follow_up.tsv,TCGA-DJ-A2PQ,follow_ups.days_to_follow_up,3
follow_up.tsv,TCGA-DJ-A2PQ,follow_ups.disease_response,2
follow_up.tsv,TCGA-DJ-A2PQ,follow_ups.follow_up_id,7
follow_up.tsv,TCGA-DJ-A2PQ,follow_ups.submitter_id,6
follow_up.tsv,TCGA-DJ-A2PQ,follow_ups.timepoint_category,4
follow_up.tsv,TCGA-DJ-A2PR,follow_ups.days_to_follow_up,3
follow_up.tsv,TCGA-DJ-A2PR,follow_ups.disease_response,2
follow_up.tsv,TCGA-DJ-A2PR,follow_ups.follow_up_id,7
follow_up.tsv,TCGA-DJ-A2PR,follow_ups.submitter_id,6
follow_up.tsv,TCGA-DJ-A2PR,follow_ups.timepoint_category,4
follow_up.tsv,TCGA-DJ-A2PS,follow_ups.days_to_follow_up,3
follow_up.tsv,TCGA-DJ-A2PS,follow_ups.disease_response,2
follow_up.tsv,TCGA-DJ-A2PS,follow_ups.follow_up_id,7
follow_up.tsv,TCGA-DJ-A2PS,follow_ups.submitter_id,6
follow_up.tsv,TCGA-DJ-A2PS,follow_ups.timepoint_category,4
follow_up.tsv,TCGA-DJ-A2PT,follow_ups.days_to_follow_up,3
follow_up.tsv,TCGA-DJ-A2PT,follow_ups.disease_response,2
follow_up.tsv,TCGA-DJ-A2PT,follow_ups.follow_up_id,7
follow_up.tsv,TCGA-DJ-A2PT,follow_ups.submitter_id,6
follow_up.tsv,TCGA-DJ-A2PT,follow_ups.timepoint_category,4
follow_up.tsv,TCGA-DJ-A2PU,follow_ups.days_to_follow_up,3
follow_up.tsv,TCGA-DJ-A2PU,follow_ups.disease_response,2
follow_up.tsv,TCGA-DJ-A2PU,follow_ups.follow_up_id,7
follow_up.tsv,TCGA-DJ-A2PU,follow_ups.submitter_id,6
follow_up.tsv,TCGA-DJ-A2PU,follow_ups.timepoint_category,4
follow_up.tsv,TCGA-DJ-A2PV,follow_ups.days_to_follow_up,3
follow_up.tsv,TCGA-DJ-A2PV,follow_ups.disease_response,2
follow_up.tsv,TCGA-DJ-A2PV,follow_ups.follow_up_id,7
follow_up.tsv,TCGA-DJ-A2PV,follow_ups.submitter_id,6
follow_up.tsv,TCGA-DJ-A2PV,follow_ups.timepoint_category,4
follow_up.tsv,TCGA-DJ-A2PW,follow_ups.days_to_follow_up,3
follow_up.tsv,TCGA-DJ-A2PW,follow_ups.disease_response,2
follow_up.tsv,TCGA-DJ-A2PW,follow_ups.follow_up_id,7
follow_up.tsv,TCGA-DJ-A2PW,follow_ups.submitter_id,6
follow_up.tsv,TCGA-DJ-A2PW,follow_ups.timepoint_category,4
follow_up.tsv,TCGA-DJ-A2PX,follow_ups.days_to_follow_up,2
follow_up.tsv,TCGA-DJ-A2PX,follow_ups.disease_response,2
follow_up.tsv,TCGA-DJ-A2PX,follow_ups.follow_up_id,6
follow_up.tsv,TCGA-DJ-A2PX,follow_ups.submitter_id,5
follow_up.tsv,TCGA-DJ-A2PX,follow_ups.timepoint_category,4
follow_up.tsv,TCGA-DJ-A2PY,follow_ups.disease_response,2
follow_up.tsv,TCGA-DJ-A2PY,follow_ups.follow_up_id,5
follow_up.tsv,TCGA-DJ-A2PY,follow_ups.submitter_id,4
follow_up.tsv,TCGA-DJ-A2PY,follow_ups.timepoint_category,4
follow_up.tsv,TCGA-DJ-A2PZ,follow_ups.disease_response,2
follow_up.tsv,TCGA-DJ-A2PZ,follow_ups.follow_up_id,5
follow_up.tsv,TCGA-DJ-A2PZ,follow_ups.submitter_id,4
follow_up.tsv,TCGA-DJ-A2PZ,follow_ups.timepoint_category,4
follow_up.tsv,TCGA-DJ-A2Q0,follow_ups.days_to_follow_up,2
follow_up.tsv,TCGA-DJ-A2Q0,follow_ups.disease_response,2
follow_up.tsv,TCGA-DJ-A2Q0,follow_ups.follow_up_id,6
follow_up.tsv,TCGA-DJ-A2Q0,follow_ups.submitter_id,5
follow_up.tsv,TCGA-DJ-A2Q0,follow_ups.timepoint_category,4
follow_up.tsv,TCGA-DJ-A2Q1,follow_ups.days_to_follow_up,2
follow_up.tsv,TCGA-DJ-A2Q1,follow_ups.disease_response,2
follow_up.tsv,TCGA-DJ-A2Q1,follow_ups.follow_up_id,6
follow_up.tsv,TCGA-DJ-A2Q1,follow_ups.submitter_id,5
follow_up.tsv,TCGA-DJ-A2Q1,follow_ups.timepoint_category,4
follow_up.tsv,TCGA-DJ-A2Q2,follow_ups.days_to_follow_up,2
follow_up.tsv,TCGA-DJ-A2Q2,follow_ups.disease_response,2
follow_up.tsv,TCGA-DJ-A2Q2,follow_ups.follow_up_id,6
follow_up.tsv,TCGA-DJ-A2Q2,follow_ups.submitter_id,5
follow_up.tsv,TCGA-DJ-A2Q2,follow_ups.timepoint_category,4
follow_up.tsv,TCGA-DJ-A2Q3,follow_ups.days_to_follow_up,3
follow_up.tsv,TCGA-DJ-A2Q3,follow_ups.disease_response,2
follow_up.tsv,TCGA-DJ-A2Q3,follow_ups.follow_up_id,7
follow_up.tsv,TCGA-DJ-A2Q3,follow_ups.submitter_id,6
follow_up.tsv,TCGA-DJ-A2Q3,follow_ups.timepoint_category,4
follow_up.tsv,TCGA-DJ-A2Q4,follow_ups.days_to_follow_up,2
follow_up.tsv,TCGA-DJ-A2Q4,follow_ups.disease_response,2
follow_up.tsv,TCGA-DJ-A2Q4,follow_ups.follow_up_id,6
follow_up.tsv,TCGA-DJ-A2Q4,follow_ups.submitter_id,5
follow_up.tsv,TCGA-DJ-A2Q4,follow_ups.timepoint_category,4
follow_up.tsv,TCGA-DJ-A2Q5,follow_ups.days_to_follow_up,2
follow_up.tsv,TCGA-DJ-A2Q5,follow_ups.disease_response,2
follow_up.tsv,TCGA-DJ-A2Q5,follow_ups.follow_up_id,6
follow_up.tsv,TCGA-DJ-A2Q5,follow_ups.submitter_id,5
follow_up.tsv,TCGA-DJ-A2Q5,follow_ups.timepoint_category,4
follow_up.tsv,TCGA-DJ-A2Q6,follow_ups.days_to_follow_up,3
follow_up.tsv,TCGA-DJ-A2Q6,follow_ups.disease_response,2
follow_up.tsv,TCGA-DJ-A2Q6,follow_ups.follow_up_id,7
follow_up.tsv,TCGA-DJ-A2Q6,follow_ups.submitter_id,6
follow_up.tsv,TCGA-DJ-A2Q6,follow_ups.timepoint_category,4
follow_up.tsv,TCGA-DJ-A2Q7,follow_ups.days_to_follow_up,3
follow_up.tsv,TCGA-DJ-A2Q7,follow_ups.disease_response,2
follow_up.tsv,TCGA-DJ-A2Q7,follow_ups.follow_up_id,7
follow_up.tsv,TCGA-DJ-A2Q7,follow_ups.submitter_id,6
follow_up.tsv,TCGA-DJ-A2Q7,follow_ups.timepoint_category,4
follow_up.tsv,TCGA-DJ-A2Q8,follow_ups.days_to_follow_up,3
follow_up.tsv,TCGA-DJ-A2Q8,follow_ups.disease_response,2
follow_up.tsv,TCGA-DJ-A2Q8,follow_ups.follow_up_id,7
follow_up.tsv,TCGA-DJ-A2Q8,follow_ups.submitter_id,6
follow_up.tsv,TCGA-DJ-A2Q8,follow_ups.timepoint_category,4
follow_up.tsv,TCGA-DJ-A2Q9,follow_ups.days_to_follow_up,2
follow_up.tsv,TCGA-DJ-A2Q9,follow_ups.disease_response,2
follow_up.tsv,TCGA-DJ-A2Q9,follow_ups.follow_up_id,6
follow_up.tsv,TCGA-DJ-A2Q9,follow_ups.submitter_id,5
follow_up.tsv,TCGA-DJ-A2Q9,follow_ups.timepoint_category,4
follow_up.tsv,TCGA-DJ-A2QA,follow_ups.days_to_follow_up,2
follow_up.tsv,TCGA-DJ-A2QA,follow_ups.disease_response,2
follow_up.tsv,TCGA-DJ-A2QA,follow_ups.follow_up_id,5
follow_up.tsv,TCGA-DJ-A2QA,follow_ups.submitter_id,5
follow_up.tsv,TCGA-DJ-A2QA,follow_ups.timepoint_category,4
follow_up.tsv,TCGA-DJ-A2QB,follow_ups.days_to_follow_up,3
follow_up.tsv,TCGA-DJ-A2QB,follow_ups.disease_response,2
follow_up.tsv,TCGA-DJ-A2QB,follow_ups.follow_up_id,6
follow_up.tsv,TCGA-DJ-A2QB,follow_ups.submitter_id,6
follow_up.tsv,TCGA-DJ-A2QB,follow_ups.timepoint_category,4
follow_up.tsv,TCGA-DJ-A2QC,follow_ups.days_to_follow_up,3
follow_up.tsv,TCGA-DJ-A2QC,follow_ups.disease_response,2
follow_up.tsv,TCGA-DJ-A2QC,follow_ups.follow_up_id,7
follow_up.tsv,TCGA-DJ-A2QC,follow_ups.submitter_id,6
follow_up.tsv,TCGA-DJ-A2QC,follow_ups.timepoint_category,4
follow_up.tsv,TCGA-DJ-A3UK,follow_ups.days_to_follow_up,3
follow_up.tsv,TCGA-DJ-A3UK,follow_ups.disease_response,2
follow_up.tsv,TCGA-DJ-A3UK,follow_ups.follow_up_id,6
follow_up.tsv,TCGA-DJ-A3UK,follow_ups.submitter_id,6
follow_up.tsv,TCGA-DJ-A3UK,follow_ups.timepoint_category,4
follow_up.tsv,TCGA-DJ-A3UM,follow_ups.days_to_follow_up,2
follow_up.tsv,TCGA-DJ-A3UM,follow_ups.disease_response,2
follow_up.tsv,TCGA-DJ-A3UM,follow_ups.follow_up_id,4
follow_up.tsv,TCGA-DJ-A3UM,follow_ups.submitter_id,4
follow_up.tsv,TCGA-DJ-A3UM,follow_ups.timepoint_category,3
follow_up.tsv,TCGA-DJ-A3UN,follow_ups.days_to_follow_up,3
follow_up.tsv,TCGA-DJ-A3UN,follow_ups.disease_response,2
follow_up.tsv,TCGA-DJ-A3UN,follow_ups.follow_up_id,6
follow_up.tsv,TCGA-DJ-A3UN,follow_ups.submitter_id,6
follow_up.tsv,TCGA-DJ-A3UN,follow_ups.timepoint_category,4
follow_up.tsv,TCGA-DJ-A3UO,follow_ups.days_to_follow_up,2
follow_up.tsv,TCGA-DJ-A3UO,follow_ups.disease_response,2
follow_up.tsv,TCGA-DJ-A3UO,follow_ups.follow_up_id,5
follow_up.tsv,TCGA-DJ-A3UO,follow_ups.submitter_id,5
follow_up.tsv,TCGA-DJ-A3UO,follow_ups.timepoint_category,4
follow_up.tsv,TCGA-DJ-A3UP,follow_ups.days_to_follow_up,2
follow_up.tsv,TCGA-DJ-A3UP,follow_ups.disease_response,2
follow_up.tsv,TCGA-DJ-A3UP,follow_ups.follow_up_id,5
follow_up.tsv,TCGA-DJ-A3UP,follow_ups.submitter_id,5
follow_up.tsv,TCGA-DJ-A3UP,follow_ups.timepoint_category,4
follow_up.tsv,TCGA-DJ-A3UQ,follow_ups.days_to_follow_up,2
follow_up.tsv,TCGA-DJ-A3UQ,follow_ups.disease_response,2
follow_up.tsv,TCGA-DJ-A3UQ,follow_ups.follow_up_id,5
follow_up.tsv,TCGA-DJ-A3UQ,follow_ups.submitter_id,5
follow_up.tsv,TCGA-DJ-A3UQ,follow_ups.timepoint_category,4
follow_up.tsv,TCGA-DJ-A3UR,follow_ups.days_to_follow_up,2
follow_up.tsv,TCGA-DJ-A3UR,follow_ups.disease_response,2
follow_up.tsv,TCGA-DJ-A3UR,follow_ups.follow_up_id,5
follow_up.tsv,TCGA-DJ-A3UR,follow_ups.submitter_id,5
follow_up.tsv,TCGA-DJ-A3UR,follow_ups.timepoint_category,4
follow_up.tsv,TCGA-DJ-A3US,follow_ups.days_to_follow_up,2
follow_up.tsv,TCGA-DJ-A3US,follow_ups.disease_response,2
follow_up.tsv,TCGA-DJ-A3US,follow_ups.follow_up_id,5
follow_up.tsv,TCGA-DJ-A3US,follow_ups.submitter_id,5
follow_up.tsv,TCGA-DJ-A3US,follow_ups.timepoint_category,4
follow_up.tsv,TCGA-DJ-A3UT,follow_ups.days_to_follow_up,3
follow_up.tsv,TCGA-DJ-A3UT,follow_ups.disease_response,2
follow_up.tsv,TCGA-DJ-A3UT,follow_ups.follow_up_id,6
follow_up.tsv,TCGA-DJ-A3UT,follow_ups.submitter_id,6
follow_up.tsv,TCGA-DJ-A3UT,follow_ups.timepoint_category,4
follow_up.tsv,TCGA-DJ-A3UU,follow_ups.days_to_follow_up,2
follow_up.tsv,TCGA-DJ-A3UU,follow_ups.disease_response,3
follow_up.tsv,TCGA-DJ-A3UU,follow_ups.follow_up_id,5
follow_up.tsv,TCGA-DJ-A3UU,follow_ups.submitter_id,5
follow_up.tsv,TCGA-DJ-A3UU,follow_ups.timepoint_category,4
follow_up.tsv,TCGA-DJ-A3UV,follow_ups.days_to_follow_up,3
follow_up.tsv,TCGA-DJ-A3UV,follow_ups.disease_response,2
follow_up.tsv,TCGA-DJ-A3UV,follow_ups.follow_up_id,6
follow_up.tsv,TCGA-DJ-A3UV,follow_ups.submitter_id,6
follow_up.tsv,TCGA-DJ-A3UV,follow_ups.timepoint_category,4
follow_up.tsv,TCGA-DJ-A3UW,follow_ups.days_to_follow_up,2
follow_up.tsv,TCGA-DJ-A3UW,follow_ups.disease_response,2
follow_up.tsv,TCGA-DJ-A3UW,follow_ups.follow_up_id,5
follow_up.tsv,TCGA-DJ-A3UW,follow_ups.submitter_id,4
follow_up.tsv,TCGA-DJ-A3UW,follow_ups.timepoint_category,3
follow_up.tsv,TCGA-DJ-A3UX,follow_ups.disease_response,2
follow_up.tsv,TCGA-DJ-A3UX,follow_ups.follow_up_id,6
follow_up.tsv,TCGA-DJ-A3UX,follow_ups.submitter_id,4
follow_up.tsv,TCGA-DJ-A3UX,follow_ups.timepoint_category,4
follow_up.tsv,TCGA-DJ-A3UY,follow_ups.days_to_follow_up,3
follow_up.tsv,TCGA-DJ-A3UY,follow_ups.disease_response,2
follow_up.tsv,TCGA-DJ-A3UY,follow_ups.follow_up_id,6
follow_up.tsv,TCGA-DJ-A3UY,follow_ups.submitter_id,6
follow_up.tsv,TCGA-DJ-A3UY,follow_ups.timepoint_category,4
follow_up.tsv,TCGA-DJ-A3UZ,follow_ups.days_to_follow_up,3
follow_up.tsv,TCGA-DJ-A3UZ,follow_ups.disease_response,2
follow_up.tsv,TCGA-DJ-A3UZ,follow_ups.follow_up_id,6
follow_up.tsv,TCGA-DJ-A3UZ,follow_ups.submitter_id,6
follow_up.tsv,TCGA-DJ-A3UZ,follow_ups.timepoint_category,4
follow_up.tsv,TCGA-DJ-A3V0,follow_ups.days_to_follow_up,2
follow_up.tsv,TCGA-DJ-A3V0,follow_ups.disease_response,2
follow_up.tsv,TCGA-DJ-A3V0,follow_ups.follow_up_id,6
follow_up.tsv,TCGA-DJ-A3V0,follow_ups.imaging_type,2
follow_up.tsv,TCGA-DJ-A3V0,follow_ups.submitter_id,6
follow_up.tsv,TCGA-DJ-A3V0,follow_ups.timepoint_category,4
follow_up.tsv,TCGA-DJ-A3V2,follow_ups.days_to_follow_up,2
follow_up.tsv,TCGA-DJ-A3V2,follow_ups.disease_response,2
follow_up.tsv,TCGA-DJ-A3V2,follow_ups.follow_up_id,6
follow_up.tsv,TCGA-DJ-A3V2,follow_ups.submitter_id,5
follow_up.tsv,TCGA-DJ-A3V2,follow_ups.timepoint_category,4
follow_up.tsv,TCGA-DJ-A3V3,follow_ups.days_to_follow_up,2
follow_up.tsv,TCGA-DJ-A3V3,follow_ups.disease_response,2
follow_up.tsv,TCGA-DJ-A3V3,follow_ups.follow_up_id,4
follow_up.tsv,TCGA-DJ-A3V3,follow_ups.submitter_id,4
follow_up.tsv,TCGA-DJ-A3V3,follow_ups.timepoint_category,3
follow_up.tsv,TCGA-DJ-A3V4,follow_ups.days_to_follow_up,3
follow_up.tsv,TCGA-DJ-A3V4,follow_ups.disease_response,2
follow_up.tsv,TCGA-DJ-A3V4,follow_ups.follow_up_id,6
follow_up.tsv,TCGA-DJ-A3V4,follow_ups.submitter_id,6
follow_up.tsv,TCGA-DJ-A3V4,follow_ups.timepoint_category,4
follow_up.tsv,TCGA-DJ-A3V5,follow_ups.days_to_follow_up,2
follow_up.tsv,TCGA-DJ-A3V5,follow_ups.disease_response,2
follow_up.tsv,TCGA-DJ-A3V5,follow_ups.follow_up_id,5
follow_up.tsv,TCGA-DJ-A3V5,follow_ups.submitter_id,5
follow_up.tsv,TCGA-DJ-A3V5,follow_ups.timepoint_category,4
follow_up.tsv,TCGA-DJ-A3V6,follow_ups.days_to_follow_up,2
follow_up.tsv,TCGA-DJ-A3V6,follow_ups.disease_response,2
follow_up.tsv,TCGA-DJ-A3V6,follow_ups.follow_up_id,5
follow_up.tsv,TCGA-DJ-A3V6,follow_ups.submitter_id,5
follow_up.tsv,TCGA-DJ-A3V6,follow_ups.timepoint_category,4
follow_up.tsv,TCGA-DJ-A3V7,follow_ups.days_to_follow_up,2
follow_up.tsv,TCGA-DJ-A3V7,follow_ups.disease_response,2
follow_up.tsv,TCGA-DJ-A3V7,follow_ups.follow_up_id,5
follow_up.tsv,TCGA-DJ-A3V7,follow_ups.submitter_id,5
follow_up.tsv,TCGA-DJ-A3V7,follow_ups.timepoint_category,4
follow_up.tsv,TCGA-DJ-A3V8,follow_ups.days_to_follow_up,2
follow_up.tsv,TCGA-DJ-A3V8,follow_ups.disease_response,2
follow_up.tsv,TCGA-DJ-A3V8,follow_ups.follow_up_id,5
follow_up.tsv,TCGA-DJ-A3V8,follow_ups.submitter_id,5
follow_up.tsv,TCGA-DJ-A3V8,follow_ups.timepoint_category,4
follow_up.tsv,TCGA-DJ-A3V9,follow_ups.days_to_follow_up,2
follow_up.tsv,TCGA-DJ-A3V9,follow_ups.disease_response,2
follow_up.tsv,TCGA-DJ-A3V9,follow_ups.follow_up_id,5
follow_up.tsv,TCGA-DJ-A3V9,follow_ups.submitter_id,5
follow_up.tsv,TCGA-DJ-A3V9,follow_ups.timepoint_category,4
follow_up.tsv,TCGA-DJ-A3VA,follow_ups.days_to_follow_up,2
follow_up.tsv,TCGA-DJ-A3VA,follow_ups.disease_response,2
follow_up.tsv,TCGA-DJ-A3VA,follow_ups.follow_up_id,5
follow_up.tsv,TCGA-DJ-A3VA,follow_ups.submitter_id,5
follow_up.tsv,TCGA-DJ-A3VA,follow_ups.timepoint_category,4
follow_up.tsv,TCGA-DJ-A3VB,follow_ups.days_to_follow_up,2
follow_up.tsv,TCGA-DJ-A3VB,follow_ups.disease_response,2
follow_up.tsv,TCGA-DJ-A3VB,follow_ups.follow_up_id,6
follow_up.tsv,TCGA-DJ-A3VB,follow_ups.imaging_type,2
follow_up.tsv,TCGA-DJ-A3VB,follow_ups.submitter_id,6
follow_up.tsv,TCGA-DJ-A3VB,follow_ups.timepoint_category,4
follow_up.tsv,TCGA-DJ-A3VD,follow_ups.days_to_follow_up,3
follow_up.tsv,TCGA-DJ-A3VD,follow_ups.disease_response,2
follow_up.tsv,TCGA-DJ-A3VD,follow_ups.follow_up_id,6
follow_up.tsv,TCGA-DJ-A3VD,follow_ups.submitter_id,6
follow_up.tsv,TCGA-DJ-A3VD,follow_ups.timepoint_category,4
follow_up.tsv,TCGA-DJ-A3VE,follow_ups.days_to_follow_up,2
follow_up.tsv,TCGA-DJ-A3VE,follow_ups.disease_response,2
follow_up.tsv,TCGA-DJ-A3VE,follow_ups.follow_up_id,5
follow_up.tsv,TCGA-DJ-A3VE,follow_ups.submitter_id,5
follow_up.tsv,TCGA-DJ-A3VE,follow_ups.timepoint_category,4
follow_up.tsv,TCGA-DJ-A3VF,follow_ups.days_to_follow_up,2
follow_up.tsv,TCGA-DJ-A3VF,follow_ups.disease_response,2
follow_up.tsv,TCGA-DJ-A3VF,follow_ups.follow_up_id,5
follow_up.tsv,TCGA-DJ-A3VF,follow_ups.submitter_id,5
follow_up.tsv,TCGA-DJ-A3VF,follow_ups.timepoint_category,4
follow_up.tsv,TCGA-DJ-A3VG,follow_ups.days_to_follow_up,2
follow_up.tsv,TCGA-DJ-A3VG,follow_ups.disease_response,2
follow_up.tsv,TCGA-DJ-A3VG,follow_ups.follow_up_id,4
follow_up.tsv,TCGA-DJ-A3VG,follow_ups.submitter_id,4
follow_up.tsv,TCGA-DJ-A3VG,follow_ups.timepoint_category,3
follow_up.tsv,TCGA-DJ-A3VI,follow_ups.disease_response,2
follow_up.tsv,TCGA-DJ-A3VI,follow_ups.follow_up_id,3
follow_up.tsv,TCGA-DJ-A3VI,follow_ups.submitter_id,3
follow_up.tsv,TCGA-DJ-A3VI,follow_ups.timepoint_category,3
follow_up.tsv,TCGA-DJ-A3VJ,follow_ups.days_to_follow_up,3
follow_up.tsv,TCGA-DJ-A3VJ,follow_ups.disease_response,2
follow_up.tsv,TCGA-DJ-A3VJ,follow_ups.follow_up_id,5
follow_up.tsv,TCGA-DJ-A3VJ,follow_ups.submitter_id,5
follow_up.tsv,TCGA-DJ-A3VJ,follow_ups.timepoint_category,3
follow_up.tsv,TCGA-DJ-A3VK,follow_ups.days_to_follow_up,2
follow_up.tsv,TCGA-DJ-A3VK,follow_ups.disease_response,2
follow_up.tsv,TCGA-DJ-A3VK,follow_ups.follow_up_id,4
follow_up.tsv,TCGA-DJ-A3VK,follow_ups.submitter_id,4
follow_up.tsv,TCGA-DJ-A3VK,follow_ups.timepoint_category,3
follow_up.tsv,TCGA-DJ-A3VL,follow_ups.days_to_follow_up,2
follow_up.tsv,TCGA-DJ-A3VL,follow_ups.disease_response,2
follow_up.tsv,TCGA-DJ-A3VL,follow_ups.follow_up_id,6
follow_up.tsv,TCGA-DJ-A3VL,follow_ups.submitter_id,5
follow_up.tsv,TCGA-DJ-A3VL,follow_ups.timepoint_category,4
follow_up.tsv,TCGA-DJ-A3VM,follow_ups.days_to_follow_up,2
follow_up.tsv,TCGA-DJ-A3VM,follow_ups.disease_response,2
follow_up.tsv,TCGA-DJ-A3VM,follow_ups.follow_up_id,5
follow_up.tsv,TCGA-DJ-A3VM,follow_ups.submitter_id,5
follow_up.tsv,TCGA-DJ-A3VM,follow_ups.timepoint_category,4
follow_up.tsv,TCGA-DJ-A4UL,follow_ups.days_to_follow_up,3
follow_up.tsv,TCGA-DJ-A4UL,follow_ups.disease_response,2
follow_up.tsv,TCGA-DJ-A4UL,follow_ups.follow_up_id,6
follow_up.tsv,TCGA-DJ-A4UL,follow_ups.submitter_id,6
follow_up.tsv,TCGA-DJ-A4UL,follow_ups.timepoint_category,4
follow_up.tsv,TCGA-DJ-A4UP,follow_ups.days_to_follow_up,3
follow_up.tsv,TCGA-DJ-A4UP,follow_ups.disease_response,2
follow_up.tsv,TCGA-DJ-A4UP,follow_ups.follow_up_id,7
follow_up.tsv,TCGA-DJ-A4UP,follow_ups.submitter_id,6
follow_up.tsv,TCGA-DJ-A4UP,follow_ups.timepoint_category,4
follow_up.tsv,TCGA-DJ-A4UQ,follow_ups.days_to_follow_up,3
follow_up.tsv,TCGA-DJ-A4UQ,follow_ups.disease_response,2
follow_up.tsv,TCGA-DJ-A4UQ,follow_ups.follow_up_id,6
follow_up.tsv,TCGA-DJ-A4UQ,follow_ups.submitter_id,6
follow_up.tsv,TCGA-DJ-A4UQ,follow_ups.timepoint_category,4
follow_up.tsv,TCGA-DJ-A4UR,follow_ups.days_to_follow_up,4
follow_up.tsv,TCGA-DJ-A4UR,follow_ups.disease_response,2
follow_up.tsv,TCGA-DJ-A4UR,follow_ups.follow_up_id,9
follow_up.tsv,TCGA-DJ-A4UR,follow_ups.submitter_id,9
follow_up.tsv,TCGA-DJ-A4UR,follow_ups.timepoint_category,6
follow_up.tsv,TCGA-DJ-A4UT,follow_ups.days_to_follow_up,3
follow_up.tsv,TCGA-DJ-A4UT,follow_ups.disease_response,2
follow_up.tsv,TCGA-DJ-A4UT,follow_ups.follow_up_id,6
follow_up.tsv,TCGA-DJ-A4UT,follow_ups.submitter_id,6
follow_up.tsv,TCGA-DJ-A4UT,follow_ups.timepoint_category,4
follow_up.tsv,TCGA-DJ-A4UW,follow_ups.days_to_follow_up,3
follow_up.tsv,TCGA-DJ-A4UW,follow_ups.disease_response,2
follow_up.tsv,TCGA-DJ-A4UW,follow_ups.follow_up_id,6
follow_up.tsv,TCGA-DJ-A4UW,follow_ups.submitter_id,6
follow_up.tsv,TCGA-DJ-A4UW,follow_ups.timepoint_category,4
follow_up.tsv,TCGA-DJ-A4V0,follow_ups.days_to_follow_up,3
follow_up.tsv,TCGA-DJ-A4V0,follow_ups.disease_response,2
follow_up.tsv,TCGA-DJ-A4V0,follow_ups.follow_up_id,6
follow_up.tsv,TCGA-DJ-A4V0,follow_ups.submitter_id,5
follow_up.tsv,TCGA-DJ-A4V0,follow_ups.timepoint_category,3
follow_up.tsv,TCGA-DJ-A4V2,follow_ups.disease_response,2
follow_up.tsv,TCGA-DJ-A4V2,follow_ups.follow_up_id,4
follow_up.tsv,TCGA-DJ-A4V2,follow_ups.submitter_id,4
follow_up.tsv,TCGA-DJ-A4V2,follow_ups.timepoint_category,4
follow_up.tsv,TCGA-DJ-A4V4,follow_ups.days_to_follow_up,2
follow_up.tsv,TCGA-DJ-A4V4,follow_ups.disease_response,2
follow_up.tsv,TCGA-DJ-A4V4,follow_ups.follow_up_id,5
follow_up.tsv,TCGA-DJ-A4V4,follow_ups.submitter_id,5
follow_up.tsv,TCGA-DJ-A4V4,follow_ups.timepoint_category,4
follow_up.tsv,TCGA-DJ-A4V5,follow_ups.days_to_follow_up,3
follow_up.tsv,TCGA-DJ-A4V5,follow_ups.disease_response,2
follow_up.tsv,TCGA-DJ-A4V5,follow_ups.follow_up_id,6
follow_up.tsv,TCGA-DJ-A4V5,follow_ups.submitter_id,6
follow_up.tsv,TCGA-DJ-A4V5,follow_ups.timepoint_category,4
follow_up.tsv,TCGA-DO-A1JZ,follow_ups.days_to_follow_up,2
follow_up.tsv,TCGA-DO-A1JZ,follow_ups.disease_response,2
follow_up.tsv,TCGA-DO-A1JZ,follow_ups.follow_up_id,5
follow_up.tsv,TCGA-DO-A1JZ,follow_ups.submitter_id,5
follow_up.tsv,TCGA-DO-A1JZ,follow_ups.timepoint_category,4
follow_up.tsv,TCGA-DO-A1K0,follow_ups.days_to_follow_up,3
follow_up.tsv,TCGA-DO-A1K0,follow_ups.disease_response,3
follow_up.tsv,TCGA-DO-A1K0,follow_ups.follow_up_id,6
follow_up.tsv,TCGA-DO-A1K0,follow_ups.submitter_id,6
follow_up.tsv,TCGA-DO-A1K0,follow_ups.timepoint_category,5
follow_up.tsv,TCGA-DO-A2HM,follow_ups.follow_up_id,4
follow_up.tsv,TCGA-DO-A2HM,follow_ups.submitter_id,4
follow_up.tsv,TCGA-DO-A2HM,follow_ups.timepoint_category,3
follow_up.tsv,TCGA-E3-A3DY,follow_ups.days_to_follow_up,2
follow_up.tsv,TCGA-E3-A3DY,follow_ups.disease_response,2
follow_up.tsv,TCGA-E3-A3DY,follow_ups.follow_up_id,5
follow_up.tsv,TCGA-E3-A3DY,follow_ups.submitter_id,5
follow_up.tsv,TCGA-E3-A3DY,follow_ups.timepoint_category,4
follow_up.tsv,TCGA-E3-A3DZ,follow_ups.days_to_follow_up,2
follow_up.tsv,TCGA-E3-A3DZ,follow_ups.disease_response,2
follow_up.tsv,TCGA-E3-A3DZ,follow_ups.follow_up_id,6
follow_up.tsv,TCGA-E3-A3DZ,follow_ups.submitter_id,5
follow_up.tsv,TCGA-E3-A3DZ,follow_ups.timepoint_category,4
follow_up.tsv,TCGA-E3-A3E0,follow_ups.days_to_follow_up,2
follow_up.tsv,TCGA-E3-A3E0,follow_ups.disease_response,2
follow_up.tsv,TCGA-E3-A3E0,follow_ups.follow_up_id,5
follow_up.tsv,TCGA-E3-A3E0,follow_ups.submitter_id,5
follow_up.tsv,TCGA-E3-A3E0,follow_ups.timepoint_category,4
follow_up.tsv,TCGA-E3-A3E1,follow_ups.days_to_follow_up,2
follow_up.tsv,TCGA-E3-A3E1,follow_ups.disease_response,2
follow_up.tsv,TCGA-E3-A3E1,follow_ups.follow_up_id,6
follow_up.tsv,TCGA-E3-A3E1,follow_ups.submitter_id,5
follow_up.tsv,TCGA-E3-A3E1,follow_ups.timepoint_category,4
follow_up.tsv,TCGA-E3-A3E2,follow_ups.days_to_follow_up,2
follow_up.tsv,TCGA-E3-A3E2,follow_ups.disease_response,2
follow_up.tsv,TCGA-E3-A3E2,follow_ups.follow_up_id,5
follow_up.tsv,TCGA-E3-A3E2,follow_ups.submitter_id,5
follow_up.tsv,TCGA-E3-A3E2,follow_ups.timepoint_category,4
follow_up.tsv,TCGA-E3-A3E3,follow_ups.days_to_follow_up,4
follow_up.tsv,TCGA-E3-A3E3,follow_ups.disease_response,3
follow_up.tsv,TCGA-E3-A3E3,follow_ups.follow_up_id,7
follow_up.tsv,TCGA-E3-A3E3,follow_ups.submitter_id,7
follow_up.tsv,TCGA-E3-A3E3,follow_ups.timepoint_category,5
follow_up.tsv,TCGA-E3-A3E5,follow_ups.days_to_follow_up,2
follow_up.tsv,TCGA-E3-A3E5,follow_ups.disease_response,2
follow_up.tsv,TCGA-E3-A3E5,follow_ups.follow_up_id,5
follow_up.tsv,TCGA-E3-A3E5,follow_ups.submitter_id,5
follow_up.tsv,TCGA-E3-A3E5,follow_ups.timepoint_category,4
follow_up.tsv,TCGA-E8-A242,follow_ups.days_to_follow_up,2
follow_up.tsv,TCGA-E8-A242,follow_ups.disease_response,2
follow_up.tsv,TCGA-E8-A242,follow_ups.follow_up_id,4
follow_up.tsv,TCGA-E8-A242,follow_ups.submitter_id,4
follow_up.tsv,TCGA-E8-A242,follow_ups.timepoint_category,3
follow_up.tsv,TCGA-E8-A2EA,follow_ups.days_to_follow_up,3
follow_up.tsv,TCGA-E8-A2EA,follow_ups.follow_up_id,4
follow_up.tsv,TCGA-E8-A2EA,follow_ups.submitter_id,4
follow_up.tsv,TCGA-E8-A2EA,follow_ups.timepoint_category,2
follow_up.tsv,TCGA-E8-A2JQ,follow_ups.days_to_follow_up,2
follow_up.tsv,TCGA-E8-A2JQ,follow_ups.disease_response,2
follow_up.tsv,TCGA-E8-A2JQ,follow_ups.follow_up_id,4
follow_up.tsv,TCGA-E8-A2JQ,follow_ups.submitter_id,4
follow_up.tsv,TCGA-E8-A2JQ,follow_ups.timepoint_category,3
follow_up.tsv,TCGA-E8-A3X7,follow_ups.days_to_follow_up,3
follow_up.tsv,TCGA-E8-A3X7,follow_ups.disease_response,2
follow_up.tsv,TCGA-E8-A3X7,follow_ups.follow_up_id,4
follow_up.tsv,TCGA-E8-A3X7,follow_ups.submitter_id,4
follow_up.tsv,TCGA-E8-A3X7,follow_ups.timepoint_category,2
follow_up.tsv,TCGA-E8-A413,follow_ups.days_to_follow_up,3
follow_up.tsv,TCGA-E8-A413,follow_ups.disease_response,2
follow_up.tsv,TCGA-E8-A413,follow_ups.follow_up_id,6
follow_up.tsv,TCGA-E8-A413,follow_ups.submitter_id,6
follow_up.tsv,TCGA-E8-A413,follow_ups.timepoint_category,4
follow_up.tsv,TCGA-E8-A414,follow_ups.days_to_follow_up,3
follow_up.tsv,TCGA-E8-A414,follow_ups.disease_response,2
follow_up.tsv,TCGA-E8-A414,follow_ups.follow_up_id,6
follow_up.tsv,TCGA-E8-A414,follow_ups.submitter_id,6
follow_up.tsv,TCGA-E8-A414,follow_ups.timepoint_category,4
follow_up.tsv,TCGA-E8-A415,follow_ups.days_to_follow_up,3
follow_up.tsv,TCGA-E8-A415,follow_ups.disease_response,2
follow_up.tsv,TCGA-E8-A415,follow_ups.follow_up_id,6
follow_up.tsv,TCGA-E8-A415,follow_ups.submitter_id,6
follow_up.tsv,TCGA-E8-A415,follow_ups.timepoint_category,4
follow_up.tsv,TCGA-E8-A416,follow_ups.days_to_follow_up,3
follow_up.tsv,TCGA-E8-A416,follow_ups.disease_response,2
follow_up.tsv,TCGA-E8-A416,follow_ups.follow_up_id,6
follow_up.tsv,TCGA-E8-A416,follow_ups.submitter_id,6
follow_up.tsv,TCGA-E8-A416,follow_ups.timepoint_category,4
follow_up.tsv,TCGA-E8-A417,follow_ups.days_to_follow_up,3
follow_up.tsv,TCGA-E8-A417,follow_ups.disease_response,2
follow_up.tsv,TCGA-E8-A417,follow_ups.follow_up_id,6
follow_up.tsv,TCGA-E8-A417,follow_ups.submitter_id,6
follow_up.tsv,TCGA-E8-A417,follow_ups.timepoint_category,4
follow_up.tsv,TCGA-E8-A418,follow_ups.days_to_follow_up,2
follow_up.tsv,TCGA-E8-A418,follow_ups.follow_up_id,3
follow_up.tsv,TCGA-E8-A418,follow_ups.submitter_id,3
follow_up.tsv,TCGA-E8-A418,follow_ups.timepoint_category,2
follow_up.tsv,TCGA-E8-A419,follow_ups.days_to_follow_up,2
follow_up.tsv,TCGA-E8-A419,follow_ups.disease_response,2
follow_up.tsv,TCGA-E8-A419,follow_ups.follow_up_id,3
follow_up.tsv,TCGA-E8-A419,follow_ups.submitter_id,3
follow_up.tsv,TCGA-E8-A419,follow_ups.timepoint_category,2
follow_up.tsv,TCGA-E8-A432,follow_ups.days_to_follow_up,4
follow_up.tsv,TCGA-E8-A432,follow_ups.disease_response,2
follow_up.tsv,TCGA-E8-A432,follow_ups.follow_up_id,7
follow_up.tsv,TCGA-E8-A432,follow_ups.submitter_id,7
follow_up.tsv,TCGA-E8-A432,follow_ups.timepoint_category,5
follow_up.tsv,TCGA-E8-A433,follow_ups.days_to_follow_up,3
follow_up.tsv,TCGA-E8-A433,follow_ups.disease_response,2
follow_up.tsv,TCGA-E8-A433,follow_ups.follow_up_id,6
follow_up.tsv,TCGA-E8-A433,follow_ups.submitter_id,6
follow_up.tsv,TCGA-E8-A433,follow_ups.timepoint_category,4
follow_up.tsv,TCGA-E8-A434,follow_ups.days_to_follow_up,3
follow_up.tsv,TCGA-E8-A434,follow_ups.disease_response,2
follow_up.tsv,TCGA-E8-A434,follow_ups.follow_up_id,6
follow_up.tsv,TCGA-E8-A434,follow_ups.submitter_id,6
follow_up.tsv,TCGA-E8-A434,follow_ups.timepoint_category,4
follow_up.tsv,TCGA-E8-A436,follow_ups.days_to_follow_up,2
follow_up.tsv,TCGA-E8-A436,follow_ups.disease_response,2
follow_up.tsv,TCGA-E8-A436,follow_ups.follow_up_id,5
follow_up.tsv,TCGA-E8-A436,follow_ups.submitter_id,5
follow_up.tsv,TCGA-E8-A436,follow_ups.timepoint_category,4
follow_up.tsv,TCGA-E8-A437,follow_ups.days_to_follow_up,3
follow_up.tsv,TCGA-E8-A437,follow_ups.disease_response,2
follow_up.tsv,TCGA-E8-A437,follow_ups.follow_up_id,5
follow_up.tsv,TCGA-E8-A437,follow_ups.submitter_id,5
follow_up.tsv,TCGA-E8-A437,follow_ups.timepoint_category,3
follow_up.tsv,TCGA-E8-A438,follow_ups.days_to_follow_up,3
follow_up.tsv,TCGA-E8-A438,follow_ups.disease_response,2
follow_up.tsv,TCGA-E8-A438,follow_ups.follow_up_id,6
follow_up.tsv,TCGA-E8-A438,follow_ups.submitter_id,6
follow_up.tsv,TCGA-E8-A438,follow_ups.timepoint_category,4
follow_up.tsv,TCGA-E8-A44K,follow_ups.days_to_follow_up,3
follow_up.tsv,TCGA-E8-A44K,follow_ups.disease_response,2
follow_up.tsv,TCGA-E8-A44K,follow_ups.follow_up_id,6
follow_up.tsv,TCGA-E8-A44K,follow_ups.submitter_id,6
follow_up.tsv,TCGA-E8-A44K,follow_ups.timepoint_category,4
follow_up.tsv,TCGA-E8-A44M,follow_ups.days_to_follow_up,3
follow_up.tsv,TCGA-E8-A44M,follow_ups.disease_response,2
follow_up.tsv,TCGA-E8-A44M,follow_ups.follow_up_id,6
follow_up.tsv,TCGA-E8-A44M,follow_ups.submitter_id,6
follow_up.tsv,TCGA-E8-A44M,follow_ups.timepoint_category,4
follow_up.tsv,TCGA-EL-A3CL,follow_ups.follow_up_id,2
follow_up.tsv,TCGA-EL-A3CL,follow_ups.submitter_id,2
follow_up.tsv,TCGA-EL-A3CL,follow_ups.timepoint_category,2
follow_up.tsv,TCGA-EL-A3CM,follow_ups.follow_up_id,3
follow_up.tsv,TCGA-EL-A3CM,follow_ups.submitter_id,3
follow_up.tsv,TCGA-EL-A3CM,follow_ups.timepoint_category,3
follow_up.tsv,TCGA-EL-A3CN,follow_ups.days_to_follow_up,2
follow_up.tsv,TCGA-EL-A3CN,follow_ups.follow_up_id,4
follow_up.tsv,TCGA-EL-A3CN,follow_ups.submitter_id,4
follow_up.tsv,TCGA-EL-A3CN,follow_ups.timepoint_category,3
follow_up.tsv,TCGA-EL-A3CO,follow_ups.follow_up_id,2
follow_up.tsv,TCGA-EL-A3CO,follow_ups.submitter_id,2
follow_up.tsv,TCGA-EL-A3CO,follow_ups.timepoint_category,2
follow_up.tsv,TCGA-EL-A3CP,follow_ups.days_to_follow_up,2
follow_up.tsv,TCGA-EL-A3CP,follow_ups.follow_up_id,5
follow_up.tsv,TCGA-EL-A3CP,follow_ups.imaging_type,2
follow_up.tsv,TCGA-EL-A3CP,follow_ups.submitter_id,5
follow_up.tsv,TCGA-EL-A3CP,follow_ups.timepoint_category,3
follow_up.tsv,TCGA-EL-A3CR,follow_ups.follow_up_id,4
follow_up.tsv,TCGA-EL-A3CR,follow_ups.imaging_type,2
follow_up.tsv,TCGA-EL-A3CR,follow_ups.submitter_id,4
follow_up.tsv,TCGA-EL-A3CR,follow_ups.timepoint_category,3
follow_up.tsv,TCGA-EL-A3CS,follow_ups.follow_up_id,5
follow_up.tsv,TCGA-EL-A3CS,follow_ups.imaging_type,3
follow_up.tsv,TCGA-EL-A3CS,follow_ups.submitter_id,5
follow_up.tsv,TCGA-EL-A3CS,follow_ups.timepoint_category,3
follow_up.tsv,TCGA-EL-A3CT,follow_ups.follow_up_id,3
follow_up.tsv,TCGA-EL-A3CT,follow_ups.submitter_id,3
follow_up.tsv,TCGA-EL-A3CT,follow_ups.timepoint_category,3
follow_up.tsv,TCGA-EL-A3CU,follow_ups.days_to_follow_up,2
follow_up.tsv,TCGA-EL-A3CU,follow_ups.follow_up_id,4
follow_up.tsv,TCGA-EL-A3CU,follow_ups.submitter_id,4
follow_up.tsv,TCGA-EL-A3CU,follow_ups.timepoint_category,3
follow_up.tsv,TCGA-EL-A3CV,follow_ups.follow_up_id,4
follow_up.tsv,TCGA-EL-A3CV,follow_ups.submitter_id,4
follow_up.tsv,TCGA-EL-A3CV,follow_ups.timepoint_category,4
follow_up.tsv,TCGA-EL-A3CW,follow_ups.follow_up_id,2
follow_up.tsv,TCGA-EL-A3CW,follow_ups.submitter_id,2
follow_up.tsv,TCGA-EL-A3CW,follow_ups.timepoint_category,2
follow_up.tsv,TCGA-EL-A3CX,follow_ups.days_to_follow_up,3
follow_up.tsv,TCGA-EL-A3CX,follow_ups.follow_up_id,6
follow_up.tsv,TCGA-EL-A3CX,follow_ups.submitter_id,6
follow_up.tsv,TCGA-EL-A3CX,follow_ups.timepoint_category,4
follow_up.tsv,TCGA-EL-A3CY,follow_ups.follow_up_id,4
follow_up.tsv,TCGA-EL-A3CY,follow_ups.imaging_type,2
follow_up.tsv,TCGA-EL-A3CY,follow_ups.submitter_id,4
follow_up.tsv,TCGA-EL-A3CY,follow_ups.timepoint_category,3
follow_up.tsv,TCGA-EL-A3CZ,follow_ups.days_to_follow_up,4
follow_up.tsv,TCGA-EL-A3CZ,follow_ups.disease_response,2
follow_up.tsv,TCGA-EL-A3CZ,follow_ups.follow_up_id,6
follow_up.tsv,TCGA-EL-A3CZ,follow_ups.submitter_id,6
follow_up.tsv,TCGA-EL-A3CZ,follow_ups.timepoint_category,4
follow_up.tsv,TCGA-EL-A3D0,follow_ups.days_to_follow_up,2
follow_up.tsv,TCGA-EL-A3D0,follow_ups.follow_up_id,5
follow_up.tsv,TCGA-EL-A3D0,follow_ups.submitter_id,5
follow_up.tsv,TCGA-EL-A3D0,follow_ups.timepoint_category,4
follow_up.tsv,TCGA-EL-A3D1,follow_ups.days_to_follow_up,2
follow_up.tsv,TCGA-EL-A3D1,follow_ups.follow_up_id,5
follow_up.tsv,TCGA-EL-A3D1,follow_ups.submitter_id,5
follow_up.tsv,TCGA-EL-A3D1,follow_ups.timepoint_category,4
follow_up.tsv,TCGA-EL-A3D4,follow_ups.days_to_follow_up,3
follow_up.tsv,TCGA-EL-A3D4,follow_ups.follow_up_id,5
follow_up.tsv,TCGA-EL-A3D4,follow_ups.submitter_id,5
follow_up.tsv,TCGA-EL-A3D4,follow_ups.timepoint_category,3
follow_up.tsv,TCGA-EL-A3D5,follow_ups.days_to_follow_up,2
follow_up.tsv,TCGA-EL-A3D5,follow_ups.follow_up_id,5
follow_up.tsv,TCGA-EL-A3D5,follow_ups.submitter_id,4
follow_up.tsv,TCGA-EL-A3D5,follow_ups.timepoint_category,3
follow_up.tsv,TCGA-EL-A3D6,follow_ups.follow_up_id,3
follow_up.tsv,TCGA-EL-A3D6,follow_ups.submitter_id,3
follow_up.tsv,TCGA-EL-A3D6,follow_ups.timepoint_category,3
follow_up.tsv,TCGA-EL-A3GO,follow_ups.days_to_follow_up,3
follow_up.tsv,TCGA-EL-A3GO,follow_ups.disease_response,2
follow_up.tsv,TCGA-EL-A3GO,follow_ups.follow_up_id,6
follow_up.tsv,TCGA-EL-A3GO,follow_ups.submitter_id,6
follow_up.tsv,TCGA-EL-A3GO,follow_ups.timepoint_category,5
follow_up.tsv,TCGA-EL-A3GP,follow_ups.days_to_follow_up,2
follow_up.tsv,TCGA-EL-A3GP,follow_ups.follow_up_id,5
follow_up.tsv,TCGA-EL-A3GP,follow_ups.submitter_id,5
follow_up.tsv,TCGA-EL-A3GP,follow_ups.timepoint_category,4
follow_up.tsv,TCGA-EL-A3GQ,follow_ups.days_to_follow_up,2
follow_up.tsv,TCGA-EL-A3GQ,follow_ups.follow_up_id,5
follow_up.tsv,TCGA-EL-A3GQ,follow_ups.imaging_type,2
follow_up.tsv,TCGA-EL-A3GQ,follow_ups.submitter_id,5
follow_up.tsv,TCGA-EL-A3GQ,follow_ups.timepoint_category,3
follow_up.tsv,TCGA-EL-A3GR,follow_ups.days_to_follow_up,2
follow_up.tsv,TCGA-EL-A3GR,follow_ups.follow_up_id,5
follow_up.tsv,TCGA-EL-A3GR,follow_ups.submitter_id,5
follow_up.tsv,TCGA-EL-A3GR,follow_ups.timepoint_category,4
follow_up.tsv,TCGA-EL-A3GS,follow_ups.days_to_follow_up,2
follow_up.tsv,TCGA-EL-A3GS,follow_ups.follow_up_id,5
follow_up.tsv,TCGA-EL-A3GS,follow_ups.submitter_id,5
follow_up.tsv,TCGA-EL-A3GS,follow_ups.timepoint_category,4
follow_up.tsv,TCGA-EL-A3GU,follow_ups.days_to_follow_up,3
follow_up.tsv,TCGA-EL-A3GU,follow_ups.follow_up_id,6
follow_up.tsv,TCGA-EL-A3GU,follow_ups.submitter_id,6
follow_up.tsv,TCGA-EL-A3GU,follow_ups.timepoint_category,5
follow_up.tsv,TCGA-EL-A3GV,follow_ups.days_to_follow_up,2
follow_up.tsv,TCGA-EL-A3GV,follow_ups.follow_up_id,4
follow_up.tsv,TCGA-EL-A3GV,follow_ups.submitter_id,4
follow_up.tsv,TCGA-EL-A3GV,follow_ups.timepoint_category,3
follow_up.tsv,TCGA-EL-A3GW,follow_ups.days_to_follow_up,2
follow_up.tsv,TCGA-EL-A3GW,follow_ups.follow_up_id,4
follow_up.tsv,TCGA-EL-A3GW,follow_ups.submitter_id,4
follow_up.tsv,TCGA-EL-A3GW,follow_ups.timepoint_category,3
follow_up.tsv,TCGA-EL-A3GX,follow_ups.days_to_follow_up,3
follow_up.tsv,TCGA-EL-A3GX,follow_ups.follow_up_id,5
follow_up.tsv,TCGA-EL-A3GX,follow_ups.submitter_id,5
follow_up.tsv,TCGA-EL-A3GX,follow_ups.timepoint_category,4
follow_up.tsv,TCGA-EL-A3GY,follow_ups.days_to_follow_up,2
follow_up.tsv,TCGA-EL-A3GY,follow_ups.disease_response,2
follow_up.tsv,TCGA-EL-A3GY,follow_ups.follow_up_id,4
follow_up.tsv,TCGA-EL-A3GY,follow_ups.submitter_id,4
follow_up.tsv,TCGA-EL-A3GY,follow_ups.timepoint_category,3
follow_up.tsv,TCGA-EL-A3GZ,follow_ups.days_to_follow_up,2
follow_up.tsv,TCGA-EL-A3GZ,follow_ups.disease_response,2
follow_up.tsv,TCGA-EL-A3GZ,follow_ups.follow_up_id,5
follow_up.tsv,TCGA-EL-A3GZ,follow_ups.submitter_id,5
follow_up.tsv,TCGA-EL-A3GZ,follow_ups.timepoint_category,4
follow_up.tsv,TCGA-EL-A3H1,follow_ups.follow_up_id,3
follow_up.tsv,TCGA-EL-A3H1,follow_ups.submitter_id,3
follow_up.tsv,TCGA-EL-A3H1,follow_ups.timepoint_category,3
follow_up.tsv,TCGA-EL-A3H2,follow_ups.follow_up_id,3
follow_up.tsv,TCGA-EL-A3H2,follow_ups.submitter_id,3
follow_up.tsv,TCGA-EL-A3H2,follow_ups.timepoint_category,3
follow_up.tsv,TCGA-EL-A3H3,follow_ups.days_to_follow_up,2
follow_up.tsv,TCGA-EL-A3H3,follow_ups.follow_up_id,5
follow_up.tsv,TCGA-EL-A3H3,follow_ups.submitter_id,5
follow_up.tsv,TCGA-EL-A3H3,follow_ups.timepoint_category,4
follow_up.tsv,TCGA-EL-A3H4,follow_ups.days_to_follow_up,2
follow_up.tsv,TCGA-EL-A3H4,follow_ups.follow_up_id,4
follow_up.tsv,TCGA-EL-A3H4,follow_ups.submitter_id,4
follow_up.tsv,TCGA-EL-A3H4,follow_ups.timepoint_category,3
follow_up.tsv,TCGA-EL-A3H5,follow_ups.days_to_follow_up,2
follow_up.tsv,TCGA-EL-A3H5,follow_ups.follow_up_id,4
follow_up.tsv,TCGA-EL-A3H5,follow_ups.submitter_id,4
follow_up.tsv,TCGA-EL-A3H5,follow_ups.timepoint_category,3
follow_up.tsv,TCGA-EL-A3H7,follow_ups.days_to_follow_up,2
follow_up.tsv,TCGA-EL-A3H7,follow_ups.follow_up_id,4
follow_up.tsv,TCGA-EL-A3H7,follow_ups.submitter_id,4
follow_up.tsv,TCGA-EL-A3H7,follow_ups.timepoint_category,3
follow_up.tsv,TCGA-EL-A3H8,follow_ups.days_to_follow_up,3
follow_up.tsv,TCGA-EL-A3H8,follow_ups.follow_up_id,5
follow_up.tsv,TCGA-EL-A3H8,follow_ups.submitter_id,5
follow_up.tsv,TCGA-EL-A3H8,follow_ups.timepoint_category,3
follow_up.tsv,TCGA-EL-A3MW,follow_ups.days_to_follow_up,2
follow_up.tsv,TCGA-EL-A3MW,follow_ups.follow_up_id,3
follow_up.tsv,TCGA-EL-A3MW,follow_ups.submitter_id,3
follow_up.tsv,TCGA-EL-A3MW,follow_ups.timepoint_category,2
follow_up.tsv,TCGA-EL-A3MX,follow_ups.days_to_follow_up,2
follow_up.tsv,TCGA-EL-A3MX,follow_ups.evidence_of_progression_type,2
follow_up.tsv,TCGA-EL-A3MX,follow_ups.follow_up_id,9
follow_up.tsv,TCGA-EL-A3MX,follow_ups.progression_or_recurrence_anatomic_site,5
follow_up.tsv,TCGA-EL-A3MX,follow_ups.submitter_id,9
follow_up.tsv,TCGA-EL-A3MX,follow_ups.timepoint_category,5
follow_up.tsv,TCGA-EL-A3MY,follow_ups.follow_up_id,4
follow_up.tsv,TCGA-EL-A3MY,follow_ups.submitter_id,4
follow_up.tsv,TCGA-EL-A3MY,follow_ups.timepoint_category,4
follow_up.tsv,TCGA-EL-A3MZ,follow_ups.follow_up_id,3
follow_up.tsv,TCGA-EL-A3MZ,follow_ups.submitter_id,3
follow_up.tsv,TCGA-EL-A3MZ,follow_ups.timepoint_category,3
follow_up.tsv,TCGA-EL-A3N2,follow_ups.days_to_follow_up,2
follow_up.tsv,TCGA-EL-A3N2,follow_ups.follow_up_id,4
follow_up.tsv,TCGA-EL-A3N2,follow_ups.submitter_id,4
follow_up.tsv,TCGA-EL-A3N2,follow_ups.timepoint_category,3
follow_up.tsv,TCGA-EL-A3N3,follow_ups.days_to_follow_up,2
follow_up.tsv,TCGA-EL-A3N3,follow_ups.follow_up_id,3
follow_up.tsv,TCGA-EL-A3N3,follow_ups.submitter_id,3
follow_up.tsv,TCGA-EL-A3N3,follow_ups.timepoint_category,2
follow_up.tsv,TCGA-EL-A3T0,follow_ups.days_to_follow_up,2
follow_up.tsv,TCGA-EL-A3T0,follow_ups.disease_response,2
follow_up.tsv,TCGA-EL-A3T0,follow_ups.follow_up_id,4
follow_up.tsv,TCGA-EL-A3T0,follow_ups.submitter_id,4
follow_up.tsv,TCGA-EL-A3T0,follow_ups.timepoint_category,3
follow_up.tsv,TCGA-EL-A3T1,follow_ups.follow_up_id,3
follow_up.tsv,TCGA-EL-A3T1,follow_ups.submitter_id,3
follow_up.tsv,TCGA-EL-A3T1,follow_ups.timepoint_category,3
follow_up.tsv,TCGA-EL-A3T2,follow_ups.days_to_follow_up,3
follow_up.tsv,TCGA-EL-A3T2,follow_ups.days_to_recurrence,2
follow_up.tsv,TCGA-EL-A3T2,follow_ups.follow_up_id,5
follow_up.tsv,TCGA-EL-A3T2,follow_ups.progression_or_recurrence_anatomic_site,2
follow_up.tsv,TCGA-EL-A3T2,follow_ups.submitter_id,5
follow_up.tsv,TCGA-EL-A3T2,follow_ups.timepoint_category,4
follow_up.tsv,TCGA-EL-A3T3,follow_ups.days_to_follow_up,2
follow_up.tsv,TCGA-EL-A3T3,follow_ups.follow_up_id,4
follow_up.tsv,TCGA-EL-A3T3,follow_ups.submitter_id,4
follow_up.tsv,TCGA-EL-A3T3,follow_ups.timepoint_category,3
follow_up.tsv,TCGA-EL-A3T6,follow_ups.follow_up_id,4
follow_up.tsv,TCGA-EL-A3T6,follow_ups.submitter_id,4
follow_up.tsv,TCGA-EL-A3T6,follow_ups.timepoint_category,3
follow_up.tsv,TCGA-EL-A3T7,follow_ups.follow_up_id,4
follow_up.tsv,TCGA-EL-A3T7,follow_ups.submitter_id,4
follow_up.tsv,TCGA-EL-A3T7,follow_ups.timepoint_category,3
follow_up.tsv,TCGA-EL-A3T8,follow_ups.days_to_follow_up,2
follow_up.tsv,TCGA-EL-A3T8,follow_ups.follow_up_id,4
follow_up.tsv,TCGA-EL-A3T8,follow_ups.submitter_id,4
follow_up.tsv,TCGA-EL-A3T8,follow_ups.timepoint_category,3
follow_up.tsv,TCGA-EL-A3T9,follow_ups.follow_up_id,3
follow_up.tsv,TCGA-EL-A3T9,follow_ups.submitter_id,3
follow_up.tsv,TCGA-EL-A3T9,follow_ups.timepoint_category,3
follow_up.tsv,TCGA-EL-A3TA,follow_ups.days_to_follow_up,2
follow_up.tsv,TCGA-EL-A3TA,follow_ups.follow_up_id,4
follow_up.tsv,TCGA-EL-A3TA,follow_ups.submitter_id,4
follow_up.tsv,TCGA-EL-A3TA,follow_ups.timepoint_category,3
follow_up.tsv,TCGA-EL-A3TB,follow_ups.follow_up_id,2
follow_up.tsv,TCGA-EL-A3TB,follow_ups.submitter_id,2
follow_up.tsv,TCGA-EL-A3TB,follow_ups.timepoint_category,2
follow_up.tsv,TCGA-EL-A3ZG,follow_ups.days_to_follow_up,2
follow_up.tsv,TCGA-EL-A3ZG,follow_ups.follow_up_id,6
follow_up.tsv,TCGA-EL-A3ZG,follow_ups.submitter_id,5
follow_up.tsv,TCGA-EL-A3ZG,follow_ups.timepoint_category,4
follow_up.tsv,TCGA-EL-A3ZH,follow_ups.days_to_follow_up,2
follow_up.tsv,TCGA-EL-A3ZH,follow_ups.follow_up_id,4
follow_up.tsv,TCGA-EL-A3ZH,follow_ups.submitter_id,4
follow_up.tsv,TCGA-EL-A3ZH,follow_ups.timepoint_category,3
follow_up.tsv,TCGA-EL-A3ZK,follow_ups.days_to_follow_up,2
follow_up.tsv,TCGA-EL-A3ZK,follow_ups.follow_up_id,6
follow_up.tsv,TCGA-EL-A3ZK,follow_ups.submitter_id,6
follow_up.tsv,TCGA-EL-A3ZK,follow_ups.timepoint_category,4
follow_up.tsv,TCGA-EL-A3ZL,follow_ups.days_to_follow_up,2
follow_up.tsv,TCGA-EL-A3ZL,follow_ups.follow_up_id,5
follow_up.tsv,TCGA-EL-A3ZL,follow_ups.submitter_id,5
follow_up.tsv,TCGA-EL-A3ZL,follow_ups.timepoint_category,4
follow_up.tsv,TCGA-EL-A3ZM,follow_ups.follow_up_id,5
follow_up.tsv,TCGA-EL-A3ZM,follow_ups.submitter_id,5
follow_up.tsv,TCGA-EL-A3ZM,follow_ups.timepoint_category,4
follow_up.tsv,TCGA-EL-A3ZN,follow_ups.follow_up_id,4
follow_up.tsv,TCGA-EL-A3ZN,follow_ups.submitter_id,4
follow_up.tsv,TCGA-EL-A3ZN,follow_ups.timepoint_category,4
follow_up.tsv,TCGA-EL-A3ZO,follow_ups.days_to_follow_up,2
follow_up.tsv,TCGA-EL-A3ZO,follow_ups.follow_up_id,5
follow_up.tsv,TCGA-EL-A3ZO,follow_ups.submitter_id,5
follow_up.tsv,TCGA-EL-A3ZO,follow_ups.timepoint_category,4
follow_up.tsv,TCGA-EL-A3ZP,follow_ups.days_to_follow_up,3
follow_up.tsv,TCGA-EL-A3ZP,follow_ups.follow_up_id,6
follow_up.tsv,TCGA-EL-A3ZP,follow_ups.submitter_id,6
follow_up.tsv,TCGA-EL-A3ZP,follow_ups.timepoint_category,4
follow_up.tsv,TCGA-EL-A3ZQ,follow_ups.days_to_follow_up,2
follow_up.tsv,TCGA-EL-A3ZQ,follow_ups.follow_up_id,5
follow_up.tsv,TCGA-EL-A3ZQ,follow_ups.submitter_id,5
follow_up.tsv,TCGA-EL-A3ZQ,follow_ups.timepoint_category,4
follow_up.tsv,TCGA-EL-A3ZR,follow_ups.days_to_follow_up,2
follow_up.tsv,TCGA-EL-A3ZR,follow_ups.follow_up_id,5
follow_up.tsv,TCGA-EL-A3ZR,follow_ups.submitter_id,5
follow_up.tsv,TCGA-EL-A3ZR,follow_ups.timepoint_category,4
follow_up.tsv,TCGA-EL-A3ZS,follow_ups.follow_up_id,5
follow_up.tsv,TCGA-EL-A3ZS,follow_ups.submitter_id,5
follow_up.tsv,TCGA-EL-A3ZS,follow_ups.timepoint_category,4
follow_up.tsv,TCGA-EL-A3ZT,follow_ups.days_to_follow_up,2
follow_up.tsv,TCGA-EL-A3ZT,follow_ups.follow_up_id,5
follow_up.tsv,TCGA-EL-A3ZT,follow_ups.submitter_id,5
follow_up.tsv,TCGA-EL-A3ZT,follow_ups.timepoint_category,4
follow_up.tsv,TCGA-EL-A4JV,follow_ups.days_to_follow_up,2
follow_up.tsv,TCGA-EL-A4JV,follow_ups.follow_up_id,4
follow_up.tsv,TCGA-EL-A4JV,follow_ups.submitter_id,4
follow_up.tsv,TCGA-EL-A4JV,follow_ups.timepoint_category,3
follow_up.tsv,TCGA-EL-A4JW,follow_ups.days_to_follow_up,2
follow_up.tsv,TCGA-EL-A4JW,follow_ups.follow_up_id,4
follow_up.tsv,TCGA-EL-A4JW,follow_ups.submitter_id,4
follow_up.tsv,TCGA-EL-A4JW,follow_ups.timepoint_category,3
follow_up.tsv,TCGA-EL-A4JX,follow_ups.follow_up_id,4
follow_up.tsv,TCGA-EL-A4JX,follow_ups.submitter_id,3
follow_up.tsv,TCGA-EL-A4JX,follow_ups.timepoint_category,3
follow_up.tsv,TCGA-EL-A4JZ,follow_ups.days_to_follow_up,2
follow_up.tsv,TCGA-EL-A4JZ,follow_ups.follow_up_id,4
follow_up.tsv,TCGA-EL-A4JZ,follow_ups.submitter_id,4
follow_up.tsv,TCGA-EL-A4JZ,follow_ups.timepoint_category,3
follow_up.tsv,TCGA-EL-A4K0,follow_ups.days_to_follow_up,2
follow_up.tsv,TCGA-EL-A4K0,follow_ups.follow_up_id,4
follow_up.tsv,TCGA-EL-A4K0,follow_ups.submitter_id,4
follow_up.tsv,TCGA-EL-A4K0,follow_ups.timepoint_category,3
follow_up.tsv,TCGA-EL-A4K1,follow_ups.days_to_follow_up,2
follow_up.tsv,TCGA-EL-A4K1,follow_ups.follow_up_id,4
follow_up.tsv,TCGA-EL-A4K1,follow_ups.submitter_id,4
follow_up.tsv,TCGA-EL-A4K1,follow_ups.timepoint_category,3
follow_up.tsv,TCGA-EL-A4K2,follow_ups.days_to_follow_up,2
follow_up.tsv,TCGA-EL-A4K2,follow_ups.follow_up_id,4
follow_up.tsv,TCGA-EL-A4K2,follow_ups.submitter_id,4
follow_up.tsv,TCGA-EL-A4K2,follow_ups.timepoint_category,3
follow_up.tsv,TCGA-EL-A4K4,follow_ups.days_to_follow_up,2
follow_up.tsv,TCGA-EL-A4K4,follow_ups.disease_response,2
follow_up.tsv,TCGA-EL-A4K4,follow_ups.follow_up_id,5
follow_up.tsv,TCGA-EL-A4K4,follow_ups.submitter_id,5
follow_up.tsv,TCGA-EL-A4K4,follow_ups.timepoint_category,4
follow_up.tsv,TCGA-EL-A4K6,follow_ups.days_to_follow_up,2
follow_up.tsv,TCGA-EL-A4K6,follow_ups.disease_response,2
follow_up.tsv,TCGA-EL-A4K6,follow_ups.follow_up_id,5
follow_up.tsv,TCGA-EL-A4K6,follow_ups.submitter_id,5
follow_up.tsv,TCGA-EL-A4K6,follow_ups.timepoint_category,4
follow_up.tsv,TCGA-EL-A4K7,follow_ups.days_to_follow_up,2
follow_up.tsv,TCGA-EL-A4K7,follow_ups.follow_up_id,4
follow_up.tsv,TCGA-EL-A4K7,follow_ups.submitter_id,4
follow_up.tsv,TCGA-EL-A4K7,follow_ups.timepoint_category,3
follow_up.tsv,TCGA-EL-A4K9,follow_ups.days_to_follow_up,2
follow_up.tsv,TCGA-EL-A4K9,follow_ups.follow_up_id,4
follow_up.tsv,TCGA-EL-A4K9,follow_ups.submitter_id,4
follow_up.tsv,TCGA-EL-A4K9,follow_ups.timepoint_category,3
follow_up.tsv,TCGA-EL-A4KD,follow_ups.days_to_follow_up,2
follow_up.tsv,TCGA-EL-A4KD,follow_ups.follow_up_id,4
follow_up.tsv,TCGA-EL-A4KD,follow_ups.submitter_id,4
follow_up.tsv,TCGA-EL-A4KD,follow_ups.timepoint_category,3
follow_up.tsv,TCGA-EL-A4KG,follow_ups.days_to_follow_up,2
follow_up.tsv,TCGA-EL-A4KG,follow_ups.follow_up_id,4
follow_up.tsv,TCGA-EL-A4KG,follow_ups.submitter_id,4
follow_up.tsv,TCGA-EL-A4KG,follow_ups.timepoint_category,3
follow_up.tsv,TCGA-EL-A4KH,follow_ups.days_to_follow_up,2
follow_up.tsv,TCGA-EL-A4KH,follow_ups.follow_up_id,4
follow_up.tsv,TCGA-EL-A4KH,follow_ups.submitter_id,4
follow_up.tsv,TCGA-EL-A4KH,follow_ups.timepoint_category,3
follow_up.tsv,TCGA-EL-A4KI,follow_ups.days_to_follow_up,2
follow_up.tsv,TCGA-EL-A4KI,follow_ups.disease_response,2
follow_up.tsv,TCGA-EL-A4KI,follow_ups.follow_up_id,5
follow_up.tsv,TCGA-EL-A4KI,follow_ups.submitter_id,5
follow_up.tsv,TCGA-EL-A4KI,follow_ups.timepoint_category,4
follow_up.tsv,TCGA-EM-A1CS,follow_ups.days_to_follow_up,2
follow_up.tsv,TCGA-EM-A1CS,follow_ups.disease_response,2
follow_up.tsv,TCGA-EM-A1CS,follow_ups.follow_up_id,5
follow_up.tsv,TCGA-EM-A1CS,follow_ups.submitter_id,4
follow_up.tsv,TCGA-EM-A1CS,follow_ups.timepoint_category,3
follow_up.tsv,TCGA-EM-A1CT,follow_ups.days_to_follow_up,2
follow_up.tsv,TCGA-EM-A1CT,follow_ups.disease_response,2
follow_up.tsv,TCGA-EM-A1CT,follow_ups.follow_up_id,5
follow_up.tsv,TCGA-EM-A1CT,follow_ups.submitter_id,4
follow_up.tsv,TCGA-EM-A1CT,follow_ups.timepoint_category,3
follow_up.tsv,TCGA-EM-A1CU,follow_ups.days_to_follow_up,2
follow_up.tsv,TCGA-EM-A1CU,follow_ups.disease_response,2
follow_up.tsv,TCGA-EM-A1CU,follow_ups.follow_up_id,4
follow_up.tsv,TCGA-EM-A1CU,follow_ups.submitter_id,4
follow_up.tsv,TCGA-EM-A1CU,follow_ups.timepoint_category,3
follow_up.tsv,TCGA-EM-A1CV,follow_ups.days_to_follow_up,3
follow_up.tsv,TCGA-EM-A1CV,follow_ups.disease_response,2
follow_up.tsv,TCGA-EM-A1CV,follow_ups.follow_up_id,5
follow_up.tsv,TCGA-EM-A1CV,follow_ups.submitter_id,5
follow_up.tsv,TCGA-EM-A1CV,follow_ups.timepoint_category,3
follow_up.tsv,TCGA-EM-A1CW,follow_ups.days_to_follow_up,2
follow_up.tsv,TCGA-EM-A1CW,follow_ups.disease_response,2
follow_up.tsv,TCGA-EM-A1CW,follow_ups.follow_up_id,5
follow_up.tsv,TCGA-EM-A1CW,follow_ups.submitter_id,4
follow_up.tsv,TCGA-EM-A1CW,follow_ups.timepoint_category,3
follow_up.tsv,TCGA-EM-A1YA,follow_ups.days_to_follow_up,2
follow_up.tsv,TCGA-EM-A1YA,follow_ups.disease_response,2
follow_up.tsv,TCGA-EM-A1YA,follow_ups.follow_up_id,6
follow_up.tsv,TCGA-EM-A1YA,follow_ups.submitter_id,5
follow_up.tsv,TCGA-EM-A1YA,follow_ups.timepoint_category,4
follow_up.tsv,TCGA-EM-A1YB,follow_ups.days_to_follow_up,2
follow_up.tsv,TCGA-EM-A1YB,follow_ups.follow_up_id,4
follow_up.tsv,TCGA-EM-A1YB,follow_ups.submitter_id,3
follow_up.tsv,TCGA-EM-A1YB,follow_ups.timepoint_category,2
follow_up.tsv,TCGA-EM-A1YC,follow_ups.days_to_follow_up,3
follow_up.tsv,TCGA-EM-A1YC,follow_ups.disease_response,2
follow_up.tsv,TCGA-EM-A1YC,follow_ups.follow_up_id,6
follow_up.tsv,TCGA-EM-A1YC,follow_ups.submitter_id,6
follow_up.tsv,TCGA-EM-A1YC,follow_ups.timepoint_category,4
follow_up.tsv,TCGA-EM-A1YD,follow_ups.days_to_follow_up,2
follow_up.tsv,TCGA-EM-A1YD,follow_ups.disease_response,2
follow_up.tsv,TCGA-EM-A1YD,follow_ups.follow_up_id,5
follow_up.tsv,TCGA-EM-A1YD,follow_ups.submitter_id,4
follow_up.tsv,TCGA-EM-A1YD,follow_ups.timepoint_category,3
follow_up.tsv,TCGA-EM-A1YE,follow_ups.days_to_follow_up,2
follow_up.tsv,TCGA-EM-A1YE,follow_ups.disease_response,2
follow_up.tsv,TCGA-EM-A1YE,follow_ups.follow_up_id,6
follow_up.tsv,TCGA-EM-A1YE,follow_ups.submitter_id,5
follow_up.tsv,TCGA-EM-A1YE,follow_ups.timepoint_category,4
follow_up.tsv,TCGA-EM-A22I,follow_ups.days_to_follow_up,2
follow_up.tsv,TCGA-EM-A22I,follow_ups.disease_response,2
follow_up.tsv,TCGA-EM-A22I,follow_ups.follow_up_id,4
follow_up.tsv,TCGA-EM-A22I,follow_ups.submitter_id,4
follow_up.tsv,TCGA-EM-A22I,follow_ups.timepoint_category,3
follow_up.tsv,TCGA-EM-A22J,follow_ups.days_to_follow_up,2
follow_up.tsv,TCGA-EM-A22J,follow_ups.disease_response,2
follow_up.tsv,TCGA-EM-A22J,follow_ups.follow_up_id,5
follow_up.tsv,TCGA-EM-A22J,follow_ups.submitter_id,4
follow_up.tsv,TCGA-EM-A22J,follow_ups.timepoint_category,3
follow_up.tsv,TCGA-EM-A22K,follow_ups.days_to_follow_up,2
follow_up.tsv,TCGA-EM-A22K,follow_ups.disease_response,3
follow_up.tsv,TCGA-EM-A22K,follow_ups.follow_up_id,6
follow_up.tsv,TCGA-EM-A22K,follow_ups.submitter_id,5
follow_up.tsv,TCGA-EM-A22K,follow_ups.timepoint_category,4
follow_up.tsv,TCGA-EM-A22L,follow_ups.days_to_follow_up,2
follow_up.tsv,TCGA-EM-A22L,follow_ups.disease_response,2
follow_up.tsv,TCGA-EM-A22L,follow_ups.follow_up_id,5
follow_up.tsv,TCGA-EM-A22L,follow_ups.submitter_id,5
follow_up.tsv,TCGA-EM-A22L,follow_ups.timepoint_category,4
follow_up.tsv,TCGA-EM-A22M,follow_ups.days_to_follow_up,2
follow_up.tsv,TCGA-EM-A22M,follow_ups.disease_response,2
follow_up.tsv,TCGA-EM-A22M,follow_ups.follow_up_id,6
follow_up.tsv,TCGA-EM-A22M,follow_ups.submitter_id,5
follow_up.tsv,TCGA-EM-A22M,follow_ups.timepoint_category,4
follow_up.tsv,TCGA-EM-A22N,follow_ups.days_to_follow_up,2
follow_up.tsv,TCGA-EM-A22N,follow_ups.disease_response,2
follow_up.tsv,TCGA-EM-A22N,follow_ups.follow_up_id,5
follow_up.tsv,TCGA-EM-A22N,follow_ups.submitter_id,4
follow_up.tsv,TCGA-EM-A22N,follow_ups.timepoint_category,3
follow_up.tsv,TCGA-EM-A22O,follow_ups.days_to_follow_up,3
follow_up.tsv,TCGA-EM-A22O,follow_ups.disease_response,2
follow_up.tsv,TCGA-EM-A22O,follow_ups.follow_up_id,6
follow_up.tsv,TCGA-EM-A22O,follow_ups.submitter_id,6
follow_up.tsv,TCGA-EM-A22O,follow_ups.timepoint_category,4
follow_up.tsv,TCGA-EM-A22P,follow_ups.days_to_follow_up,3
follow_up.tsv,TCGA-EM-A22P,follow_ups.disease_response,2
follow_up.tsv,TCGA-EM-A22P,follow_ups.follow_up_id,6
follow_up.tsv,TCGA-EM-A22P,follow_ups.submitter_id,5
follow_up.tsv,TCGA-EM-A22P,follow_ups.timepoint_category,3
follow_up.tsv,TCGA-EM-A22Q,follow_ups.days_to_follow_up,2
follow_up.tsv,TCGA-EM-A22Q,follow_ups.disease_response,2
follow_up.tsv,TCGA-EM-A22Q,follow_ups.follow_up_id,6
follow_up.tsv,TCGA-EM-A22Q,follow_ups.imaging_type,2
follow_up.tsv,TCGA-EM-A22Q,follow_ups.submitter_id,6
follow_up.tsv,TCGA-EM-A22Q,follow_ups.timepoint_category,4
follow_up.tsv,TCGA-EM-A2CJ,follow_ups.days_to_follow_up,3
follow_up.tsv,TCGA-EM-A2CJ,follow_ups.disease_response,2
follow_up.tsv,TCGA-EM-A2CJ,follow_ups.follow_up_id,6
follow_up.tsv,TCGA-EM-A2CJ,follow_ups.submitter_id,5
follow_up.tsv,TCGA-EM-A2CJ,follow_ups.timepoint_category,3
follow_up.tsv,TCGA-EM-A2CK,follow_ups.days_to_follow_up,2
follow_up.tsv,TCGA-EM-A2CK,follow_ups.disease_response,2
follow_up.tsv,TCGA-EM-A2CK,follow_ups.follow_up_id,5
follow_up.tsv,TCGA-EM-A2CK,follow_ups.submitter_id,5
follow_up.tsv,TCGA-EM-A2CK,follow_ups.timepoint_category,4
follow_up.tsv,TCGA-EM-A2CL,follow_ups.days_to_follow_up,2
follow_up.tsv,TCGA-EM-A2CL,follow_ups.disease_response,2
follow_up.tsv,TCGA-EM-A2CL,follow_ups.follow_up_id,5
follow_up.tsv,TCGA-EM-A2CL,follow_ups.submitter_id,5
follow_up.tsv,TCGA-EM-A2CL,follow_ups.timepoint_category,4
follow_up.tsv,TCGA-EM-A2CM,follow_ups.days_to_follow_up,2
follow_up.tsv,TCGA-EM-A2CM,follow_ups.disease_response,2
follow_up.tsv,TCGA-EM-A2CM,follow_ups.follow_up_id,6
follow_up.tsv,TCGA-EM-A2CM,follow_ups.submitter_id,5
follow_up.tsv,TCGA-EM-A2CM,follow_ups.timepoint_category,4
follow_up.tsv,TCGA-EM-A2CN,follow_ups.days_to_follow_up,2
follow_up.tsv,TCGA-EM-A2CN,follow_ups.disease_response,2
follow_up.tsv,TCGA-EM-A2CN,follow_ups.follow_up_id,6
follow_up.tsv,TCGA-EM-A2CN,follow_ups.submitter_id,6
follow_up.tsv,TCGA-EM-A2CN,follow_ups.timepoint_category,5
follow_up.tsv,TCGA-EM-A2CO,follow_ups.disease_response,2
follow_up.tsv,TCGA-EM-A2CO,follow_ups.follow_up_id,5
follow_up.tsv,TCGA-EM-A2CO,follow_ups.submitter_id,4
follow_up.tsv,TCGA-EM-A2CO,follow_ups.timepoint_category,4
follow_up.tsv,TCGA-EM-A2CP,follow_ups.follow_up_id,5
follow_up.tsv,TCGA-EM-A2CP,follow_ups.submitter_id,4
follow_up.tsv,TCGA-EM-A2CP,follow_ups.timepoint_category,3
follow_up.tsv,TCGA-EM-A2CQ,follow_ups.days_to_follow_up,2
follow_up.tsv,TCGA-EM-A2CQ,follow_ups.disease_response,2
follow_up.tsv,TCGA-EM-A2CQ,follow_ups.follow_up_id,5
follow_up.tsv,TCGA-EM-A2CQ,follow_ups.submitter_id,5
follow_up.tsv,TCGA-EM-A2CQ,follow_ups.timepoint_category,4
follow_up.tsv,TCGA-EM-A2CR,follow_ups.days_to_follow_up,2
follow_up.tsv,TCGA-EM-A2CR,follow_ups.disease_response,2
follow_up.tsv,TCGA-EM-A2CR,follow_ups.follow_up_id,6
follow_up.tsv,TCGA-EM-A2CR,follow_ups.submitter_id,5
follow_up.tsv,TCGA-EM-A2CR,follow_ups.timepoint_category,4
follow_up.tsv,TCGA-EM-A2CS,follow_ups.days_to_follow_up,3
follow_up.tsv,TCGA-EM-A2CS,follow_ups.disease_response,2
follow_up.tsv,TCGA-EM-A2CS,follow_ups.follow_up_id,6
follow_up.tsv,TCGA-EM-A2CS,follow_ups.submitter_id,6
follow_up.tsv,TCGA-EM-A2CS,follow_ups.timepoint_category,4
follow_up.tsv,TCGA-EM-A2CT,follow_ups.days_to_follow_up,2
follow_up.tsv,TCGA-EM-A2CT,follow_ups.disease_response,2
follow_up.tsv,TCGA-EM-A2CT,follow_ups.follow_up_id,5
follow_up.tsv,TCGA-EM-A2CT,follow_ups.submitter_id,4
follow_up.tsv,TCGA-EM-A2CT,follow_ups.timepoint_category,3
follow_up.tsv,TCGA-EM-A2CU,follow_ups.days_to_follow_up,2
follow_up.tsv,TCGA-EM-A2CU,follow_ups.disease_response,3
follow_up.tsv,TCGA-EM-A2CU,follow_ups.follow_up_id,5
follow_up.tsv,TCGA-EM-A2CU,follow_ups.submitter_id,5
follow_up.tsv,TCGA-EM-A2CU,follow_ups.timepoint_category,4
follow_up.tsv,TCGA-EM-A2OV,follow_ups.days_to_follow_up,2
follow_up.tsv,TCGA-EM-A2OV,follow_ups.disease_response,2
follow_up.tsv,TCGA-EM-A2OV,follow_ups.follow_up_id,6
follow_up.tsv,TCGA-EM-A2OV,follow_ups.submitter_id,5
follow_up.tsv,TCGA-EM-A2OV,follow_ups.timepoint_category,4
follow_up.tsv,TCGA-EM-A2OW,follow_ups.days_to_follow_up,3
follow_up.tsv,TCGA-EM-A2OW,follow_ups.disease_response,2
follow_up.tsv,TCGA-EM-A2OW,follow_ups.follow_up_id,6
follow_up.tsv,TCGA-EM-A2OW,follow_ups.submitter_id,5
follow_up.tsv,TCGA-EM-A2OW,follow_ups.timepoint_category,3
follow_up.tsv,TCGA-EM-A2OX,follow_ups.days_to_follow_up,2
follow_up.tsv,TCGA-EM-A2OX,follow_ups.disease_response,2
follow_up.tsv,TCGA-EM-A2OX,follow_ups.follow_up_id,6
follow_up.tsv,TCGA-EM-A2OX,follow_ups.submitter_id,5
follow_up.tsv,TCGA-EM-A2OX,follow_ups.timepoint_category,4
follow_up.tsv,TCGA-EM-A2OY,follow_ups.days_to_follow_up,3
follow_up.tsv,TCGA-EM-A2OY,follow_ups.disease_response,2
follow_up.tsv,TCGA-EM-A2OY,follow_ups.follow_up_id,6
follow_up.tsv,TCGA-EM-A2OY,follow_ups.submitter_id,5
follow_up.tsv,TCGA-EM-A2OY,follow_ups.timepoint_category,3
follow_up.tsv,TCGA-EM-A2OZ,follow_ups.days_to_follow_up,3
follow_up.tsv,TCGA-EM-A2OZ,follow_ups.disease_response,2
follow_up.tsv,TCGA-EM-A2OZ,follow_ups.follow_up_id,7
follow_up.tsv,TCGA-EM-A2OZ,follow_ups.submitter_id,6
follow_up.tsv,TCGA-EM-A2OZ,follow_ups.timepoint_category,4
follow_up.tsv,TCGA-EM-A2P0,follow_ups.days_to_follow_up,2
follow_up.tsv,TCGA-EM-A2P0,follow_ups.disease_response,2
follow_up.tsv,TCGA-EM-A2P0,follow_ups.follow_up_id,6
follow_up.tsv,TCGA-EM-A2P0,follow_ups.submitter_id,5
follow_up.tsv,TCGA-EM-A2P0,follow_ups.timepoint_category,4
follow_up.tsv,TCGA-EM-A2P1,follow_ups.days_to_follow_up,3
follow_up.tsv,TCGA-EM-A2P1,follow_ups.disease_response,2
follow_up.tsv,TCGA-EM-A2P1,follow_ups.follow_up_id,7
follow_up.tsv,TCGA-EM-A2P1,follow_ups.submitter_id,6
follow_up.tsv,TCGA-EM-A2P1,follow_ups.timepoint_category,5
follow_up.tsv,TCGA-EM-A2P2,follow_ups.days_to_follow_up,2
follow_up.tsv,TCGA-EM-A2P2,follow_ups.disease_response,2
follow_up.tsv,TCGA-EM-A2P2,follow_ups.follow_up_id,5
follow_up.tsv,TCGA-EM-A2P2,follow_ups.submitter_id,5
follow_up.tsv,TCGA-EM-A2P2,follow_ups.timepoint_category,4
follow_up.tsv,TCGA-EM-A2P3,follow_ups.days_to_follow_up,2
follow_up.tsv,TCGA-EM-A2P3,follow_ups.follow_up_id,5
follow_up.tsv,TCGA-EM-A2P3,follow_ups.submitter_id,4
follow_up.tsv,TCGA-EM-A2P3,follow_ups.timepoint_category,3
follow_up.tsv,TCGA-EM-A3AI,follow_ups.days_to_follow_up,2
follow_up.tsv,TCGA-EM-A3AI,follow_ups.disease_response,2
follow_up.tsv,TCGA-EM-A3AI,follow_ups.follow_up_id,5
follow_up.tsv,TCGA-EM-A3AI,follow_ups.submitter_id,5
follow_up.tsv,TCGA-EM-A3AI,follow_ups.timepoint_category,4
follow_up.tsv,TCGA-EM-A3AJ,follow_ups.days_to_follow_up,3
follow_up.tsv,TCGA-EM-A3AJ,follow_ups.follow_up_id,5
follow_up.tsv,TCGA-EM-A3AJ,follow_ups.submitter_id,4
follow_up.tsv,TCGA-EM-A3AJ,follow_ups.timepoint_category,2
follow_up.tsv,TCGA-EM-A3AK,follow_ups.days_to_follow_up,2
follow_up.tsv,TCGA-EM-A3AK,follow_ups.follow_up_id,4
follow_up.tsv,TCGA-EM-A3AK,follow_ups.submitter_id,4
follow_up.tsv,TCGA-EM-A3AK,follow_ups.timepoint_category,3
follow_up.tsv,TCGA-EM-A3AL,follow_ups.days_to_follow_up,2
follow_up.tsv,TCGA-EM-A3AL,follow_ups.disease_response,2
follow_up.tsv,TCGA-EM-A3AL,follow_ups.follow_up_id,6
follow_up.tsv,TCGA-EM-A3AL,follow_ups.submitter_id,5
follow_up.tsv,TCGA-EM-A3AL,follow_ups.timepoint_category,4
follow_up.tsv,TCGA-EM-A3AN,follow_ups.days_to_follow_up,3
follow_up.tsv,TCGA-EM-A3AN,follow_ups.follow_up_id,6
follow_up.tsv,TCGA-EM-A3AN,follow_ups.submitter_id,5
follow_up.tsv,TCGA-EM-A3AN,follow_ups.timepoint_category,3
follow_up.tsv,TCGA-EM-A3AO,follow_ups.days_to_follow_up,3
follow_up.tsv,TCGA-EM-A3AO,follow_ups.disease_response,2
follow_up.tsv,TCGA-EM-A3AO,follow_ups.follow_up_id,6
follow_up.tsv,TCGA-EM-A3AO,follow_ups.submitter_id,6
follow_up.tsv,TCGA-EM-A3AO,follow_ups.timepoint_category,4
follow_up.tsv,TCGA-EM-A3AP,follow_ups.days_to_follow_up,2
follow_up.tsv,TCGA-EM-A3AP,follow_ups.follow_up_id,4
follow_up.tsv,TCGA-EM-A3AP,follow_ups.submitter_id,4
follow_up.tsv,TCGA-EM-A3AP,follow_ups.timepoint_category,3
follow_up.tsv,TCGA-EM-A3AQ,follow_ups.days_to_follow_up,3
follow_up.tsv,TCGA-EM-A3AQ,follow_ups.disease_response,2
follow_up.tsv,TCGA-EM-A3AQ,follow_ups.follow_up_id,7
follow_up.tsv,TCGA-EM-A3AQ,follow_ups.submitter_id,6
follow_up.tsv,TCGA-EM-A3AQ,follow_ups.timepoint_category,4
follow_up.tsv,TCGA-EM-A3AR,follow_ups.days_to_follow_up,3
follow_up.tsv,TCGA-EM-A3AR,follow_ups.follow_up_id,5
follow_up.tsv,TCGA-EM-A3AR,follow_ups.submitter_id,5
follow_up.tsv,TCGA-EM-A3AR,follow_ups.timepoint_category,3
follow_up.tsv,TCGA-EM-A3FJ,follow_ups.days_to_follow_up,2
follow_up.tsv,TCGA-EM-A3FJ,follow_ups.disease_response,2
follow_up.tsv,TCGA-EM-A3FJ,follow_ups.follow_up_id,5
follow_up.tsv,TCGA-EM-A3FJ,follow_ups.submitter_id,5
follow_up.tsv,TCGA-EM-A3FJ,follow_ups.timepoint_category,4
follow_up.tsv,TCGA-EM-A3FK,follow_ups.days_to_follow_up,2
follow_up.tsv,TCGA-EM-A3FK,follow_ups.disease_response,2
follow_up.tsv,TCGA-EM-A3FK,follow_ups.follow_up_id,5
follow_up.tsv,TCGA-EM-A3FK,follow_ups.submitter_id,5
follow_up.tsv,TCGA-EM-A3FK,follow_ups.timepoint_category,4
follow_up.tsv,TCGA-EM-A3FL,follow_ups.days_to_follow_up,3
follow_up.tsv,TCGA-EM-A3FL,follow_ups.disease_response,2
follow_up.tsv,TCGA-EM-A3FL,follow_ups.follow_up_id,7
follow_up.tsv,TCGA-EM-A3FL,follow_ups.submitter_id,6
follow_up.tsv,TCGA-EM-A3FL,follow_ups.timepoint_category,4
follow_up.tsv,TCGA-EM-A3FM,follow_ups.days_to_follow_up,3
follow_up.tsv,TCGA-EM-A3FM,follow_ups.disease_response,2
follow_up.tsv,TCGA-EM-A3FM,follow_ups.follow_up_id,6
follow_up.tsv,TCGA-EM-A3FM,follow_ups.submitter_id,5
follow_up.tsv,TCGA-EM-A3FM,follow_ups.timepoint_category,4
follow_up.tsv,TCGA-EM-A3FN,follow_ups.follow_up_id,5
follow_up.tsv,TCGA-EM-A3FN,follow_ups.submitter_id,4
follow_up.tsv,TCGA-EM-A3FN,follow_ups.timepoint_category,3
follow_up.tsv,TCGA-EM-A3FO,follow_ups.days_to_follow_up,2
follow_up.tsv,TCGA-EM-A3FO,follow_ups.disease_response,2
follow_up.tsv,TCGA-EM-A3FO,follow_ups.follow_up_id,5
follow_up.tsv,TCGA-EM-A3FO,follow_ups.submitter_id,5
follow_up.tsv,TCGA-EM-A3FO,follow_ups.timepoint_category,4
follow_up.tsv,TCGA-EM-A3FP,follow_ups.days_to_follow_up,2
follow_up.tsv,TCGA-EM-A3FP,follow_ups.disease_response,2
follow_up.tsv,TCGA-EM-A3FP,follow_ups.follow_up_id,7
follow_up.tsv,TCGA-EM-A3FP,follow_ups.imaging_type,2
follow_up.tsv,TCGA-EM-A3FP,follow_ups.submitter_id,6
follow_up.tsv,TCGA-EM-A3FP,follow_ups.timepoint_category,4
follow_up.tsv,TCGA-EM-A3FQ,follow_ups.days_to_follow_up,2
follow_up.tsv,TCGA-EM-A3FQ,follow_ups.disease_response,2
follow_up.tsv,TCGA-EM-A3FQ,follow_ups.follow_up_id,6
follow_up.tsv,TCGA-EM-A3FQ,follow_ups.submitter_id,5
follow_up.tsv,TCGA-EM-A3FQ,follow_ups.timepoint_category,4
follow_up.tsv,TCGA-EM-A3FR,follow_ups.days_to_follow_up,2
follow_up.tsv,TCGA-EM-A3FR,follow_ups.follow_up_id,5
follow_up.tsv,TCGA-EM-A3FR,follow_ups.submitter_id,4
follow_up.tsv,TCGA-EM-A3FR,follow_ups.timepoint_category,3
follow_up.tsv,TCGA-EM-A3O3,follow_ups.days_to_follow_up,2
follow_up.tsv,TCGA-EM-A3O3,follow_ups.follow_up_id,5
follow_up.tsv,TCGA-EM-A3O3,follow_ups.submitter_id,4
follow_up.tsv,TCGA-EM-A3O3,follow_ups.timepoint_category,3
follow_up.tsv,TCGA-EM-A3O6,follow_ups.days_to_follow_up,2
follow_up.tsv,TCGA-EM-A3O6,follow_ups.disease_response,2
follow_up.tsv,TCGA-EM-A3O6,follow_ups.follow_up_id,5
follow_up.tsv,TCGA-EM-A3O6,follow_ups.submitter_id,5
follow_up.tsv,TCGA-EM-A3O6,follow_ups.timepoint_category,4
follow_up.tsv,TCGA-EM-A3O7,follow_ups.follow_up_id,4
follow_up.tsv,TCGA-EM-A3O7,follow_ups.submitter_id,4
follow_up.tsv,TCGA-EM-A3O7,follow_ups.timepoint_category,3
follow_up.tsv,TCGA-EM-A3O8,follow_ups.days_to_follow_up,2
follow_up.tsv,TCGA-EM-A3O8,follow_ups.follow_up_id,6
follow_up.tsv,TCGA-EM-A3O8,follow_ups.submitter_id,5
follow_up.tsv,TCGA-EM-A3O8,follow_ups.timepoint_category,3
follow_up.tsv,TCGA-EM-A3O9,follow_ups.days_to_follow_up,2
follow_up.tsv,TCGA-EM-A3O9,follow_ups.follow_up_id,4
follow_up.tsv,TCGA-EM-A3O9,follow_ups.submitter_id,4
follow_up.tsv,TCGA-EM-A3O9,follow_ups.timepoint_category,3
follow_up.tsv,TCGA-EM-A3OA,follow_ups.days_to_follow_up,3
follow_up.tsv,TCGA-EM-A3OA,follow_ups.disease_response,2
follow_up.tsv,TCGA-EM-A3OA,follow_ups.follow_up_id,6
follow_up.tsv,TCGA-EM-A3OA,follow_ups.submitter_id,5
follow_up.tsv,TCGA-EM-A3OA,follow_ups.timepoint_category,3
follow_up.tsv,TCGA-EM-A3OB,follow_ups.days_to_follow_up,3
follow_up.tsv,TCGA-EM-A3OB,follow_ups.disease_response,2
follow_up.tsv,TCGA-EM-A3OB,follow_ups.follow_up_id,7
follow_up.tsv,TCGA-EM-A3OB,follow_ups.submitter_id,6
follow_up.tsv,TCGA-EM-A3OB,follow_ups.timepoint_category,4
follow_up.tsv,TCGA-EM-A3ST,follow_ups.days_to_follow_up,4
follow_up.tsv,TCGA-EM-A3ST,follow_ups.disease_response,3
follow_up.tsv,TCGA-EM-A3ST,follow_ups.follow_up_id,9
follow_up.tsv,TCGA-EM-A3ST,follow_ups.submitter_id,8
follow_up.tsv,TCGA-EM-A3ST,follow_ups.timepoint_category,5
follow_up.tsv,TCGA-EM-A3SU,follow_ups.days_to_follow_up,3
follow_up.tsv,TCGA-EM-A3SU,follow_ups.disease_response,2
follow_up.tsv,TCGA-EM-A3SU,follow_ups.follow_up_id,8
follow_up.tsv,TCGA-EM-A3SU,follow_ups.submitter_id,7
follow_up.tsv,TCGA-EM-A3SU,follow_ups.timepoint_category,4
follow_up.tsv,TCGA-EM-A3SX,follow_ups.days_to_follow_up,3
follow_up.tsv,TCGA-EM-A3SX,follow_ups.follow_up_id,6
follow_up.tsv,TCGA-EM-A3SX,follow_ups.submitter_id,6
follow_up.tsv,TCGA-EM-A3SX,follow_ups.timepoint_category,4
follow_up.tsv,TCGA-EM-A3SY,follow_ups.days_to_follow_up,2
follow_up.tsv,TCGA-EM-A3SY,follow_ups.disease_response,2
follow_up.tsv,TCGA-EM-A3SY,follow_ups.follow_up_id,5
follow_up.tsv,TCGA-EM-A3SY,follow_ups.submitter_id,5
follow_up.tsv,TCGA-EM-A3SY,follow_ups.timepoint_category,3
follow_up.tsv,TCGA-EM-A3SZ,follow_ups.days_to_follow_up,2
follow_up.tsv,TCGA-EM-A3SZ,follow_ups.follow_up_id,6
follow_up.tsv,TCGA-EM-A3SZ,follow_ups.submitter_id,5
follow_up.tsv,TCGA-EM-A3SZ,follow_ups.timepoint_category,4
follow_up.tsv,TCGA-EM-A4FF,follow_ups.days_to_follow_up,4
follow_up.tsv,TCGA-EM-A4FF,follow_ups.days_to_recurrence,2
follow_up.tsv,TCGA-EM-A4FF,follow_ups.follow_up_id,7
follow_up.tsv,TCGA-EM-A4FF,follow_ups.submitter_id,7
follow_up.tsv,TCGA-EM-A4FF,follow_ups.timepoint_category,5
follow_up.tsv,TCGA-EM-A4FH,follow_ups.days_to_follow_up,2
follow_up.tsv,TCGA-EM-A4FH,follow_ups.disease_response,2
follow_up.tsv,TCGA-EM-A4FH,follow_ups.follow_up_id,5
follow_up.tsv,TCGA-EM-A4FH,follow_ups.submitter_id,5
follow_up.tsv,TCGA-EM-A4FH,follow_ups.timepoint_category,4
follow_up.tsv,TCGA-EM-A4FK,follow_ups.days_to_follow_up,2
follow_up.tsv,TCGA-EM-A4FK,follow_ups.follow_up_id,4
follow_up.tsv,TCGA-EM-A4FK,follow_ups.submitter_id,4
follow_up.tsv,TCGA-EM-A4FK,follow_ups.timepoint_category,3
follow_up.tsv,TCGA-EM-A4FM,follow_ups.days_to_follow_up,2
follow_up.tsv,TCGA-EM-A4FM,follow_ups.disease_response,2
follow_up.tsv,TCGA-EM-A4FM,follow_ups.follow_up_id,8
follow_up.tsv,TCGA-EM-A4FM,follow_ups.imaging_type,2
follow_up.tsv,TCGA-EM-A4FM,follow_ups.submitter_id,7
follow_up.tsv,TCGA-EM-A4FM,follow_ups.timepoint_category,4
follow_up.tsv,TCGA-EM-A4FN,follow_ups.days_to_follow_up,2
follow_up.tsv,TCGA-EM-A4FN,follow_ups.disease_response,2
follow_up.tsv,TCGA-EM-A4FN,follow_ups.follow_up_id,6
follow_up.tsv,TCGA-EM-A4FN,follow_ups.submitter_id,5
follow_up.tsv,TCGA-EM-A4FN,follow_ups.timepoint_category,4
follow_up.tsv,TCGA-EM-A4FO,follow_ups.days_to_follow_up,2
follow_up.tsv,TCGA-EM-A4FO,follow_ups.disease_response,2
follow_up.tsv,TCGA-EM-A4FO,follow_ups.follow_up_id,6
follow_up.tsv,TCGA-EM-A4FO,follow_ups.submitter_id,5
follow_up.tsv,TCGA-EM-A4FO,follow_ups.timepoint_category,4
follow_up.tsv,TCGA-EM-A4FQ,follow_ups.days_to_follow_up,2
follow_up.tsv,TCGA-EM-A4FQ,follow_ups.disease_response,2
follow_up.tsv,TCGA-EM-A4FQ,follow_ups.follow_up_id,6
follow_up.tsv,TCGA-EM-A4FQ,follow_ups.submitter_id,5
follow_up.tsv,TCGA-EM-A4FQ,follow_ups.timepoint_category,4
follow_up.tsv,TCGA-EM-A4FR,follow_ups.days_to_follow_up,2
follow_up.tsv,TCGA-EM-A4FR,follow_ups.disease_response,2
follow_up.tsv,TCGA-EM-A4FR,follow_ups.follow_up_id,5
follow_up.tsv,TCGA-EM-A4FR,follow_ups.submitter_id,5
follow_up.tsv,TCGA-EM-A4FR,follow_ups.timepoint_category,4
follow_up.tsv,TCGA-EM-A4FU,follow_ups.days_to_follow_up,3
follow_up.tsv,TCGA-EM-A4FU,follow_ups.disease_response,2
follow_up.tsv,TCGA-EM-A4FU,follow_ups.follow_up_id,7
follow_up.tsv,TCGA-EM-A4FU,follow_ups.submitter_id,6
follow_up.tsv,TCGA-EM-A4FU,follow_ups.timepoint_category,5
follow_up.tsv,TCGA-EM-A4FV,follow_ups.days_to_follow_up,2
follow_up.tsv,TCGA-EM-A4FV,follow_ups.disease_response,2
follow_up.tsv,TCGA-EM-A4FV,follow_ups.follow_up_id,5
follow_up.tsv,TCGA-EM-A4FV,follow_ups.submitter_id,5
follow_up.tsv,TCGA-EM-A4FV,follow_ups.timepoint_category,4
follow_up.tsv,TCGA-EM-A4G1,follow_ups.days_to_follow_up,2
follow_up.tsv,TCGA-EM-A4G1,follow_ups.disease_response,2
follow_up.tsv,TCGA-EM-A4G1,follow_ups.follow_up_id,6
follow_up.tsv,TCGA-EM-A4G1,follow_ups.submitter_id,5
follow_up.tsv,TCGA-EM-A4G1,follow_ups.timepoint_category,4
follow_up.tsv,TCGA-ET-A25G,follow_ups.days_to_follow_up,3
follow_up.tsv,TCGA-ET-A25G,follow_ups.disease_response,2
follow_up.tsv,TCGA-ET-A25G,follow_ups.follow_up_id,6
follow_up.tsv,TCGA-ET-A25G,follow_ups.submitter_id,6
follow_up.tsv,TCGA-ET-A25G,follow_ups.timepoint_category,4
follow_up.tsv,TCGA-ET-A25I,follow_ups.days_to_follow_up,3
follow_up.tsv,TCGA-ET-A25I,follow_ups.disease_response,2
follow_up.tsv,TCGA-ET-A25I,follow_ups.follow_up_id,8
follow_up.tsv,TCGA-ET-A25I,follow_ups.submitter_id,7
follow_up.tsv,TCGA-ET-A25I,follow_ups.timepoint_category,4
follow_up.tsv,TCGA-ET-A25J,follow_ups.days_to_follow_up,2
follow_up.tsv,TCGA-ET-A25J,follow_ups.disease_response,2
follow_up.tsv,TCGA-ET-A25J,follow_ups.follow_up_id,6
follow_up.tsv,TCGA-ET-A25J,follow_ups.submitter_id,6
follow_up.tsv,TCGA-ET-A25J,follow_ups.timepoint_category,4
follow_up.tsv,TCGA-ET-A25K,follow_ups.days_to_follow_up,3
follow_up.tsv,TCGA-ET-A25K,follow_ups.disease_response,2
follow_up.tsv,TCGA-ET-A25K,follow_ups.follow_up_id,6
follow_up.tsv,TCGA-ET-A25K,follow_ups.submitter_id,6
follow_up.tsv,TCGA-ET-A25K,follow_ups.timepoint_category,4
follow_up.tsv,TCGA-ET-A25L,follow_ups.days_to_follow_up,3
follow_up.tsv,TCGA-ET-A25L,follow_ups.disease_response,2
follow_up.tsv,TCGA-ET-A25L,follow_ups.follow_up_id,6
follow_up.tsv,TCGA-ET-A25L,follow_ups.submitter_id,6
follow_up.tsv,TCGA-ET-A25L,follow_ups.timepoint_category,4
follow_up.tsv,TCGA-ET-A25M,follow_ups.days_to_follow_up,4
follow_up.tsv,TCGA-ET-A25M,follow_ups.disease_response,2
follow_up.tsv,TCGA-ET-A25M,follow_ups.follow_up_id,7
follow_up.tsv,TCGA-ET-A25M,follow_ups.submitter_id,7
follow_up.tsv,TCGA-ET-A25M,follow_ups.timepoint_category,4
follow_up.tsv,TCGA-ET-A25N,follow_ups.days_to_follow_up,3
follow_up.tsv,TCGA-ET-A25N,follow_ups.disease_response,2
follow_up.tsv,TCGA-ET-A25N,follow_ups.follow_up_id,5
follow_up.tsv,TCGA-ET-A25N,follow_ups.submitter_id,5
follow_up.tsv,TCGA-ET-A25N,follow_ups.timepoint_category,3
follow_up.tsv,TCGA-ET-A25O,follow_ups.days_to_follow_up,3
follow_up.tsv,TCGA-ET-A25O,follow_ups.disease_response,2
follow_up.tsv,TCGA-ET-A25O,follow_ups.follow_up_id,6
follow_up.tsv,TCGA-ET-A25O,follow_ups.submitter_id,6
follow_up.tsv,TCGA-ET-A25O,follow_ups.timepoint_category,4
follow_up.tsv,TCGA-ET-A25P,follow_ups.days_to_follow_up,2
follow_up.tsv,TCGA-ET-A25P,follow_ups.follow_up_id,6
follow_up.tsv,TCGA-ET-A25P,follow_ups.submitter_id,5
follow_up.tsv,TCGA-ET-A25P,follow_ups.timepoint_category,4
follow_up.tsv,TCGA-ET-A25R,follow_ups.days_to_follow_up,3
follow_up.tsv,TCGA-ET-A25R,follow_ups.disease_response,2
follow_up.tsv,TCGA-ET-A25R,follow_ups.follow_up_id,7
follow_up.tsv,TCGA-ET-A25R,follow_ups.submitter_id,6
follow_up.tsv,TCGA-ET-A25R,follow_ups.timepoint_category,4
follow_up.tsv,TCGA-ET-A2MX,follow_ups.days_to_follow_up,2
follow_up.tsv,TCGA-ET-A2MX,follow_ups.follow_up_id,5
follow_up.tsv,TCGA-ET-A2MX,follow_ups.submitter_id,5
follow_up.tsv,TCGA-ET-A2MX,follow_ups.timepoint_category,4
follow_up.tsv,TCGA-ET-A2MY,follow_ups.days_to_follow_up,3
follow_up.tsv,TCGA-ET-A2MY,follow_ups.disease_response,2
follow_up.tsv,TCGA-ET-A2MY,follow_ups.follow_up_id,7
follow_up.tsv,TCGA-ET-A2MY,follow_ups.submitter_id,6
follow_up.tsv,TCGA-ET-A2MY,follow_ups.timepoint_category,3
follow_up.tsv,TCGA-ET-A2MZ,follow_ups.days_to_follow_up,2
follow_up.tsv,TCGA-ET-A2MZ,follow_ups.disease_response,2
follow_up.tsv,TCGA-ET-A2MZ,follow_ups.follow_up_id,6
follow_up.tsv,TCGA-ET-A2MZ,follow_ups.submitter_id,5
follow_up.tsv,TCGA-ET-A2MZ,follow_ups.timepoint_category,4
follow_up.tsv,TCGA-ET-A2N0,follow_ups.days_to_follow_up,3
follow_up.tsv,TCGA-ET-A2N0,follow_ups.disease_response,2
follow_up.tsv,TCGA-ET-A2N0,follow_ups.follow_up_id,7
follow_up.tsv,TCGA-ET-A2N0,follow_ups.submitter_id,7
follow_up.tsv,TCGA-ET-A2N0,follow_ups.timepoint_category,4
follow_up.tsv,TCGA-ET-A2N1,follow_ups.days_to_follow_up,4
follow_up.tsv,TCGA-ET-A2N1,follow_ups.disease_response,2
follow_up.tsv,TCGA-ET-A2N1,follow_ups.follow_up_id,9
follow_up.tsv,TCGA-ET-A2N1,follow_ups.submitter_id,8
follow_up.tsv,TCGA-ET-A2N1,follow_ups.timepoint_category,4
follow_up.tsv,TCGA-ET-A2N3,follow_ups.days_to_follow_up,3
follow_up.tsv,TCGA-ET-A2N3,follow_ups.disease_response,2
follow_up.tsv,TCGA-ET-A2N3,follow_ups.follow_up_id,7
follow_up.tsv,TCGA-ET-A2N3,follow_ups.submitter_id,7
follow_up.tsv,TCGA-ET-A2N3,follow_ups.timepoint_category,4
follow_up.tsv,TCGA-ET-A2N4,follow_ups.days_to_follow_up,2
follow_up.tsv,TCGA-ET-A2N4,follow_ups.follow_up_id,5
follow_up.tsv,TCGA-ET-A2N4,follow_ups.submitter_id,5
follow_up.tsv,TCGA-ET-A2N4,follow_ups.timepoint_category,4
follow_up.tsv,TCGA-ET-A2N5,follow_ups.days_to_follow_up,4
follow_up.tsv,TCGA-ET-A2N5,follow_ups.disease_response,2
follow_up.tsv,TCGA-ET-A2N5,follow_ups.follow_up_id,8
follow_up.tsv,TCGA-ET-A2N5,follow_ups.submitter_id,8
follow_up.tsv,TCGA-ET-A2N5,follow_ups.timepoint_category,4
follow_up.tsv,TCGA-ET-A39I,follow_ups.days_to_follow_up,2
follow_up.tsv,TCGA-ET-A39I,follow_ups.disease_response,2
follow_up.tsv,TCGA-ET-A39I,follow_ups.follow_up_id,5
follow_up.tsv,TCGA-ET-A39I,follow_ups.submitter_id,5
follow_up.tsv,TCGA-ET-A39I,follow_ups.timepoint_category,4
follow_up.tsv,TCGA-ET-A39J,follow_ups.days_to_follow_up,3
follow_up.tsv,TCGA-ET-A39J,follow_ups.disease_response,2
follow_up.tsv,TCGA-ET-A39J,follow_ups.follow_up_id,5
follow_up.tsv,TCGA-ET-A39J,follow_ups.submitter_id,5
follow_up.tsv,TCGA-ET-A39J,follow_ups.timepoint_category,3
follow_up.tsv,TCGA-ET-A39K,follow_ups.days_to_follow_up,10
follow_up.tsv,TCGA-ET-A39K,follow_ups.days_to_recurrence,6
follow_up.tsv,TCGA-ET-A39K,follow_ups.disease_response,2
follow_up.tsv,TCGA-ET-A39K,follow_ups.follow_up_id,12
follow_up.tsv,TCGA-ET-A39K,follow_ups.submitter_id,12
follow_up.tsv,TCGA-ET-A39K,follow_ups.timepoint_category,4
follow_up.tsv,TCGA-ET-A39L,follow_ups.days_to_follow_up,3
follow_up.tsv,TCGA-ET-A39L,follow_ups.follow_up_id,5
follow_up.tsv,TCGA-ET-A39L,follow_ups.submitter_id,5
follow_up.tsv,TCGA-ET-A39L,follow_ups.timepoint_category,3
follow_up.tsv,TCGA-ET-A39M,follow_ups.days_to_follow_up,2
follow_up.tsv,TCGA-ET-A39M,follow_ups.follow_up_id,5
follow_up.tsv,TCGA-ET-A39M,follow_ups.submitter_id,5
follow_up.tsv,TCGA-ET-A39M,follow_ups.timepoint_category,4
follow_up.tsv,TCGA-ET-A39N,follow_ups.days_to_follow_up,3
follow_up.tsv,TCGA-ET-A39N,follow_ups.disease_response,2
follow_up.tsv,TCGA-ET-A39N,follow_ups.follow_up_id,6
follow_up.tsv,TCGA-ET-A39N,follow_ups.submitter_id,6
follow_up.tsv,TCGA-ET-A39N,follow_ups.timepoint_category,3
follow_up.tsv,TCGA-ET-A39O,follow_ups.days_to_follow_up,3
follow_up.tsv,TCGA-ET-A39O,follow_ups.disease_response,2
follow_up.tsv,TCGA-ET-A39O,follow_ups.follow_up_id,7
follow_up.tsv,TCGA-ET-A39O,follow_ups.submitter_id,7
follow_up.tsv,TCGA-ET-A39O,follow_ups.timepoint_category,4
follow_up.tsv,TCGA-ET-A39P,follow_ups.days_to_follow_up,3
follow_up.tsv,TCGA-ET-A39P,follow_ups.disease_response,2
follow_up.tsv,TCGA-ET-A39P,follow_ups.follow_up_id,5
follow_up.tsv,TCGA-ET-A39P,follow_ups.submitter_id,5
follow_up.tsv,TCGA-ET-A39P,follow_ups.timepoint_category,3
follow_up.tsv,TCGA-ET-A39R,follow_ups.days_to_follow_up,3
follow_up.tsv,TCGA-ET-A39R,follow_ups.disease_response,2
follow_up.tsv,TCGA-ET-A39R,follow_ups.follow_up_id,6
follow_up.tsv,TCGA-ET-A39R,follow_ups.submitter_id,6
follow_up.tsv,TCGA-ET-A39R,follow_ups.timepoint_category,4
follow_up.tsv,TCGA-ET-A39S,follow_ups.days_to_follow_up,2
follow_up.tsv,TCGA-ET-A39S,follow_ups.follow_up_id,4
follow_up.tsv,TCGA-ET-A39S,follow_ups.submitter_id,4
follow_up.tsv,TCGA-ET-A39S,follow_ups.timepoint_category,3
follow_up.tsv,TCGA-ET-A39T,follow_ups.days_to_follow_up,3
follow_up.tsv,TCGA-ET-A39T,follow_ups.disease_response,2
follow_up.tsv,TCGA-ET-A39T,follow_ups.follow_up_id,6
follow_up.tsv,TCGA-ET-A39T,follow_ups.submitter_id,6
follow_up.tsv,TCGA-ET-A39T,follow_ups.timepoint_category,3
follow_up.tsv,TCGA-ET-A3BN,follow_ups.days_to_follow_up,2
follow_up.tsv,TCGA-ET-A3BN,follow_ups.follow_up_id,5
follow_up.tsv,TCGA-ET-A3BN,follow_ups.submitter_id,5
follow_up.tsv,TCGA-ET-A3BN,follow_ups.timepoint_category,4
follow_up.tsv,TCGA-ET-A3BO,follow_ups.days_to_follow_up,4
follow_up.tsv,TCGA-ET-A3BO,follow_ups.disease_response,2
follow_up.tsv,TCGA-ET-A3BO,follow_ups.follow_up_id,7
follow_up.tsv,TCGA-ET-A3BO,follow_ups.submitter_id,6
follow_up.tsv,TCGA-ET-A3BO,follow_ups.timepoint_category,3
follow_up.tsv,TCGA-ET-A3BP,follow_ups.days_to_follow_up,3
follow_up.tsv,TCGA-ET-A3BP,follow_ups.disease_response,2
follow_up.tsv,TCGA-ET-A3BP,follow_ups.follow_up_id,6
follow_up.tsv,TCGA-ET-A3BP,follow_ups.submitter_id,6
follow_up.tsv,TCGA-ET-A3BP,follow_ups.timepoint_category,4
follow_up.tsv,TCGA-ET-A3BQ,follow_ups.days_to_follow_up,3
follow_up.tsv,TCGA-ET-A3BQ,follow_ups.disease_response,2
follow_up.tsv,TCGA-ET-A3BQ,follow_ups.follow_up_id,7
follow_up.tsv,TCGA-ET-A3BQ,follow_ups.submitter_id,7
follow_up.tsv,TCGA-ET-A3BQ,follow_ups.timepoint_category,4
follow_up.tsv,TCGA-ET-A3BS,follow_ups.days_to_follow_up,2
follow_up.tsv,TCGA-ET-A3BS,follow_ups.follow_up_id,6
follow_up.tsv,TCGA-ET-A3BS,follow_ups.submitter_id,5
follow_up.tsv,TCGA-ET-A3BS,follow_ups.timepoint_category,4
follow_up.tsv,TCGA-ET-A3BT,follow_ups.days_to_follow_up,4
follow_up.tsv,TCGA-ET-A3BT,follow_ups.disease_response,2
follow_up.tsv,TCGA-ET-A3BT,follow_ups.follow_up_id,8
follow_up.tsv,TCGA-ET-A3BT,follow_ups.submitter_id,7
follow_up.tsv,TCGA-ET-A3BT,follow_ups.timepoint_category,5
follow_up.tsv,TCGA-ET-A3BU,follow_ups.days_to_follow_up,3
follow_up.tsv,TCGA-ET-A3BU,follow_ups.disease_response,2
follow_up.tsv,TCGA-ET-A3BU,follow_ups.follow_up_id,7
follow_up.tsv,TCGA-ET-A3BU,follow_ups.submitter_id,7
follow_up.tsv,TCGA-ET-A3BU,follow_ups.timepoint_category,4
follow_up.tsv,TCGA-ET-A3BV,follow_ups.days_to_follow_up,5
follow_up.tsv,TCGA-ET-A3BV,follow_ups.days_to_recurrence,2
follow_up.tsv,TCGA-ET-A3BV,follow_ups.disease_response,2
follow_up.tsv,TCGA-ET-A3BV,follow_ups.follow_up_id,7
follow_up.tsv,TCGA-ET-A3BV,follow_ups.submitter_id,7
follow_up.tsv,TCGA-ET-A3BV,follow_ups.timepoint_category,4
follow_up.tsv,TCGA-ET-A3BW,follow_ups.days_to_follow_up,2
follow_up.tsv,TCGA-ET-A3BW,follow_ups.disease_response,2
follow_up.tsv,TCGA-ET-A3BW,follow_ups.follow_up_id,6
follow_up.tsv,TCGA-ET-A3BW,follow_ups.submitter_id,6
follow_up.tsv,TCGA-ET-A3BW,follow_ups.timepoint_category,4
follow_up.tsv,TCGA-ET-A3BX,follow_ups.days_to_follow_up,3
follow_up.tsv,TCGA-ET-A3BX,follow_ups.disease_response,2
follow_up.tsv,TCGA-ET-A3BX,follow_ups.follow_up_id,5
follow_up.tsv,TCGA-ET-A3BX,follow_ups.submitter_id,5
follow_up.tsv,TCGA-ET-A3BX,follow_ups.timepoint_category,3
follow_up.tsv,TCGA-ET-A3DO,follow_ups.days_to_follow_up,6
follow_up.tsv,TCGA-ET-A3DO,follow_ups.days_to_recurrence,2
follow_up.tsv,TCGA-ET-A3DO,follow_ups.disease_response,2
follow_up.tsv,TCGA-ET-A3DO,follow_ups.follow_up_id,9
follow_up.tsv,TCGA-ET-A3DO,follow_ups.submitter_id,9
follow_up.tsv,TCGA-ET-A3DO,follow_ups.timepoint_category,4
follow_up.tsv,TCGA-ET-A3DP,follow_ups.days_to_follow_up,4
follow_up.tsv,TCGA-ET-A3DP,follow_ups.disease_response,2
follow_up.tsv,TCGA-ET-A3DP,follow_ups.follow_up_id,6
follow_up.tsv,TCGA-ET-A3DP,follow_ups.submitter_id,6
follow_up.tsv,TCGA-ET-A3DP,follow_ups.timepoint_category,3
follow_up.tsv,TCGA-ET-A3DQ,follow_ups.days_to_follow_up,3
follow_up.tsv,TCGA-ET-A3DQ,follow_ups.disease_response,2
follow_up.tsv,TCGA-ET-A3DQ,follow_ups.follow_up_id,7
follow_up.tsv,TCGA-ET-A3DQ,follow_ups.submitter_id,6
follow_up.tsv,TCGA-ET-A3DQ,follow_ups.timepoint_category,4
follow_up.tsv,TCGA-ET-A3DR,follow_ups.days_to_follow_up,3
follow_up.tsv,TCGA-ET-A3DR,follow_ups.disease_response,2
follow_up.tsv,TCGA-ET-A3DR,follow_ups.follow_up_id,7
follow_up.tsv,TCGA-ET-A3DR,follow_ups.submitter_id,7
follow_up.tsv,TCGA-ET-A3DR,follow_ups.timepoint_category,4
follow_up.tsv,TCGA-ET-A3DS,follow_ups.days_to_follow_up,2
follow_up.tsv,TCGA-ET-A3DS,follow_ups.disease_response,2
follow_up.tsv,TCGA-ET-A3DS,follow_ups.follow_up_id,5
follow_up.tsv,TCGA-ET-A3DS,follow_ups.submitter_id,4
follow_up.tsv,TCGA-ET-A3DS,follow_ups.timepoint_category,3
follow_up.tsv,TCGA-ET-A3DT,follow_ups.days_to_follow_up,5
follow_up.tsv,TCGA-ET-A3DT,follow_ups.disease_response,2
follow_up.tsv,TCGA-ET-A3DT,follow_ups.follow_up_id,9
follow_up.tsv,TCGA-ET-A3DT,follow_ups.submitter_id,8
follow_up.tsv,TCGA-ET-A3DT,follow_ups.timepoint_category,3
follow_up.tsv,TCGA-ET-A3DU,follow_ups.days_to_follow_up,3
follow_up.tsv,TCGA-ET-A3DU,follow_ups.disease_response,3
follow_up.tsv,TCGA-ET-A3DU,follow_ups.follow_up_id,7
follow_up.tsv,TCGA-ET-A3DU,follow_ups.submitter_id,7
follow_up.tsv,TCGA-ET-A3DU,follow_ups.timepoint_category,4
follow_up.tsv,TCGA-ET-A3DV,follow_ups.days_to_follow_up,4
follow_up.tsv,TCGA-ET-A3DV,follow_ups.disease_response,2
follow_up.tsv,TCGA-ET-A3DV,follow_ups.follow_up_id,7
follow_up.tsv,TCGA-ET-A3DV,follow_ups.submitter_id,7
follow_up.tsv,TCGA-ET-A3DV,follow_ups.timepoint_category,3
follow_up.tsv,TCGA-ET-A3DW,follow_ups.follow_up_id,3
follow_up.tsv,TCGA-ET-A3DW,follow_ups.submitter_id,3
follow_up.tsv,TCGA-ET-A3DW,follow_ups.timepoint_category,3
follow_up.tsv,TCGA-ET-A40P,follow_ups.days_to_follow_up,2
follow_up.tsv,TCGA-ET-A40P,follow_ups.disease_response,2
follow_up.tsv,TCGA-ET-A40P,follow_ups.follow_up_id,5
follow_up.tsv,TCGA-ET-A40P,follow_ups.submitter_id,5
follow_up.tsv,TCGA-ET-A40P,follow_ups.timepoint_category,4
follow_up.tsv,TCGA-ET-A40Q,follow_ups.days_to_follow_up,2
follow_up.tsv,TCGA-ET-A40Q,follow_ups.disease_response,2
follow_up.tsv,TCGA-ET-A40Q,follow_ups.follow_up_id,7
follow_up.tsv,TCGA-ET-A40Q,follow_ups.submitter_id,7
follow_up.tsv,TCGA-ET-A40Q,follow_ups.timepoint_category,6
follow_up.tsv,TCGA-ET-A40R,follow_ups.days_to_follow_up,2
follow_up.tsv,TCGA-ET-A40R,follow_ups.disease_response,2
follow_up.tsv,TCGA-ET-A40R,follow_ups.follow_up_id,5
follow_up.tsv,TCGA-ET-A40R,follow_ups.submitter_id,5
follow_up.tsv,TCGA-ET-A40R,follow_ups.timepoint_category,4
follow_up.tsv,TCGA-ET-A40S,follow_ups.days_to_follow_up,2
follow_up.tsv,TCGA-ET-A40S,follow_ups.disease_response,2
follow_up.tsv,TCGA-ET-A40S,follow_ups.follow_up_id,6
follow_up.tsv,TCGA-ET-A40S,follow_ups.submitter_id,5
follow_up.tsv,TCGA-ET-A40S,follow_ups.timepoint_category,4
follow_up.tsv,TCGA-ET-A40T,follow_ups.days_to_follow_up,2
follow_up.tsv,TCGA-ET-A40T,follow_ups.disease_response,2
follow_up.tsv,TCGA-ET-A40T,follow_ups.follow_up_id,6
follow_up.tsv,TCGA-ET-A40T,follow_ups.submitter_id,6
follow_up.tsv,TCGA-ET-A40T,follow_ups.timepoint_category,4
follow_up.tsv,TCGA-ET-A4KN,follow_ups.days_to_follow_up,3
follow_up.tsv,TCGA-ET-A4KN,follow_ups.disease_response,2
follow_up.tsv,TCGA-ET-A4KN,follow_ups.follow_up_id,5
follow_up.tsv,TCGA-ET-A4KN,follow_ups.submitter_id,5
follow_up.tsv,TCGA-ET-A4KN,follow_ups.timepoint_category,3
follow_up.tsv,TCGA-ET-A4KQ,follow_ups.days_to_follow_up,2
follow_up.tsv,TCGA-ET-A4KQ,follow_ups.follow_up_id,4
follow_up.tsv,TCGA-ET-A4KQ,follow_ups.submitter_id,3
follow_up.tsv,TCGA-ET-A4KQ,follow_ups.timepoint_category,2
follow_up.tsv,TCGA-FE-A22Z,follow_ups.days_to_follow_up,6
follow_up.tsv,TCGA-FE-A22Z,follow_ups.days_to_recurrence,2
follow_up.tsv,TCGA-FE-A22Z,follow_ups.disease_response,3
follow_up.tsv,TCGA-FE-A22Z,follow_ups.follow_up_id,9
follow_up.tsv,TCGA-FE-A22Z,follow_ups.progression_or_recurrence_anatomic_site,3
follow_up.tsv,TCGA-FE-A22Z,follow_ups.progression_or_recurrence_type,2
follow_up.tsv,TCGA-FE-A22Z,follow_ups.submitter_id,9
follow_up.tsv,TCGA-FE-A22Z,follow_ups.timepoint_category,5
follow_up.tsv,TCGA-FE-A230,follow_ups.days_to_follow_up,4
follow_up.tsv,TCGA-FE-A230,follow_ups.disease_response,2
follow_up.tsv,TCGA-FE-A230,follow_ups.follow_up_id,7
follow_up.tsv,TCGA-FE-A230,follow_ups.submitter_id,6
follow_up.tsv,TCGA-FE-A230,follow_ups.timepoint_category,4
follow_up.tsv,TCGA-FE-A231,follow_ups.days_to_follow_up,3
follow_up.tsv,TCGA-FE-A231,follow_ups.disease_response,2
follow_up.tsv,TCGA-FE-A231,follow_ups.follow_up_id,7
follow_up.tsv,TCGA-FE-A231,follow_ups.submitter_id,6
follow_up.tsv,TCGA-FE-A231,follow_ups.timepoint_category,4
follow_up.tsv,TCGA-FE-A232,follow_ups.days_to_follow_up,2
follow_up.tsv,TCGA-FE-A232,follow_ups.disease_response,2
follow_up.tsv,TCGA-FE-A232,follow_ups.follow_up_id,5
follow_up.tsv,TCGA-FE-A232,follow_ups.submitter_id,4
follow_up.tsv,TCGA-FE-A232,follow_ups.timepoint_category,3
follow_up.tsv,TCGA-FE-A233,follow_ups.days_to_follow_up,2
follow_up.tsv,TCGA-FE-A233,follow_ups.disease_response,2
follow_up.tsv,TCGA-FE-A233,follow_ups.follow_up_id,5
follow_up.tsv,TCGA-FE-A233,follow_ups.submitter_id,5
follow_up.tsv,TCGA-FE-A233,follow_ups.timepoint_category,4
follow_up.tsv,TCGA-FE-A234,follow_ups.days_to_follow_up,4
follow_up.tsv,TCGA-FE-A234,follow_ups.disease_response,2
follow_up.tsv,TCGA-FE-A234,follow_ups.follow_up_id,7
follow_up.tsv,TCGA-FE-A234,follow_ups.submitter_id,7
follow_up.tsv,TCGA-FE-A234,follow_ups.timepoint_category,5
follow_up.tsv,TCGA-FE-A235,follow_ups.days_to_follow_up,2
follow_up.tsv,TCGA-FE-A235,follow_ups.disease_response,3
follow_up.tsv,TCGA-FE-A235,follow_ups.follow_up_id,7
follow_up.tsv,TCGA-FE-A235,follow_ups.submitter_id,6
follow_up.tsv,TCGA-FE-A235,follow_ups.timepoint_category,4
follow_up.tsv,TCGA-FE-A236,follow_ups.disease_response,2
follow_up.tsv,TCGA-FE-A236,follow_ups.follow_up_id,4
follow_up.tsv,TCGA-FE-A236,follow_ups.submitter_id,4
follow_up.tsv,TCGA-FE-A236,follow_ups.timepoint_category,3
follow_up.tsv,TCGA-FE-A237,follow_ups.days_to_follow_up,5
follow_up.tsv,TCGA-FE-A237,follow_ups.days_to_recurrence,2
follow_up.tsv,TCGA-FE-A237,follow_ups.disease_response,4
follow_up.tsv,TCGA-FE-A237,follow_ups.follow_up_id,8
follow_up.tsv,TCGA-FE-A237,follow_ups.submitter_id,8
follow_up.tsv,TCGA-FE-A237,follow_ups.timepoint_category,4
follow_up.tsv,TCGA-FE-A238,follow_ups.days_to_follow_up,2
follow_up.tsv,TCGA-FE-A238,follow_ups.disease_response,2
follow_up.tsv,TCGA-FE-A238,follow_ups.follow_up_id,6
follow_up.tsv,TCGA-FE-A238,follow_ups.submitter_id,6
follow_up.tsv,TCGA-FE-A238,follow_ups.timepoint_category,5
follow_up.tsv,TCGA-FE-A239,follow_ups.days_to_follow_up,2
follow_up.tsv,TCGA-FE-A239,follow_ups.disease_response,2
follow_up.tsv,TCGA-FE-A239,follow_ups.follow_up_id,5
follow_up.tsv,TCGA-FE-A239,follow_ups.submitter_id,5
follow_up.tsv,TCGA-FE-A239,follow_ups.timepoint_category,5
follow_up.tsv,TCGA-FE-A23A,follow_ups.days_to_follow_up,3
follow_up.tsv,TCGA-FE-A23A,follow_ups.disease_response,2
follow_up.tsv,TCGA-FE-A23A,follow_ups.follow_up_id,6
follow_up.tsv,TCGA-FE-A23A,follow_ups.submitter_id,5
follow_up.tsv,TCGA-FE-A23A,follow_ups.timepoint_category,3
follow_up.tsv,TCGA-FE-A3PA,follow_ups.days_to_follow_up,2
follow_up.tsv,TCGA-FE-A3PA,follow_ups.disease_response,3
follow_up.tsv,TCGA-FE-A3PA,follow_ups.follow_up_id,5
follow_up.tsv,TCGA-FE-A3PA,follow_ups.submitter_id,5
follow_up.tsv,TCGA-FE-A3PA,follow_ups.timepoint_category,4
follow_up.tsv,TCGA-FE-A3PB,follow_ups.disease_response,2
follow_up.tsv,TCGA-FE-A3PB,follow_ups.follow_up_id,4
follow_up.tsv,TCGA-FE-A3PB,follow_ups.submitter_id,3
follow_up.tsv,TCGA-FE-A3PB,follow_ups.timepoint_category,3
follow_up.tsv,TCGA-FE-A3PC,follow_ups.days_to_follow_up,2
follow_up.tsv,TCGA-FE-A3PC,follow_ups.disease_response,2
follow_up.tsv,TCGA-FE-A3PC,follow_ups.follow_up_id,5
follow_up.tsv,TCGA-FE-A3PC,follow_ups.submitter_id,4
follow_up.tsv,TCGA-FE-A3PC,follow_ups.timepoint_category,3
follow_up.tsv,TCGA-FE-A3PD,follow_ups.days_to_follow_up,2
follow_up.tsv,TCGA-FE-A3PD,follow_ups.disease_response,2
follow_up.tsv,TCGA-FE-A3PD,follow_ups.follow_up_id,5
follow_up.tsv,TCGA-FE-A3PD,follow_ups.submitter_id,4
follow_up.tsv,TCGA-FE-A3PD,follow_ups.timepoint_category,3
follow_up.tsv,TCGA-FK-A3S3,follow_ups.days_to_follow_up,2
follow_up.tsv,TCGA-FK-A3S3,follow_ups.disease_response,2
follow_up.tsv,TCGA-FK-A3S3,follow_ups.follow_up_id,4
follow_up.tsv,TCGA-FK-A3S3,follow_ups.submitter_id,4
follow_up.tsv,TCGA-FK-A3S3,follow_ups.timepoint_category,3
follow_up.tsv,TCGA-FK-A3SB,follow_ups.days_to_follow_up,2
follow_up.tsv,TCGA-FK-A3SB,follow_ups.disease_response,2
follow_up.tsv,TCGA-FK-A3SB,follow_ups.follow_up_id,4
follow_up.tsv,TCGA-FK-A3SB,follow_ups.submitter_id,4
follow_up.tsv,TCGA-FK-A3SB,follow_ups.timepoint_category,3
follow_up.tsv,TCGA-FK-A3SD,follow_ups.days_to_follow_up,2
follow_up.tsv,TCGA-FK-A3SD,follow_ups.disease_response,2
follow_up.tsv,TCGA-FK-A3SD,follow_ups.follow_up_id,5
follow_up.tsv,TCGA-FK-A3SD,follow_ups.submitter_id,4
follow_up.tsv,TCGA-FK-A3SD,follow_ups.timepoint_category,3
follow_up.tsv,TCGA-FK-A3SE,follow_ups.days_to_follow_up,2
follow_up.tsv,TCGA-FK-A3SE,follow_ups.disease_response,2
follow_up.tsv,TCGA-FK-A3SE,follow_ups.follow_up_id,5
follow_up.tsv,TCGA-FK-A3SE,follow_ups.submitter_id,5
follow_up.tsv,TCGA-FK-A3SE,follow_ups.timepoint_category,4
follow_up.tsv,TCGA-FK-A3SG,follow_ups.follow_up_id,4
follow_up.tsv,TCGA-FK-A3SG,follow_ups.submitter_id,4
follow_up.tsv,TCGA-FK-A3SG,follow_ups.timepoint_category,3
follow_up.tsv,TCGA-FK-A3SH,follow_ups.disease_response,3
follow_up.tsv,TCGA-FK-A3SH,follow_ups.follow_up_id,4
follow_up.tsv,TCGA-FK-A3SH,follow_ups.submitter_id,4
follow_up.tsv,TCGA-FK-A3SH,follow_ups.timepoint_category,3
follow_up.tsv,TCGA-FK-A4UB,follow_ups.days_to_follow_up,2
follow_up.tsv,TCGA-FK-A4UB,follow_ups.disease_response,3
follow_up.tsv,TCGA-FK-A4UB,follow_ups.follow_up_id,8
follow_up.tsv,TCGA-FK-A4UB,follow_ups.imaging_type,2
follow_up.tsv,TCGA-FK-A4UB,follow_ups.submitter_id,8
follow_up.tsv,TCGA-FK-A4UB,follow_ups.timepoint_category,5
follow_up.tsv,TCGA-FY-A2QD,follow_ups.follow_up_id,2
follow_up.tsv,TCGA-FY-A2QD,follow_ups.submitter_id,2
follow_up.tsv,TCGA-FY-A2QD,follow_ups.timepoint_category,2
follow_up.tsv,TCGA-FY-A3BL,follow_ups.days_to_follow_up,2
follow_up.tsv,TCGA-FY-A3BL,follow_ups.disease_response,2
follow_up.tsv,TCGA-FY-A3BL,follow_ups.follow_up_id,4
follow_up.tsv,TCGA-FY-A3BL,follow_ups.submitter_id,4
follow_up.tsv,TCGA-FY-A3BL,follow_ups.timepoint_category,3
follow_up.tsv,TCGA-FY-A3I4,follow_ups.days_to_follow_up,2
follow_up.tsv,TCGA-FY-A3I4,follow_ups.disease_response,2
follow_up.tsv,TCGA-FY-A3I4,follow_ups.follow_up_id,5
follow_up.tsv,TCGA-FY-A3I4,follow_ups.submitter_id,4
follow_up.tsv,TCGA-FY-A3I4,follow_ups.timepoint_category,3
follow_up.tsv,TCGA-FY-A3I5,follow_ups.days_to_follow_up,2
follow_up.tsv,TCGA-FY-A3I5,follow_ups.disease_response,2
follow_up.tsv,TCGA-FY-A3I5,follow_ups.follow_up_id,5
follow_up.tsv,TCGA-FY-A3I5,follow_ups.submitter_id,4
follow_up.tsv,TCGA-FY-A3I5,follow_ups.timepoint_category,3
follow_up.tsv,TCGA-FY-A3NM,follow_ups.days_to_follow_up,2
follow_up.tsv,TCGA-FY-A3NM,follow_ups.disease_response,2
follow_up.tsv,TCGA-FY-A3NM,follow_ups.follow_up_id,6
follow_up.tsv,TCGA-FY-A3NM,follow_ups.submitter_id,5
follow_up.tsv,TCGA-FY-A3NM,follow_ups.timepoint_category,4
follow_up.tsv,TCGA-FY-A3NN,follow_ups.follow_up_id,3
follow_up.tsv,TCGA-FY-A3NN,follow_ups.submitter_id,3
follow_up.tsv,TCGA-FY-A3NN,follow_ups.timepoint_category,3
follow_up.tsv,TCGA-FY-A3NP,follow_ups.days_to_follow_up,2
follow_up.tsv,TCGA-FY-A3NP,follow_ups.disease_response,2
follow_up.tsv,TCGA-FY-A3NP,follow_ups.follow_up_id,5
follow_up.tsv,TCGA-FY-A3NP,follow_ups.submitter_id,5
follow_up.tsv,TCGA-FY-A3NP,follow_ups.timepoint_category,4
follow_up.tsv,TCGA-FY-A3ON,follow_ups.days_to_follow_up,2
follow_up.tsv,TCGA-FY-A3ON,follow_ups.disease_response,2
follow_up.tsv,TCGA-FY-A3ON,follow_ups.follow_up_id,5
follow_up.tsv,TCGA-FY-A3ON,follow_ups.submitter_id,4
follow_up.tsv,TCGA-FY-A3ON,follow_ups.timepoint_category,3
follow_up.tsv,TCGA-FY-A3R6,follow_ups.days_to_follow_up,2
follow_up.tsv,TCGA-FY-A3R6,follow_ups.disease_response,2
follow_up.tsv,TCGA-FY-A3R6,follow_ups.follow_up_id,6
follow_up.tsv,TCGA-FY-A3R6,follow_ups.submitter_id,5
follow_up.tsv,TCGA-FY-A3R6,follow_ups.timepoint_category,4
follow_up.tsv,TCGA-FY-A3R7,follow_ups.days_to_follow_up,2
follow_up.tsv,TCGA-FY-A3R7,follow_ups.disease_response,2
follow_up.tsv,TCGA-FY-A3R7,follow_ups.follow_up_id,6
follow_up.tsv,TCGA-FY-A3R7,follow_ups.submitter_id,5
follow_up.tsv,TCGA-FY-A3R7,follow_ups.timepoint_category,4
follow_up.tsv,TCGA-FY-A3R8,follow_ups.days_to_follow_up,2
follow_up.tsv,TCGA-FY-A3R8,follow_ups.disease_response,2
follow_up.tsv,TCGA-FY-A3R8,follow_ups.follow_up_id,4
follow_up.tsv,TCGA-FY-A3R8,follow_ups.submitter_id,4
follow_up.tsv,TCGA-FY-A3R8,follow_ups.timepoint_category,3
follow_up.tsv,TCGA-FY-A3R9,follow_ups.days_to_follow_up,2
follow_up.tsv,TCGA-FY-A3R9,follow_ups.disease_response,2
follow_up.tsv,TCGA-FY-A3R9,follow_ups.follow_up_id,4
follow_up.tsv,TCGA-FY-A3R9,follow_ups.submitter_id,4
follow_up.tsv,TCGA-FY-A3R9,follow_ups.timepoint_category,3
follow_up.tsv,TCGA-FY-A3RA,follow_ups.days_to_follow_up,2
follow_up.tsv,TCGA-FY-A3RA,follow_ups.disease_response,2
follow_up.tsv,TCGA-FY-A3RA,follow_ups.follow_up_id,5
follow_up.tsv,TCGA-FY-A3RA,follow_ups.submitter_id,5
follow_up.tsv,TCGA-FY-A3RA,follow_ups.timepoint_category,4
follow_up.tsv,TCGA-FY-A3TY,follow_ups.days_to_follow_up,2
follow_up.tsv,TCGA-FY-A3TY,follow_ups.disease_response,2
follow_up.tsv,TCGA-FY-A3TY,follow_ups.follow_up_id,5
follow_up.tsv,TCGA-FY-A3TY,follow_ups.submitter_id,5
follow_up.tsv,TCGA-FY-A3TY,follow_ups.timepoint_category,4
follow_up.tsv,TCGA-FY-A3W9,follow_ups.days_to_follow_up,2
follow_up.tsv,TCGA-FY-A3W9,follow_ups.disease_response,3
follow_up.tsv,TCGA-FY-A3W9,follow_ups.follow_up_id,4
follow_up.tsv,TCGA-FY-A3W9,follow_ups.submitter_id,4
follow_up.tsv,TCGA-FY-A3W9,follow_ups.timepoint_category,3
follow_up.tsv,TCGA-FY-A3WA,follow_ups.days_to_follow_up,2
follow_up.tsv,TCGA-FY-A3WA,follow_ups.disease_response,2
follow_up.tsv,TCGA-FY-A3WA,follow_ups.follow_up_id,5
follow_up.tsv,TCGA-FY-A3WA,follow_ups.submitter_id,4
follow_up.tsv,TCGA-FY-A3WA,follow_ups.timepoint_category,3
follow_up.tsv,TCGA-FY-A3YR,follow_ups.days_to_follow_up,2
follow_up.tsv,TCGA-FY-A3YR,follow_ups.disease_response,2
follow_up.tsv,TCGA-FY-A3YR,follow_ups.follow_up_id,4
follow_up.tsv,TCGA-FY-A3YR,follow_ups.submitter_id,4
follow_up.tsv,TCGA-FY-A3YR,follow_ups.timepoint_category,3
follow_up.tsv,TCGA-FY-A40K,follow_ups.days_to_follow_up,2
follow_up.tsv,TCGA-FY-A40K,follow_ups.disease_response,2
follow_up.tsv,TCGA-FY-A40K,follow_ups.follow_up_id,4
follow_up.tsv,TCGA-FY-A40K,follow_ups.submitter_id,4
follow_up.tsv,TCGA-FY-A40K,follow_ups.timepoint_category,3
follow_up.tsv,TCGA-FY-A40L,follow_ups.days_to_follow_up,2
follow_up.tsv,TCGA-FY-A40L,follow_ups.disease_response,2
follow_up.tsv,TCGA-FY-A40L,follow_ups.follow_up_id,4
follow_up.tsv,TCGA-FY-A40L,follow_ups.submitter_id,4
follow_up.tsv,TCGA-FY-A40L,follow_ups.timepoint_category,3
follow_up.tsv,TCGA-FY-A40M,follow_ups.days_to_follow_up,2
follow_up.tsv,TCGA-FY-A40M,follow_ups.disease_response,2
follow_up.tsv,TCGA-FY-A40M,follow_ups.follow_up_id,4
follow_up.tsv,TCGA-FY-A40M,follow_ups.submitter_id,4
follow_up.tsv,TCGA-FY-A40M,follow_ups.timepoint_category,3
follow_up.tsv,TCGA-FY-A40N,follow_ups.days_to_follow_up,2
follow_up.tsv,TCGA-FY-A40N,follow_ups.disease_response,2
follow_up.tsv,TCGA-FY-A40N,follow_ups.follow_up_id,4
follow_up.tsv,TCGA-FY-A40N,follow_ups.submitter_id,4
follow_up.tsv,TCGA-FY-A40N,follow_ups.timepoint_category,3
follow_up.tsv,TCGA-FY-A4B0,follow_ups.days_to_follow_up,2
follow_up.tsv,TCGA-FY-A4B0,follow_ups.disease_response,3
follow_up.tsv,TCGA-FY-A4B0,follow_ups.follow_up_id,7
follow_up.tsv,TCGA-FY-A4B0,follow_ups.submitter_id,6
follow_up.tsv,TCGA-FY-A4B0,follow_ups.timepoint_category,4
follow_up.tsv,TCGA-FY-A4B3,follow_ups.days_to_follow_up,2
follow_up.tsv,TCGA-FY-A4B3,follow_ups.disease_response,2
follow_up.tsv,TCGA-FY-A4B3,follow_ups.follow_up_id,5
follow_up.tsv,TCGA-FY-A4B3,follow_ups.submitter_id,5
follow_up.tsv,TCGA-FY-A4B3,follow_ups.timepoint_category,3
follow_up.tsv,TCGA-FY-A4B4,follow_ups.days_to_follow_up,2
follow_up.tsv,TCGA-FY-A4B4,follow_ups.disease_response,3
follow_up.tsv,TCGA-FY-A4B4,follow_ups.follow_up_id,5
follow_up.tsv,TCGA-FY-A4B4,follow_ups.submitter_id,5
follow_up.tsv,TCGA-FY-A4B4,follow_ups.timepoint_category,3
follow_up.tsv,TCGA-FY-A76V,follow_ups.follow_up_id,3
follow_up.tsv,TCGA-FY-A76V,follow_ups.submitter_id,3
follow_up.tsv,TCGA-FY-A76V,follow_ups.timepoint_category,3
follow_up.tsv,TCGA-GE-A2C6,follow_ups.days_to_follow_up,2
follow_up.tsv,TCGA-GE-A2C6,follow_ups.disease_response,2
follow_up.tsv,TCGA-GE-A2C6,follow_ups.follow_up_id,5
follow_up.tsv,TCGA-GE-A2C6,follow_ups.submitter_id,5
follow_up.tsv,TCGA-GE-A2C6,follow_ups.timepoint_category,4
follow_up.tsv,TCGA-H2-A26U,follow_ups.days_to_follow_up,3
follow_up.tsv,TCGA-H2-A26U,follow_ups.follow_up_id,5
follow_up.tsv,TCGA-H2-A26U,follow_ups.submitter_id,4
follow_up.tsv,TCGA-H2-A26U,follow_ups.timepoint_category,2
follow_up.tsv,TCGA-H2-A2K9,follow_ups.days_to_follow_up,3
follow_up.tsv,TCGA-H2-A2K9,follow_ups.follow_up_id,5
follow_up.tsv,TCGA-H2-A2K9,follow_ups.submitter_id,4
follow_up.tsv,TCGA-H2-A2K9,follow_ups.timepoint_category,2
follow_up.tsv,TCGA-H2-A3RH,follow_ups.days_to_follow_up,2
follow_up.tsv,TCGA-H2-A3RH,follow_ups.disease_response,2
follow_up.tsv,TCGA-H2-A3RH,follow_ups.follow_up_id,5
follow_up.tsv,TCGA-H2-A3RH,follow_ups.submitter_id,4
follow_up.tsv,TCGA-H2-A3RH,follow_ups.timepoint_category,3
follow_up.tsv,TCGA-H2-A3RI,follow_ups.days_to_follow_up,3
follow_up.tsv,TCGA-H2-A3RI,follow_ups.follow_up_id,5
follow_up.tsv,TCGA-H2-A3RI,follow_ups.submitter_id,5
follow_up.tsv,TCGA-H2-A3RI,follow_ups.timepoint_category,4
follow_up.tsv,TCGA-H2-A421,follow_ups.days_to_follow_up,3
follow_up.tsv,TCGA-H2-A421,follow_ups.follow_up_id,6
follow_up.tsv,TCGA-H2-A421,follow_ups.submitter_id,5
follow_up.tsv,TCGA-H2-A421,follow_ups.timepoint_category,3
follow_up.tsv,TCGA-H2-A422,follow_ups.days_to_follow_up,3
follow_up.tsv,TCGA-H2-A422,follow_ups.follow_up_id,5
follow_up.tsv,TCGA-H2-A422,follow_ups.submitter_id,5
follow_up.tsv,TCGA-H2-A422,follow_ups.timepoint_category,3
follow_up.tsv,TCGA-IM-A3EB,follow_ups.days_to_follow_up,2
follow_up.tsv,TCGA-IM-A3EB,follow_ups.disease_response,2
follow_up.tsv,TCGA-IM-A3EB,follow_ups.follow_up_id,5
follow_up.tsv,TCGA-IM-A3EB,follow_ups.submitter_id,5
follow_up.tsv,TCGA-IM-A3EB,follow_ups.timepoint_category,4
follow_up.tsv,TCGA-IM-A3ED,follow_ups.days_to_follow_up,2
follow_up.tsv,TCGA-IM-A3ED,follow_ups.disease_response,2
follow_up.tsv,TCGA-IM-A3ED,follow_ups.follow_up_id,6
follow_up.tsv,TCGA-IM-A3ED,follow_ups.submitter_id,5
follow_up.tsv,TCGA-IM-A3ED,follow_ups.timepoint_category,4
follow_up.tsv,TCGA-IM-A3U2,follow_ups.days_to_follow_up,2
follow_up.tsv,TCGA-IM-A3U2,follow_ups.follow_up_id,5
follow_up.tsv,TCGA-IM-A3U2,follow_ups.submitter_id,5
follow_up.tsv,TCGA-IM-A3U2,follow_ups.timepoint_category,3
follow_up.tsv,TCGA-IM-A3U3,follow_ups.days_to_follow_up,2
follow_up.tsv,TCGA-IM-A3U3,follow_ups.disease_response,2
follow_up.tsv,TCGA-IM-A3U3,follow_ups.follow_up_id,5
follow_up.tsv,TCGA-IM-A3U3,follow_ups.submitter_id,5
follow_up.tsv,TCGA-IM-A3U3,follow_ups.timepoint_category,4
follow_up.tsv,TCGA-IM-A41Y,follow_ups.days_to_follow_up,2
follow_up.tsv,TCGA-IM-A41Y,follow_ups.disease_response,2
follow_up.tsv,TCGA-IM-A41Y,follow_ups.follow_up_id,6
follow_up.tsv,TCGA-IM-A41Y,follow_ups.imaging_type,2
follow_up.tsv,TCGA-IM-A41Y,follow_ups.submitter_id,6
follow_up.tsv,TCGA-IM-A41Y,follow_ups.timepoint_category,4
follow_up.tsv,TCGA-IM-A41Z,follow_ups.days_to_follow_up,2
follow_up.tsv,TCGA-IM-A41Z,follow_ups.disease_response,2
follow_up.tsv,TCGA-IM-A41Z,follow_ups.follow_up_id,6
follow_up.tsv,TCGA-IM-A41Z,follow_ups.submitter_id,5
follow_up.tsv,TCGA-IM-A41Z,follow_ups.timepoint_category,4
follow_up.tsv,TCGA-IM-A420,follow_ups.days_to_follow_up,2
follow_up.tsv,TCGA-IM-A420,follow_ups.disease_response,2
follow_up.tsv,TCGA-IM-A420,follow_ups.follow_up_id,4
follow_up.tsv,TCGA-IM-A420,follow_ups.submitter_id,4
follow_up.tsv,TCGA-IM-A420,follow_ups.timepoint_category,3
follow_up.tsv,TCGA-IM-A4EB,follow_ups.days_to_follow_up,2
follow_up.tsv,TCGA-IM-A4EB,follow_ups.disease_response,2
follow_up.tsv,TCGA-IM-A4EB,follow_ups.follow_up_id,5
follow_up.tsv,TCGA-IM-A4EB,follow_ups.submitter_id,5
follow_up.tsv,TCGA-IM-A4EB,follow_ups.timepoint_category,4
follow_up.tsv,TCGA-J8-A3NZ,follow_ups.days_to_follow_up,2
follow_up.tsv,TCGA-J8-A3NZ,follow_ups.disease_response,2
follow_up.tsv,TCGA-J8-A3NZ,follow_ups.follow_up_id,5
follow_up.tsv,TCGA-J8-A3NZ,follow_ups.submitter_id,5
follow_up.tsv,TCGA-J8-A3NZ,follow_ups.timepoint_category,4
follow_up.tsv,TCGA-J8-A3O0,follow_ups.days_to_follow_up,2
follow_up.tsv,TCGA-J8-A3O0,follow_ups.follow_up_id,4
follow_up.tsv,TCGA-J8-A3O0,follow_ups.submitter_id,3
follow_up.tsv,TCGA-J8-A3O0,follow_ups.timepoint_category,2
follow_up.tsv,TCGA-J8-A3O1,follow_ups.days_to_follow_up,2
follow_up.tsv,TCGA-J8-A3O1,follow_ups.disease_response,2
follow_up.tsv,TCGA-J8-A3O1,follow_ups.follow_up_id,5
follow_up.tsv,TCGA-J8-A3O1,follow_ups.submitter_id,4
follow_up.tsv,TCGA-J8-A3O1,follow_ups.timepoint_category,3
follow_up.tsv,TCGA-J8-A3O2,follow_ups.days_to_follow_up,2
follow_up.tsv,TCGA-J8-A3O2,follow_ups.disease_response,3
follow_up.tsv,TCGA-J8-A3O2,follow_ups.follow_up_id,6
follow_up.tsv,TCGA-J8-A3O2,follow_ups.imaging_type,2
follow_up.tsv,TCGA-J8-A3O2,follow_ups.submitter_id,6
follow_up.tsv,TCGA-J8-A3O2,follow_ups.timepoint_category,4
follow_up.tsv,TCGA-J8-A3YD,follow_ups.disease_response,2
follow_up.tsv,TCGA-J8-A3YD,follow_ups.follow_up_id,5
follow_up.tsv,TCGA-J8-A3YD,follow_ups.submitter_id,4
follow_up.tsv,TCGA-J8-A3YD,follow_ups.timepoint_category,4
follow_up.tsv,TCGA-J8-A3YE,follow_ups.disease_response,2
follow_up.tsv,TCGA-J8-A3YE,follow_ups.follow_up_id,4
follow_up.tsv,TCGA-J8-A3YE,follow_ups.submitter_id,4
follow_up.tsv,TCGA-J8-A3YE,follow_ups.timepoint_category,4
follow_up.tsv,TCGA-J8-A3YF,follow_ups.disease_response,2
follow_up.tsv,TCGA-J8-A3YF,follow_ups.follow_up_id,7
follow_up.tsv,TCGA-J8-A3YF,follow_ups.imaging_type,2
follow_up.tsv,TCGA-J8-A3YF,follow_ups.submitter_id,5
follow_up.tsv,TCGA-J8-A3YF,follow_ups.timepoint_category,4
follow_up.tsv,TCGA-J8-A3YG,follow_ups.disease_response,2
follow_up.tsv,TCGA-J8-A3YG,follow_ups.follow_up_id,6
follow_up.tsv,TCGA-J8-A3YG,follow_ups.imaging_type,2
follow_up.tsv,TCGA-J8-A3YG,follow_ups.submitter_id,5
follow_up.tsv,TCGA-J8-A3YG,follow_ups.timepoint_category,4
follow_up.tsv,TCGA-J8-A3YH,follow_ups.disease_response,2
follow_up.tsv,TCGA-J8-A3YH,follow_ups.follow_up_id,4
follow_up.tsv,TCGA-J8-A3YH,follow_ups.submitter_id,4
follow_up.tsv,TCGA-J8-A3YH,follow_ups.timepoint_category,4
follow_up.tsv,TCGA-J8-A42S,follow_ups.follow_up_id,4
follow_up.tsv,TCGA-J8-A42S,follow_ups.submitter_id,4
follow_up.tsv,TCGA-J8-A42S,follow_ups.timepoint_category,4
follow_up.tsv,TCGA-J8-A4HW,follow_ups.disease_response,2
follow_up.tsv,TCGA-J8-A4HW,follow_ups.follow_up_id,4
follow_up.tsv,TCGA-J8-A4HW,follow_ups.submitter_id,4
follow_up.tsv,TCGA-J8-A4HW,follow_ups.timepoint_category,4
follow_up.tsv,TCGA-J8-A4HY,follow_ups.follow_up_id,5
follow_up.tsv,TCGA-J8-A4HY,follow_ups.imaging_type,3
follow_up.tsv,TCGA-J8-A4HY,follow_ups.submitter_id,5
follow_up.tsv,TCGA-J8-A4HY,follow_ups.timepoint_category,3
follow_up.tsv,TCGA-KS-A41F,follow_ups.days_to_follow_up,2
follow_up.tsv,TCGA-KS-A41F,follow_ups.disease_response,2
follow_up.tsv,TCGA-KS-A41F,follow_ups.follow_up_id,4
follow_up.tsv,TCGA-KS-A41F,follow_ups.submitter_id,4
follow_up.tsv,TCGA-KS-A41F,follow_ups.timepoint_category,3
follow_up.tsv,TCGA-KS-A41I,follow_ups.follow_up_id,4
follow_up.tsv,TCGA-KS-A41I,follow_ups.submitter_id,3
follow_up.tsv,TCGA-KS-A41I,follow_ups.timepoint_category,3
follow_up.tsv,TCGA-KS-A41J,follow_ups.follow_up_id,3
follow_up.tsv,TCGA-KS-A41J,follow_ups.submitter_id,2
follow_up.tsv,TCGA-KS-A41J,follow_ups.timepoint_category,2
follow_up.tsv,TCGA-KS-A41L,follow_ups.days_to_follow_up,2
follow_up.tsv,TCGA-KS-A41L,follow_ups.disease_response,2
follow_up.tsv,TCGA-KS-A41L,follow_ups.follow_up_id,5
follow_up.tsv,TCGA-KS-A41L,follow_ups.submitter_id,4
follow_up.tsv,TCGA-KS-A41L,follow_ups.timepoint_category,3
follow_up.tsv,TCGA-KS-A4I1,follow_ups.days_to_follow_up,2
follow_up.tsv,TCGA-KS-A4I1,follow_ups.disease_response,2
follow_up.tsv,TCGA-KS-A4I1,follow_ups.follow_up_id,4
follow_up.tsv,TCGA-KS-A4I1,follow_ups.submitter_id,4
follow_up.tsv,TCGA-KS-A4I1,follow_ups.timepoint_category,3
follow_up.tsv,TCGA-KS-A4I3,follow_ups.days_to_follow_up,3
follow_up.tsv,TCGA-KS-A4I3,follow_ups.disease_response,2
follow_up.tsv,TCGA-KS-A4I3,follow_ups.follow_up_id,5
follow_up.tsv,TCGA-KS-A4I3,follow_ups.submitter_id,5
follow_up.tsv,TCGA-KS-A4I3,follow_ups.timepoint_category,3
follow_up.tsv,TCGA-KS-A4I5,follow_ups.days_to_follow_up,2
follow_up.tsv,TCGA-KS-A4I5,follow_ups.disease_response,2
follow_up.tsv,TCGA-KS-A4I5,follow_ups.follow_up_id,4
follow_up.tsv,TCGA-KS-A4I5,follow_ups.submitter_id,4
follow_up.tsv,TCGA-KS-A4I5,follow_ups.timepoint_category,3
follow_up.tsv,TCGA-KS-A4I7,follow_ups.days_to_follow_up,2
follow_up.tsv,TCGA-KS-A4I7,follow_ups.disease_response,2
follow_up.tsv,TCGA-KS-A4I7,follow_ups.follow_up_id,5
follow_up.tsv,TCGA-KS-A4I7,follow_ups.submitter_id,5
follow_up.tsv,TCGA-KS-A4I7,follow_ups.timepoint_category,4
follow_up.tsv,TCGA-KS-A4I9,follow_ups.days_to_follow_up,2
follow_up.tsv,TCGA-KS-A4I9,follow_ups.disease_response,2
follow_up.tsv,TCGA-KS-A4I9,follow_ups.follow_up_id,4
follow_up.tsv,TCGA-KS-A4I9,follow_ups.submitter_id,4
follow_up.tsv,TCGA-KS-A4I9,follow_ups.timepoint_category,3
follow_up.tsv,TCGA-KS-A4IB,follow_ups.days_to_follow_up,2
follow_up.tsv,TCGA-KS-A4IB,follow_ups.disease_response,2
follow_up.tsv,TCGA-KS-A4IB,follow_ups.follow_up_id,5
follow_up.tsv,TCGA-KS-A4IB,follow_ups.submitter_id,4
follow_up.tsv,TCGA-KS-A4IB,follow_ups.timepoint_category,3
follow_up.tsv,TCGA-KS-A4IC,follow_ups.days_to_follow_up,2
follow_up.tsv,TCGA-KS-A4IC,follow_ups.disease_response,2
follow_up.tsv,TCGA-KS-A4IC,follow_ups.follow_up_id,5
follow_up.tsv,TCGA-KS-A4IC,follow_ups.submitter_id,5
follow_up.tsv,TCGA-KS-A4IC,follow_ups.timepoint_category,4
follow_up.tsv,TCGA-KS-A4ID,follow_ups.days_to_follow_up,2
follow_up.tsv,TCGA-KS-A4ID,follow_ups.disease_response,2
follow_up.tsv,TCGA-KS-A4ID,follow_ups.follow_up_id,5
follow_up.tsv,TCGA-KS-A4ID,follow_ups.submitter_id,4
follow_up.tsv,TCGA-KS-A4ID,follow_ups.timepoint_category,3
follow_up.tsv,TCGA-L6-A4EP,follow_ups.days_to_follow_up,2
follow_up.tsv,TCGA-L6-A4EP,follow_ups.disease_response,2
follow_up.tsv,TCGA-L6-A4EP,follow_ups.follow_up_id,5
follow_up.tsv,TCGA-L6-A4EP,follow_ups.submitter_id,5
follow_up.tsv,TCGA-L6-A4EP,follow_ups.timepoint_category,4
follow_up.tsv,TCGA-L6-A4EQ,follow_ups.days_to_follow_up,2
follow_up.tsv,TCGA-L6-A4EQ,follow_ups.disease_response,2
follow_up.tsv,TCGA-L6-A4EQ,follow_ups.follow_up_id,5
follow_up.tsv,TCGA-L6-A4EQ,follow_ups.submitter_id,5
follow_up.tsv,TCGA-L6-A4EQ,follow_ups.timepoint_category,4
follow_up.tsv,TCGA-L6-A4ET,follow_ups.days_to_follow_up,2
follow_up.tsv,TCGA-L6-A4ET,follow_ups.disease_response,2
follow_up.tsv,TCGA-L6-A4ET,follow_ups.follow_up_id,6
follow_up.tsv,TCGA-L6-A4ET,follow_ups.submitter_id,6
follow_up.tsv,TCGA-L6-A4ET,follow_ups.timepoint_category,5
follow_up.tsv,TCGA-L6-A4EU,follow_ups.days_to_follow_up,2
follow_up.tsv,TCGA-L6-A4EU,follow_ups.disease_response,2
follow_up.tsv,TCGA-L6-A4EU,follow_ups.follow_up_id,5
follow_up.tsv,TCGA-L6-A4EU,follow_ups.submitter_id,5
follow_up.tsv,TCGA-L6-A4EU,follow_ups.timepoint_category,4
follow_up.tsv,TCGA-MK-A4N6,follow_ups.days_to_follow_up,2
follow_up.tsv,TCGA-MK-A4N6,follow_ups.disease_response,3
follow_up.tsv,TCGA-MK-A4N6,follow_ups.follow_up_id,5
follow_up.tsv,TCGA-MK-A4N6,follow_ups.submitter_id,5
follow_up.tsv,TCGA-MK-A4N6,follow_ups.timepoint_category,4
follow_up.tsv,TCGA-MK-A4N7,follow_ups.days_to_follow_up,2
follow_up.tsv,TCGA-MK-A4N7,follow_ups.disease_response,2
follow_up.tsv,TCGA-MK-A4N7,follow_ups.follow_up_id,5
follow_up.tsv,TCGA-MK-A4N7,follow_ups.submitter_id,5
follow_up.tsv,TCGA-MK-A4N7,follow_ups.timepoint_category,4
follow_up.tsv,TCGA-MK-A4N9,follow_ups.days_to_follow_up,2
follow_up.tsv,TCGA-MK-A4N9,follow_ups.disease_response,2
follow_up.tsv,TCGA-MK-A4N9,follow_ups.follow_up_id,5
follow_up.tsv,TCGA-MK-A4N9,follow_ups.submitter_id,5
follow_up.tsv,TCGA-MK-A4N9,follow_ups.timepoint_category,4
follow_up.tsv,TCGA-MK-A84Z,follow_ups.days_to_follow_up,2
follow_up.tsv,TCGA-MK-A84Z,follow_ups.follow_up_id,4
follow_up.tsv,TCGA-MK-A84Z,follow_ups.submitter_id,3
follow_up.tsv,TCGA-MK-A84Z,follow_ups.timepoint_category,2
follow_up.tsv,TCGA-QD-A8IV,follow_ups.days_to_follow_up,2
follow_up.tsv,TCGA-QD-A8IV,follow_ups.disease_response,2
follow_up.tsv,TCGA-QD-A8IV,follow_ups.follow_up_id,7
follow_up.tsv,TCGA-QD-A8IV,follow_ups.submitter_id,5
follow_up.tsv,TCGA-QD-A8IV,follow_ups.timepoint_category,4
