gamma,baseline_auc,baseline_brier,baseline_accuracy,nars_gated_auc,nars_gated_brier,nars_gated_accuracy,auc_delta_gated_minus_baseline,brier_delta_gated_minus_baseline,accuracy_delta_gated_minus_baseline
0.25,0.8829437709902892,0.05620816722512245,0.9287635385621865,0.8829148847331104,0.05618203047717303,0.9288362288289598,-2.8886257178784014e-05,-2.613674794942067e-05,7.269026677325652e-05
0.5,0.8829437709902892,0.05620816722512245,0.9287635385621865,0.8829094559933622,0.056181623546653646,0.9287635385621865,-3.431499692696516e-05,-2.6543678468805842e-05,0.0
1.0,0.8829437709902892,0.05620816722512245,0.9287635385621865,0.8829071102416192,0.05618089070681269,0.9287635385621865,-3.666074867003655e-05,-2.7276518309762854e-05,0.0
2.0,0.8829437709902892,0.05620816722512245,0.9287635385621865,0.8828853952826262,0.05617974174439984,0.9288362288289598,-5.837570766298317e-05,-2.8425480722613083e-05,7.269026677325652e-05
4.0,0.8829437709902892,0.05620816722512245,0.9287635385621865,0.8828429036653375,0.05617864822130421,0.9290542996292797,-0.00010086732495173667,-2.9519003818243017e-05,0.0002907610670931371
