gamma,baseline_auc,baseline_brier,baseline_accuracy,nars_gated_auc,nars_gated_brier,nars_gated_accuracy,auc_delta_gated_minus_baseline,brier_delta_gated_minus_baseline,accuracy_delta_gated_minus_baseline
0.25,0.8803399865554915,0.056527189910411835,0.9285454677618666,0.8802354330492291,0.05647888873638778,0.9286908482954133,-0.00010455350626237259,-4.8301174024052707e-05,0.00014538053354662406
0.5,0.8803399865554915,0.056527189910411835,0.9285454677618666,0.8802409288104558,0.056477340888191126,0.92861815802864,-9.90577450357133e-05,-4.984902222070903e-05,7.269026677336754e-05
1.0,0.8803399865554915,0.056527189910411835,0.9285454677618666,0.8802433415836773,0.05647432643307405,0.9286908482954133,-9.664497181416376e-05,-5.286347733778757e-05,0.00014538053354662406
2.0,0.8803399865554915,0.056527189910411835,0.9285454677618666,0.8802429394548069,0.05646863238466607,0.92861815802864,-9.704710068458855e-05,-5.8557525745767114e-05,7.269026677336754e-05
4.0,0.8803399865554915,0.056527189910411835,0.9285454677618666,0.8802393873164533,0.056458657740458856,0.9284727774950934,-0.00010059923903815715,-6.85321699529784e-05,-7.269026677325652e-05
