variant,auc,brier,accuracy,ece,auc_ci_95_lower,auc_ci_95_upper
random_forest,0.8768362712198378,0.05816876926300937,0.9257832376244821,0.007372339899687431,0.8669175671816576,0.8867520461147212
baseline,0.8803399865554915,0.056527189910411835,0.9285454677618666,0.007496397690061542,0.8700149115209564,0.8902125095917065
flat_confidence,0.8802329532545297,0.0564804631786328,0.92861815802864,0.006181551976017444,0.8698110721699586,0.8901487833176899
nars_gated,0.8802429394548069,0.05646863238466607,0.92861815802864,0.005833076672807212,0.8698052485145314,0.8901395464331447
