variant,auc,brier,accuracy,ece,auc_ci_95_lower,auc_ci_95_upper,brier_ci_95_lower,brier_ci_95_upper,ece_ci_95_lower,ece_ci_95_upper
random_forest,0.8753502710013477,0.05820585521924925,0.9258559278912554,0.007637296503598169,0.8655394464714016,0.8858219455901339,0.05523833119602304,0.06148573714299797,0.005469149747401321,0.012420075923166381
baseline,0.8829437709902892,0.05620816722512245,0.9287635385621865,0.006009737487192257,0.8732112968621726,0.8926051003985657,0.05333516746759415,0.059461720194667576,0.004658308057951909,0.010499803351195113
flat_confidence,0.882913008131716,0.05618246475240763,0.9288362288289598,0.004899860317993633,0.8730948908456719,0.8924805355784745,0.05328000973083111,0.059460163601283325,0.004105570352410677,0.009685358164897939
nars_gated,0.8828853952826262,0.05617974174439984,0.9288362288289598,0.004943452659173563,0.8730597907583082,0.8924775247605209,0.05326707060515441,0.059451790744888,0.0038664728443344436,0.009561016692374878
