variant,auc,brier,accuracy,ece,auc_ci_95_lower,auc_ci_95_upper,brier_ci_95_lower,brier_ci_95_upper,ece_ci_95_lower,ece_ci_95_upper
random_forest,0.8768362712198378,0.05816876926300937,0.9257832376244821,0.007372339899687431,0.8669175671816576,0.8867520461147212,0.05520334008196045,0.061424960465216116,0.005960075247146911,0.01253608523842408
baseline,0.8803399865554915,0.05652718947530893,0.9285454677618666,0.007496397689067387,0.8700149115209564,0.8902125095917065,0.05370838944660023,0.05966444116447934,0.0049262477438053376,0.012111412859186231
flat_confidence,0.8802329532545297,0.056480463235157964,0.92861815802864,0.006181551930817965,0.8698110721699586,0.8901487833176899,0.0536635745984885,0.059637559878109044,0.004212556405230012,0.010976080632110861
nars_gated,0.8802429394548069,0.05646863238466607,0.92861815802864,0.005833076672807171,0.8698052485145314,0.8901395464331447,0.053647457278787385,0.05962490300939503,0.004110097481186642,0.01063578070455519
