gamma,baseline_auc,baseline_brier,baseline_accuracy,nars_gated_auc,nars_gated_brier,nars_gated_accuracy,auc_delta_gated_minus_baseline,brier_delta_gated_minus_baseline,accuracy_delta_gated_minus_baseline
0.25,0.73109243697479,0.21131697297096252,0.6811594202898551,0.7336134453781513,0.2109076738441611,0.6811594202898551,0.0025210084033613356,-0.0004092991268014323,0.0
0.5,0.73109243697479,0.21131697297096252,0.6811594202898551,0.7336134453781513,0.21090944711163484,0.6811594202898551,0.0025210084033613356,-0.00040752585932768426,0.0
1.0,0.73109243697479,0.21131697297096252,0.6811594202898551,0.7336134453781513,0.21091603332164552,0.6811594202898551,0.0025210084033613356,-0.0004009396493170059,0.0
2.0,0.73109243697479,0.21131697297096252,0.6811594202898551,0.73109243697479,0.2109412645614717,0.6811594202898551,0.0,-0.0003757084094908325,0.0
4.0,0.73109243697479,0.21131697297096252,0.6811594202898551,0.7302521008403362,0.21103906103141468,0.6811594202898551,-0.0008403361344537785,-0.000277911939547848,0.0
