gamma,baseline_auc,baseline_brier,baseline_accuracy,nars_gated_auc,nars_gated_brier,nars_gated_accuracy,auc_delta_gated_minus_baseline,brier_delta_gated_minus_baseline,accuracy_delta_gated_minus_baseline
0.25,0.7252100840336135,0.2118353396654129,0.6666666666666666,0.7260504201680673,0.21186478515307444,0.6811594202898551,0.0008403361344537785,2.9445487661539094e-05,0.01449275362318847
0.5,0.7252100840336135,0.2118353396654129,0.6666666666666666,0.7260504201680673,0.21189544049984724,0.6811594202898551,0.0008403361344537785,6.010083443433456e-05,0.01449275362318847
1.0,0.7252100840336135,0.2118353396654129,0.6666666666666666,0.7260504201680673,0.21196005178122812,0.6811594202898551,0.0008403361344537785,0.00012471211581521757,0.01449275362318847
2.0,0.7252100840336135,0.2118353396654129,0.6666666666666666,0.7260504201680673,0.21210240428539698,0.6666666666666666,0.0008403361344537785,0.0002670646199840754,0.0
4.0,0.7252100840336135,0.2118353396654129,0.6666666666666666,0.7294117647058824,0.21243886577545865,0.6666666666666666,0.004201680672268893,0.0006035261100457434,0.0
