variant,auc,brier,accuracy,ece,auc_ci_95_lower,auc_ci_95_upper,brier_ci_95_lower,brier_ci_95_upper,ece_ci_95_lower,ece_ci_95_upper
random_forest,0.6613445378151261,0.21997575273834527,0.5942028985507246,0.15966664988761547,0.5100720984441915,0.7907666818849781,0.18953733342289616,0.24980725468298623,0.13173260446334506,0.2824154266581759
baseline,0.7252100840336135,0.2118353396654129,0.6666666666666666,0.13902454164581024,0.5931287878787879,0.8453926873779815,0.17995227947831155,0.24489708580076694,0.11829200520355633,0.26102216540147427
flat_confidence,0.7260504201680673,0.21183523285801545,0.6811594202898551,0.13897058145545926,0.5934275446775447,0.8468077837195485,0.17929926754197834,0.24551392772871664,0.11629387033672048,0.2596672449059608
nars_gated,0.7260504201680673,0.21210240428539698,0.6666666666666666,0.13997613189221422,0.5956742424242424,0.8459660682454799,0.18045659080522958,0.24522664091008686,0.11760323614785666,0.2618185939672086
