variant,auc,brier,accuracy,ece,auc_ci_95_lower,auc_ci_95_upper
random_forest,0.6613445378151261,0.21997575273834527,0.5942028985507246,0.15966664988761547,0.5100720984441915,0.7907666818849781
baseline,0.73109243697479,0.21131697297096252,0.6811594202898551,0.1184147227069606,0.5974753869216433,0.8461637931034482
flat_confidence,0.7327731092436974,0.21090691822520885,0.6811594202898551,0.11779116849243783,0.6028159501996712,0.8479409969115851
nars_gated,0.73109243697479,0.2109412645614717,0.6811594202898551,0.11837148991650208,0.6007795416316232,0.8453026463963964
