case_id,target,probability,uncertainty,scenario,mask_rate,variant
TCGA-DE-A0Y3,1,0.4968090216873255,0.001053896,random,0.0,baseline
TCGA-DJ-A2PX,0,0.5073840594502309,0.0004792049,random,0.0,baseline
TCGA-IM-A3U2,1,0.44653598629424623,0.008335269,random,0.0,baseline
TCGA-DJ-A1QL,0,0.45224722176209037,0.0010022224,random,0.0,baseline
TCGA-EM-A2CT,0,0.49614425814607,0.00029676722,random,0.0,baseline
TCGA-ET-A2N4,0,0.4511997916978767,0.00085107115,random,0.0,baseline
TCGA-EL-A3T6,0,0.45051281305887897,0.0027860024,random,0.0,baseline
TCGA-DJ-A3UW,0,0.48498294580536955,0.00043205358,random,0.0,baseline
TCGA-DO-A1K0,1,0.5225573986234777,0.00013776355,random,0.0,baseline
TCGA-EL-A3CS,0,0.5028374041540825,0.0009488745,random,0.0,baseline
TCGA-E8-A419,1,0.469440177216911,0.002835163,random,0.0,baseline
TCGA-ET-A25J,1,0.505993750846788,0.0006954142,random,0.0,baseline
TCGA-DJ-A2Q8,0,0.45476217049359274,0.0010916892,random,0.0,baseline
TCGA-DE-A69K,0,0.4514879463655109,0.0036897718,random,0.0,baseline
TCGA-BJ-A0ZB,1,0.46719138430202545,0.0019385744,random,0.0,baseline
TCGA-DJ-A3UZ,0,0.5083950271119962,0.0009703904,random,0.0,baseline
TCGA-BJ-A28X,1,0.47313419456395595,0.0051687895,random,0.0,baseline
TCGA-DJ-A1QO,0,0.46729685173394014,0.005629648,random,0.0,baseline
TCGA-EL-A3GV,0,0.48594297155051125,2.7157905e-05,random,0.0,baseline
TCGA-DJ-A2PP,0,0.48301744723344103,0.00061444845,random,0.0,baseline
TCGA-H2-A2K9,1,0.4104828553388466,0.0026975784,random,0.0,baseline
TCGA-EM-A4FQ,1,0.5079934355805314,0.0006226392,random,0.0,baseline
TCGA-FY-A3NN,1,0.43147560776062993,0.00030662146,random,0.0,baseline
TCGA-EM-A2P1,1,0.4959684055284576,0.00057578273,random,0.0,baseline
TCGA-MK-A4N7,0,0.458486695857998,0.0002346213,random,0.0,baseline
TCGA-L6-A4EP,0,0.43284654076815493,0.0033666294,random,0.0,baseline
TCGA-BJ-A45F,0,0.462334567036853,0.0071912804,random,0.0,baseline
TCGA-FK-A3S3,1,0.5270037429612637,0.0006841042,random,0.0,baseline
TCGA-E8-A242,0,0.5076582412589256,0.0011848583,random,0.0,baseline
TCGA-BJ-A291,0,0.5212202953919466,0.0002583801,random,0.0,baseline
TCGA-EL-A4K4,1,0.5310358848487137,0.005850769,random,0.0,baseline
TCGA-EM-A3AR,1,0.482001798991198,0.00016660604,random,0.0,baseline
TCGA-EL-A3T0,1,0.457166894369391,0.0017957125,random,0.0,baseline
TCGA-EM-A22M,0,0.5065290821448335,0.0073107197,random,0.0,baseline
TCGA-GE-A2C6,1,0.4270601378522643,0.007249925,random,0.0,baseline
TCGA-EM-A3O9,0,0.48602065146371815,0.00023244285,random,0.0,baseline
TCGA-IM-A420,1,0.4904815496072814,0.00010375999,random,0.0,baseline
TCGA-J8-A3O1,1,0.5111518779788218,0.0011291438,random,0.0,baseline
TCGA-DJ-A3V8,1,0.4885505791066991,0.0005156293,random,0.0,baseline
TCGA-FY-A40K,0,0.5187658924209266,0.0005576727,random,0.0,baseline
TCGA-EL-A3ZM,1,0.48460832781246443,0.0015230767,random,0.0,baseline
TCGA-EM-A2OX,1,0.4680967086451752,0.004823477,random,0.0,baseline
TCGA-FE-A237,1,0.4266239445982736,0.0037875203,random,0.0,baseline
TCGA-EL-A3MW,0,0.5071492261593568,0.0015137489,random,0.0,baseline
TCGA-FK-A3SE,1,0.4646395203235289,0.005075946,random,0.0,baseline
TCGA-ET-A25M,1,0.5437151452357158,0.013979852,random,0.0,baseline
TCGA-EM-A22L,0,0.47651374371152544,0.00021181283,random,0.0,baseline
TCGA-DJ-A13W,0,0.37307729799266126,0.0008486789,random,0.0,baseline
TCGA-DJ-A13M,0,0.4657182132839548,0.00398987,random,0.0,baseline
TCGA-E8-A433,0,0.5003049997394742,0.0006234756,random,0.0,baseline
TCGA-E3-A3E5,1,0.4664010999274835,0.0022210947,random,0.0,baseline
TCGA-BJ-A0ZH,1,0.4633977337253121,0.0008897746,random,0.0,baseline
TCGA-DJ-A4UT,0,0.5012075014512823,0.00028538806,random,0.0,baseline
TCGA-EL-A3ZN,1,0.48357218223715437,0.000105472194,random,0.0,baseline
TCGA-E8-A436,1,0.47573813643276397,0.006464446,random,0.0,baseline
TCGA-ET-A3BO,1,0.4652627122001463,0.0020609957,random,0.0,baseline
TCGA-E8-A418,0,0.48840985362802414,0.0014887002,random,0.0,baseline
TCGA-FY-A40M,0,0.4591398797805811,3.2627802e-05,random,0.0,baseline
TCGA-EL-A3TB,1,0.4476000382415917,0.005381026,random,0.0,baseline
TCGA-EL-A4JW,0,0.41797452601429946,0.0013348056,random,0.0,baseline
TCGA-FY-A3NP,0,0.505953294891509,0.0005067208,random,0.0,baseline
TCGA-DE-A0XZ,1,0.4679672024998977,0.00014236021,random,0.0,baseline
TCGA-EM-A22N,0,0.4836623896251208,0.00020293047,random,0.0,baseline
TCGA-DJ-A13O,0,0.4608306980875514,0.0009710949,random,0.0,baseline
TCGA-DJ-A4UR,1,0.520924945025816,0.00022818224,random,0.0,baseline
TCGA-DJ-A4V5,1,0.4735812644535167,0.0044093025,random,0.0,baseline
TCGA-ET-A2MZ,0,0.4715955795613643,0.003486135,random,0.0,baseline
TCGA-J8-A3NZ,1,0.4862978859773442,6.363731e-05,random,0.0,baseline
TCGA-BJ-A2N8,0,0.4535868949638234,0.00072608935,random,0.0,baseline
TCGA-DE-A0Y3,1,0.4968063760248172,0.001053896,random,0.0,mc_confidence_only
TCGA-DJ-A2PX,0,0.5073968582505858,0.0004792049,random,0.0,mc_confidence_only
TCGA-IM-A3U2,1,0.44653210175333946,0.008335269,random,0.0,mc_confidence_only
TCGA-DJ-A1QL,0,0.45226080378503264,0.0010022224,random,0.0,mc_confidence_only
TCGA-EM-A2CT,0,0.49612973282548456,0.00029676722,random,0.0,mc_confidence_only
TCGA-ET-A2N4,0,0.45118707437066896,0.00085107115,random,0.0,mc_confidence_only
TCGA-EL-A3T6,0,0.4505126319904387,0.0027860024,random,0.0,mc_confidence_only
TCGA-DJ-A3UW,0,0.484980670740331,0.00043205358,random,0.0,mc_confidence_only
TCGA-DO-A1K0,1,0.5225607691362105,0.00013776355,random,0.0,mc_confidence_only
TCGA-EL-A3CS,0,0.5028321518020556,0.0009488745,random,0.0,mc_confidence_only
TCGA-E8-A419,1,0.469442353074569,0.002835163,random,0.0,mc_confidence_only
TCGA-ET-A25J,1,0.5060065153920151,0.0006954142,random,0.0,mc_confidence_only
TCGA-DJ-A2Q8,0,0.45475983705613104,0.0010916892,random,0.0,mc_confidence_only
TCGA-DE-A69K,0,0.45147728052688874,0.0036897718,random,0.0,mc_confidence_only
TCGA-BJ-A0ZB,1,0.4672023092024626,0.0019385744,random,0.0,mc_confidence_only
TCGA-DJ-A3UZ,0,0.5083898197696093,0.0009703904,random,0.0,mc_confidence_only
TCGA-BJ-A28X,1,0.47314887860661364,0.0051687895,random,0.0,mc_confidence_only
TCGA-DJ-A1QO,0,0.46730965576024275,0.005629648,random,0.0,mc_confidence_only
TCGA-EL-A3GV,0,0.4859394679692852,2.7157905e-05,random,0.0,mc_confidence_only
TCGA-DJ-A2PP,0,0.48300512290399017,0.00061444845,random,0.0,mc_confidence_only
TCGA-H2-A2K9,1,0.4104841804532285,0.0026975784,random,0.0,mc_confidence_only
TCGA-EM-A4FQ,1,0.5079842861396202,0.0006226392,random,0.0,mc_confidence_only
TCGA-FY-A3NN,1,0.43147711841483954,0.00030662146,random,0.0,mc_confidence_only
TCGA-EM-A2P1,1,0.4959493604815189,0.00057578273,random,0.0,mc_confidence_only
TCGA-MK-A4N7,0,0.4584763256622324,0.0002346213,random,0.0,mc_confidence_only
TCGA-L6-A4EP,0,0.43284637234948703,0.0033666294,random,0.0,mc_confidence_only
TCGA-BJ-A45F,0,0.4623516997221481,0.0071912804,random,0.0,mc_confidence_only
TCGA-FK-A3S3,1,0.526996024169097,0.0006841042,random,0.0,mc_confidence_only
TCGA-E8-A242,0,0.5076522938084572,0.0011848583,random,0.0,mc_confidence_only
TCGA-BJ-A291,0,0.521224025624545,0.0002583801,random,0.0,mc_confidence_only
TCGA-EL-A4K4,1,0.5310366645512464,0.005850769,random,0.0,mc_confidence_only
TCGA-EM-A3AR,1,0.48198872126741166,0.00016660604,random,0.0,mc_confidence_only
TCGA-EL-A3T0,1,0.4571644078539925,0.0017957125,random,0.0,mc_confidence_only
TCGA-EM-A22M,0,0.5065251574632258,0.0073107197,random,0.0,mc_confidence_only
TCGA-GE-A2C6,1,0.42707381413744394,0.007249925,random,0.0,mc_confidence_only
TCGA-EM-A3O9,0,0.48602896847557603,0.00023244285,random,0.0,mc_confidence_only
TCGA-IM-A420,1,0.4904549332301507,0.00010375999,random,0.0,mc_confidence_only
TCGA-J8-A3O1,1,0.5111660968387917,0.0011291438,random,0.0,mc_confidence_only
TCGA-DJ-A3V8,1,0.4885300149142986,0.0005156293,random,0.0,mc_confidence_only
TCGA-FY-A40K,0,0.518767030926909,0.0005576727,random,0.0,mc_confidence_only
TCGA-EL-A3ZM,1,0.48460923363119307,0.0015230767,random,0.0,mc_confidence_only
TCGA-EM-A2OX,1,0.46812092642578357,0.004823477,random,0.0,mc_confidence_only
TCGA-FE-A237,1,0.4266351879582942,0.0037875203,random,0.0,mc_confidence_only
TCGA-EL-A3MW,0,0.507145791339266,0.0015137489,random,0.0,mc_confidence_only
TCGA-FK-A3SE,1,0.46465124604445357,0.005075946,random,0.0,mc_confidence_only
TCGA-ET-A25M,1,0.5436942254931365,0.013979852,random,0.0,mc_confidence_only
TCGA-EM-A22L,0,0.4765271869889605,0.00021181283,random,0.0,mc_confidence_only
TCGA-DJ-A13W,0,0.3730677136665322,0.0008486789,random,0.0,mc_confidence_only
TCGA-DJ-A13M,0,0.4657171587698226,0.00398987,random,0.0,mc_confidence_only
TCGA-E8-A433,0,0.5003121046586909,0.0006234756,random,0.0,mc_confidence_only
TCGA-E3-A3E5,1,0.46638425569256875,0.0022210947,random,0.0,mc_confidence_only
TCGA-BJ-A0ZH,1,0.4634150841459979,0.0008897746,random,0.0,mc_confidence_only
TCGA-DJ-A4UT,0,0.5012215181904004,0.00028538806,random,0.0,mc_confidence_only
TCGA-EL-A3ZN,1,0.48358420453241635,0.000105472194,random,0.0,mc_confidence_only
TCGA-E8-A436,1,0.47574681865392704,0.006464446,random,0.0,mc_confidence_only
TCGA-ET-A3BO,1,0.46525461993562317,0.0020609957,random,0.0,mc_confidence_only
TCGA-E8-A418,0,0.48839511742146513,0.0014887002,random,0.0,mc_confidence_only
TCGA-FY-A40M,0,0.4591431152265208,3.2627802e-05,random,0.0,mc_confidence_only
TCGA-EL-A3TB,1,0.4475985602049228,0.005381026,random,0.0,mc_confidence_only
TCGA-EL-A4JW,0,0.4179694731005477,0.0013348056,random,0.0,mc_confidence_only
TCGA-FY-A3NP,0,0.5059650904720218,0.0005067208,random,0.0,mc_confidence_only
TCGA-DE-A0XZ,1,0.46798027173116824,0.00014236021,random,0.0,mc_confidence_only
TCGA-EM-A22N,0,0.4836442329261353,0.00020293047,random,0.0,mc_confidence_only
TCGA-DJ-A13O,0,0.4608483554426844,0.0009710949,random,0.0,mc_confidence_only
TCGA-DJ-A4UR,1,0.5209119761866768,0.00022818224,random,0.0,mc_confidence_only
TCGA-DJ-A4V5,1,0.4735895094206157,0.0044093025,random,0.0,mc_confidence_only
TCGA-ET-A2MZ,0,0.4715992766595196,0.003486135,random,0.0,mc_confidence_only
TCGA-J8-A3NZ,1,0.48631497710683674,6.363731e-05,random,0.0,mc_confidence_only
TCGA-BJ-A2N8,0,0.45359441065368866,0.00072608935,random,0.0,mc_confidence_only
TCGA-DE-A0Y3,1,0.49680637529791155,0.001053896,random,0.0,nars_gated
TCGA-DJ-A2PX,0,0.5073968582505858,0.0004792049,random,0.0,nars_gated
TCGA-IM-A3U2,1,0.4465321023840801,0.008335269,random,0.0,nars_gated
TCGA-DJ-A1QL,0,0.4522608010515845,0.0010022224,random,0.0,nars_gated
TCGA-EM-A2CT,0,0.49612973282548456,0.00029676722,random,0.0,nars_gated
TCGA-ET-A2N4,0,0.4511871462034414,0.00085107115,random,0.0,nars_gated
TCGA-EL-A3T6,0,0.45051263548784287,0.0027860024,random,0.0,nars_gated
TCGA-DJ-A3UW,0,0.484980670740331,0.00043205358,random,0.0,nars_gated
TCGA-DO-A1K0,1,0.5225607723380762,0.00013776355,random,0.0,nars_gated
TCGA-EL-A3CS,0,0.502832147428542,0.0009488745,random,0.0,nars_gated
TCGA-E8-A419,1,0.469442353074569,0.002835163,random,0.0,nars_gated
TCGA-ET-A25J,1,0.5060065153920151,0.0006954142,random,0.0,nars_gated
TCGA-DJ-A2Q8,0,0.45475983705613104,0.0010916892,random,0.0,nars_gated
TCGA-DE-A69K,0,0.45147726173646374,0.0036897718,random,0.0,nars_gated
TCGA-BJ-A0ZB,1,0.46720230496312903,0.0019385744,random,0.0,nars_gated
TCGA-DJ-A3UZ,0,0.5083898239230144,0.0009703904,random,0.0,nars_gated
TCGA-BJ-A28X,1,0.47314888290873663,0.0051687895,random,0.0,nars_gated
TCGA-DJ-A1QO,0,0.46730965416252923,0.005629648,random,0.0,nars_gated
TCGA-EL-A3GV,0,0.4859395026065061,2.7157905e-05,random,0.0,nars_gated
TCGA-DJ-A2PP,0,0.48300512290399017,0.00061444845,random,0.0,nars_gated
TCGA-H2-A2K9,1,0.4104841804532285,0.0026975784,random,0.0,nars_gated
TCGA-EM-A4FQ,1,0.5079842861396202,0.0006226392,random,0.0,nars_gated
TCGA-FY-A3NN,1,0.43147711841483954,0.00030662146,random,0.0,nars_gated
TCGA-EM-A2P1,1,0.4959493604815189,0.00057578273,random,0.0,nars_gated
TCGA-MK-A4N7,0,0.4584763256622324,0.0002346213,random,0.0,nars_gated
TCGA-L6-A4EP,0,0.43284637234948703,0.0033666294,random,0.0,nars_gated
TCGA-BJ-A45F,0,0.4623516990314725,0.0071912804,random,0.0,nars_gated
TCGA-FK-A3S3,1,0.5269960712179683,0.0006841042,random,0.0,nars_gated
TCGA-E8-A242,0,0.5076522993900752,0.0011848583,random,0.0,nars_gated
TCGA-BJ-A291,0,0.5212240256244699,0.0002583801,random,0.0,nars_gated
TCGA-EL-A4K4,1,0.5310366688269778,0.005850769,random,0.0,nars_gated
TCGA-EM-A3AR,1,0.48198872126741166,0.00016660604,random,0.0,nars_gated
TCGA-EL-A3T0,1,0.45716440785402074,0.0017957125,random,0.0,nars_gated
TCGA-EM-A22M,0,0.5065251574632258,0.0073107197,random,0.0,nars_gated
TCGA-GE-A2C6,1,0.42707381413744394,0.007249925,random,0.0,nars_gated
TCGA-EM-A3O9,0,0.48602897227330466,0.00023244285,random,0.0,nars_gated
TCGA-IM-A420,1,0.4904549332301507,0.00010375999,random,0.0,nars_gated
TCGA-J8-A3O1,1,0.5111660997179569,0.0011291438,random,0.0,nars_gated
TCGA-DJ-A3V8,1,0.48853001491485054,0.0005156293,random,0.0,nars_gated
TCGA-FY-A40K,0,0.518767030926909,0.0005576727,random,0.0,nars_gated
TCGA-EL-A3ZM,1,0.4846092300856954,0.0015230767,random,0.0,nars_gated
TCGA-EM-A2OX,1,0.46812092642578357,0.004823477,random,0.0,nars_gated
TCGA-FE-A237,1,0.4266351909921324,0.0037875203,random,0.0,nars_gated
TCGA-EL-A3MW,0,0.5071457903477457,0.0015137489,random,0.0,nars_gated
TCGA-FK-A3SE,1,0.46465124604445357,0.005075946,random,0.0,nars_gated
TCGA-ET-A25M,1,0.5436942254931365,0.013979852,random,0.0,nars_gated
TCGA-EM-A22L,0,0.4765271869889605,0.00021181283,random,0.0,nars_gated
TCGA-DJ-A13W,0,0.3730677136665322,0.0008486789,random,0.0,nars_gated
TCGA-DJ-A13M,0,0.4657171587698226,0.00398987,random,0.0,nars_gated
TCGA-E8-A433,0,0.5003121046586909,0.0006234756,random,0.0,nars_gated
TCGA-E3-A3E5,1,0.4663842549982009,0.0022210947,random,0.0,nars_gated
TCGA-BJ-A0ZH,1,0.4634150841459979,0.0008897746,random,0.0,nars_gated
TCGA-DJ-A4UT,0,0.5012215181904004,0.00028538806,random,0.0,nars_gated
TCGA-EL-A3ZN,1,0.48358420882891195,0.000105472194,random,0.0,nars_gated
TCGA-E8-A436,1,0.47574681865392704,0.006464446,random,0.0,nars_gated
TCGA-ET-A3BO,1,0.46525461993574596,0.0020609957,random,0.0,nars_gated
TCGA-E8-A418,0,0.48839511667615976,0.0014887002,random,0.0,nars_gated
TCGA-FY-A40M,0,0.4591431152265208,3.2627802e-05,random,0.0,nars_gated
TCGA-EL-A3TB,1,0.4475985681387275,0.005381026,random,0.0,nars_gated
TCGA-EL-A4JW,0,0.4179694731005477,0.0013348056,random,0.0,nars_gated
TCGA-FY-A3NP,0,0.5059650904719604,0.0005067208,random,0.0,nars_gated
TCGA-DE-A0XZ,1,0.4679802717311338,0.00014236021,random,0.0,nars_gated
TCGA-EM-A22N,0,0.4836442350495002,0.00020293047,random,0.0,nars_gated
TCGA-DJ-A13O,0,0.4608483440836755,0.0009710949,random,0.0,nars_gated
TCGA-DJ-A4UR,1,0.5209120323925959,0.00022818224,random,0.0,nars_gated
TCGA-DJ-A4V5,1,0.47358950848137754,0.0044093025,random,0.0,nars_gated
TCGA-ET-A2MZ,0,0.4715992766595196,0.003486135,random,0.0,nars_gated
TCGA-J8-A3NZ,1,0.4863149797861368,6.363731e-05,random,0.0,nars_gated
TCGA-BJ-A2N8,0,0.45359441065368866,0.00072608935,random,0.0,nars_gated
TCGA-DE-A0Y3,1,0.4960682025190583,0.0010500537,random,0.1,baseline
TCGA-DJ-A2PX,0,0.5073840594502309,0.0004792049,random,0.1,baseline
TCGA-IM-A3U2,1,0.4466666345452775,0.008308216,random,0.1,baseline
TCGA-DJ-A1QL,0,0.45224722176209037,0.0010022224,random,0.1,baseline
TCGA-EM-A2CT,0,0.49624653818570014,0.00029351722,random,0.1,baseline
TCGA-ET-A2N4,0,0.45309689800902436,0.0008855032,random,0.1,baseline
TCGA-EL-A3T6,0,0.4499514437239405,0.0028044486,random,0.1,baseline
TCGA-DJ-A3UW,0,0.48598460365620694,0.00042431848,random,0.1,baseline
TCGA-DO-A1K0,1,0.5221711812734721,0.00014904093,random,0.1,baseline
TCGA-EL-A3CS,0,0.5012425621618736,0.0009350772,random,0.1,baseline
TCGA-E8-A419,1,0.47011080808815525,0.0028159146,random,0.1,baseline
TCGA-ET-A25J,1,0.505993750846788,0.0006954142,random,0.1,baseline
TCGA-DJ-A2Q8,0,0.45476217049359274,0.0010916892,random,0.1,baseline
TCGA-DE-A69K,0,0.4499538648959172,0.0037041642,random,0.1,baseline
TCGA-BJ-A0ZB,1,0.4668800004125398,0.0018949431,random,0.1,baseline
TCGA-DJ-A3UZ,0,0.5083950271119962,0.0009703904,random,0.1,baseline
TCGA-BJ-A28X,1,0.47543100389905707,0.0050896187,random,0.1,baseline
TCGA-DJ-A1QO,0,0.4676159978430619,0.0056485864,random,0.1,baseline
TCGA-EL-A3GV,0,0.4858578473617536,2.7312752e-05,random,0.1,baseline
TCGA-DJ-A2PP,0,0.4819192039290933,0.00063246867,random,0.1,baseline
TCGA-H2-A2K9,1,0.4104828553388466,0.0026975784,random,0.1,baseline
TCGA-EM-A4FQ,1,0.5079934355805314,0.0006226392,random,0.1,baseline
TCGA-FY-A3NN,1,0.43147560776062993,0.00030662146,random,0.1,baseline
TCGA-EM-A2P1,1,0.4943319999414879,0.00059407536,random,0.1,baseline
TCGA-MK-A4N7,0,0.45839921321993365,0.00024124801,random,0.1,baseline
TCGA-L6-A4EP,0,0.43287026307318827,0.003371266,random,0.1,baseline
TCGA-BJ-A45F,0,0.4617213125311103,0.0072802803,random,0.1,baseline
TCGA-FK-A3S3,1,0.5293828257734129,0.00072286226,random,0.1,baseline
TCGA-E8-A242,0,0.5076582412589256,0.0011848583,random,0.1,baseline
TCGA-BJ-A291,0,0.5231764180514235,0.000276232,random,0.1,baseline
TCGA-EL-A4K4,1,0.5310358848487137,0.005850769,random,0.1,baseline
TCGA-EM-A3AR,1,0.482001798991198,0.00016660604,random,0.1,baseline
TCGA-EL-A3T0,1,0.4570645879232868,0.0017979518,random,0.1,baseline
TCGA-EM-A22M,0,0.5065290821448335,0.0073107197,random,0.1,baseline
TCGA-GE-A2C6,1,0.42731834601491836,0.0072634392,random,0.1,baseline
TCGA-EM-A3O9,0,0.4863701770183823,0.00023189717,random,0.1,baseline
TCGA-IM-A420,1,0.48996544572741013,0.000106029795,random,0.1,baseline
TCGA-J8-A3O1,1,0.5111518779788218,0.0011291438,random,0.1,baseline
TCGA-DJ-A3V8,1,0.4885505791066991,0.0005156293,random,0.1,baseline
TCGA-FY-A40K,0,0.5187655302562956,0.00055856473,random,0.1,baseline
TCGA-EL-A3ZM,1,0.4843862031379551,0.0015190094,random,0.1,baseline
TCGA-EM-A2OX,1,0.46731250950350756,0.004814632,random,0.1,baseline
TCGA-FE-A237,1,0.4266239445982736,0.0037875203,random,0.1,baseline
TCGA-EL-A3MW,0,0.5071492261593568,0.0015137489,random,0.1,baseline
TCGA-FK-A3SE,1,0.46413011690331607,0.00509432,random,0.1,baseline
TCGA-ET-A25M,1,0.5437151452357158,0.013979852,random,0.1,baseline
TCGA-EM-A22L,0,0.47651374371152544,0.00021181283,random,0.1,baseline
TCGA-DJ-A13W,0,0.37307729799266126,0.0008486789,random,0.1,baseline
TCGA-DJ-A13M,0,0.4650592572975712,0.00398232,random,0.1,baseline
TCGA-E8-A433,0,0.5003049997394742,0.0006234756,random,0.1,baseline
TCGA-E3-A3E5,1,0.4664010999274835,0.0022210947,random,0.1,baseline
TCGA-BJ-A0ZH,1,0.4644918087160514,0.0009304792,random,0.1,baseline
TCGA-DJ-A4UT,0,0.5004046172952926,0.00028896387,random,0.1,baseline
TCGA-EL-A3ZN,1,0.48357218223715437,0.000105472194,random,0.1,baseline
TCGA-E8-A436,1,0.47573813643276397,0.006464446,random,0.1,baseline
TCGA-ET-A3BO,1,0.46404650801614894,0.0020913014,random,0.1,baseline
TCGA-E8-A418,0,0.48840985362802414,0.0014887002,random,0.1,baseline
TCGA-FY-A40M,0,0.4591474767614459,3.36779e-05,random,0.1,baseline
TCGA-EL-A3TB,1,0.4476000382415917,0.005381026,random,0.1,baseline
TCGA-EL-A4JW,0,0.41797452601429946,0.0013348056,random,0.1,baseline
TCGA-FY-A3NP,0,0.505953294891509,0.0005067208,random,0.1,baseline
TCGA-DE-A0XZ,1,0.4678147955368475,0.00014340701,random,0.1,baseline
TCGA-EM-A22N,0,0.48335107790140097,0.00021135014,random,0.1,baseline
TCGA-DJ-A13O,0,0.46085052012034167,0.0009706916,random,0.1,baseline
TCGA-DJ-A4UR,1,0.5215212754821396,0.00023615187,random,0.1,baseline
TCGA-DJ-A4V5,1,0.4735812644535167,0.0044093025,random,0.1,baseline
TCGA-ET-A2MZ,0,0.4718981541851745,0.003470719,random,0.1,baseline
TCGA-J8-A3NZ,1,0.4862978859773442,6.363731e-05,random,0.1,baseline
TCGA-BJ-A2N8,0,0.45382450918113815,0.0007303489,random,0.1,baseline
TCGA-DE-A0Y3,1,0.4960647535641156,0.0010500537,random,0.1,mc_confidence_only
TCGA-DJ-A2PX,0,0.5073968582505858,0.0004792049,random,0.1,mc_confidence_only
TCGA-IM-A3U2,1,0.4466628915086286,0.008308216,random,0.1,mc_confidence_only
TCGA-DJ-A1QL,0,0.45226080378503264,0.0010022224,random,0.1,mc_confidence_only
TCGA-EM-A2CT,0,0.4962319999450839,0.00029351722,random,0.1,mc_confidence_only
TCGA-ET-A2N4,0,0.45308298955988846,0.0008855032,random,0.1,mc_confidence_only
TCGA-EL-A3T6,0,0.44995128936286416,0.0028044486,random,0.1,mc_confidence_only
TCGA-DJ-A3UW,0,0.4859831711381288,0.00042431848,random,0.1,mc_confidence_only
TCGA-DO-A1K0,1,0.5221735188944739,0.00014904093,random,0.1,mc_confidence_only
TCGA-EL-A3CS,0,0.5012368616978944,0.0009350772,random,0.1,mc_confidence_only
TCGA-E8-A419,1,0.4701128309322427,0.0028159146,random,0.1,mc_confidence_only
TCGA-ET-A25J,1,0.5060065153920151,0.0006954142,random,0.1,mc_confidence_only
TCGA-DJ-A2Q8,0,0.45475983705613104,0.0010916892,random,0.1,mc_confidence_only
TCGA-DE-A69K,0,0.4499419277173892,0.0037041642,random,0.1,mc_confidence_only
TCGA-BJ-A0ZB,1,0.46689088914957017,0.0018949431,random,0.1,mc_confidence_only
TCGA-DJ-A3UZ,0,0.5083898197696093,0.0009703904,random,0.1,mc_confidence_only
TCGA-BJ-A28X,1,0.4754458561446426,0.0050896187,random,0.1,mc_confidence_only
TCGA-DJ-A1QO,0,0.4676288444268207,0.0056485864,random,0.1,mc_confidence_only
TCGA-EL-A3GV,0,0.4858543477598866,2.7312752e-05,random,0.1,mc_confidence_only
TCGA-DJ-A2PP,0,0.4819056038680731,0.00063246867,random,0.1,mc_confidence_only
TCGA-H2-A2K9,1,0.4104841804532285,0.0026975784,random,0.1,mc_confidence_only
TCGA-EM-A4FQ,1,0.5079842861396202,0.0006226392,random,0.1,mc_confidence_only
TCGA-FY-A3NN,1,0.43147711841483954,0.00030662146,random,0.1,mc_confidence_only
TCGA-EM-A2P1,1,0.4943130149951946,0.00059407536,random,0.1,mc_confidence_only
TCGA-MK-A4N7,0,0.4583889322181467,0.00024124801,random,0.1,mc_confidence_only
TCGA-L6-A4EP,0,0.4328700924065592,0.003371266,random,0.1,mc_confidence_only
TCGA-BJ-A45F,0,0.46174089298384535,0.0072802803,random,0.1,mc_confidence_only
TCGA-FK-A3S3,1,0.5293751375297829,0.00072286226,random,0.1,mc_confidence_only
TCGA-E8-A242,0,0.5076522938084572,0.0011848583,random,0.1,mc_confidence_only
TCGA-BJ-A291,0,0.5231795637552552,0.000276232,random,0.1,mc_confidence_only
TCGA-EL-A4K4,1,0.5310366645512464,0.005850769,random,0.1,mc_confidence_only
TCGA-EM-A3AR,1,0.48198872126741166,0.00016660604,random,0.1,mc_confidence_only
TCGA-EL-A3T0,1,0.45706212590678913,0.0017979518,random,0.1,mc_confidence_only
TCGA-EM-A22M,0,0.5065251574632258,0.0073107197,random,0.1,mc_confidence_only
TCGA-GE-A2C6,1,0.4273322882350184,0.0072634392,random,0.1,mc_confidence_only
TCGA-EM-A3O9,0,0.48637817201918493,0.00023189717,random,0.1,mc_confidence_only
TCGA-IM-A420,1,0.4899390157393513,0.000106029795,random,0.1,mc_confidence_only
TCGA-J8-A3O1,1,0.5111660968387917,0.0011291438,random,0.1,mc_confidence_only
TCGA-DJ-A3V8,1,0.4885300149142986,0.0005156293,random,0.1,mc_confidence_only
TCGA-FY-A40K,0,0.5187666707026405,0.00055856473,random,0.1,mc_confidence_only
TCGA-EL-A3ZM,1,0.4843870982688217,0.0015190094,random,0.1,mc_confidence_only
TCGA-EM-A2OX,1,0.4673364564954022,0.004814632,random,0.1,mc_confidence_only
TCGA-FE-A237,1,0.4266351879582942,0.0037875203,random,0.1,mc_confidence_only
TCGA-EL-A3MW,0,0.507145791339266,0.0015137489,random,0.1,mc_confidence_only
TCGA-FK-A3SE,1,0.46414199321488897,0.00509432,random,0.1,mc_confidence_only
TCGA-ET-A25M,1,0.5436942254931365,0.013979852,random,0.1,mc_confidence_only
TCGA-EM-A22L,0,0.4765271869889605,0.00021181283,random,0.1,mc_confidence_only
TCGA-DJ-A13W,0,0.3730677136665322,0.0008486789,random,0.1,mc_confidence_only
TCGA-DJ-A13M,0,0.465058279665956,0.00398232,random,0.1,mc_confidence_only
TCGA-E8-A433,0,0.5003121046586909,0.0006234756,random,0.1,mc_confidence_only
TCGA-E3-A3E5,1,0.46638425569256875,0.0022210947,random,0.1,mc_confidence_only
TCGA-BJ-A0ZH,1,0.4645098753021646,0.0009304792,random,0.1,mc_confidence_only
TCGA-DJ-A4UT,0,0.5004175779258992,0.00028896387,random,0.1,mc_confidence_only
TCGA-EL-A3ZN,1,0.48358420453241635,0.000105472194,random,0.1,mc_confidence_only
TCGA-E8-A436,1,0.47574681865392704,0.006464446,random,0.1,mc_confidence_only
TCGA-ET-A3BO,1,0.46403752413192106,0.0020913014,random,0.1,mc_confidence_only
TCGA-E8-A418,0,0.48839511742146513,0.0014887002,random,0.1,mc_confidence_only
TCGA-FY-A40M,0,0.45915069283548543,3.36779e-05,random,0.1,mc_confidence_only
TCGA-EL-A3TB,1,0.4475985602049228,0.005381026,random,0.1,mc_confidence_only
TCGA-EL-A4JW,0,0.4179694731005477,0.0013348056,random,0.1,mc_confidence_only
TCGA-FY-A3NP,0,0.5059650904720218,0.0005067208,random,0.1,mc_confidence_only
TCGA-DE-A0XZ,1,0.4678277938604955,0.00014340701,random,0.1,mc_confidence_only
TCGA-EM-A22N,0,0.48333295112966,0.00021135014,random,0.1,mc_confidence_only
TCGA-DJ-A13O,0,0.46086818512865535,0.0009706916,random,0.1,mc_confidence_only
TCGA-DJ-A4UR,1,0.5215082716101167,0.00023615187,random,0.1,mc_confidence_only
TCGA-DJ-A4V5,1,0.4735895094206157,0.0044093025,random,0.1,mc_confidence_only
TCGA-ET-A2MZ,0,0.47190203074874154,0.003470719,random,0.1,mc_confidence_only
TCGA-J8-A3NZ,1,0.48631497710683674,6.363731e-05,random,0.1,mc_confidence_only
TCGA-BJ-A2N8,0,0.45383204104827307,0.0007303489,random,0.1,mc_confidence_only
TCGA-DE-A0Y3,1,0.4960647528486916,0.0010500537,random,0.1,nars_gated
TCGA-DJ-A2PX,0,0.5073968582505858,0.0004792049,random,0.1,nars_gated
TCGA-IM-A3U2,1,0.4466628921389347,0.008308216,random,0.1,nars_gated
TCGA-DJ-A1QL,0,0.4522608010515845,0.0010022224,random,0.1,nars_gated
TCGA-EM-A2CT,0,0.4962319999450839,0.00029351722,random,0.1,nars_gated
TCGA-ET-A2N4,0,0.4530830606701339,0.0008855032,random,0.1,nars_gated
TCGA-EL-A3T6,0,0.4499512928639959,0.0028044486,random,0.1,nars_gated
TCGA-DJ-A3UW,0,0.4859831711381288,0.00042431848,random,0.1,nars_gated
TCGA-DO-A1K0,1,0.5221735221137824,0.00014904093,random,0.1,nars_gated
TCGA-EL-A3CS,0,0.5012368602536144,0.0009350772,random,0.1,nars_gated
TCGA-E8-A419,1,0.4701128309322427,0.0028159146,random,0.1,nars_gated
TCGA-ET-A25J,1,0.5060065153920151,0.0006954142,random,0.1,nars_gated
TCGA-DJ-A2Q8,0,0.45475983705613104,0.0010916892,random,0.1,nars_gated
TCGA-DE-A69K,0,0.4499419091061226,0.0037041642,random,0.1,nars_gated
TCGA-BJ-A0ZB,1,0.4668908874477542,0.0018949431,random,0.1,nars_gated
TCGA-DJ-A3UZ,0,0.5083898239230144,0.0009703904,random,0.1,nars_gated
TCGA-BJ-A28X,1,0.475445860396883,0.0050896187,random,0.1,nars_gated
TCGA-DJ-A1QO,0,0.4676288428282307,0.0056485864,random,0.1,nars_gated
TCGA-EL-A3GV,0,0.4858543824260552,2.7312752e-05,random,0.1,nars_gated
TCGA-DJ-A2PP,0,0.4819056038680731,0.00063246867,random,0.1,nars_gated
TCGA-H2-A2K9,1,0.4104841804532285,0.0026975784,random,0.1,nars_gated
TCGA-EM-A4FQ,1,0.5079842861396202,0.0006226392,random,0.1,nars_gated
TCGA-FY-A3NN,1,0.43147711841483954,0.00030662146,random,0.1,nars_gated
TCGA-EM-A2P1,1,0.4943130149951946,0.00059407536,random,0.1,nars_gated
TCGA-MK-A4N7,0,0.4583889322181467,0.00024124801,random,0.1,nars_gated
TCGA-L6-A4EP,0,0.4328700924065592,0.003371266,random,0.1,nars_gated
TCGA-BJ-A45F,0,0.4617408922911241,0.0072802803,random,0.1,nars_gated
TCGA-FK-A3S3,1,0.5293751839960049,0.00072286226,random,0.1,nars_gated
TCGA-E8-A242,0,0.5076522993900752,0.0011848583,random,0.1,nars_gated
TCGA-BJ-A291,0,0.523179563755178,0.000276232,random,0.1,nars_gated
TCGA-EL-A4K4,1,0.5310366688269778,0.005850769,random,0.1,nars_gated
TCGA-EM-A3AR,1,0.48198872126741166,0.00016660604,random,0.1,nars_gated
TCGA-EL-A3T0,1,0.45706212590681733,0.0017979518,random,0.1,nars_gated
TCGA-EM-A22M,0,0.5065251574632258,0.0073107197,random,0.1,nars_gated
TCGA-GE-A2C6,1,0.4273322882350184,0.0072634392,random,0.1,nars_gated
TCGA-EM-A3O9,0,0.4863781758181495,0.00023189717,random,0.1,nars_gated
TCGA-IM-A420,1,0.4899390157393513,0.000106029795,random,0.1,nars_gated
TCGA-J8-A3O1,1,0.5111660997179569,0.0011291438,random,0.1,nars_gated
TCGA-DJ-A3V8,1,0.48853001491485054,0.0005156293,random,0.1,nars_gated
TCGA-FY-A40K,0,0.5187666707026405,0.00055856473,random,0.1,nars_gated
TCGA-EL-A3ZM,1,0.4843870971088797,0.0015190094,random,0.1,nars_gated
TCGA-EM-A2OX,1,0.4673364564954022,0.004814632,random,0.1,nars_gated
TCGA-FE-A237,1,0.4266351909921324,0.0037875203,random,0.1,nars_gated
TCGA-EL-A3MW,0,0.5071457903477457,0.0015137489,random,0.1,nars_gated
TCGA-FK-A3SE,1,0.46414199321488897,0.00509432,random,0.1,nars_gated
TCGA-ET-A25M,1,0.5436942254931365,0.013979852,random,0.1,nars_gated
TCGA-EM-A22L,0,0.4765271869889605,0.00021181283,random,0.1,nars_gated
TCGA-DJ-A13W,0,0.3730677136665322,0.0008486789,random,0.1,nars_gated
TCGA-DJ-A13M,0,0.465058279665956,0.00398232,random,0.1,nars_gated
TCGA-E8-A433,0,0.5003121046586909,0.0006234756,random,0.1,nars_gated
TCGA-E3-A3E5,1,0.4663842549982009,0.0022210947,random,0.1,nars_gated
TCGA-BJ-A0ZH,1,0.4645098753021646,0.0009304792,random,0.1,nars_gated
TCGA-DJ-A4UT,0,0.5004175779258992,0.00028896387,random,0.1,nars_gated
TCGA-EL-A3ZN,1,0.48358420882891195,0.000105472194,random,0.1,nars_gated
TCGA-E8-A436,1,0.47574681865392704,0.006464446,random,0.1,nars_gated
TCGA-ET-A3BO,1,0.46403752413204463,0.0020913014,random,0.1,nars_gated
TCGA-E8-A418,0,0.48839511667615976,0.0014887002,random,0.1,nars_gated
TCGA-FY-A40M,0,0.45915069283548543,3.36779e-05,random,0.1,nars_gated
TCGA-EL-A3TB,1,0.4475985681387275,0.005381026,random,0.1,nars_gated
TCGA-EL-A4JW,0,0.4179694731005477,0.0013348056,random,0.1,nars_gated
TCGA-FY-A3NP,0,0.5059650904719604,0.0005067208,random,0.1,nars_gated
TCGA-DE-A0XZ,1,0.4678277938604611,0.00014340701,random,0.1,nars_gated
TCGA-EM-A22N,0,0.48333295325489845,0.00021135014,random,0.1,nars_gated
TCGA-DJ-A13O,0,0.46086817376943395,0.0009706916,random,0.1,nars_gated
TCGA-DJ-A4UR,1,0.5215083276483513,0.00023615187,random,0.1,nars_gated
TCGA-DJ-A4V5,1,0.47358950848137754,0.0044093025,random,0.1,nars_gated
TCGA-ET-A2MZ,0,0.47190203074874154,0.003470719,random,0.1,nars_gated
TCGA-J8-A3NZ,1,0.4863149797861368,6.363731e-05,random,0.1,nars_gated
TCGA-BJ-A2N8,0,0.45383204104827307,0.0007303489,random,0.1,nars_gated
TCGA-DE-A0Y3,1,0.4914219180820578,0.0010259424,random,0.3,baseline
TCGA-DJ-A2PX,0,0.5104599980906971,0.0004665764,random,0.3,baseline
TCGA-IM-A3U2,1,0.45059551293682937,0.008239384,random,0.3,baseline
TCGA-DJ-A1QL,0,0.4587952548817114,0.00093637564,random,0.3,baseline
TCGA-EM-A2CT,0,0.4973142174716887,0.0002761607,random,0.3,baseline
TCGA-ET-A2N4,0,0.4531007700257341,0.0008684132,random,0.3,baseline
TCGA-EL-A3T6,0,0.4501275956529133,0.0027916871,random,0.3,baseline
TCGA-DJ-A3UW,0,0.4851905151204265,0.00039962865,random,0.3,baseline
TCGA-DO-A1K0,1,0.5216279922062735,0.00014890126,random,0.3,baseline
TCGA-EL-A3CS,0,0.5001636317751064,0.00094374106,random,0.3,baseline
TCGA-E8-A419,1,0.47011080808815525,0.0028159146,random,0.3,baseline
TCGA-ET-A25J,1,0.5058382331741421,0.0007026081,random,0.3,baseline
TCGA-DJ-A2Q8,0,0.45476217049359274,0.0010916892,random,0.3,baseline
TCGA-DE-A69K,0,0.4485482705315265,0.0036629802,random,0.3,baseline
TCGA-BJ-A0ZB,1,0.4668800004125398,0.0018949431,random,0.3,baseline
TCGA-DJ-A3UZ,0,0.5117967832596371,0.0010253012,random,0.3,baseline
TCGA-BJ-A28X,1,0.4756531609984814,0.0050974977,random,0.3,baseline
TCGA-DJ-A1QO,0,0.46931942728942627,0.005723968,random,0.3,baseline
TCGA-EL-A3GV,0,0.48646975229591555,2.6725509e-05,random,0.3,baseline
TCGA-DJ-A2PP,0,0.4811083817763296,0.00062128174,random,0.3,baseline
TCGA-H2-A2K9,1,0.4098068505719499,0.0026286507,random,0.3,baseline
TCGA-EM-A4FQ,1,0.5109662095791443,0.00065558794,random,0.3,baseline
TCGA-FY-A3NN,1,0.43147560776062993,0.00030662146,random,0.3,baseline
TCGA-EM-A2P1,1,0.49422000998798543,0.0005920862,random,0.3,baseline
TCGA-MK-A4N7,0,0.45839921321993365,0.00024124801,random,0.3,baseline
TCGA-L6-A4EP,0,0.4319718076541379,0.0034353465,random,0.3,baseline
TCGA-BJ-A45F,0,0.4617213125311103,0.0072802803,random,0.3,baseline
TCGA-FK-A3S3,1,0.5291074164315491,0.0007229578,random,0.3,baseline
TCGA-E8-A242,0,0.5075428493969506,0.0011886446,random,0.3,baseline
TCGA-BJ-A291,0,0.5231764180514235,0.000276232,random,0.3,baseline
TCGA-EL-A4K4,1,0.5297816186376821,0.005883759,random,0.3,baseline
TCGA-EM-A3AR,1,0.4822443295181729,0.00016293401,random,0.3,baseline
TCGA-EL-A3T0,1,0.4570645879232868,0.0017979518,random,0.3,baseline
TCGA-EM-A22M,0,0.5060106874177805,0.007381711,random,0.3,baseline
TCGA-GE-A2C6,1,0.42713050054512963,0.007329356,random,0.3,baseline
TCGA-EM-A3O9,0,0.48477759534445747,0.00022705423,random,0.3,baseline
TCGA-IM-A420,1,0.48996544572741013,0.000106029795,random,0.3,baseline
TCGA-J8-A3O1,1,0.5097736902718253,0.001103531,random,0.3,baseline
TCGA-DJ-A3V8,1,0.4885375427026095,0.0005147737,random,0.3,baseline
TCGA-FY-A40K,0,0.5187659297049148,0.0005414956,random,0.3,baseline
TCGA-EL-A3ZM,1,0.48236494494408116,0.0015582605,random,0.3,baseline
TCGA-EM-A2OX,1,0.46719635638479956,0.0048168753,random,0.3,baseline
TCGA-FE-A237,1,0.42643676361203636,0.0037838037,random,0.3,baseline
TCGA-EL-A3MW,0,0.5086925516859059,0.0014549056,random,0.3,baseline
TCGA-FK-A3SE,1,0.4642760301469247,0.0051001105,random,0.3,baseline
TCGA-ET-A25M,1,0.5425205008213051,0.013969012,random,0.3,baseline
TCGA-EM-A22L,0,0.47663621504807324,0.00021149089,random,0.3,baseline
TCGA-DJ-A13W,0,0.3748629948355104,0.0008321929,random,0.3,baseline
TCGA-DJ-A13M,0,0.46570152537907755,0.004000532,random,0.3,baseline
TCGA-E8-A433,0,0.5003049997394742,0.0006234756,random,0.3,baseline
TCGA-E3-A3E5,1,0.4650439989880777,0.002231026,random,0.3,baseline
TCGA-BJ-A0ZH,1,0.46464993378707226,0.00089212746,random,0.3,baseline
TCGA-DJ-A4UT,0,0.5004046172952926,0.00028896387,random,0.3,baseline
TCGA-EL-A3ZN,1,0.4830442455937316,0.00011120237,random,0.3,baseline
TCGA-E8-A436,1,0.47377895714080026,0.006387934,random,0.3,baseline
TCGA-ET-A3BO,1,0.4650028862686553,0.0021840062,random,0.3,baseline
TCGA-E8-A418,0,0.4890073515661162,0.001481277,random,0.3,baseline
TCGA-FY-A40M,0,0.4591474767614459,3.36779e-05,random,0.3,baseline
TCGA-EL-A3TB,1,0.4467020200322684,0.0053700283,random,0.3,baseline
TCGA-EL-A4JW,0,0.41818453530426747,0.0013371548,random,0.3,baseline
TCGA-FY-A3NP,0,0.5088726656201641,0.000487039,random,0.3,baseline
TCGA-DE-A0XZ,1,0.4681458398666081,0.00014082163,random,0.3,baseline
TCGA-EM-A22N,0,0.48538903326910493,0.00021415658,random,0.3,baseline
TCGA-DJ-A13O,0,0.46085052012034167,0.0009706916,random,0.3,baseline
TCGA-DJ-A4UR,1,0.5213379950798722,0.00023412718,random,0.3,baseline
TCGA-DJ-A4V5,1,0.4709393226963588,0.0044099623,random,0.3,baseline
TCGA-ET-A2MZ,0,0.4717869887265875,0.0034761524,random,0.3,baseline
TCGA-J8-A3NZ,1,0.4862978859773442,6.363731e-05,random,0.3,baseline
TCGA-BJ-A2N8,0,0.45338686376042076,0.0007531359,random,0.3,baseline
TCGA-DE-A0Y3,1,0.4914178029118708,0.0010259424,random,0.3,mc_confidence_only
TCGA-DJ-A2PX,0,0.5104722502789211,0.0004665764,random,0.3,mc_confidence_only
TCGA-IM-A3U2,1,0.4505964960438964,0.008239384,random,0.3,mc_confidence_only
TCGA-DJ-A1QL,0,0.4588040795427453,0.00093637564,random,0.3,mc_confidence_only
TCGA-EM-A2CT,0,0.4972990681670582,0.0002761607,random,0.3,mc_confidence_only
TCGA-ET-A2N4,0,0.45308680143679864,0.0008684132,random,0.3,mc_confidence_only
TCGA-EL-A3T6,0,0.4501260037221591,0.0027916871,random,0.3,mc_confidence_only
TCGA-DJ-A3UW,0,0.4851887626984195,0.00039962865,random,0.3,mc_confidence_only
TCGA-DO-A1K0,1,0.5216304212560103,0.00014890126,random,0.3,mc_confidence_only
TCGA-EL-A3CS,0,0.5001594563744904,0.00094374106,random,0.3,mc_confidence_only
TCGA-E8-A419,1,0.4701128309322427,0.0028159146,random,0.3,mc_confidence_only
TCGA-ET-A25J,1,0.5058506229101246,0.0007026081,random,0.3,mc_confidence_only
TCGA-DJ-A2Q8,0,0.45475983705613104,0.0010916892,random,0.3,mc_confidence_only
TCGA-DE-A69K,0,0.44853598707313247,0.0036629802,random,0.3,mc_confidence_only
TCGA-BJ-A0ZB,1,0.46689088914957017,0.0018949431,random,0.3,mc_confidence_only
TCGA-DJ-A3UZ,0,0.5117909756990948,0.0010253012,random,0.3,mc_confidence_only
TCGA-BJ-A28X,1,0.4756681751834262,0.0050974977,random,0.3,mc_confidence_only
TCGA-DJ-A1QO,0,0.46933103014633853,0.005723968,random,0.3,mc_confidence_only
TCGA-EL-A3GV,0,0.48646629647937284,2.6725509e-05,random,0.3,mc_confidence_only
TCGA-DJ-A2PP,0,0.4810946832985836,0.00062128174,random,0.3,mc_confidence_only
TCGA-H2-A2K9,1,0.4098099999404143,0.0026286507,random,0.3,mc_confidence_only
TCGA-EM-A4FQ,1,0.5109551729987075,0.00065558794,random,0.3,mc_confidence_only
TCGA-FY-A3NN,1,0.43147711841483954,0.00030662146,random,0.3,mc_confidence_only
TCGA-EM-A2P1,1,0.49420434473757324,0.0005920862,random,0.3,mc_confidence_only
TCGA-MK-A4N7,0,0.4583889322181467,0.00024124801,random,0.3,mc_confidence_only
TCGA-L6-A4EP,0,0.43197152851792825,0.0034353465,random,0.3,mc_confidence_only
TCGA-BJ-A45F,0,0.46174089298384535,0.0072802803,random,0.3,mc_confidence_only
TCGA-FK-A3S3,1,0.5290997798575582,0.0007229578,random,0.3,mc_confidence_only
TCGA-E8-A242,0,0.5075368907537233,0.0011886446,random,0.3,mc_confidence_only
TCGA-BJ-A291,0,0.5231795637552552,0.000276232,random,0.3,mc_confidence_only
TCGA-EL-A4K4,1,0.5297816911556492,0.005883759,random,0.3,mc_confidence_only
TCGA-EM-A3AR,1,0.48223122626241205,0.00016293401,random,0.3,mc_confidence_only
TCGA-EL-A3T0,1,0.45706212590678913,0.0017979518,random,0.3,mc_confidence_only
TCGA-EM-A22M,0,0.5060055157919163,0.007381711,random,0.3,mc_confidence_only
TCGA-GE-A2C6,1,0.42714713847611213,0.007329356,random,0.3,mc_confidence_only
TCGA-EM-A3O9,0,0.4847838830756203,0.00022705423,random,0.3,mc_confidence_only
TCGA-IM-A420,1,0.4899390157393513,0.000106029795,random,0.3,mc_confidence_only
TCGA-J8-A3O1,1,0.5097881071602163,0.001103531,random,0.3,mc_confidence_only
TCGA-DJ-A3V8,1,0.4885169883608111,0.0005147737,random,0.3,mc_confidence_only
TCGA-FY-A40K,0,0.5187670608242353,0.0005414956,random,0.3,mc_confidence_only
TCGA-EL-A3ZM,1,0.48236390633118126,0.0015582605,random,0.3,mc_confidence_only
TCGA-EM-A2OX,1,0.46722031677727194,0.0048168753,random,0.3,mc_confidence_only
TCGA-FE-A237,1,0.4264476707488793,0.0037838037,random,0.3,mc_confidence_only
TCGA-EL-A3MW,0,0.508689440534502,0.0014549056,random,0.3,mc_confidence_only
TCGA-FK-A3SE,1,0.46428729594751794,0.0051001105,random,0.3,mc_confidence_only
TCGA-ET-A25M,1,0.5424981803872931,0.013969012,random,0.3,mc_confidence_only
TCGA-EM-A22L,0,0.4766496676580851,0.00021149089,random,0.3,mc_confidence_only
TCGA-DJ-A13W,0,0.3748533899706876,0.0008321929,random,0.3,mc_confidence_only
TCGA-DJ-A13M,0,0.46570040478836744,0.004000532,random,0.3,mc_confidence_only
TCGA-E8-A433,0,0.5003121046586909,0.0006234756,random,0.3,mc_confidence_only
TCGA-E3-A3E5,1,0.4650237413143851,0.002231026,random,0.3,mc_confidence_only
TCGA-BJ-A0ZH,1,0.4646679930308684,0.00089212746,random,0.3,mc_confidence_only
TCGA-DJ-A4UT,0,0.5004175779258992,0.00028896387,random,0.3,mc_confidence_only
TCGA-EL-A3ZN,1,0.4830558699194072,0.00011120237,random,0.3,mc_confidence_only
TCGA-E8-A436,1,0.4737877254704242,0.006387934,random,0.3,mc_confidence_only
TCGA-ET-A3BO,1,0.4649930504795939,0.0021840062,random,0.3,mc_confidence_only
TCGA-E8-A418,0,0.48899253623740874,0.001481277,random,0.3,mc_confidence_only
TCGA-FY-A40M,0,0.45915069283548543,3.36779e-05,random,0.3,mc_confidence_only
TCGA-EL-A3TB,1,0.4466996689358549,0.0053700283,random,0.3,mc_confidence_only
TCGA-EL-A4JW,0,0.4181794396296108,0.0013371548,random,0.3,mc_confidence_only
TCGA-FY-A3NP,0,0.508885777761606,0.000487039,random,0.3,mc_confidence_only
TCGA-DE-A0XZ,1,0.4681590914984502,0.00014082163,random,0.3,mc_confidence_only
TCGA-EM-A22N,0,0.4853738421379414,0.00021415658,random,0.3,mc_confidence_only
TCGA-DJ-A13O,0,0.46086818512865535,0.0009706916,random,0.3,mc_confidence_only
TCGA-DJ-A4UR,1,0.52132570435107,0.00023412718,random,0.3,mc_confidence_only
TCGA-DJ-A4V5,1,0.4709451340158313,0.0044099623,random,0.3,mc_confidence_only
TCGA-ET-A2MZ,0,0.4717908034468914,0.0034761524,random,0.3,mc_confidence_only
TCGA-J8-A3NZ,1,0.48631497710683674,6.363731e-05,random,0.3,mc_confidence_only
TCGA-BJ-A2N8,0,0.45339446405325967,0.0007531359,random,0.3,mc_confidence_only
TCGA-DE-A0Y3,1,0.49141780191231915,0.0010259424,random,0.3,nars_gated
TCGA-DJ-A2PX,0,0.5104722502789211,0.0004665764,random,0.3,nars_gated
TCGA-IM-A3U2,1,0.4505964955503579,0.008239384,random,0.3,nars_gated
TCGA-DJ-A1QL,0,0.4588040795427453,0.00093637564,random,0.3,nars_gated
TCGA-EM-A2CT,0,0.4972990681670582,0.0002761607,random,0.3,nars_gated
TCGA-ET-A2N4,0,0.45308687260867586,0.0008684132,random,0.3,nars_gated
TCGA-EL-A3T6,0,0.45012600722869434,0.0027916871,random,0.3,nars_gated
TCGA-DJ-A3UW,0,0.4851887626984195,0.00039962865,random,0.3,nars_gated
TCGA-DO-A1K0,1,0.521630424487746,0.00014890126,random,0.3,nars_gated
TCGA-EL-A3CS,0,0.5001594549349258,0.00094374106,random,0.3,nars_gated
TCGA-E8-A419,1,0.4701128309322427,0.0028159146,random,0.3,nars_gated
TCGA-ET-A25J,1,0.5058506229101246,0.0007026081,random,0.3,nars_gated
TCGA-DJ-A2Q8,0,0.45475983705613104,0.0010916892,random,0.3,nars_gated
TCGA-DE-A69K,0,0.4485359688355937,0.0036629802,random,0.3,nars_gated
TCGA-BJ-A0ZB,1,0.4668908874477542,0.0018949431,random,0.3,nars_gated
TCGA-DJ-A3UZ,0,0.5117909797795029,0.0010253012,random,0.3,nars_gated
TCGA-BJ-A28X,1,0.47566817942960976,0.0050974977,random,0.3,nars_gated
TCGA-DJ-A1QO,0,0.46933102869472315,0.005723968,random,0.3,nars_gated
TCGA-EL-A3GV,0,0.48646633092598074,2.6725509e-05,random,0.3,nars_gated
TCGA-DJ-A2PP,0,0.4810946832985836,0.00062128174,random,0.3,nars_gated
TCGA-H2-A2K9,1,0.4098099999404143,0.0026286507,random,0.3,nars_gated
TCGA-EM-A4FQ,1,0.5109551729987075,0.00065558794,random,0.3,nars_gated
TCGA-FY-A3NN,1,0.43147711841483954,0.00030662146,random,0.3,nars_gated
TCGA-EM-A2P1,1,0.49420434473757324,0.0005920862,random,0.3,nars_gated
TCGA-MK-A4N7,0,0.4583889322181467,0.00024124801,random,0.3,nars_gated
TCGA-L6-A4EP,0,0.43197152851792825,0.0034353465,random,0.3,nars_gated
TCGA-BJ-A45F,0,0.4617408922911241,0.0072802803,random,0.3,nars_gated
TCGA-FK-A3S3,1,0.5290998264408647,0.0007229578,random,0.3,nars_gated
TCGA-E8-A242,0,0.507536896344094,0.0011886446,random,0.3,nars_gated
TCGA-BJ-A291,0,0.523179563755178,0.000276232,random,0.3,nars_gated
TCGA-EL-A4K4,1,0.5297816911556492,0.005883759,random,0.3,nars_gated
TCGA-EM-A3AR,1,0.48223122626241205,0.00016293401,random,0.3,nars_gated
TCGA-EL-A3T0,1,0.45706212590681733,0.0017979518,random,0.3,nars_gated
TCGA-EM-A22M,0,0.5060055157919163,0.007381711,random,0.3,nars_gated
TCGA-GE-A2C6,1,0.42714713847611213,0.007329356,random,0.3,nars_gated
TCGA-EM-A3O9,0,0.48478388690727986,0.00022705423,random,0.3,nars_gated
TCGA-IM-A420,1,0.4899390157393513,0.000106029795,random,0.3,nars_gated
TCGA-J8-A3O1,1,0.5097881100756796,0.001103531,random,0.3,nars_gated
TCGA-DJ-A3V8,1,0.488516988361363,0.0005147737,random,0.3,nars_gated
TCGA-FY-A40K,0,0.5187670608242353,0.0005414956,random,0.3,nars_gated
TCGA-EL-A3ZM,1,0.4823639051827571,0.0015582605,random,0.3,nars_gated
TCGA-EM-A2OX,1,0.46722031677727194,0.0048168753,random,0.3,nars_gated
TCGA-FE-A237,1,0.42644767378496456,0.0037838037,random,0.3,nars_gated
TCGA-EL-A3MW,0,0.508689440534502,0.0014549056,random,0.3,nars_gated
TCGA-FK-A3SE,1,0.46428729594751794,0.0051001105,random,0.3,nars_gated
TCGA-ET-A25M,1,0.5424981803872931,0.013969012,random,0.3,nars_gated
TCGA-EM-A22L,0,0.4766496676580851,0.00021149089,random,0.3,nars_gated
TCGA-DJ-A13W,0,0.3748533899706876,0.0008321929,random,0.3,nars_gated
TCGA-DJ-A13M,0,0.46570040478836744,0.004000532,random,0.3,nars_gated
TCGA-E8-A433,0,0.5003121046586909,0.0006234756,random,0.3,nars_gated
TCGA-E3-A3E5,1,0.4650237413143851,0.002231026,random,0.3,nars_gated
TCGA-BJ-A0ZH,1,0.4646679930308684,0.00089212746,random,0.3,nars_gated
TCGA-DJ-A4UT,0,0.5004175779258992,0.00028896387,random,0.3,nars_gated
TCGA-EL-A3ZN,1,0.4830558699194072,0.00011120237,random,0.3,nars_gated
TCGA-E8-A436,1,0.4737877254704242,0.006387934,random,0.3,nars_gated
TCGA-ET-A3BO,1,0.4649930504795939,0.0021840062,random,0.3,nars_gated
TCGA-E8-A418,0,0.48899253548286675,0.001481277,random,0.3,nars_gated
TCGA-FY-A40M,0,0.45915069283548543,3.36779e-05,random,0.3,nars_gated
TCGA-EL-A3TB,1,0.4466996768974956,0.0053700283,random,0.3,nars_gated
TCGA-EL-A4JW,0,0.4181794396296108,0.0013371548,random,0.3,nars_gated
TCGA-FY-A3NP,0,0.5088857777615439,0.000487039,random,0.3,nars_gated
TCGA-DE-A0XZ,1,0.4681590914984158,0.00014082163,random,0.3,nars_gated
TCGA-EM-A22N,0,0.48537384426594826,0.00021415658,random,0.3,nars_gated
TCGA-DJ-A13O,0,0.46086817376943395,0.0009706916,random,0.3,nars_gated
TCGA-DJ-A4UR,1,0.5213257605156721,0.00023412718,random,0.3,nars_gated
TCGA-DJ-A4V5,1,0.4709451330900609,0.0044099623,random,0.3,nars_gated
TCGA-ET-A2MZ,0,0.4717908034468914,0.0034761524,random,0.3,nars_gated
TCGA-J8-A3NZ,1,0.4863149797861368,6.363731e-05,random,0.3,nars_gated
TCGA-BJ-A2N8,0,0.45339446405325967,0.0007531359,random,0.3,nars_gated
TCGA-DE-A0Y3,1,0.49074334259627594,0.0010048264,random,0.5,baseline
TCGA-DJ-A2PX,0,0.5112673280741581,0.0004637482,random,0.5,baseline
TCGA-IM-A3U2,1,0.44990892760074813,0.008206535,random,0.5,baseline
TCGA-DJ-A1QL,0,0.46163571907271317,0.00096440176,random,0.5,baseline
TCGA-EM-A2CT,0,0.4967898040804732,0.0002799227,random,0.5,baseline
TCGA-ET-A2N4,0,0.4544581628002901,0.0008784267,random,0.5,baseline
TCGA-EL-A3T6,0,0.4498232100299724,0.0027832435,random,0.5,baseline
TCGA-DJ-A3UW,0,0.48501928786978427,0.00040372586,random,0.5,baseline
TCGA-DO-A1K0,1,0.5212551276342133,0.00015299198,random,0.5,baseline
TCGA-EL-A3CS,0,0.5001636317751064,0.00094374106,random,0.5,baseline
TCGA-E8-A419,1,0.47037372116774256,0.0027957463,random,0.5,baseline
TCGA-ET-A25J,1,0.5059622971726941,0.00069810235,random,0.5,baseline
TCGA-DJ-A2Q8,0,0.4556085826773579,0.0011051927,random,0.5,baseline
TCGA-DE-A69K,0,0.44859036410919856,0.0036567596,random,0.5,baseline
TCGA-BJ-A0ZB,1,0.4668800004125398,0.0018949431,random,0.5,baseline
TCGA-DJ-A3UZ,0,0.5116119306357716,0.0010168528,random,0.5,baseline
TCGA-BJ-A28X,1,0.4755338282970773,0.0050873477,random,0.5,baseline
TCGA-DJ-A1QO,0,0.4687224905699592,0.005699676,random,0.5,baseline
TCGA-EL-A3GV,0,0.48646975229591555,2.6725509e-05,random,0.5,baseline
TCGA-DJ-A2PP,0,0.48108731168277047,0.00059599505,random,0.5,baseline
TCGA-H2-A2K9,1,0.4098068505719499,0.0026286507,random,0.5,baseline
TCGA-EM-A4FQ,1,0.5130844944999521,0.0006531477,random,0.5,baseline
TCGA-FY-A3NN,1,0.43192139140546,0.00027472724,random,0.5,baseline
TCGA-EM-A2P1,1,0.4948784145095721,0.00058630976,random,0.5,baseline
TCGA-MK-A4N7,0,0.4576020580257174,0.00023716739,random,0.5,baseline
TCGA-L6-A4EP,0,0.4332886633496489,0.0033978948,random,0.5,baseline
TCGA-BJ-A45F,0,0.46348837217413075,0.0072470754,random,0.5,baseline
TCGA-FK-A3S3,1,0.5274554121714582,0.00077691715,random,0.5,baseline
TCGA-E8-A242,0,0.5087671663250833,0.0011654494,random,0.5,baseline
TCGA-BJ-A291,0,0.523058525205598,0.0002824367,random,0.5,baseline
TCGA-EL-A4K4,1,0.5281748543270586,0.005938553,random,0.5,baseline
TCGA-EM-A3AR,1,0.48062455036784724,0.0001695531,random,0.5,baseline
TCGA-EL-A3T0,1,0.4570645879232868,0.0017979518,random,0.5,baseline
TCGA-EM-A22M,0,0.5053074295648566,0.0072345543,random,0.5,baseline
TCGA-GE-A2C6,1,0.42713050054512963,0.007329356,random,0.5,baseline
TCGA-EM-A3O9,0,0.48455478484840214,0.00022860576,random,0.5,baseline
TCGA-IM-A420,1,0.49052695038429595,0.00011979186,random,0.5,baseline
TCGA-J8-A3O1,1,0.5097736902718253,0.001103531,random,0.5,baseline
TCGA-DJ-A3V8,1,0.4874983157840742,0.0004872284,random,0.5,baseline
TCGA-FY-A40K,0,0.5193864799411521,0.0005483914,random,0.5,baseline
TCGA-EL-A3ZM,1,0.48236494494408116,0.0015582605,random,0.5,baseline
TCGA-EM-A2OX,1,0.46682056398968347,0.0049330224,random,0.5,baseline
TCGA-FE-A237,1,0.42672758670307176,0.0037878836,random,0.5,baseline
TCGA-EL-A3MW,0,0.5084390089482054,0.0014687612,random,0.5,baseline
TCGA-FK-A3SE,1,0.4620695920894658,0.0049831658,random,0.5,baseline
TCGA-ET-A25M,1,0.5425205008213051,0.013969012,random,0.5,baseline
TCGA-EM-A22L,0,0.47990800087736646,0.00020197131,random,0.5,baseline
TCGA-DJ-A13W,0,0.3753878700256899,0.00085232354,random,0.5,baseline
TCGA-DJ-A13M,0,0.4657136040443981,0.0039983373,random,0.5,baseline
TCGA-E8-A433,0,0.4983809402569108,0.00060153427,random,0.5,baseline
TCGA-E3-A3E5,1,0.46456462529318454,0.0022111489,random,0.5,baseline
TCGA-BJ-A0ZH,1,0.4638984712029493,0.00090846745,random,0.5,baseline
TCGA-DJ-A4UT,0,0.5004046172952926,0.00028896387,random,0.5,baseline
TCGA-EL-A3ZN,1,0.4836627605007817,0.00011296064,random,0.5,baseline
TCGA-E8-A436,1,0.47377895714080026,0.006387934,random,0.5,baseline
TCGA-ET-A3BO,1,0.4653742240333183,0.0021980356,random,0.5,baseline
TCGA-E8-A418,0,0.4887289121919495,0.0014630089,random,0.5,baseline
TCGA-FY-A40M,0,0.45881666403788907,4.285752e-05,random,0.5,baseline
TCGA-EL-A3TB,1,0.44540063231946175,0.005410521,random,0.5,baseline
TCGA-EL-A4JW,0,0.419458786893585,0.0013581408,random,0.5,baseline
TCGA-FY-A3NP,0,0.5112734299933798,0.0004884612,random,0.5,baseline
TCGA-DE-A0XZ,1,0.46819027931686596,0.00014050357,random,0.5,baseline
TCGA-EM-A22N,0,0.48538903326910493,0.00021415658,random,0.5,baseline
TCGA-DJ-A13O,0,0.46085052012034167,0.0009706916,random,0.5,baseline
TCGA-DJ-A4UR,1,0.5213379950798722,0.00023412718,random,0.5,baseline
TCGA-DJ-A4V5,1,0.4704894702493408,0.004462935,random,0.5,baseline
TCGA-ET-A2MZ,0,0.4720542310071372,0.003464613,random,0.5,baseline
TCGA-J8-A3NZ,1,0.48641479224483003,6.3511594e-05,random,0.5,baseline
TCGA-BJ-A2N8,0,0.45314571001169696,0.00076317106,random,0.5,baseline
TCGA-DE-A0Y3,1,0.4907394303673978,0.0010048264,random,0.5,mc_confidence_only
TCGA-DJ-A2PX,0,0.5112795548103809,0.0004637482,random,0.5,mc_confidence_only
TCGA-IM-A3U2,1,0.44990824179374656,0.008206535,random,0.5,mc_confidence_only
TCGA-DJ-A1QL,0,0.46164602286568296,0.00096440176,random,0.5,mc_confidence_only
TCGA-EM-A2CT,0,0.4967751751126508,0.0002799227,random,0.5,mc_confidence_only
TCGA-ET-A2N4,0,0.454444508681094,0.0008784267,random,0.5,mc_confidence_only
TCGA-EL-A3T6,0,0.4498217770277702,0.0027832435,random,0.5,mc_confidence_only
TCGA-DJ-A3UW,0,0.48501748518974375,0.00040372586,random,0.5,mc_confidence_only
TCGA-DO-A1K0,1,0.5212572622570364,0.00015299198,random,0.5,mc_confidence_only
TCGA-EL-A3CS,0,0.5001594563744904,0.00094374106,random,0.5,mc_confidence_only
TCGA-E8-A419,1,0.4703760450378025,0.0027957463,random,0.5,mc_confidence_only
TCGA-ET-A25J,1,0.5059747449954677,0.00069810235,random,0.5,mc_confidence_only
TCGA-DJ-A2Q8,0,0.4556023662200461,0.0011051927,random,0.5,mc_confidence_only
TCGA-DE-A69K,0,0.44857807946461015,0.0036567596,random,0.5,mc_confidence_only
TCGA-BJ-A0ZB,1,0.46689088914957017,0.0018949431,random,0.5,mc_confidence_only
TCGA-DJ-A3UZ,0,0.5116070660610028,0.0010168528,random,0.5,mc_confidence_only
TCGA-BJ-A28X,1,0.4755489489130255,0.0050873477,random,0.5,mc_confidence_only
TCGA-DJ-A1QO,0,0.46873548237933793,0.005699676,random,0.5,mc_confidence_only
TCGA-EL-A3GV,0,0.48646629647937284,2.6725509e-05,random,0.5,mc_confidence_only
TCGA-DJ-A2PP,0,0.48107254398599114,0.00059599505,random,0.5,mc_confidence_only
TCGA-H2-A2K9,1,0.4098099999404143,0.0026286507,random,0.5,mc_confidence_only
TCGA-EM-A4FQ,1,0.5130754583942555,0.0006531477,random,0.5,mc_confidence_only
TCGA-FY-A3NN,1,0.43191784964233504,0.00027472724,random,0.5,mc_confidence_only
TCGA-EM-A2P1,1,0.4948628583610069,0.00058630976,random,0.5,mc_confidence_only
TCGA-MK-A4N7,0,0.4575908955921773,0.00023716739,random,0.5,mc_confidence_only
TCGA-L6-A4EP,0,0.43328849912979267,0.0033978948,random,0.5,mc_confidence_only
TCGA-BJ-A45F,0,0.4635085708586186,0.0072470754,random,0.5,mc_confidence_only
TCGA-FK-A3S3,1,0.5274453429858957,0.00077691715,random,0.5,mc_confidence_only
TCGA-E8-A242,0,0.5087577881644728,0.0011654494,random,0.5,mc_confidence_only
TCGA-BJ-A291,0,0.5230617144533909,0.0002824367,random,0.5,mc_confidence_only
TCGA-EL-A4K4,1,0.5281742986226088,0.005938553,random,0.5,mc_confidence_only
TCGA-EM-A3AR,1,0.4806111857782938,0.0001695531,random,0.5,mc_confidence_only
TCGA-EL-A3T0,1,0.45706212590678913,0.0017979518,random,0.5,mc_confidence_only
TCGA-EM-A22M,0,0.5053023419342454,0.0072345543,random,0.5,mc_confidence_only
TCGA-GE-A2C6,1,0.42714713847611213,0.007329356,random,0.5,mc_confidence_only
TCGA-EM-A3O9,0,0.4845611153860252,0.00022860576,random,0.5,mc_confidence_only
TCGA-IM-A420,1,0.49050143795790174,0.00011979186,random,0.5,mc_confidence_only
TCGA-J8-A3O1,1,0.5097881071602163,0.001103531,random,0.5,mc_confidence_only
TCGA-DJ-A3V8,1,0.48747788158840616,0.0004872284,random,0.5,mc_confidence_only
TCGA-FY-A40K,0,0.5193885597790245,0.0005483914,random,0.5,mc_confidence_only
TCGA-EL-A3ZM,1,0.48236390633118126,0.0015582605,random,0.5,mc_confidence_only
TCGA-EM-A2OX,1,0.4668456863607127,0.0049330224,random,0.5,mc_confidence_only
TCGA-FE-A237,1,0.42673903151034676,0.0037878836,random,0.5,mc_confidence_only
TCGA-EL-A3MW,0,0.508436382468758,0.0014687612,random,0.5,mc_confidence_only
TCGA-FK-A3SE,1,0.46208099619870374,0.0049831658,random,0.5,mc_confidence_only
TCGA-ET-A25M,1,0.5424981803872931,0.013969012,random,0.5,mc_confidence_only
TCGA-EM-A22L,0,0.47992333136098436,0.00020197131,random,0.5,mc_confidence_only
TCGA-DJ-A13W,0,0.3753765977284849,0.00085232354,random,0.5,mc_confidence_only
TCGA-DJ-A13M,0,0.4657124339419849,0.0039983373,random,0.5,mc_confidence_only
TCGA-E8-A433,0,0.4983873520980704,0.00060153427,random,0.5,mc_confidence_only
TCGA-E3-A3E5,1,0.46454385471484416,0.0022111489,random,0.5,mc_confidence_only
TCGA-BJ-A0ZH,1,0.46391632566762864,0.00090846745,random,0.5,mc_confidence_only
TCGA-DJ-A4UT,0,0.5004175779258992,0.00028896387,random,0.5,mc_confidence_only
TCGA-EL-A3ZN,1,0.4836747376951401,0.00011296064,random,0.5,mc_confidence_only
TCGA-E8-A436,1,0.4737877254704242,0.006387934,random,0.5,mc_confidence_only
TCGA-ET-A3BO,1,0.4653644123049208,0.0021980356,random,0.5,mc_confidence_only
TCGA-E8-A418,0,0.4887175123406373,0.0014630089,random,0.5,mc_confidence_only
TCGA-FY-A40M,0,0.4588205734806388,4.285752e-05,random,0.5,mc_confidence_only
TCGA-EL-A3TB,1,0.445398189442516,0.005410521,random,0.5,mc_confidence_only
TCGA-EL-A4JW,0,0.41945308605869513,0.0013581408,random,0.5,mc_confidence_only
TCGA-FY-A3NP,0,0.5112891455223317,0.0004884612,random,0.5,mc_confidence_only
TCGA-DE-A0XZ,1,0.4682035688528751,0.00014050357,random,0.5,mc_confidence_only
TCGA-EM-A22N,0,0.4853738421379414,0.00021415658,random,0.5,mc_confidence_only
TCGA-DJ-A13O,0,0.46086818512865535,0.0009706916,random,0.5,mc_confidence_only
TCGA-DJ-A4UR,1,0.52132570435107,0.00023412718,random,0.5,mc_confidence_only
TCGA-DJ-A4V5,1,0.47049544500328694,0.004462935,random,0.5,mc_confidence_only
TCGA-ET-A2MZ,0,0.47205822829806604,0.003464613,random,0.5,mc_confidence_only
TCGA-J8-A3NZ,1,0.4864318781951187,6.3511594e-05,random,0.5,mc_confidence_only
TCGA-BJ-A2N8,0,0.4531572441344686,0.00076317106,random,0.5,mc_confidence_only
TCGA-DE-A0Y3,1,0.4907394293675831,0.0010048264,random,0.5,nars_gated
TCGA-DJ-A2PX,0,0.5112795548103809,0.0004637482,random,0.5,nars_gated
TCGA-IM-A3U2,1,0.4499082412977657,0.008206535,random,0.5,nars_gated
TCGA-DJ-A1QL,0,0.46164602286568296,0.00096440176,random,0.5,nars_gated
TCGA-EM-A2CT,0,0.4967751751126508,0.0002799227,random,0.5,nars_gated
TCGA-ET-A2N4,0,0.4544445793524278,0.0008784267,random,0.5,nars_gated
TCGA-EL-A3T6,0,0.4498217805460831,0.0027832435,random,0.5,nars_gated
TCGA-DJ-A3UW,0,0.48501748518974375,0.00040372586,random,0.5,nars_gated
TCGA-DO-A1K0,1,0.5212572654979163,0.00015299198,random,0.5,nars_gated
TCGA-EL-A3CS,0,0.5001594549349258,0.00094374106,random,0.5,nars_gated
TCGA-E8-A419,1,0.4703760450378025,0.0027957463,random,0.5,nars_gated
TCGA-ET-A25J,1,0.5059747449954677,0.00069810235,random,0.5,nars_gated
TCGA-DJ-A2Q8,0,0.4556023662200461,0.0011051927,random,0.5,nars_gated
TCGA-DE-A69K,0,0.44857806122487265,0.0036567596,random,0.5,nars_gated
TCGA-BJ-A0ZB,1,0.4668908874477542,0.0018949431,random,0.5,nars_gated
TCGA-DJ-A3UZ,0,0.5116070660608362,0.0010168528,random,0.5,nars_gated
TCGA-BJ-A28X,1,0.4755489489130255,0.0050873477,random,0.5,nars_gated
TCGA-DJ-A1QO,0,0.46873548093372025,0.005699676,random,0.5,nars_gated
TCGA-EL-A3GV,0,0.48646633092598074,2.6725509e-05,random,0.5,nars_gated
TCGA-DJ-A2PP,0,0.48107254398599114,0.00059599505,random,0.5,nars_gated
TCGA-H2-A2K9,1,0.4098099999404143,0.0026286507,random,0.5,nars_gated
TCGA-EM-A4FQ,1,0.5130754583942555,0.0006531477,random,0.5,nars_gated
TCGA-FY-A3NN,1,0.43191784964233504,0.00027472724,random,0.5,nars_gated
TCGA-EM-A2P1,1,0.4948628583610069,0.00058630976,random,0.5,nars_gated
TCGA-MK-A4N7,0,0.4575908955921773,0.00023716739,random,0.5,nars_gated
TCGA-L6-A4EP,0,0.43328849912979267,0.0033978948,random,0.5,nars_gated
TCGA-BJ-A45F,0,0.4635085708586186,0.0072470754,random,0.5,nars_gated
TCGA-FK-A3S3,1,0.5274453903596015,0.00077691715,random,0.5,nars_gated
TCGA-E8-A242,0,0.5087577881644728,0.0011654494,random,0.5,nars_gated
TCGA-BJ-A291,0,0.5230617144533146,0.0002824367,random,0.5,nars_gated
TCGA-EL-A4K4,1,0.5281742986226088,0.005938553,random,0.5,nars_gated
TCGA-EM-A3AR,1,0.4806111857782938,0.0001695531,random,0.5,nars_gated
TCGA-EL-A3T0,1,0.45706212590681733,0.0017979518,random,0.5,nars_gated
TCGA-EM-A22M,0,0.5053023419342454,0.0072345543,random,0.5,nars_gated
TCGA-GE-A2C6,1,0.42714713847611213,0.007329356,random,0.5,nars_gated
TCGA-EM-A3O9,0,0.4845611192298043,0.00022860576,random,0.5,nars_gated
TCGA-IM-A420,1,0.49050143795790174,0.00011979186,random,0.5,nars_gated
TCGA-J8-A3O1,1,0.5097881100756796,0.001103531,random,0.5,nars_gated
TCGA-DJ-A3V8,1,0.48747788158896105,0.0004872284,random,0.5,nars_gated
TCGA-FY-A40K,0,0.5193885597790245,0.0005483914,random,0.5,nars_gated
TCGA-EL-A3ZM,1,0.4823639051827571,0.0015582605,random,0.5,nars_gated
TCGA-EM-A2OX,1,0.4668456863607127,0.0049330224,random,0.5,nars_gated
TCGA-FE-A237,1,0.42673903454111234,0.0037878836,random,0.5,nars_gated
TCGA-EL-A3MW,0,0.508436382468758,0.0014687612,random,0.5,nars_gated
TCGA-FK-A3SE,1,0.46208099619870374,0.0049831658,random,0.5,nars_gated
TCGA-ET-A25M,1,0.5424981803872931,0.013969012,random,0.5,nars_gated
TCGA-EM-A22L,0,0.47992333136098436,0.00020197131,random,0.5,nars_gated
TCGA-DJ-A13W,0,0.3753765977284849,0.00085232354,random,0.5,nars_gated
TCGA-DJ-A13M,0,0.4657124339419849,0.0039983373,random,0.5,nars_gated
TCGA-E8-A433,0,0.4983873520980704,0.00060153427,random,0.5,nars_gated
TCGA-E3-A3E5,1,0.46454385471484416,0.0022111489,random,0.5,nars_gated
TCGA-BJ-A0ZH,1,0.46391632566762864,0.00090846745,random,0.5,nars_gated
TCGA-DJ-A4UT,0,0.5004175779258992,0.00028896387,random,0.5,nars_gated
TCGA-EL-A3ZN,1,0.4836747376951401,0.00011296064,random,0.5,nars_gated
TCGA-E8-A436,1,0.4737877254704242,0.006387934,random,0.5,nars_gated
TCGA-ET-A3BO,1,0.4653644123049208,0.0021980356,random,0.5,nars_gated
TCGA-E8-A418,0,0.48871751160458005,0.0014630089,random,0.5,nars_gated
TCGA-FY-A40M,0,0.4588205734806388,4.285752e-05,random,0.5,nars_gated
TCGA-EL-A3TB,1,0.445398189442516,0.005410521,random,0.5,nars_gated
TCGA-EL-A4JW,0,0.41945308605869513,0.0013581408,random,0.5,nars_gated
TCGA-FY-A3NP,0,0.5112891455223317,0.0004884612,random,0.5,nars_gated
TCGA-DE-A0XZ,1,0.4682035688528406,0.00014050357,random,0.5,nars_gated
TCGA-EM-A22N,0,0.48537384426594826,0.00021415658,random,0.5,nars_gated
TCGA-DJ-A13O,0,0.46086817376943395,0.0009706916,random,0.5,nars_gated
TCGA-DJ-A4UR,1,0.5213257605156721,0.00023412718,random,0.5,nars_gated
TCGA-DJ-A4V5,1,0.4704954440831825,0.004462935,random,0.5,nars_gated
TCGA-ET-A2MZ,0,0.47205822829806604,0.003464613,random,0.5,nars_gated
TCGA-J8-A3NZ,1,0.48643188087094585,6.3511594e-05,random,0.5,nars_gated
TCGA-BJ-A2N8,0,0.4531572441344686,0.00076317106,random,0.5,nars_gated
TCGA-DE-A0Y3,1,0.4929681099357268,0.0010016529,random,0.7,baseline
TCGA-DJ-A2PX,0,0.5137415289747921,0.00048152715,random,0.7,baseline
TCGA-IM-A3U2,1,0.44926959956452617,0.008357598,random,0.7,baseline
TCGA-DJ-A1QL,0,0.45926527739482675,0.0010066279,random,0.7,baseline
TCGA-EM-A2CT,0,0.4967898040804732,0.0002799227,random,0.7,baseline
TCGA-ET-A2N4,0,0.4530187767923011,0.0008863713,random,0.7,baseline
TCGA-EL-A3T6,0,0.4498232100299724,0.0027832435,random,0.7,baseline
TCGA-DJ-A3UW,0,0.4874580493351739,0.00035837948,random,0.7,baseline
TCGA-DO-A1K0,1,0.5215912689748748,0.00015158704,random,0.7,baseline
TCGA-EL-A3CS,0,0.5015494931721035,0.00091508887,random,0.7,baseline
TCGA-E8-A419,1,0.47037372116774256,0.0027957463,random,0.7,baseline
TCGA-ET-A25J,1,0.5050951025848661,0.0006988577,random,0.7,baseline
TCGA-DJ-A2Q8,0,0.4560995448047076,0.0011082079,random,0.7,baseline
TCGA-DE-A69K,0,0.4503604312494778,0.0036246746,random,0.7,baseline
TCGA-BJ-A0ZB,1,0.46933443425725363,0.001907032,random,0.7,baseline
TCGA-DJ-A3UZ,0,0.5116119306357716,0.0010168528,random,0.7,baseline
TCGA-BJ-A28X,1,0.47589919996415925,0.0050814156,random,0.7,baseline
TCGA-DJ-A1QO,0,0.4698228761644418,0.0057207323,random,0.7,baseline
TCGA-EL-A3GV,0,0.4868961610009572,2.1188805e-05,random,0.7,baseline
TCGA-DJ-A2PP,0,0.4815069092788626,0.0006200929,random,0.7,baseline
TCGA-H2-A2K9,1,0.4098068505719499,0.0026286507,random,0.7,baseline
TCGA-EM-A4FQ,1,0.5129122815762287,0.00065250805,random,0.7,baseline
TCGA-FY-A3NN,1,0.4316690412046433,0.00027061373,random,0.7,baseline
TCGA-EM-A2P1,1,0.4943997087955298,0.0006097381,random,0.7,baseline
TCGA-MK-A4N7,0,0.4576020580257174,0.00023716739,random,0.7,baseline
TCGA-L6-A4EP,0,0.4316764627362928,0.0034285204,random,0.7,baseline
TCGA-BJ-A45F,0,0.46293433358110375,0.0072404346,random,0.7,baseline
TCGA-FK-A3S3,1,0.5278089548003805,0.0007883858,random,0.7,baseline
TCGA-E8-A242,0,0.5088833773933349,0.0011737962,random,0.7,baseline
TCGA-BJ-A291,0,0.5249191769140166,0.00027679352,random,0.7,baseline
TCGA-EL-A4K4,1,0.5281648402045327,0.0058140294,random,0.7,baseline
TCGA-EM-A3AR,1,0.48104980003465264,0.0001630105,random,0.7,baseline
TCGA-EL-A3T0,1,0.4570645879232868,0.0017979518,random,0.7,baseline
TCGA-EM-A22M,0,0.50590335347158,0.0071939225,random,0.7,baseline
TCGA-GE-A2C6,1,0.42799151599802127,0.0072698467,random,0.7,baseline
TCGA-EM-A3O9,0,0.48687479517069,0.00023175681,random,0.7,baseline
TCGA-IM-A420,1,0.48961039731443406,0.00011978209,random,0.7,baseline
TCGA-J8-A3O1,1,0.5087270929924456,0.0011041056,random,0.7,baseline
TCGA-DJ-A3V8,1,0.48775891407087,0.00048455186,random,0.7,baseline
TCGA-FY-A40K,0,0.5201288693076314,0.0005438786,random,0.7,baseline
TCGA-EL-A3ZM,1,0.479790189330977,0.0014919247,random,0.7,baseline
TCGA-EM-A2OX,1,0.46789357596748116,0.0049788696,random,0.7,baseline
TCGA-FE-A237,1,0.4246503220284299,0.0037810912,random,0.7,baseline
TCGA-EL-A3MW,0,0.5084390089482054,0.0014687612,random,0.7,baseline
TCGA-FK-A3SE,1,0.4613156323428426,0.005080857,random,0.7,baseline
TCGA-ET-A25M,1,0.5447283122638847,0.014051179,random,0.7,baseline
TCGA-EM-A22L,0,0.48203330987960985,0.00020466985,random,0.7,baseline
TCGA-DJ-A13W,0,0.37616280591546986,0.0008528983,random,0.7,baseline
TCGA-DJ-A13M,0,0.46890390000526144,0.0040734834,random,0.7,baseline
TCGA-E8-A433,0,0.4993583310566236,0.0005978797,random,0.7,baseline
TCGA-E3-A3E5,1,0.46481421592326705,0.0022106145,random,0.7,baseline
TCGA-BJ-A0ZH,1,0.4638984712029493,0.00090846745,random,0.7,baseline
TCGA-DJ-A4UT,0,0.5004046172952926,0.00028896387,random,0.7,baseline
TCGA-EL-A3ZN,1,0.4829159927609714,0.00011318265,random,0.7,baseline
TCGA-E8-A436,1,0.47357123137525364,0.0063507,random,0.7,baseline
TCGA-ET-A3BO,1,0.4623677684589215,0.0021508283,random,0.7,baseline
TCGA-E8-A418,0,0.4874513293130573,0.0015291491,random,0.7,baseline
TCGA-FY-A40M,0,0.4589644122059819,4.1122927e-05,random,0.7,baseline
TCGA-EL-A3TB,1,0.44540063231946175,0.005410521,random,0.7,baseline
TCGA-EL-A4JW,0,0.419458786893585,0.0013581408,random,0.7,baseline
TCGA-FY-A3NP,0,0.5121538024768117,0.00048900774,random,0.7,baseline
TCGA-DE-A0XZ,1,0.4704595801106546,0.00012435745,random,0.7,baseline
TCGA-EM-A22N,0,0.4878214408970509,0.00018656167,random,0.7,baseline
TCGA-DJ-A13O,0,0.4614596458265228,0.0009561787,random,0.7,baseline
TCGA-DJ-A4UR,1,0.5255139968662345,0.00023047785,random,0.7,baseline
TCGA-DJ-A4V5,1,0.47074806098446803,0.004484501,random,0.7,baseline
TCGA-ET-A2MZ,0,0.4717077434886325,0.0035035629,random,0.7,baseline
TCGA-J8-A3NZ,1,0.4854775358440639,6.508473e-05,random,0.7,baseline
TCGA-BJ-A2N8,0,0.4537951831500484,0.0007472504,random,0.7,baseline
TCGA-DE-A0Y3,1,0.49296469285826056,0.0010016529,random,0.7,mc_confidence_only
TCGA-DJ-A2PX,0,0.5137507882123408,0.00048152715,random,0.7,mc_confidence_only
TCGA-IM-A3U2,1,0.4492678492072157,0.008357598,random,0.7,mc_confidence_only
TCGA-DJ-A1QL,0,0.4592766371898394,0.0010066279,random,0.7,mc_confidence_only
TCGA-EM-A2CT,0,0.4967751751126508,0.0002799227,random,0.7,mc_confidence_only
TCGA-ET-A2N4,0,0.4530050937129367,0.0008863713,random,0.7,mc_confidence_only
TCGA-EL-A3T6,0,0.4498217770277702,0.0027832435,random,0.7,mc_confidence_only
TCGA-DJ-A3UW,0,0.48745898006815175,0.00035837948,random,0.7,mc_confidence_only
TCGA-DO-A1K0,1,0.5215934226284507,0.00015158704,random,0.7,mc_confidence_only
TCGA-EL-A3CS,0,0.5015451734600113,0.00091508887,random,0.7,mc_confidence_only
TCGA-E8-A419,1,0.4703760450378025,0.0027957463,random,0.7,mc_confidence_only
TCGA-ET-A25J,1,0.5051080513252928,0.0006988577,random,0.7,mc_confidence_only
TCGA-DJ-A2Q8,0,0.4560918117951677,0.0011082079,random,0.7,mc_confidence_only
TCGA-DE-A69K,0,0.45035256959570225,0.0036246746,random,0.7,mc_confidence_only
TCGA-BJ-A0ZB,1,0.4693436006449601,0.001907032,random,0.7,mc_confidence_only
TCGA-DJ-A3UZ,0,0.5116070660610028,0.0010168528,random,0.7,mc_confidence_only
TCGA-BJ-A28X,1,0.47591428883717707,0.0050814156,random,0.7,mc_confidence_only
TCGA-DJ-A1QO,0,0.4698377159570158,0.0057207323,random,0.7,mc_confidence_only
TCGA-EL-A3GV,0,0.4868944513159897,2.1188805e-05,random,0.7,mc_confidence_only
TCGA-DJ-A2PP,0,0.48149036462264916,0.0006200929,random,0.7,mc_confidence_only
TCGA-H2-A2K9,1,0.4098099999404143,0.0026286507,random,0.7,mc_confidence_only
TCGA-EM-A4FQ,1,0.5129032167387914,0.00065250805,random,0.7,mc_confidence_only
TCGA-FY-A3NN,1,0.4316655190582986,0.00027061373,random,0.7,mc_confidence_only
TCGA-EM-A2P1,1,0.49438362784831824,0.0006097381,random,0.7,mc_confidence_only
TCGA-MK-A4N7,0,0.4575908955921773,0.00023716739,random,0.7,mc_confidence_only
TCGA-L6-A4EP,0,0.43167648806425185,0.0034285204,random,0.7,mc_confidence_only
TCGA-BJ-A45F,0,0.4629544551243816,0.0072404346,random,0.7,mc_confidence_only
TCGA-FK-A3S3,1,0.5277998393941452,0.0007883858,random,0.7,mc_confidence_only
TCGA-E8-A242,0,0.5088738751516981,0.0011737962,random,0.7,mc_confidence_only
TCGA-BJ-A291,0,0.5249231202072743,0.00027679352,random,0.7,mc_confidence_only
TCGA-EL-A4K4,1,0.5281621564008944,0.0058140294,random,0.7,mc_confidence_only
TCGA-EM-A3AR,1,0.4810367897977788,0.0001630105,random,0.7,mc_confidence_only
TCGA-EL-A3T0,1,0.45706212590678913,0.0017979518,random,0.7,mc_confidence_only
TCGA-EM-A22M,0,0.5058983591024133,0.0071939225,random,0.7,mc_confidence_only
TCGA-GE-A2C6,1,0.42800705162818503,0.0072698467,random,0.7,mc_confidence_only
TCGA-EM-A3O9,0,0.4868811243219193,0.00023175681,random,0.7,mc_confidence_only
TCGA-IM-A420,1,0.4895834526101737,0.00011978209,random,0.7,mc_confidence_only
TCGA-J8-A3O1,1,0.5087408847403251,0.0011041056,random,0.7,mc_confidence_only
TCGA-DJ-A3V8,1,0.4877385243430849,0.00048455186,random,0.7,mc_confidence_only
TCGA-FY-A40K,0,0.5201309313042773,0.0005438786,random,0.7,mc_confidence_only
TCGA-EL-A3ZM,1,0.47978818003804474,0.0014919247,random,0.7,mc_confidence_only
TCGA-EM-A2OX,1,0.46791840981014454,0.0049788696,random,0.7,mc_confidence_only
TCGA-FE-A237,1,0.42465997367266833,0.0037810912,random,0.7,mc_confidence_only
TCGA-EL-A3MW,0,0.508436382468758,0.0014687612,random,0.7,mc_confidence_only
TCGA-FK-A3SE,1,0.4613271558801603,0.005080857,random,0.7,mc_confidence_only
TCGA-ET-A25M,1,0.5447066016993468,0.014051179,random,0.7,mc_confidence_only
TCGA-EM-A22L,0,0.48205067031782295,0.00020466985,random,0.7,mc_confidence_only
TCGA-DJ-A13W,0,0.3761504465004187,0.0008528983,random,0.7,mc_confidence_only
TCGA-DJ-A13M,0,0.46890193201986313,0.0040734834,random,0.7,mc_confidence_only
TCGA-E8-A433,0,0.49936523047528053,0.0005978797,random,0.7,mc_confidence_only
TCGA-E3-A3E5,1,0.4647918992707247,0.0022106145,random,0.7,mc_confidence_only
TCGA-BJ-A0ZH,1,0.46391632566762864,0.00090846745,random,0.7,mc_confidence_only
TCGA-DJ-A4UT,0,0.5004175779258992,0.00028896387,random,0.7,mc_confidence_only
TCGA-EL-A3ZN,1,0.4829274238838779,0.00011318265,random,0.7,mc_confidence_only
TCGA-E8-A436,1,0.4735796769096961,0.0063507,random,0.7,mc_confidence_only
TCGA-ET-A3BO,1,0.46235581246920643,0.0021508283,random,0.7,mc_confidence_only
TCGA-E8-A418,0,0.48743989854380193,0.0015291491,random,0.7,mc_confidence_only
TCGA-FY-A40M,0,0.4589682990150876,4.1122927e-05,random,0.7,mc_confidence_only
TCGA-EL-A3TB,1,0.445398189442516,0.005410521,random,0.7,mc_confidence_only
TCGA-EL-A4JW,0,0.41945308605869513,0.0013581408,random,0.7,mc_confidence_only
TCGA-FY-A3NP,0,0.5121695546436245,0.00048900774,random,0.7,mc_confidence_only
TCGA-DE-A0XZ,1,0.4704721291021894,0.00012435745,random,0.7,mc_confidence_only
TCGA-EM-A22N,0,0.4878085604663976,0.00018656167,random,0.7,mc_confidence_only
TCGA-DJ-A13O,0,0.4614741067127015,0.0009561787,random,0.7,mc_confidence_only
TCGA-DJ-A4UR,1,0.5255042206850035,0.00023047785,random,0.7,mc_confidence_only
TCGA-DJ-A4V5,1,0.47075427910015666,0.004484501,random,0.7,mc_confidence_only
TCGA-ET-A2MZ,0,0.47171309579786497,0.0035035629,random,0.7,mc_confidence_only
TCGA-J8-A3NZ,1,0.4854949167010867,6.508473e-05,random,0.7,mc_confidence_only
TCGA-BJ-A2N8,0,0.45380737164055907,0.0007472504,random,0.7,mc_confidence_only
TCGA-DE-A0Y3,1,0.49296469285826056,0.0010016529,random,0.7,nars_gated
TCGA-DJ-A2PX,0,0.5137507882123408,0.00048152715,random,0.7,nars_gated
TCGA-IM-A3U2,1,0.4492678492072157,0.008357598,random,0.7,nars_gated
TCGA-DJ-A1QL,0,0.4592766371898394,0.0010066279,random,0.7,nars_gated
TCGA-EM-A2CT,0,0.4967751751126508,0.0002799227,random,0.7,nars_gated
TCGA-ET-A2N4,0,0.4530051650702102,0.0008863713,random,0.7,nars_gated
TCGA-EL-A3T6,0,0.4498217805460831,0.0027832435,random,0.7,nars_gated
TCGA-DJ-A3UW,0,0.48745898006815175,0.00035837948,random,0.7,nars_gated
TCGA-DO-A1K0,1,0.5215934258601546,0.00015158704,random,0.7,nars_gated
TCGA-EL-A3CS,0,0.5015451734600113,0.00091508887,random,0.7,nars_gated
TCGA-E8-A419,1,0.4703760450378025,0.0027957463,random,0.7,nars_gated
TCGA-ET-A25J,1,0.5051080513252928,0.0006988577,random,0.7,nars_gated
TCGA-DJ-A2Q8,0,0.4560918117951677,0.0011082079,random,0.7,nars_gated
TCGA-DE-A69K,0,0.4503525511913275,0.0036246746,random,0.7,nars_gated
TCGA-BJ-A0ZB,1,0.4693436006449601,0.001907032,random,0.7,nars_gated
TCGA-DJ-A3UZ,0,0.5116070660608362,0.0010168528,random,0.7,nars_gated
TCGA-BJ-A28X,1,0.47591428883717707,0.0050814156,random,0.7,nars_gated
TCGA-DJ-A1QO,0,0.4698377145011867,0.0057207323,random,0.7,nars_gated
TCGA-EL-A3GV,0,0.4868944333842167,2.1188805e-05,random,0.7,nars_gated
TCGA-DJ-A2PP,0,0.48149036462264916,0.0006200929,random,0.7,nars_gated
TCGA-H2-A2K9,1,0.4098099999404143,0.0026286507,random,0.7,nars_gated
TCGA-EM-A4FQ,1,0.5129032167387914,0.00065250805,random,0.7,nars_gated
TCGA-FY-A3NN,1,0.4316655190582986,0.00027061373,random,0.7,nars_gated
TCGA-EM-A2P1,1,0.49438362784831824,0.0006097381,random,0.7,nars_gated
TCGA-MK-A4N7,0,0.4575908955921773,0.00023716739,random,0.7,nars_gated
TCGA-L6-A4EP,0,0.43167648806425185,0.0034285204,random,0.7,nars_gated
TCGA-BJ-A45F,0,0.4629544551243816,0.0072404346,random,0.7,nars_gated
TCGA-FK-A3S3,1,0.5277998868616757,0.0007883858,random,0.7,nars_gated
TCGA-E8-A242,0,0.5088738751516981,0.0011737962,random,0.7,nars_gated
TCGA-BJ-A291,0,0.5249231202072743,0.00027679352,random,0.7,nars_gated
TCGA-EL-A4K4,1,0.5281621564008944,0.0058140294,random,0.7,nars_gated
TCGA-EM-A3AR,1,0.4810367897977788,0.0001630105,random,0.7,nars_gated
TCGA-EL-A3T0,1,0.45706212590681733,0.0017979518,random,0.7,nars_gated
TCGA-EM-A22M,0,0.5058983591024133,0.0071939225,random,0.7,nars_gated
TCGA-GE-A2C6,1,0.42800705162818503,0.0072698467,random,0.7,nars_gated
TCGA-EM-A3O9,0,0.48688112811778317,0.00023175681,random,0.7,nars_gated
TCGA-IM-A420,1,0.4895834526101737,0.00011978209,random,0.7,nars_gated
TCGA-J8-A3O1,1,0.5087408847403251,0.0011041056,random,0.7,nars_gated
TCGA-DJ-A3V8,1,0.4877385243436412,0.00048455186,random,0.7,nars_gated
TCGA-FY-A40K,0,0.5201309313042773,0.0005438786,random,0.7,nars_gated
TCGA-EL-A3ZM,1,0.4797881788824309,0.0014919247,random,0.7,nars_gated
TCGA-EM-A2OX,1,0.46791840981014454,0.0049788696,random,0.7,nars_gated
TCGA-FE-A237,1,0.42465997674791095,0.0037810912,random,0.7,nars_gated
TCGA-EL-A3MW,0,0.508436382468758,0.0014687612,random,0.7,nars_gated
TCGA-FK-A3SE,1,0.4613271558801603,0.005080857,random,0.7,nars_gated
TCGA-ET-A25M,1,0.5447066016993468,0.014051179,random,0.7,nars_gated
TCGA-EM-A22L,0,0.48205067031782295,0.00020466985,random,0.7,nars_gated
TCGA-DJ-A13W,0,0.3761504465004187,0.0008528983,random,0.7,nars_gated
TCGA-DJ-A13M,0,0.46890193201986313,0.0040734834,random,0.7,nars_gated
TCGA-E8-A433,0,0.49936523047528053,0.0005978797,random,0.7,nars_gated
TCGA-E3-A3E5,1,0.4647918992707247,0.0022106145,random,0.7,nars_gated
TCGA-BJ-A0ZH,1,0.46391632566762864,0.00090846745,random,0.7,nars_gated
TCGA-DJ-A4UT,0,0.5004175779258992,0.00028896387,random,0.7,nars_gated
TCGA-EL-A3ZN,1,0.4829274238838779,0.00011318265,random,0.7,nars_gated
TCGA-E8-A436,1,0.4735796769096961,0.0063507,random,0.7,nars_gated
TCGA-ET-A3BO,1,0.46235581246920643,0.0021508283,random,0.7,nars_gated
TCGA-E8-A418,0,0.48743989854372766,0.0015291491,random,0.7,nars_gated
TCGA-FY-A40M,0,0.4589682990150876,4.1122927e-05,random,0.7,nars_gated
TCGA-EL-A3TB,1,0.445398189442516,0.005410521,random,0.7,nars_gated
TCGA-EL-A4JW,0,0.41945308605869513,0.0013581408,random,0.7,nars_gated
TCGA-FY-A3NP,0,0.5121695546436245,0.00048900774,random,0.7,nars_gated
TCGA-DE-A0XZ,1,0.47047212910215475,0.00012435745,random,0.7,nars_gated
TCGA-EM-A22N,0,0.4878085626096073,0.00018656167,random,0.7,nars_gated
TCGA-DJ-A13O,0,0.4614741067127015,0.0009561787,random,0.7,nars_gated
TCGA-DJ-A4UR,1,0.5255042206850035,0.00023047785,random,0.7,nars_gated
TCGA-DJ-A4V5,1,0.47075427817905585,0.004484501,random,0.7,nars_gated
TCGA-ET-A2MZ,0,0.47171309579786497,0.0035035629,random,0.7,nars_gated
TCGA-J8-A3NZ,1,0.4854949193938471,6.508473e-05,random,0.7,nars_gated
TCGA-BJ-A2N8,0,0.45380737164055907,0.0007472504,random,0.7,nars_gated
TCGA-DE-A0Y3,1,0.4968090216873255,0.001053896,feature_dependent,0.0,baseline
TCGA-DJ-A2PX,0,0.5073840594502309,0.0004792049,feature_dependent,0.0,baseline
TCGA-IM-A3U2,1,0.44653598629424623,0.008335269,feature_dependent,0.0,baseline
TCGA-DJ-A1QL,0,0.45224722176209037,0.0010022224,feature_dependent,0.0,baseline
TCGA-EM-A2CT,0,0.49614425814607,0.00029676722,feature_dependent,0.0,baseline
TCGA-ET-A2N4,0,0.4511997916978767,0.00085107115,feature_dependent,0.0,baseline
TCGA-EL-A3T6,0,0.45051281305887897,0.0027860024,feature_dependent,0.0,baseline
TCGA-DJ-A3UW,0,0.48498294580536955,0.00043205358,feature_dependent,0.0,baseline
TCGA-DO-A1K0,1,0.5225573986234777,0.00013776355,feature_dependent,0.0,baseline
TCGA-EL-A3CS,0,0.5028374041540825,0.0009488745,feature_dependent,0.0,baseline
TCGA-E8-A419,1,0.469440177216911,0.002835163,feature_dependent,0.0,baseline
TCGA-ET-A25J,1,0.505993750846788,0.0006954142,feature_dependent,0.0,baseline
TCGA-DJ-A2Q8,0,0.45476217049359274,0.0010916892,feature_dependent,0.0,baseline
TCGA-DE-A69K,0,0.4514879463655109,0.0036897718,feature_dependent,0.0,baseline
TCGA-BJ-A0ZB,1,0.46719138430202545,0.0019385744,feature_dependent,0.0,baseline
TCGA-DJ-A3UZ,0,0.5083950271119962,0.0009703904,feature_dependent,0.0,baseline
TCGA-BJ-A28X,1,0.47313419456395595,0.0051687895,feature_dependent,0.0,baseline
TCGA-DJ-A1QO,0,0.46729685173394014,0.005629648,feature_dependent,0.0,baseline
TCGA-EL-A3GV,0,0.48594297155051125,2.7157905e-05,feature_dependent,0.0,baseline
TCGA-DJ-A2PP,0,0.48301744723344103,0.00061444845,feature_dependent,0.0,baseline
TCGA-H2-A2K9,1,0.4104828553388466,0.0026975784,feature_dependent,0.0,baseline
TCGA-EM-A4FQ,1,0.5079934355805314,0.0006226392,feature_dependent,0.0,baseline
TCGA-FY-A3NN,1,0.43147560776062993,0.00030662146,feature_dependent,0.0,baseline
TCGA-EM-A2P1,1,0.4959684055284576,0.00057578273,feature_dependent,0.0,baseline
TCGA-MK-A4N7,0,0.458486695857998,0.0002346213,feature_dependent,0.0,baseline
TCGA-L6-A4EP,0,0.43284654076815493,0.0033666294,feature_dependent,0.0,baseline
TCGA-BJ-A45F,0,0.462334567036853,0.0071912804,feature_dependent,0.0,baseline
TCGA-FK-A3S3,1,0.5270037429612637,0.0006841042,feature_dependent,0.0,baseline
TCGA-E8-A242,0,0.5076582412589256,0.0011848583,feature_dependent,0.0,baseline
TCGA-BJ-A291,0,0.5212202953919466,0.0002583801,feature_dependent,0.0,baseline
TCGA-EL-A4K4,1,0.5310358848487137,0.005850769,feature_dependent,0.0,baseline
TCGA-EM-A3AR,1,0.482001798991198,0.00016660604,feature_dependent,0.0,baseline
TCGA-EL-A3T0,1,0.457166894369391,0.0017957125,feature_dependent,0.0,baseline
TCGA-EM-A22M,0,0.5065290821448335,0.0073107197,feature_dependent,0.0,baseline
TCGA-GE-A2C6,1,0.4270601378522643,0.007249925,feature_dependent,0.0,baseline
TCGA-EM-A3O9,0,0.48602065146371815,0.00023244285,feature_dependent,0.0,baseline
TCGA-IM-A420,1,0.4904815496072814,0.00010375999,feature_dependent,0.0,baseline
TCGA-J8-A3O1,1,0.5111518779788218,0.0011291438,feature_dependent,0.0,baseline
TCGA-DJ-A3V8,1,0.4885505791066991,0.0005156293,feature_dependent,0.0,baseline
TCGA-FY-A40K,0,0.5187658924209266,0.0005576727,feature_dependent,0.0,baseline
TCGA-EL-A3ZM,1,0.48460832781246443,0.0015230767,feature_dependent,0.0,baseline
TCGA-EM-A2OX,1,0.4680967086451752,0.004823477,feature_dependent,0.0,baseline
TCGA-FE-A237,1,0.4266239445982736,0.0037875203,feature_dependent,0.0,baseline
TCGA-EL-A3MW,0,0.5071492261593568,0.0015137489,feature_dependent,0.0,baseline
TCGA-FK-A3SE,1,0.4646395203235289,0.005075946,feature_dependent,0.0,baseline
TCGA-ET-A25M,1,0.5437151452357158,0.013979852,feature_dependent,0.0,baseline
TCGA-EM-A22L,0,0.47651374371152544,0.00021181283,feature_dependent,0.0,baseline
TCGA-DJ-A13W,0,0.37307729799266126,0.0008486789,feature_dependent,0.0,baseline
TCGA-DJ-A13M,0,0.4657182132839548,0.00398987,feature_dependent,0.0,baseline
TCGA-E8-A433,0,0.5003049997394742,0.0006234756,feature_dependent,0.0,baseline
TCGA-E3-A3E5,1,0.4664010999274835,0.0022210947,feature_dependent,0.0,baseline
TCGA-BJ-A0ZH,1,0.4633977337253121,0.0008897746,feature_dependent,0.0,baseline
TCGA-DJ-A4UT,0,0.5012075014512823,0.00028538806,feature_dependent,0.0,baseline
TCGA-EL-A3ZN,1,0.48357218223715437,0.000105472194,feature_dependent,0.0,baseline
TCGA-E8-A436,1,0.47573813643276397,0.006464446,feature_dependent,0.0,baseline
TCGA-ET-A3BO,1,0.4652627122001463,0.0020609957,feature_dependent,0.0,baseline
TCGA-E8-A418,0,0.48840985362802414,0.0014887002,feature_dependent,0.0,baseline
TCGA-FY-A40M,0,0.4591398797805811,3.2627802e-05,feature_dependent,0.0,baseline
TCGA-EL-A3TB,1,0.4476000382415917,0.005381026,feature_dependent,0.0,baseline
TCGA-EL-A4JW,0,0.41797452601429946,0.0013348056,feature_dependent,0.0,baseline
TCGA-FY-A3NP,0,0.505953294891509,0.0005067208,feature_dependent,0.0,baseline
TCGA-DE-A0XZ,1,0.4679672024998977,0.00014236021,feature_dependent,0.0,baseline
TCGA-EM-A22N,0,0.4836623896251208,0.00020293047,feature_dependent,0.0,baseline
TCGA-DJ-A13O,0,0.4608306980875514,0.0009710949,feature_dependent,0.0,baseline
TCGA-DJ-A4UR,1,0.520924945025816,0.00022818224,feature_dependent,0.0,baseline
TCGA-DJ-A4V5,1,0.4735812644535167,0.0044093025,feature_dependent,0.0,baseline
TCGA-ET-A2MZ,0,0.4715955795613643,0.003486135,feature_dependent,0.0,baseline
TCGA-J8-A3NZ,1,0.4862978859773442,6.363731e-05,feature_dependent,0.0,baseline
TCGA-BJ-A2N8,0,0.4535868949638234,0.00072608935,feature_dependent,0.0,baseline
TCGA-DE-A0Y3,1,0.4968063760248172,0.001053896,feature_dependent,0.0,mc_confidence_only
TCGA-DJ-A2PX,0,0.5073968582505858,0.0004792049,feature_dependent,0.0,mc_confidence_only
TCGA-IM-A3U2,1,0.44653210175333946,0.008335269,feature_dependent,0.0,mc_confidence_only
TCGA-DJ-A1QL,0,0.45226080378503264,0.0010022224,feature_dependent,0.0,mc_confidence_only
TCGA-EM-A2CT,0,0.49612973282548456,0.00029676722,feature_dependent,0.0,mc_confidence_only
TCGA-ET-A2N4,0,0.45118707437066896,0.00085107115,feature_dependent,0.0,mc_confidence_only
TCGA-EL-A3T6,0,0.4505126319904387,0.0027860024,feature_dependent,0.0,mc_confidence_only
TCGA-DJ-A3UW,0,0.484980670740331,0.00043205358,feature_dependent,0.0,mc_confidence_only
TCGA-DO-A1K0,1,0.5225607691362105,0.00013776355,feature_dependent,0.0,mc_confidence_only
TCGA-EL-A3CS,0,0.5028321518020556,0.0009488745,feature_dependent,0.0,mc_confidence_only
TCGA-E8-A419,1,0.469442353074569,0.002835163,feature_dependent,0.0,mc_confidence_only
TCGA-ET-A25J,1,0.5060065153920151,0.0006954142,feature_dependent,0.0,mc_confidence_only
TCGA-DJ-A2Q8,0,0.45475983705613104,0.0010916892,feature_dependent,0.0,mc_confidence_only
TCGA-DE-A69K,0,0.45147728052688874,0.0036897718,feature_dependent,0.0,mc_confidence_only
TCGA-BJ-A0ZB,1,0.4672023092024626,0.0019385744,feature_dependent,0.0,mc_confidence_only
TCGA-DJ-A3UZ,0,0.5083898197696093,0.0009703904,feature_dependent,0.0,mc_confidence_only
TCGA-BJ-A28X,1,0.47314887860661364,0.0051687895,feature_dependent,0.0,mc_confidence_only
TCGA-DJ-A1QO,0,0.46730965576024275,0.005629648,feature_dependent,0.0,mc_confidence_only
TCGA-EL-A3GV,0,0.4859394679692852,2.7157905e-05,feature_dependent,0.0,mc_confidence_only
TCGA-DJ-A2PP,0,0.48300512290399017,0.00061444845,feature_dependent,0.0,mc_confidence_only
TCGA-H2-A2K9,1,0.4104841804532285,0.0026975784,feature_dependent,0.0,mc_confidence_only
TCGA-EM-A4FQ,1,0.5079842861396202,0.0006226392,feature_dependent,0.0,mc_confidence_only
TCGA-FY-A3NN,1,0.43147711841483954,0.00030662146,feature_dependent,0.0,mc_confidence_only
TCGA-EM-A2P1,1,0.4959493604815189,0.00057578273,feature_dependent,0.0,mc_confidence_only
TCGA-MK-A4N7,0,0.4584763256622324,0.0002346213,feature_dependent,0.0,mc_confidence_only
TCGA-L6-A4EP,0,0.43284637234948703,0.0033666294,feature_dependent,0.0,mc_confidence_only
TCGA-BJ-A45F,0,0.4623516997221481,0.0071912804,feature_dependent,0.0,mc_confidence_only
TCGA-FK-A3S3,1,0.526996024169097,0.0006841042,feature_dependent,0.0,mc_confidence_only
TCGA-E8-A242,0,0.5076522938084572,0.0011848583,feature_dependent,0.0,mc_confidence_only
TCGA-BJ-A291,0,0.521224025624545,0.0002583801,feature_dependent,0.0,mc_confidence_only
TCGA-EL-A4K4,1,0.5310366645512464,0.005850769,feature_dependent,0.0,mc_confidence_only
TCGA-EM-A3AR,1,0.48198872126741166,0.00016660604,feature_dependent,0.0,mc_confidence_only
TCGA-EL-A3T0,1,0.4571644078539925,0.0017957125,feature_dependent,0.0,mc_confidence_only
TCGA-EM-A22M,0,0.5065251574632258,0.0073107197,feature_dependent,0.0,mc_confidence_only
TCGA-GE-A2C6,1,0.42707381413744394,0.007249925,feature_dependent,0.0,mc_confidence_only
TCGA-EM-A3O9,0,0.48602896847557603,0.00023244285,feature_dependent,0.0,mc_confidence_only
TCGA-IM-A420,1,0.4904549332301507,0.00010375999,feature_dependent,0.0,mc_confidence_only
TCGA-J8-A3O1,1,0.5111660968387917,0.0011291438,feature_dependent,0.0,mc_confidence_only
TCGA-DJ-A3V8,1,0.4885300149142986,0.0005156293,feature_dependent,0.0,mc_confidence_only
TCGA-FY-A40K,0,0.518767030926909,0.0005576727,feature_dependent,0.0,mc_confidence_only
TCGA-EL-A3ZM,1,0.48460923363119307,0.0015230767,feature_dependent,0.0,mc_confidence_only
TCGA-EM-A2OX,1,0.46812092642578357,0.004823477,feature_dependent,0.0,mc_confidence_only
TCGA-FE-A237,1,0.4266351879582942,0.0037875203,feature_dependent,0.0,mc_confidence_only
TCGA-EL-A3MW,0,0.507145791339266,0.0015137489,feature_dependent,0.0,mc_confidence_only
TCGA-FK-A3SE,1,0.46465124604445357,0.005075946,feature_dependent,0.0,mc_confidence_only
TCGA-ET-A25M,1,0.5436942254931365,0.013979852,feature_dependent,0.0,mc_confidence_only
TCGA-EM-A22L,0,0.4765271869889605,0.00021181283,feature_dependent,0.0,mc_confidence_only
TCGA-DJ-A13W,0,0.3730677136665322,0.0008486789,feature_dependent,0.0,mc_confidence_only
TCGA-DJ-A13M,0,0.4657171587698226,0.00398987,feature_dependent,0.0,mc_confidence_only
TCGA-E8-A433,0,0.5003121046586909,0.0006234756,feature_dependent,0.0,mc_confidence_only
TCGA-E3-A3E5,1,0.46638425569256875,0.0022210947,feature_dependent,0.0,mc_confidence_only
TCGA-BJ-A0ZH,1,0.4634150841459979,0.0008897746,feature_dependent,0.0,mc_confidence_only
TCGA-DJ-A4UT,0,0.5012215181904004,0.00028538806,feature_dependent,0.0,mc_confidence_only
TCGA-EL-A3ZN,1,0.48358420453241635,0.000105472194,feature_dependent,0.0,mc_confidence_only
TCGA-E8-A436,1,0.47574681865392704,0.006464446,feature_dependent,0.0,mc_confidence_only
TCGA-ET-A3BO,1,0.46525461993562317,0.0020609957,feature_dependent,0.0,mc_confidence_only
TCGA-E8-A418,0,0.48839511742146513,0.0014887002,feature_dependent,0.0,mc_confidence_only
TCGA-FY-A40M,0,0.4591431152265208,3.2627802e-05,feature_dependent,0.0,mc_confidence_only
TCGA-EL-A3TB,1,0.4475985602049228,0.005381026,feature_dependent,0.0,mc_confidence_only
TCGA-EL-A4JW,0,0.4179694731005477,0.0013348056,feature_dependent,0.0,mc_confidence_only
TCGA-FY-A3NP,0,0.5059650904720218,0.0005067208,feature_dependent,0.0,mc_confidence_only
TCGA-DE-A0XZ,1,0.46798027173116824,0.00014236021,feature_dependent,0.0,mc_confidence_only
TCGA-EM-A22N,0,0.4836442329261353,0.00020293047,feature_dependent,0.0,mc_confidence_only
TCGA-DJ-A13O,0,0.4608483554426844,0.0009710949,feature_dependent,0.0,mc_confidence_only
TCGA-DJ-A4UR,1,0.5209119761866768,0.00022818224,feature_dependent,0.0,mc_confidence_only
TCGA-DJ-A4V5,1,0.4735895094206157,0.0044093025,feature_dependent,0.0,mc_confidence_only
TCGA-ET-A2MZ,0,0.4715992766595196,0.003486135,feature_dependent,0.0,mc_confidence_only
TCGA-J8-A3NZ,1,0.48631497710683674,6.363731e-05,feature_dependent,0.0,mc_confidence_only
TCGA-BJ-A2N8,0,0.45359441065368866,0.00072608935,feature_dependent,0.0,mc_confidence_only
TCGA-DE-A0Y3,1,0.49680637529791155,0.001053896,feature_dependent,0.0,nars_gated
TCGA-DJ-A2PX,0,0.5073968582505858,0.0004792049,feature_dependent,0.0,nars_gated
TCGA-IM-A3U2,1,0.4465321023840801,0.008335269,feature_dependent,0.0,nars_gated
TCGA-DJ-A1QL,0,0.4522608010515845,0.0010022224,feature_dependent,0.0,nars_gated
TCGA-EM-A2CT,0,0.49612973282548456,0.00029676722,feature_dependent,0.0,nars_gated
TCGA-ET-A2N4,0,0.4511871462034414,0.00085107115,feature_dependent,0.0,nars_gated
TCGA-EL-A3T6,0,0.45051263548784287,0.0027860024,feature_dependent,0.0,nars_gated
TCGA-DJ-A3UW,0,0.484980670740331,0.00043205358,feature_dependent,0.0,nars_gated
TCGA-DO-A1K0,1,0.5225607723380762,0.00013776355,feature_dependent,0.0,nars_gated
TCGA-EL-A3CS,0,0.502832147428542,0.0009488745,feature_dependent,0.0,nars_gated
TCGA-E8-A419,1,0.469442353074569,0.002835163,feature_dependent,0.0,nars_gated
TCGA-ET-A25J,1,0.5060065153920151,0.0006954142,feature_dependent,0.0,nars_gated
TCGA-DJ-A2Q8,0,0.45475983705613104,0.0010916892,feature_dependent,0.0,nars_gated
TCGA-DE-A69K,0,0.45147726173646374,0.0036897718,feature_dependent,0.0,nars_gated
TCGA-BJ-A0ZB,1,0.46720230496312903,0.0019385744,feature_dependent,0.0,nars_gated
TCGA-DJ-A3UZ,0,0.5083898239230144,0.0009703904,feature_dependent,0.0,nars_gated
TCGA-BJ-A28X,1,0.47314888290873663,0.0051687895,feature_dependent,0.0,nars_gated
TCGA-DJ-A1QO,0,0.46730965416252923,0.005629648,feature_dependent,0.0,nars_gated
TCGA-EL-A3GV,0,0.4859395026065061,2.7157905e-05,feature_dependent,0.0,nars_gated
TCGA-DJ-A2PP,0,0.48300512290399017,0.00061444845,feature_dependent,0.0,nars_gated
TCGA-H2-A2K9,1,0.4104841804532285,0.0026975784,feature_dependent,0.0,nars_gated
TCGA-EM-A4FQ,1,0.5079842861396202,0.0006226392,feature_dependent,0.0,nars_gated
TCGA-FY-A3NN,1,0.43147711841483954,0.00030662146,feature_dependent,0.0,nars_gated
TCGA-EM-A2P1,1,0.4959493604815189,0.00057578273,feature_dependent,0.0,nars_gated
TCGA-MK-A4N7,0,0.4584763256622324,0.0002346213,feature_dependent,0.0,nars_gated
TCGA-L6-A4EP,0,0.43284637234948703,0.0033666294,feature_dependent,0.0,nars_gated
TCGA-BJ-A45F,0,0.4623516990314725,0.0071912804,feature_dependent,0.0,nars_gated
TCGA-FK-A3S3,1,0.5269960712179683,0.0006841042,feature_dependent,0.0,nars_gated
TCGA-E8-A242,0,0.5076522993900752,0.0011848583,feature_dependent,0.0,nars_gated
TCGA-BJ-A291,0,0.5212240256244699,0.0002583801,feature_dependent,0.0,nars_gated
TCGA-EL-A4K4,1,0.5310366688269778,0.005850769,feature_dependent,0.0,nars_gated
TCGA-EM-A3AR,1,0.48198872126741166,0.00016660604,feature_dependent,0.0,nars_gated
TCGA-EL-A3T0,1,0.45716440785402074,0.0017957125,feature_dependent,0.0,nars_gated
TCGA-EM-A22M,0,0.5065251574632258,0.0073107197,feature_dependent,0.0,nars_gated
TCGA-GE-A2C6,1,0.42707381413744394,0.007249925,feature_dependent,0.0,nars_gated
TCGA-EM-A3O9,0,0.48602897227330466,0.00023244285,feature_dependent,0.0,nars_gated
TCGA-IM-A420,1,0.4904549332301507,0.00010375999,feature_dependent,0.0,nars_gated
TCGA-J8-A3O1,1,0.5111660997179569,0.0011291438,feature_dependent,0.0,nars_gated
TCGA-DJ-A3V8,1,0.48853001491485054,0.0005156293,feature_dependent,0.0,nars_gated
TCGA-FY-A40K,0,0.518767030926909,0.0005576727,feature_dependent,0.0,nars_gated
TCGA-EL-A3ZM,1,0.4846092300856954,0.0015230767,feature_dependent,0.0,nars_gated
TCGA-EM-A2OX,1,0.46812092642578357,0.004823477,feature_dependent,0.0,nars_gated
TCGA-FE-A237,1,0.4266351909921324,0.0037875203,feature_dependent,0.0,nars_gated
TCGA-EL-A3MW,0,0.5071457903477457,0.0015137489,feature_dependent,0.0,nars_gated
TCGA-FK-A3SE,1,0.46465124604445357,0.005075946,feature_dependent,0.0,nars_gated
TCGA-ET-A25M,1,0.5436942254931365,0.013979852,feature_dependent,0.0,nars_gated
TCGA-EM-A22L,0,0.4765271869889605,0.00021181283,feature_dependent,0.0,nars_gated
TCGA-DJ-A13W,0,0.3730677136665322,0.0008486789,feature_dependent,0.0,nars_gated
TCGA-DJ-A13M,0,0.4657171587698226,0.00398987,feature_dependent,0.0,nars_gated
TCGA-E8-A433,0,0.5003121046586909,0.0006234756,feature_dependent,0.0,nars_gated
TCGA-E3-A3E5,1,0.4663842549982009,0.0022210947,feature_dependent,0.0,nars_gated
TCGA-BJ-A0ZH,1,0.4634150841459979,0.0008897746,feature_dependent,0.0,nars_gated
TCGA-DJ-A4UT,0,0.5012215181904004,0.00028538806,feature_dependent,0.0,nars_gated
TCGA-EL-A3ZN,1,0.48358420882891195,0.000105472194,feature_dependent,0.0,nars_gated
TCGA-E8-A436,1,0.47574681865392704,0.006464446,feature_dependent,0.0,nars_gated
TCGA-ET-A3BO,1,0.46525461993574596,0.0020609957,feature_dependent,0.0,nars_gated
TCGA-E8-A418,0,0.48839511667615976,0.0014887002,feature_dependent,0.0,nars_gated
TCGA-FY-A40M,0,0.4591431152265208,3.2627802e-05,feature_dependent,0.0,nars_gated
TCGA-EL-A3TB,1,0.4475985681387275,0.005381026,feature_dependent,0.0,nars_gated
TCGA-EL-A4JW,0,0.4179694731005477,0.0013348056,feature_dependent,0.0,nars_gated
TCGA-FY-A3NP,0,0.5059650904719604,0.0005067208,feature_dependent,0.0,nars_gated
TCGA-DE-A0XZ,1,0.4679802717311338,0.00014236021,feature_dependent,0.0,nars_gated
TCGA-EM-A22N,0,0.4836442350495002,0.00020293047,feature_dependent,0.0,nars_gated
TCGA-DJ-A13O,0,0.4608483440836755,0.0009710949,feature_dependent,0.0,nars_gated
TCGA-DJ-A4UR,1,0.5209120323925959,0.00022818224,feature_dependent,0.0,nars_gated
TCGA-DJ-A4V5,1,0.47358950848137754,0.0044093025,feature_dependent,0.0,nars_gated
TCGA-ET-A2MZ,0,0.4715992766595196,0.003486135,feature_dependent,0.0,nars_gated
TCGA-J8-A3NZ,1,0.4863149797861368,6.363731e-05,feature_dependent,0.0,nars_gated
TCGA-BJ-A2N8,0,0.45359441065368866,0.00072608935,feature_dependent,0.0,nars_gated
TCGA-DE-A0Y3,1,0.4960682025190583,0.0010500537,feature_dependent,0.1,baseline
TCGA-DJ-A2PX,0,0.5073840594502309,0.0004792049,feature_dependent,0.1,baseline
TCGA-IM-A3U2,1,0.4466666345452775,0.008308216,feature_dependent,0.1,baseline
TCGA-DJ-A1QL,0,0.45224722176209037,0.0010022224,feature_dependent,0.1,baseline
TCGA-EM-A2CT,0,0.49624653818570014,0.00029351722,feature_dependent,0.1,baseline
TCGA-ET-A2N4,0,0.45309689800902436,0.0008855032,feature_dependent,0.1,baseline
TCGA-EL-A3T6,0,0.4498209454906272,0.002812641,feature_dependent,0.1,baseline
TCGA-DJ-A3UW,0,0.48498294580536955,0.00043205358,feature_dependent,0.1,baseline
TCGA-DO-A1K0,1,0.5221711812734721,0.00014904093,feature_dependent,0.1,baseline
TCGA-EL-A3CS,0,0.500675585718174,0.0009397547,feature_dependent,0.1,baseline
TCGA-E8-A419,1,0.4698436958066215,0.0028199328,feature_dependent,0.1,baseline
TCGA-ET-A25J,1,0.505993750846788,0.0006954142,feature_dependent,0.1,baseline
TCGA-DJ-A2Q8,0,0.45476217049359274,0.0010916892,feature_dependent,0.1,baseline
TCGA-DE-A69K,0,0.4499538648959172,0.0037041642,feature_dependent,0.1,baseline
TCGA-BJ-A0ZB,1,0.46688771267930135,0.0018980341,feature_dependent,0.1,baseline
TCGA-DJ-A3UZ,0,0.5083809905419181,0.0009882508,feature_dependent,0.1,baseline
TCGA-BJ-A28X,1,0.47543100389905707,0.0050896187,feature_dependent,0.1,baseline
TCGA-DJ-A1QO,0,0.4676159978430619,0.0056485864,feature_dependent,0.1,baseline
TCGA-EL-A3GV,0,0.48594297155051125,2.7157905e-05,feature_dependent,0.1,baseline
TCGA-DJ-A2PP,0,0.4819192039290933,0.00063246867,feature_dependent,0.1,baseline
TCGA-H2-A2K9,1,0.4104828553388466,0.0026975784,feature_dependent,0.1,baseline
TCGA-EM-A4FQ,1,0.5079934355805314,0.0006226392,feature_dependent,0.1,baseline
TCGA-FY-A3NN,1,0.43147560776062993,0.00030662146,feature_dependent,0.1,baseline
TCGA-EM-A2P1,1,0.4943319999414879,0.00059407536,feature_dependent,0.1,baseline
TCGA-MK-A4N7,0,0.45839921321993365,0.00024124801,feature_dependent,0.1,baseline
TCGA-L6-A4EP,0,0.4319718076541379,0.0034353465,feature_dependent,0.1,baseline
TCGA-BJ-A45F,0,0.4617213125311103,0.0072802803,feature_dependent,0.1,baseline
TCGA-FK-A3S3,1,0.5293828257734129,0.00072286226,feature_dependent,0.1,baseline
TCGA-E8-A242,0,0.5076582412589256,0.0011848583,feature_dependent,0.1,baseline
TCGA-BJ-A291,0,0.5228853866851041,0.00027339548,feature_dependent,0.1,baseline
TCGA-EL-A4K4,1,0.5310358848487137,0.005850769,feature_dependent,0.1,baseline
TCGA-EM-A3AR,1,0.482001798991198,0.00016660604,feature_dependent,0.1,baseline
TCGA-EL-A3T0,1,0.4570645879232868,0.0017979518,feature_dependent,0.1,baseline
TCGA-EM-A22M,0,0.5065290821448335,0.0073107197,feature_dependent,0.1,baseline
TCGA-GE-A2C6,1,0.4268732563770771,0.007315852,feature_dependent,0.1,baseline
TCGA-EM-A3O9,0,0.4863701770183823,0.00023189717,feature_dependent,0.1,baseline
TCGA-IM-A420,1,0.48996544572741013,0.000106029795,feature_dependent,0.1,baseline
TCGA-J8-A3O1,1,0.5111518779788218,0.0011291438,feature_dependent,0.1,baseline
TCGA-DJ-A3V8,1,0.4885505791066991,0.0005156293,feature_dependent,0.1,baseline
TCGA-FY-A40K,0,0.5187659297049148,0.0005414956,feature_dependent,0.1,baseline
TCGA-EL-A3ZM,1,0.4825231709701768,0.0015327408,feature_dependent,0.1,baseline
TCGA-EM-A2OX,1,0.46731250950350756,0.004814632,feature_dependent,0.1,baseline
TCGA-FE-A237,1,0.4266239445982736,0.0037875203,feature_dependent,0.1,baseline
TCGA-EL-A3MW,0,0.5071492261593568,0.0015137489,feature_dependent,0.1,baseline
TCGA-FK-A3SE,1,0.46357768938958516,0.0050820652,feature_dependent,0.1,baseline
TCGA-ET-A25M,1,0.5437151452357158,0.013979852,feature_dependent,0.1,baseline
TCGA-EM-A22L,0,0.47651374371152544,0.00021181283,feature_dependent,0.1,baseline
TCGA-DJ-A13W,0,0.37307729799266126,0.0008486789,feature_dependent,0.1,baseline
TCGA-DJ-A13M,0,0.4650592572975712,0.00398232,feature_dependent,0.1,baseline
TCGA-E8-A433,0,0.5003049997394742,0.0006234756,feature_dependent,0.1,baseline
TCGA-E3-A3E5,1,0.4664010999274835,0.0022210947,feature_dependent,0.1,baseline
TCGA-BJ-A0ZH,1,0.4644918087160514,0.0009304792,feature_dependent,0.1,baseline
TCGA-DJ-A4UT,0,0.5004046172952926,0.00028896387,feature_dependent,0.1,baseline
TCGA-EL-A3ZN,1,0.48357218223715437,0.000105472194,feature_dependent,0.1,baseline
TCGA-E8-A436,1,0.4751045033126659,0.0063949614,feature_dependent,0.1,baseline
TCGA-ET-A3BO,1,0.46404650801614894,0.0020913014,feature_dependent,0.1,baseline
TCGA-E8-A418,0,0.48840985362802414,0.0014887002,feature_dependent,0.1,baseline
TCGA-FY-A40M,0,0.4591474767614459,3.36779e-05,feature_dependent,0.1,baseline
TCGA-EL-A3TB,1,0.4476000382415917,0.005381026,feature_dependent,0.1,baseline
TCGA-EL-A4JW,0,0.41797452601429946,0.0013348056,feature_dependent,0.1,baseline
TCGA-FY-A3NP,0,0.505953294891509,0.0005067208,feature_dependent,0.1,baseline
TCGA-DE-A0XZ,1,0.4678147955368475,0.00014340701,feature_dependent,0.1,baseline
TCGA-EM-A22N,0,0.4827881569035082,0.00020477572,feature_dependent,0.1,baseline
TCGA-DJ-A13O,0,0.4608306980875514,0.0009710949,feature_dependent,0.1,baseline
TCGA-DJ-A4UR,1,0.520924945025816,0.00022818224,feature_dependent,0.1,baseline
TCGA-DJ-A4V5,1,0.4732285573062567,0.0044238474,feature_dependent,0.1,baseline
TCGA-ET-A2MZ,0,0.4718981541851745,0.003470719,feature_dependent,0.1,baseline
TCGA-J8-A3NZ,1,0.4862978859773442,6.363731e-05,feature_dependent,0.1,baseline
TCGA-BJ-A2N8,0,0.4535868949638234,0.00072608935,feature_dependent,0.1,baseline
TCGA-DE-A0Y3,1,0.4960647535641156,0.0010500537,feature_dependent,0.1,mc_confidence_only
TCGA-DJ-A2PX,0,0.5073968582505858,0.0004792049,feature_dependent,0.1,mc_confidence_only
TCGA-IM-A3U2,1,0.4466628915086286,0.008308216,feature_dependent,0.1,mc_confidence_only
TCGA-DJ-A1QL,0,0.45226080378503264,0.0010022224,feature_dependent,0.1,mc_confidence_only
TCGA-EM-A2CT,0,0.4962319999450839,0.00029351722,feature_dependent,0.1,mc_confidence_only
TCGA-ET-A2N4,0,0.45308298955988846,0.0008855032,feature_dependent,0.1,mc_confidence_only
TCGA-EL-A3T6,0,0.44982073109962234,0.002812641,feature_dependent,0.1,mc_confidence_only
TCGA-DJ-A3UW,0,0.484980670740331,0.00043205358,feature_dependent,0.1,mc_confidence_only
TCGA-DO-A1K0,1,0.5221735188944739,0.00014904093,feature_dependent,0.1,mc_confidence_only
TCGA-EL-A3CS,0,0.500671193039967,0.0009397547,feature_dependent,0.1,mc_confidence_only
TCGA-E8-A419,1,0.4698457824866063,0.0028199328,feature_dependent,0.1,mc_confidence_only
TCGA-ET-A25J,1,0.5060065153920151,0.0006954142,feature_dependent,0.1,mc_confidence_only
TCGA-DJ-A2Q8,0,0.45475983705613104,0.0010916892,feature_dependent,0.1,mc_confidence_only
TCGA-DE-A69K,0,0.4499419277173892,0.0037041642,feature_dependent,0.1,mc_confidence_only
TCGA-BJ-A0ZB,1,0.4668986272541839,0.0018980341,feature_dependent,0.1,mc_confidence_only
TCGA-DJ-A3UZ,0,0.508375359998199,0.0009882508,feature_dependent,0.1,mc_confidence_only
TCGA-BJ-A28X,1,0.4754458561446426,0.0050896187,feature_dependent,0.1,mc_confidence_only
TCGA-DJ-A1QO,0,0.4676288444268207,0.0056485864,feature_dependent,0.1,mc_confidence_only
TCGA-EL-A3GV,0,0.4859394679692852,2.7157905e-05,feature_dependent,0.1,mc_confidence_only
TCGA-DJ-A2PP,0,0.4819056038680731,0.00063246867,feature_dependent,0.1,mc_confidence_only
TCGA-H2-A2K9,1,0.4104841804532285,0.0026975784,feature_dependent,0.1,mc_confidence_only
TCGA-EM-A4FQ,1,0.5079842861396202,0.0006226392,feature_dependent,0.1,mc_confidence_only
TCGA-FY-A3NN,1,0.43147711841483954,0.00030662146,feature_dependent,0.1,mc_confidence_only
TCGA-EM-A2P1,1,0.4943130149951946,0.00059407536,feature_dependent,0.1,mc_confidence_only
TCGA-MK-A4N7,0,0.4583889322181467,0.00024124801,feature_dependent,0.1,mc_confidence_only
TCGA-L6-A4EP,0,0.43197152851792825,0.0034353465,feature_dependent,0.1,mc_confidence_only
TCGA-BJ-A45F,0,0.46174089298384535,0.0072802803,feature_dependent,0.1,mc_confidence_only
TCGA-FK-A3S3,1,0.5293751375297829,0.00072286226,feature_dependent,0.1,mc_confidence_only
TCGA-E8-A242,0,0.5076522938084572,0.0011848583,feature_dependent,0.1,mc_confidence_only
TCGA-BJ-A291,0,0.5228885694970294,0.00027339548,feature_dependent,0.1,mc_confidence_only
TCGA-EL-A4K4,1,0.5310366645512464,0.005850769,feature_dependent,0.1,mc_confidence_only
TCGA-EM-A3AR,1,0.48198872126741166,0.00016660604,feature_dependent,0.1,mc_confidence_only
TCGA-EL-A3T0,1,0.45706212590678913,0.0017979518,feature_dependent,0.1,mc_confidence_only
TCGA-EM-A22M,0,0.5065251574632258,0.0073107197,feature_dependent,0.1,mc_confidence_only
TCGA-GE-A2C6,1,0.4268896245782688,0.007315852,feature_dependent,0.1,mc_confidence_only
TCGA-EM-A3O9,0,0.48637817201918493,0.00023189717,feature_dependent,0.1,mc_confidence_only
TCGA-IM-A420,1,0.4899390157393513,0.000106029795,feature_dependent,0.1,mc_confidence_only
TCGA-J8-A3O1,1,0.5111660968387917,0.0011291438,feature_dependent,0.1,mc_confidence_only
TCGA-DJ-A3V8,1,0.4885300149142986,0.0005156293,feature_dependent,0.1,mc_confidence_only
TCGA-FY-A40K,0,0.5187670608242353,0.0005414956,feature_dependent,0.1,mc_confidence_only
TCGA-EL-A3ZM,1,0.48252214621507955,0.0015327408,feature_dependent,0.1,mc_confidence_only
TCGA-EM-A2OX,1,0.4673364564954022,0.004814632,feature_dependent,0.1,mc_confidence_only
TCGA-FE-A237,1,0.4266351879582942,0.0037875203,feature_dependent,0.1,mc_confidence_only
TCGA-EL-A3MW,0,0.507145791339266,0.0015137489,feature_dependent,0.1,mc_confidence_only
TCGA-FK-A3SE,1,0.4635892279223544,0.0050820652,feature_dependent,0.1,mc_confidence_only
TCGA-ET-A25M,1,0.5436942254931365,0.013979852,feature_dependent,0.1,mc_confidence_only
TCGA-EM-A22L,0,0.4765271869889605,0.00021181283,feature_dependent,0.1,mc_confidence_only
TCGA-DJ-A13W,0,0.3730677136665322,0.0008486789,feature_dependent,0.1,mc_confidence_only
TCGA-DJ-A13M,0,0.465058279665956,0.00398232,feature_dependent,0.1,mc_confidence_only
TCGA-E8-A433,0,0.5003121046586909,0.0006234756,feature_dependent,0.1,mc_confidence_only
TCGA-E3-A3E5,1,0.46638425569256875,0.0022210947,feature_dependent,0.1,mc_confidence_only
TCGA-BJ-A0ZH,1,0.4645098753021646,0.0009304792,feature_dependent,0.1,mc_confidence_only
TCGA-DJ-A4UT,0,0.5004175779258992,0.00028896387,feature_dependent,0.1,mc_confidence_only
TCGA-EL-A3ZN,1,0.48358420453241635,0.000105472194,feature_dependent,0.1,mc_confidence_only
TCGA-E8-A436,1,0.47511295035196915,0.0063949614,feature_dependent,0.1,mc_confidence_only
TCGA-ET-A3BO,1,0.46403752413192106,0.0020913014,feature_dependent,0.1,mc_confidence_only
TCGA-E8-A418,0,0.48839511742146513,0.0014887002,feature_dependent,0.1,mc_confidence_only
TCGA-FY-A40M,0,0.45915069283548543,3.36779e-05,feature_dependent,0.1,mc_confidence_only
TCGA-EL-A3TB,1,0.4475985602049228,0.005381026,feature_dependent,0.1,mc_confidence_only
TCGA-EL-A4JW,0,0.4179694731005477,0.0013348056,feature_dependent,0.1,mc_confidence_only
TCGA-FY-A3NP,0,0.5059650904720218,0.0005067208,feature_dependent,0.1,mc_confidence_only
TCGA-DE-A0XZ,1,0.4678277938604955,0.00014340701,feature_dependent,0.1,mc_confidence_only
TCGA-EM-A22N,0,0.48277308563731025,0.00020477572,feature_dependent,0.1,mc_confidence_only
TCGA-DJ-A13O,0,0.4608483554426844,0.0009710949,feature_dependent,0.1,mc_confidence_only
TCGA-DJ-A4UR,1,0.5209119761866768,0.00022818224,feature_dependent,0.1,mc_confidence_only
TCGA-DJ-A4V5,1,0.4732362497907919,0.0044238474,feature_dependent,0.1,mc_confidence_only
TCGA-ET-A2MZ,0,0.47190203074874154,0.003470719,feature_dependent,0.1,mc_confidence_only
TCGA-J8-A3NZ,1,0.48631497710683674,6.363731e-05,feature_dependent,0.1,mc_confidence_only
TCGA-BJ-A2N8,0,0.45359441065368866,0.00072608935,feature_dependent,0.1,mc_confidence_only
TCGA-DE-A0Y3,1,0.4960647528486916,0.0010500537,feature_dependent,0.1,nars_gated
TCGA-DJ-A2PX,0,0.5073968582505858,0.0004792049,feature_dependent,0.1,nars_gated
TCGA-IM-A3U2,1,0.4466628921389347,0.008308216,feature_dependent,0.1,nars_gated
TCGA-DJ-A1QL,0,0.4522608010515845,0.0010022224,feature_dependent,0.1,nars_gated
TCGA-EM-A2CT,0,0.4962319999450839,0.00029351722,feature_dependent,0.1,nars_gated
TCGA-ET-A2N4,0,0.4530830606701339,0.0008855032,feature_dependent,0.1,nars_gated
TCGA-EL-A3T6,0,0.4498207345995994,0.002812641,feature_dependent,0.1,nars_gated
TCGA-DJ-A3UW,0,0.484980670740331,0.00043205358,feature_dependent,0.1,nars_gated
TCGA-DO-A1K0,1,0.5221735221137824,0.00014904093,feature_dependent,0.1,nars_gated
TCGA-EL-A3CS,0,0.500671191594584,0.0009397547,feature_dependent,0.1,nars_gated
TCGA-E8-A419,1,0.4698457824866063,0.0028199328,feature_dependent,0.1,nars_gated
TCGA-ET-A25J,1,0.5060065153920151,0.0006954142,feature_dependent,0.1,nars_gated
TCGA-DJ-A2Q8,0,0.45475983705613104,0.0010916892,feature_dependent,0.1,nars_gated
TCGA-DE-A69K,0,0.4499419091061226,0.0037041642,feature_dependent,0.1,nars_gated
TCGA-BJ-A0ZB,1,0.4668986255521201,0.0018980341,feature_dependent,0.1,nars_gated
TCGA-DJ-A3UZ,0,0.5083753641637915,0.0009882508,feature_dependent,0.1,nars_gated
TCGA-BJ-A28X,1,0.475445860396883,0.0050896187,feature_dependent,0.1,nars_gated
TCGA-DJ-A1QO,0,0.4676288428282307,0.0056485864,feature_dependent,0.1,nars_gated
TCGA-EL-A3GV,0,0.4859395026065061,2.7157905e-05,feature_dependent,0.1,nars_gated
TCGA-DJ-A2PP,0,0.4819056038680731,0.00063246867,feature_dependent,0.1,nars_gated
TCGA-H2-A2K9,1,0.4104841804532285,0.0026975784,feature_dependent,0.1,nars_gated
TCGA-EM-A4FQ,1,0.5079842861396202,0.0006226392,feature_dependent,0.1,nars_gated
TCGA-FY-A3NN,1,0.43147711841483954,0.00030662146,feature_dependent,0.1,nars_gated
TCGA-EM-A2P1,1,0.4943130149951946,0.00059407536,feature_dependent,0.1,nars_gated
TCGA-MK-A4N7,0,0.4583889322181467,0.00024124801,feature_dependent,0.1,nars_gated
TCGA-L6-A4EP,0,0.43197152851792825,0.0034353465,feature_dependent,0.1,nars_gated
TCGA-BJ-A45F,0,0.4617408922911241,0.0072802803,feature_dependent,0.1,nars_gated
TCGA-FK-A3S3,1,0.5293751839960049,0.00072286226,feature_dependent,0.1,nars_gated
TCGA-E8-A242,0,0.5076522993900752,0.0011848583,feature_dependent,0.1,nars_gated
TCGA-BJ-A291,0,0.5228885694969524,0.00027339548,feature_dependent,0.1,nars_gated
TCGA-EL-A4K4,1,0.5310366688269778,0.005850769,feature_dependent,0.1,nars_gated
TCGA-EM-A3AR,1,0.48198872126741166,0.00016660604,feature_dependent,0.1,nars_gated
TCGA-EL-A3T0,1,0.45706212590681733,0.0017979518,feature_dependent,0.1,nars_gated
TCGA-EM-A22M,0,0.5065251574632258,0.0073107197,feature_dependent,0.1,nars_gated
TCGA-GE-A2C6,1,0.4268896245782688,0.007315852,feature_dependent,0.1,nars_gated
TCGA-EM-A3O9,0,0.4863781758181495,0.00023189717,feature_dependent,0.1,nars_gated
TCGA-IM-A420,1,0.4899390157393513,0.000106029795,feature_dependent,0.1,nars_gated
TCGA-J8-A3O1,1,0.5111660997179569,0.0011291438,feature_dependent,0.1,nars_gated
TCGA-DJ-A3V8,1,0.48853001491485054,0.0005156293,feature_dependent,0.1,nars_gated
TCGA-FY-A40K,0,0.5187670608242353,0.0005414956,feature_dependent,0.1,nars_gated
TCGA-EL-A3ZM,1,0.48252214506589497,0.0015327408,feature_dependent,0.1,nars_gated
TCGA-EM-A2OX,1,0.4673364564954022,0.004814632,feature_dependent,0.1,nars_gated
TCGA-FE-A237,1,0.4266351909921324,0.0037875203,feature_dependent,0.1,nars_gated
TCGA-EL-A3MW,0,0.5071457903477457,0.0015137489,feature_dependent,0.1,nars_gated
TCGA-FK-A3SE,1,0.4635892279223544,0.0050820652,feature_dependent,0.1,nars_gated
TCGA-ET-A25M,1,0.5436942254931365,0.013979852,feature_dependent,0.1,nars_gated
TCGA-EM-A22L,0,0.4765271869889605,0.00021181283,feature_dependent,0.1,nars_gated
TCGA-DJ-A13W,0,0.3730677136665322,0.0008486789,feature_dependent,0.1,nars_gated
TCGA-DJ-A13M,0,0.465058279665956,0.00398232,feature_dependent,0.1,nars_gated
TCGA-E8-A433,0,0.5003121046586909,0.0006234756,feature_dependent,0.1,nars_gated
TCGA-E3-A3E5,1,0.4663842549982009,0.0022210947,feature_dependent,0.1,nars_gated
TCGA-BJ-A0ZH,1,0.4645098753021646,0.0009304792,feature_dependent,0.1,nars_gated
TCGA-DJ-A4UT,0,0.5004175779258992,0.00028896387,feature_dependent,0.1,nars_gated
TCGA-EL-A3ZN,1,0.48358420882891195,0.000105472194,feature_dependent,0.1,nars_gated
TCGA-E8-A436,1,0.47511295035196915,0.0063949614,feature_dependent,0.1,nars_gated
TCGA-ET-A3BO,1,0.46403752413204463,0.0020913014,feature_dependent,0.1,nars_gated
TCGA-E8-A418,0,0.48839511667615976,0.0014887002,feature_dependent,0.1,nars_gated
TCGA-FY-A40M,0,0.45915069283548543,3.36779e-05,feature_dependent,0.1,nars_gated
TCGA-EL-A3TB,1,0.4475985681387275,0.005381026,feature_dependent,0.1,nars_gated
TCGA-EL-A4JW,0,0.4179694731005477,0.0013348056,feature_dependent,0.1,nars_gated
TCGA-FY-A3NP,0,0.5059650904719604,0.0005067208,feature_dependent,0.1,nars_gated
TCGA-DE-A0XZ,1,0.4678277938604611,0.00014340701,feature_dependent,0.1,nars_gated
TCGA-EM-A22N,0,0.4827730877531387,0.00020477572,feature_dependent,0.1,nars_gated
TCGA-DJ-A13O,0,0.4608483440836755,0.0009710949,feature_dependent,0.1,nars_gated
TCGA-DJ-A4UR,1,0.5209120323925959,0.00022818224,feature_dependent,0.1,nars_gated
TCGA-DJ-A4V5,1,0.47323624885387505,0.0044238474,feature_dependent,0.1,nars_gated
TCGA-ET-A2MZ,0,0.47190203074874154,0.003470719,feature_dependent,0.1,nars_gated
TCGA-J8-A3NZ,1,0.4863149797861368,6.363731e-05,feature_dependent,0.1,nars_gated
TCGA-BJ-A2N8,0,0.45359441065368866,0.00072608935,feature_dependent,0.1,nars_gated
TCGA-DE-A0Y3,1,0.4915060673881974,0.0010311631,feature_dependent,0.3,baseline
TCGA-DJ-A2PX,0,0.5104599980906971,0.0004665764,feature_dependent,0.3,baseline
TCGA-IM-A3U2,1,0.4466666345452775,0.008308216,feature_dependent,0.3,baseline
TCGA-DJ-A1QL,0,0.45656000324511464,0.0010330969,feature_dependent,0.3,baseline
TCGA-EM-A2CT,0,0.4973142174716887,0.0002761607,feature_dependent,0.3,baseline
TCGA-ET-A2N4,0,0.4544581628002901,0.0008784267,feature_dependent,0.3,baseline
TCGA-EL-A3T6,0,0.45012023063079293,0.002791193,feature_dependent,0.3,baseline
TCGA-DJ-A3UW,0,0.4863117322131488,0.000421003,feature_dependent,0.3,baseline
TCGA-DO-A1K0,1,0.5221711812734721,0.00014904093,feature_dependent,0.3,baseline
TCGA-EL-A3CS,0,0.5001636317751064,0.00094374106,feature_dependent,0.3,baseline
TCGA-E8-A419,1,0.47011080808815525,0.0028159146,feature_dependent,0.3,baseline
TCGA-ET-A25J,1,0.505993750846788,0.0006954142,feature_dependent,0.3,baseline
TCGA-DJ-A2Q8,0,0.45476217049359274,0.0010916892,feature_dependent,0.3,baseline
TCGA-DE-A69K,0,0.4481206024715985,0.0036948454,feature_dependent,0.3,baseline
TCGA-BJ-A0ZB,1,0.4668800004125398,0.0018949431,feature_dependent,0.3,baseline
TCGA-DJ-A3UZ,0,0.5080570935802609,0.00097513944,feature_dependent,0.3,baseline
TCGA-BJ-A28X,1,0.4755338282970773,0.0050873477,feature_dependent,0.3,baseline
TCGA-DJ-A1QO,0,0.4687224905699592,0.005699676,feature_dependent,0.3,baseline
TCGA-EL-A3GV,0,0.4858578473617536,2.7312752e-05,feature_dependent,0.3,baseline
TCGA-DJ-A2PP,0,0.48108731168277047,0.00059599505,feature_dependent,0.3,baseline
TCGA-H2-A2K9,1,0.4104301687790953,0.0027096896,feature_dependent,0.3,baseline
TCGA-EM-A4FQ,1,0.5130844944999521,0.0006531477,feature_dependent,0.3,baseline
TCGA-FY-A3NN,1,0.43192139140546,0.00027472724,feature_dependent,0.3,baseline
TCGA-EM-A2P1,1,0.49453467059816153,0.0005921431,feature_dependent,0.3,baseline
TCGA-MK-A4N7,0,0.4576060875933829,0.00023708282,feature_dependent,0.3,baseline
TCGA-L6-A4EP,0,0.4319718076541379,0.0034353465,feature_dependent,0.3,baseline
TCGA-BJ-A45F,0,0.4617213125311103,0.0072802803,feature_dependent,0.3,baseline
TCGA-FK-A3S3,1,0.5285565263156934,0.0007745304,feature_dependent,0.3,baseline
TCGA-E8-A242,0,0.5077751130397693,0.0012221417,feature_dependent,0.3,baseline
TCGA-BJ-A291,0,0.5233655832979959,0.00027948702,feature_dependent,0.3,baseline
TCGA-EL-A4K4,1,0.5297816186376821,0.005883759,feature_dependent,0.3,baseline
TCGA-EM-A3AR,1,0.4820083890235464,0.00016654875,feature_dependent,0.3,baseline
TCGA-EL-A3T0,1,0.4570645879232868,0.0017979518,feature_dependent,0.3,baseline
TCGA-EM-A22M,0,0.5052983023253835,0.0072346586,feature_dependent,0.3,baseline
TCGA-GE-A2C6,1,0.42713050054512963,0.007329356,feature_dependent,0.3,baseline
TCGA-EM-A3O9,0,0.48614707617351743,0.00023339746,feature_dependent,0.3,baseline
TCGA-IM-A420,1,0.49046751576252445,0.00010579553,feature_dependent,0.3,baseline
TCGA-J8-A3O1,1,0.5097736902718253,0.001103531,feature_dependent,0.3,baseline
TCGA-DJ-A3V8,1,0.4885505791066991,0.0005156293,feature_dependent,0.3,baseline
TCGA-FY-A40K,0,0.5187659297049148,0.0005414956,feature_dependent,0.3,baseline
TCGA-EL-A3ZM,1,0.482463778861762,0.0015553735,feature_dependent,0.3,baseline
TCGA-EM-A2OX,1,0.4659871290517279,0.0048867725,feature_dependent,0.3,baseline
TCGA-FE-A237,1,0.4272231300648938,0.0038057445,feature_dependent,0.3,baseline
TCGA-EL-A3MW,0,0.5071492261593568,0.0015137489,feature_dependent,0.3,baseline
TCGA-FK-A3SE,1,0.46357768938958516,0.0050820652,feature_dependent,0.3,baseline
TCGA-ET-A25M,1,0.5437151452357158,0.013979852,feature_dependent,0.3,baseline
TCGA-EM-A22L,0,0.4796132293398429,0.00020177434,feature_dependent,0.3,baseline
TCGA-DJ-A13W,0,0.37478148724490873,0.0008497487,feature_dependent,0.3,baseline
TCGA-DJ-A13M,0,0.46535056810988146,0.003982644,feature_dependent,0.3,baseline
TCGA-E8-A433,0,0.49979986403465587,0.0006085216,feature_dependent,0.3,baseline
TCGA-E3-A3E5,1,0.46456462529318454,0.0022111489,feature_dependent,0.3,baseline
TCGA-BJ-A0ZH,1,0.4631538461405773,0.0009073411,feature_dependent,0.3,baseline
TCGA-DJ-A4UT,0,0.5004046172952926,0.00028896387,feature_dependent,0.3,baseline
TCGA-EL-A3ZN,1,0.4830442455937316,0.00011120237,feature_dependent,0.3,baseline
TCGA-E8-A436,1,0.4739281368287507,0.006392818,feature_dependent,0.3,baseline
TCGA-ET-A3BO,1,0.4654387689313402,0.002197676,feature_dependent,0.3,baseline
TCGA-E8-A418,0,0.4881330712251137,0.0014703929,feature_dependent,0.3,baseline
TCGA-FY-A40M,0,0.4588538816875049,4.3520926e-05,feature_dependent,0.3,baseline
TCGA-EL-A3TB,1,0.44606621495681154,0.00539881,feature_dependent,0.3,baseline
TCGA-EL-A4JW,0,0.41797452601429946,0.0013348056,feature_dependent,0.3,baseline
TCGA-FY-A3NP,0,0.5088726656201641,0.000487039,feature_dependent,0.3,baseline
TCGA-DE-A0XZ,1,0.4678147955368475,0.00014340701,feature_dependent,0.3,baseline
TCGA-EM-A22N,0,0.4853683042403887,0.0002139833,feature_dependent,0.3,baseline
TCGA-DJ-A13O,0,0.46085052012034167,0.0009706916,feature_dependent,0.3,baseline
TCGA-DJ-A4UR,1,0.5213379950798722,0.00023412718,feature_dependent,0.3,baseline
TCGA-DJ-A4V5,1,0.4732285573062567,0.0044238474,feature_dependent,0.3,baseline
TCGA-ET-A2MZ,0,0.4718981541851745,0.003470719,feature_dependent,0.3,baseline
TCGA-J8-A3NZ,1,0.4862978859773442,6.363731e-05,feature_dependent,0.3,baseline
TCGA-BJ-A2N8,0,0.45338686376042076,0.0007531359,feature_dependent,0.3,baseline
TCGA-DE-A0Y3,1,0.49150190397268845,0.0010311631,feature_dependent,0.3,mc_confidence_only
TCGA-DJ-A2PX,0,0.5104722502789211,0.0004665764,feature_dependent,0.3,mc_confidence_only
TCGA-IM-A3U2,1,0.4466628915086286,0.008308216,feature_dependent,0.3,mc_confidence_only
TCGA-DJ-A1QL,0,0.45657036074950014,0.0010330969,feature_dependent,0.3,mc_confidence_only
TCGA-EM-A2CT,0,0.4972990681670582,0.0002761607,feature_dependent,0.3,mc_confidence_only
TCGA-ET-A2N4,0,0.454444508681094,0.0008784267,feature_dependent,0.3,mc_confidence_only
TCGA-EL-A3T6,0,0.45011875289668546,0.002791193,feature_dependent,0.3,mc_confidence_only
TCGA-DJ-A3UW,0,0.48631024187086475,0.000421003,feature_dependent,0.3,mc_confidence_only
TCGA-DO-A1K0,1,0.5221735188944739,0.00014904093,feature_dependent,0.3,mc_confidence_only
TCGA-EL-A3CS,0,0.5001594563744904,0.00094374106,feature_dependent,0.3,mc_confidence_only
TCGA-E8-A419,1,0.4701128309322427,0.0028159146,feature_dependent,0.3,mc_confidence_only
TCGA-ET-A25J,1,0.5060065153920151,0.0006954142,feature_dependent,0.3,mc_confidence_only
TCGA-DJ-A2Q8,0,0.45475983705613104,0.0010916892,feature_dependent,0.3,mc_confidence_only
TCGA-DE-A69K,0,0.44810817818215853,0.0036948454,feature_dependent,0.3,mc_confidence_only
TCGA-BJ-A0ZB,1,0.46689088914957017,0.0018949431,feature_dependent,0.3,mc_confidence_only
TCGA-DJ-A3UZ,0,0.5080515294316436,0.00097513944,feature_dependent,0.3,mc_confidence_only
TCGA-BJ-A28X,1,0.4755489489130255,0.0050873477,feature_dependent,0.3,mc_confidence_only
TCGA-DJ-A1QO,0,0.46873548237933793,0.005699676,feature_dependent,0.3,mc_confidence_only
TCGA-EL-A3GV,0,0.4858543477598866,2.7312752e-05,feature_dependent,0.3,mc_confidence_only
TCGA-DJ-A2PP,0,0.48107254398599114,0.00059599505,feature_dependent,0.3,mc_confidence_only
TCGA-H2-A2K9,1,0.41043100443237135,0.0027096896,feature_dependent,0.3,mc_confidence_only
TCGA-EM-A4FQ,1,0.5130754583942555,0.0006531477,feature_dependent,0.3,mc_confidence_only
TCGA-FY-A3NN,1,0.43191784964233504,0.00027472724,feature_dependent,0.3,mc_confidence_only
TCGA-EM-A2P1,1,0.49451567667088087,0.0005921431,feature_dependent,0.3,mc_confidence_only
TCGA-MK-A4N7,0,0.45759491622222664,0.00023708282,feature_dependent,0.3,mc_confidence_only
TCGA-L6-A4EP,0,0.43197152851792825,0.0034353465,feature_dependent,0.3,mc_confidence_only
TCGA-BJ-A45F,0,0.46174089298384535,0.0072802803,feature_dependent,0.3,mc_confidence_only
TCGA-FK-A3S3,1,0.528546366130229,0.0007745304,feature_dependent,0.3,mc_confidence_only
TCGA-E8-A242,0,0.5077688482333009,0.0012221417,feature_dependent,0.3,mc_confidence_only
TCGA-BJ-A291,0,0.5233687574548738,0.00027948702,feature_dependent,0.3,mc_confidence_only
TCGA-EL-A4K4,1,0.5297816911556492,0.005883759,feature_dependent,0.3,mc_confidence_only
TCGA-EM-A3AR,1,0.48199540556824133,0.00016654875,feature_dependent,0.3,mc_confidence_only
TCGA-EL-A3T0,1,0.45706212590678913,0.0017979518,feature_dependent,0.3,mc_confidence_only
TCGA-EM-A22M,0,0.5052932044977304,0.0072346586,feature_dependent,0.3,mc_confidence_only
TCGA-GE-A2C6,1,0.42714713847611213,0.007329356,feature_dependent,0.3,mc_confidence_only
TCGA-EM-A3O9,0,0.4861551096571743,0.00023339746,feature_dependent,0.3,mc_confidence_only
TCGA-IM-A420,1,0.490442031305203,0.00010579553,feature_dependent,0.3,mc_confidence_only
TCGA-J8-A3O1,1,0.5097881071602163,0.001103531,feature_dependent,0.3,mc_confidence_only
TCGA-DJ-A3V8,1,0.4885300149142986,0.0005156293,feature_dependent,0.3,mc_confidence_only
TCGA-FY-A40K,0,0.5187670608242353,0.0005414956,feature_dependent,0.3,mc_confidence_only
TCGA-EL-A3ZM,1,0.4824627312170196,0.0015553735,feature_dependent,0.3,mc_confidence_only
TCGA-EM-A2OX,1,0.46601105080418953,0.0048867725,feature_dependent,0.3,mc_confidence_only
TCGA-FE-A237,1,0.42723502710492983,0.0038057445,feature_dependent,0.3,mc_confidence_only
TCGA-EL-A3MW,0,0.507145791339266,0.0015137489,feature_dependent,0.3,mc_confidence_only
TCGA-FK-A3SE,1,0.4635892279223544,0.0050820652,feature_dependent,0.3,mc_confidence_only
TCGA-ET-A25M,1,0.5436942254931365,0.013979852,feature_dependent,0.3,mc_confidence_only
TCGA-EM-A22L,0,0.4796286587015919,0.00020177434,feature_dependent,0.3,mc_confidence_only
TCGA-DJ-A13W,0,0.37477017179377836,0.0008497487,feature_dependent,0.3,mc_confidence_only
TCGA-DJ-A13M,0,0.46534957249202463,0.003982644,feature_dependent,0.3,mc_confidence_only
TCGA-E8-A433,0,0.4998062986796821,0.0006085216,feature_dependent,0.3,mc_confidence_only
TCGA-E3-A3E5,1,0.46454385471484416,0.0022111489,feature_dependent,0.3,mc_confidence_only
TCGA-BJ-A0ZH,1,0.46317017972512264,0.0009073411,feature_dependent,0.3,mc_confidence_only
TCGA-DJ-A4UT,0,0.5004175779258992,0.00028896387,feature_dependent,0.3,mc_confidence_only
TCGA-EL-A3ZN,1,0.4830558699194072,0.00011120237,feature_dependent,0.3,mc_confidence_only
TCGA-E8-A436,1,0.4739371649730652,0.006392818,feature_dependent,0.3,mc_confidence_only
TCGA-ET-A3BO,1,0.4654290511902846,0.002197676,feature_dependent,0.3,mc_confidence_only
TCGA-E8-A418,0,0.488121742696501,0.0014703929,feature_dependent,0.3,mc_confidence_only
TCGA-FY-A40M,0,0.4588577637938229,4.3520926e-05,feature_dependent,0.3,mc_confidence_only
TCGA-EL-A3TB,1,0.4460641578358718,0.00539881,feature_dependent,0.3,mc_confidence_only
TCGA-EL-A4JW,0,0.4179694731005477,0.0013348056,feature_dependent,0.3,mc_confidence_only
TCGA-FY-A3NP,0,0.508885777761606,0.000487039,feature_dependent,0.3,mc_confidence_only
TCGA-DE-A0XZ,1,0.4678277938604955,0.00014340701,feature_dependent,0.3,mc_confidence_only
TCGA-EM-A22N,0,0.48535311663858843,0.0002139833,feature_dependent,0.3,mc_confidence_only
TCGA-DJ-A13O,0,0.46086818512865535,0.0009706916,feature_dependent,0.3,mc_confidence_only
TCGA-DJ-A4UR,1,0.52132570435107,0.00023412718,feature_dependent,0.3,mc_confidence_only
TCGA-DJ-A4V5,1,0.4732362497907919,0.0044238474,feature_dependent,0.3,mc_confidence_only
TCGA-ET-A2MZ,0,0.47190203074874154,0.003470719,feature_dependent,0.3,mc_confidence_only
TCGA-J8-A3NZ,1,0.48631497710683674,6.363731e-05,feature_dependent,0.3,mc_confidence_only
TCGA-BJ-A2N8,0,0.45339446405325967,0.0007531359,feature_dependent,0.3,mc_confidence_only
TCGA-DE-A0Y3,1,0.491501902972697,0.0010311631,feature_dependent,0.3,nars_gated
TCGA-DJ-A2PX,0,0.5104722502789211,0.0004665764,feature_dependent,0.3,nars_gated
TCGA-IM-A3U2,1,0.4466628921389347,0.008308216,feature_dependent,0.3,nars_gated
TCGA-DJ-A1QL,0,0.45657035798067463,0.0010330969,feature_dependent,0.3,nars_gated
TCGA-EM-A2CT,0,0.4972990681670582,0.0002761607,feature_dependent,0.3,nars_gated
TCGA-ET-A2N4,0,0.4544445793524278,0.0008784267,feature_dependent,0.3,nars_gated
TCGA-EL-A3T6,0,0.4501187564074682,0.002791193,feature_dependent,0.3,nars_gated
TCGA-DJ-A3UW,0,0.48631024187086475,0.000421003,feature_dependent,0.3,nars_gated
TCGA-DO-A1K0,1,0.5221735221137824,0.00014904093,feature_dependent,0.3,nars_gated
TCGA-EL-A3CS,0,0.5001594549349258,0.00094374106,feature_dependent,0.3,nars_gated
TCGA-E8-A419,1,0.4701128309322427,0.0028159146,feature_dependent,0.3,nars_gated
TCGA-ET-A25J,1,0.5060065153920151,0.0006954142,feature_dependent,0.3,nars_gated
TCGA-DJ-A2Q8,0,0.45475983705613104,0.0010916892,feature_dependent,0.3,nars_gated
TCGA-DE-A69K,0,0.4481081600090209,0.0036948454,feature_dependent,0.3,nars_gated
TCGA-BJ-A0ZB,1,0.4668908874477542,0.0018949431,feature_dependent,0.3,nars_gated
TCGA-DJ-A3UZ,0,0.5080515294314782,0.00097513944,feature_dependent,0.3,nars_gated
TCGA-BJ-A28X,1,0.4755489489130255,0.0050873477,feature_dependent,0.3,nars_gated
TCGA-DJ-A1QO,0,0.46873548093372025,0.005699676,feature_dependent,0.3,nars_gated
TCGA-EL-A3GV,0,0.4858543824260552,2.7312752e-05,feature_dependent,0.3,nars_gated
TCGA-DJ-A2PP,0,0.48107254398599114,0.00059599505,feature_dependent,0.3,nars_gated
TCGA-H2-A2K9,1,0.41043100443237135,0.0027096896,feature_dependent,0.3,nars_gated
TCGA-EM-A4FQ,1,0.5130754583942555,0.0006531477,feature_dependent,0.3,nars_gated
TCGA-FY-A3NN,1,0.43191784964233504,0.00027472724,feature_dependent,0.3,nars_gated
TCGA-EM-A2P1,1,0.49451567667088087,0.0005921431,feature_dependent,0.3,nars_gated
TCGA-MK-A4N7,0,0.45759491622222664,0.00023708282,feature_dependent,0.3,nars_gated
TCGA-L6-A4EP,0,0.43197152851792825,0.0034353465,feature_dependent,0.3,nars_gated
TCGA-BJ-A45F,0,0.4617408922911241,0.0072802803,feature_dependent,0.3,nars_gated
TCGA-FK-A3S3,1,0.5285464130746217,0.0007745304,feature_dependent,0.3,nars_gated
TCGA-E8-A242,0,0.5077688476610885,0.0012221417,feature_dependent,0.3,nars_gated
TCGA-BJ-A291,0,0.5233687574547968,0.00027948702,feature_dependent,0.3,nars_gated
TCGA-EL-A4K4,1,0.5297816911556492,0.005883759,feature_dependent,0.3,nars_gated
TCGA-EM-A3AR,1,0.48199540556824133,0.00016654875,feature_dependent,0.3,nars_gated
TCGA-EL-A3T0,1,0.45706212590681733,0.0017979518,feature_dependent,0.3,nars_gated
TCGA-EM-A22M,0,0.5052932044977304,0.0072346586,feature_dependent,0.3,nars_gated
TCGA-GE-A2C6,1,0.42714713847611213,0.007329356,feature_dependent,0.3,nars_gated
TCGA-EM-A3O9,0,0.48615511346827817,0.00023339746,feature_dependent,0.3,nars_gated
TCGA-IM-A420,1,0.490442031305203,0.00010579553,feature_dependent,0.3,nars_gated
TCGA-J8-A3O1,1,0.5097881100756796,0.001103531,feature_dependent,0.3,nars_gated
TCGA-DJ-A3V8,1,0.48853001491485054,0.0005156293,feature_dependent,0.3,nars_gated
TCGA-FY-A40K,0,0.5187670608242353,0.0005414956,feature_dependent,0.3,nars_gated
TCGA-EL-A3ZM,1,0.4824627300692282,0.0015553735,feature_dependent,0.3,nars_gated
TCGA-EM-A2OX,1,0.46601105080418953,0.0048867725,feature_dependent,0.3,nars_gated
TCGA-FE-A237,1,0.42723503012979464,0.0038057445,feature_dependent,0.3,nars_gated
TCGA-EL-A3MW,0,0.5071457903477457,0.0015137489,feature_dependent,0.3,nars_gated
TCGA-FK-A3SE,1,0.4635892279223544,0.0050820652,feature_dependent,0.3,nars_gated
TCGA-ET-A25M,1,0.5436942254931365,0.013979852,feature_dependent,0.3,nars_gated
TCGA-EM-A22L,0,0.4796286587015919,0.00020177434,feature_dependent,0.3,nars_gated
TCGA-DJ-A13W,0,0.37477017179377836,0.0008497487,feature_dependent,0.3,nars_gated
TCGA-DJ-A13M,0,0.46534957249202463,0.003982644,feature_dependent,0.3,nars_gated
TCGA-E8-A433,0,0.4998062986796821,0.0006085216,feature_dependent,0.3,nars_gated
TCGA-E3-A3E5,1,0.46454385471484416,0.0022111489,feature_dependent,0.3,nars_gated
TCGA-BJ-A0ZH,1,0.46317017972512264,0.0009073411,feature_dependent,0.3,nars_gated
TCGA-DJ-A4UT,0,0.5004175779258992,0.00028896387,feature_dependent,0.3,nars_gated
TCGA-EL-A3ZN,1,0.4830558699194072,0.00011120237,feature_dependent,0.3,nars_gated
TCGA-E8-A436,1,0.4739371649730652,0.006392818,feature_dependent,0.3,nars_gated
TCGA-ET-A3BO,1,0.4654290511902846,0.002197676,feature_dependent,0.3,nars_gated
TCGA-E8-A418,0,0.4881217419696502,0.0014703929,feature_dependent,0.3,nars_gated
TCGA-FY-A40M,0,0.4588577637938229,4.3520926e-05,feature_dependent,0.3,nars_gated
TCGA-EL-A3TB,1,0.4460641578358718,0.00539881,feature_dependent,0.3,nars_gated
TCGA-EL-A4JW,0,0.4179694731005477,0.0013348056,feature_dependent,0.3,nars_gated
TCGA-FY-A3NP,0,0.5088857777615439,0.000487039,feature_dependent,0.3,nars_gated
TCGA-DE-A0XZ,1,0.4678277938604611,0.00014340701,feature_dependent,0.3,nars_gated
TCGA-EM-A22N,0,0.485353118766448,0.0002139833,feature_dependent,0.3,nars_gated
TCGA-DJ-A13O,0,0.46086817376943395,0.0009706916,feature_dependent,0.3,nars_gated
TCGA-DJ-A4UR,1,0.5213257605156721,0.00023412718,feature_dependent,0.3,nars_gated
TCGA-DJ-A4V5,1,0.47323624885387505,0.0044238474,feature_dependent,0.3,nars_gated
TCGA-ET-A2MZ,0,0.47190203074874154,0.003470719,feature_dependent,0.3,nars_gated
TCGA-J8-A3NZ,1,0.4863149797861368,6.363731e-05,feature_dependent,0.3,nars_gated
TCGA-BJ-A2N8,0,0.45339446405325967,0.0007531359,feature_dependent,0.3,nars_gated
TCGA-DE-A0Y3,1,0.49133601003330335,0.0010140687,feature_dependent,0.5,baseline
TCGA-DJ-A2PX,0,0.5129353262216253,0.00048416713,feature_dependent,0.5,baseline
TCGA-IM-A3U2,1,0.44601483308215545,0.008465621,feature_dependent,0.5,baseline
TCGA-DJ-A1QL,0,0.46163571907271317,0.00096440176,feature_dependent,0.5,baseline
TCGA-EM-A2CT,0,0.4973142174716887,0.0002761607,feature_dependent,0.5,baseline
TCGA-ET-A2N4,0,0.4544581628002901,0.0008784267,feature_dependent,0.5,baseline
TCGA-EL-A3T6,0,0.4501275956529133,0.0027916871,feature_dependent,0.5,baseline
TCGA-DJ-A3UW,0,0.48501928786978427,0.00040372586,feature_dependent,0.5,baseline
TCGA-DO-A1K0,1,0.5218962155335232,0.00015460255,feature_dependent,0.5,baseline
TCGA-EL-A3CS,0,0.5001636317751064,0.00094374106,feature_dependent,0.5,baseline
TCGA-E8-A419,1,0.47011080808815525,0.0028159146,feature_dependent,0.5,baseline
TCGA-ET-A25J,1,0.5058382331741421,0.0007026081,feature_dependent,0.5,baseline
TCGA-DJ-A2Q8,0,0.45650454331830037,0.0010971943,feature_dependent,0.5,baseline
TCGA-DE-A69K,0,0.4485482705315265,0.0036629802,feature_dependent,0.5,baseline
TCGA-BJ-A0ZB,1,0.465245542391816,0.0019295616,feature_dependent,0.5,baseline
TCGA-DJ-A3UZ,0,0.5081779286059961,0.000978961,feature_dependent,0.5,baseline
TCGA-BJ-A28X,1,0.47589919996415925,0.0050814156,feature_dependent,0.5,baseline
TCGA-DJ-A1QO,0,0.4703011390061979,0.0057467166,feature_dependent,0.5,baseline
TCGA-EL-A3GV,0,0.48699916434382123,2.1437569e-05,feature_dependent,0.5,baseline
TCGA-DJ-A2PP,0,0.48108731168277047,0.00059599505,feature_dependent,0.5,baseline
TCGA-H2-A2K9,1,0.4098068505719499,0.0026286507,feature_dependent,0.5,baseline
TCGA-EM-A4FQ,1,0.5130844944999521,0.0006531477,feature_dependent,0.5,baseline
TCGA-FY-A3NN,1,0.43192139140546,0.00027472724,feature_dependent,0.5,baseline
TCGA-EM-A2P1,1,0.49471641419144463,0.00060925673,feature_dependent,0.5,baseline
TCGA-MK-A4N7,0,0.4576060875933829,0.00023708282,feature_dependent,0.5,baseline
TCGA-L6-A4EP,0,0.4319718076541379,0.0034353465,feature_dependent,0.5,baseline
TCGA-BJ-A45F,0,0.4617213125311103,0.0072802803,feature_dependent,0.5,baseline
TCGA-FK-A3S3,1,0.5286340580405664,0.0007855661,feature_dependent,0.5,baseline
TCGA-E8-A242,0,0.5071651532308283,0.0012380197,feature_dependent,0.5,baseline
TCGA-BJ-A291,0,0.5233655832979959,0.00027948702,feature_dependent,0.5,baseline
TCGA-EL-A4K4,1,0.5301565841484708,0.00585911,feature_dependent,0.5,baseline
TCGA-EM-A3AR,1,0.4814354385073926,0.00016147424,feature_dependent,0.5,baseline
TCGA-EL-A3T0,1,0.4570645879232868,0.0017979518,feature_dependent,0.5,baseline
TCGA-EM-A22M,0,0.5053074295648566,0.0072345543,feature_dependent,0.5,baseline
TCGA-GE-A2C6,1,0.42713050054512963,0.007329356,feature_dependent,0.5,baseline
TCGA-EM-A3O9,0,0.4905101548286561,0.00025239584,feature_dependent,0.5,baseline
TCGA-IM-A420,1,0.48954987905778463,0.00010605965,feature_dependent,0.5,baseline
TCGA-J8-A3O1,1,0.5091937984033124,0.0010999446,feature_dependent,0.5,baseline
TCGA-DJ-A3V8,1,0.4889011369330187,0.000512616,feature_dependent,0.5,baseline
TCGA-FY-A40K,0,0.5190026569055086,0.00054840784,feature_dependent,0.5,baseline
TCGA-EL-A3ZM,1,0.48251489825479804,0.0015560657,feature_dependent,0.5,baseline
TCGA-EM-A2OX,1,0.4659871290517279,0.0048867725,feature_dependent,0.5,baseline
TCGA-FE-A237,1,0.4253616658526728,0.0037820742,feature_dependent,0.5,baseline
TCGA-EL-A3MW,0,0.5086925516859059,0.0014549056,feature_dependent,0.5,baseline
TCGA-FK-A3SE,1,0.4635265528163777,0.005199589,feature_dependent,0.5,baseline
TCGA-ET-A25M,1,0.5425205008213051,0.013969012,feature_dependent,0.5,baseline
TCGA-EM-A22L,0,0.48217790924570164,0.00020672492,feature_dependent,0.5,baseline
TCGA-DJ-A13W,0,0.3763487330077005,0.00086309534,feature_dependent,0.5,baseline
TCGA-DJ-A13M,0,0.4693013092810785,0.0040650214,feature_dependent,0.5,baseline
TCGA-E8-A433,0,0.49979986403465587,0.0006085216,feature_dependent,0.5,baseline
TCGA-E3-A3E5,1,0.46456462529318454,0.0022111489,feature_dependent,0.5,baseline
TCGA-BJ-A0ZH,1,0.46464993378707226,0.00089212746,feature_dependent,0.5,baseline
TCGA-DJ-A4UT,0,0.5004046172952926,0.00028896387,feature_dependent,0.5,baseline
TCGA-EL-A3ZN,1,0.4830442455937316,0.00011120237,feature_dependent,0.5,baseline
TCGA-E8-A436,1,0.47357123137525364,0.0063507,feature_dependent,0.5,baseline
TCGA-ET-A3BO,1,0.4634041442880646,0.0021551528,feature_dependent,0.5,baseline
TCGA-E8-A418,0,0.48716548714822744,0.0014188058,feature_dependent,0.5,baseline
TCGA-FY-A40M,0,0.45900168379269,4.1770054e-05,feature_dependent,0.5,baseline
TCGA-EL-A3TB,1,0.44606621495681154,0.00539881,feature_dependent,0.5,baseline
TCGA-EL-A4JW,0,0.41797452601429946,0.0013348056,feature_dependent,0.5,baseline
TCGA-FY-A3NP,0,0.5088726656201641,0.000487039,feature_dependent,0.5,baseline
TCGA-DE-A0XZ,1,0.46908581513829944,0.00013035181,feature_dependent,0.5,baseline
TCGA-EM-A22N,0,0.4883504144980935,0.00022519717,feature_dependent,0.5,baseline
TCGA-DJ-A13O,0,0.46085052012034167,0.0009706916,feature_dependent,0.5,baseline
TCGA-DJ-A4UR,1,0.5255139968662345,0.00023047785,feature_dependent,0.5,baseline
TCGA-DJ-A4V5,1,0.4704894702493408,0.004462935,feature_dependent,0.5,baseline
TCGA-ET-A2MZ,0,0.47115109932838095,0.0036024463,feature_dependent,0.5,baseline
TCGA-J8-A3NZ,1,0.48579082200719337,6.5906876e-05,feature_dependent,0.5,baseline
TCGA-BJ-A2N8,0,0.4540334018733631,0.00073791156,feature_dependent,0.5,baseline
TCGA-DE-A0Y3,1,0.4913320524326032,0.0010140687,feature_dependent,0.5,mc_confidence_only
TCGA-DJ-A2PX,0,0.5129446095535303,0.00048416713,feature_dependent,0.5,mc_confidence_only
TCGA-IM-A3U2,1,0.4460102596729619,0.008465621,feature_dependent,0.5,mc_confidence_only
TCGA-DJ-A1QL,0,0.46164602286568296,0.00096440176,feature_dependent,0.5,mc_confidence_only
TCGA-EM-A2CT,0,0.4972990681670582,0.0002761607,feature_dependent,0.5,mc_confidence_only
TCGA-ET-A2N4,0,0.454444508681094,0.0008784267,feature_dependent,0.5,mc_confidence_only
TCGA-EL-A3T6,0,0.4501260037221591,0.0027916871,feature_dependent,0.5,mc_confidence_only
TCGA-DJ-A3UW,0,0.48501748518974375,0.00040372586,feature_dependent,0.5,mc_confidence_only
TCGA-DO-A1K0,1,0.5218986514173094,0.00015460255,feature_dependent,0.5,mc_confidence_only
TCGA-EL-A3CS,0,0.5001594563744904,0.00094374106,feature_dependent,0.5,mc_confidence_only
TCGA-E8-A419,1,0.4701128309322427,0.0028159146,feature_dependent,0.5,mc_confidence_only
TCGA-ET-A25J,1,0.5058506229101246,0.0007026081,feature_dependent,0.5,mc_confidence_only
TCGA-DJ-A2Q8,0,0.4565009915356959,0.0010971943,feature_dependent,0.5,mc_confidence_only
TCGA-DE-A69K,0,0.44853598707313247,0.0036629802,feature_dependent,0.5,mc_confidence_only
TCGA-BJ-A0ZB,1,0.46525545476061314,0.0019295616,feature_dependent,0.5,mc_confidence_only
TCGA-DJ-A3UZ,0,0.5081732456020687,0.000978961,feature_dependent,0.5,mc_confidence_only
TCGA-BJ-A28X,1,0.47591428883717707,0.0050814156,feature_dependent,0.5,mc_confidence_only
TCGA-DJ-A1QO,0,0.47031603132955385,0.0057467166,feature_dependent,0.5,mc_confidence_only
TCGA-EL-A3GV,0,0.48699513452949955,2.1437569e-05,feature_dependent,0.5,mc_confidence_only
TCGA-DJ-A2PP,0,0.48107254398599114,0.00059599505,feature_dependent,0.5,mc_confidence_only
TCGA-H2-A2K9,1,0.4098099999404143,0.0026286507,feature_dependent,0.5,mc_confidence_only
TCGA-EM-A4FQ,1,0.5130754583942555,0.0006531477,feature_dependent,0.5,mc_confidence_only
TCGA-FY-A3NN,1,0.43191784964233504,0.00027472724,feature_dependent,0.5,mc_confidence_only
TCGA-EM-A2P1,1,0.49469699438284853,0.00060925673,feature_dependent,0.5,mc_confidence_only
TCGA-MK-A4N7,0,0.45759491622222664,0.00023708282,feature_dependent,0.5,mc_confidence_only
TCGA-L6-A4EP,0,0.43197152851792825,0.0034353465,feature_dependent,0.5,mc_confidence_only
TCGA-BJ-A45F,0,0.46174089298384535,0.0072802803,feature_dependent,0.5,mc_confidence_only
TCGA-FK-A3S3,1,0.5286248994921597,0.0007855661,feature_dependent,0.5,mc_confidence_only
TCGA-E8-A242,0,0.5071588435325133,0.0012380197,feature_dependent,0.5,mc_confidence_only
TCGA-BJ-A291,0,0.5233687574548738,0.00027948702,feature_dependent,0.5,mc_confidence_only
TCGA-EL-A4K4,1,0.5301571221129969,0.00585911,feature_dependent,0.5,mc_confidence_only
TCGA-EM-A3AR,1,0.4814223943351809,0.00016147424,feature_dependent,0.5,mc_confidence_only
TCGA-EL-A3T0,1,0.45706212590678913,0.0017979518,feature_dependent,0.5,mc_confidence_only
TCGA-EM-A22M,0,0.5053023419342454,0.0072345543,feature_dependent,0.5,mc_confidence_only
TCGA-GE-A2C6,1,0.42714713847611213,0.007329356,feature_dependent,0.5,mc_confidence_only
TCGA-EM-A3O9,0,0.49051780964593766,0.00025239584,feature_dependent,0.5,mc_confidence_only
TCGA-IM-A420,1,0.48952296580204724,0.00010605965,feature_dependent,0.5,mc_confidence_only
TCGA-J8-A3O1,1,0.5092077864574666,0.0010999446,feature_dependent,0.5,mc_confidence_only
TCGA-DJ-A3V8,1,0.4888805683736406,0.000512616,feature_dependent,0.5,mc_confidence_only
TCGA-FY-A40K,0,0.519004733840176,0.00054840784,feature_dependent,0.5,mc_confidence_only
TCGA-EL-A3ZM,1,0.48251389312276083,0.0015560657,feature_dependent,0.5,mc_confidence_only
TCGA-EM-A2OX,1,0.46601105080418953,0.0048867725,feature_dependent,0.5,mc_confidence_only
TCGA-FE-A237,1,0.42537249834052826,0.0037820742,feature_dependent,0.5,mc_confidence_only
TCGA-EL-A3MW,0,0.508689440534502,0.0014549056,feature_dependent,0.5,mc_confidence_only
TCGA-FK-A3SE,1,0.46353793028057283,0.005199589,feature_dependent,0.5,mc_confidence_only
TCGA-ET-A25M,1,0.5424981803872931,0.013969012,feature_dependent,0.5,mc_confidence_only
TCGA-EM-A22L,0,0.48219533150376276,0.00020672492,feature_dependent,0.5,mc_confidence_only
TCGA-DJ-A13W,0,0.37633637924174995,0.00086309534,feature_dependent,0.5,mc_confidence_only
TCGA-DJ-A13M,0,0.46929956100582615,0.0040650214,feature_dependent,0.5,mc_confidence_only
TCGA-E8-A433,0,0.4998062986796821,0.0006085216,feature_dependent,0.5,mc_confidence_only
TCGA-E3-A3E5,1,0.46454385471484416,0.0022111489,feature_dependent,0.5,mc_confidence_only
TCGA-BJ-A0ZH,1,0.4646679930308684,0.00089212746,feature_dependent,0.5,mc_confidence_only
TCGA-DJ-A4UT,0,0.5004175779258992,0.00028896387,feature_dependent,0.5,mc_confidence_only
TCGA-EL-A3ZN,1,0.4830558699194072,0.00011120237,feature_dependent,0.5,mc_confidence_only
TCGA-E8-A436,1,0.4735796769096961,0.0063507,feature_dependent,0.5,mc_confidence_only
TCGA-ET-A3BO,1,0.46339332288705104,0.0021551528,feature_dependent,0.5,mc_confidence_only
TCGA-E8-A418,0,0.4871548007693884,0.0014188058,feature_dependent,0.5,mc_confidence_only
TCGA-FY-A40M,0,0.459005551327569,4.1770054e-05,feature_dependent,0.5,mc_confidence_only
TCGA-EL-A3TB,1,0.4460641578358718,0.00539881,feature_dependent,0.5,mc_confidence_only
TCGA-EL-A4JW,0,0.4179694731005477,0.0013348056,feature_dependent,0.5,mc_confidence_only
TCGA-FY-A3NP,0,0.508885777761606,0.000487039,feature_dependent,0.5,mc_confidence_only
TCGA-DE-A0XZ,1,0.46909878815434575,0.00013035181,feature_dependent,0.5,mc_confidence_only
TCGA-EM-A22N,0,0.4883364954918479,0.00022519717,feature_dependent,0.5,mc_confidence_only
TCGA-DJ-A13O,0,0.46086818512865535,0.0009706916,feature_dependent,0.5,mc_confidence_only
TCGA-DJ-A4UR,1,0.5255042206850035,0.00023047785,feature_dependent,0.5,mc_confidence_only
TCGA-DJ-A4V5,1,0.47049544500328694,0.004462935,feature_dependent,0.5,mc_confidence_only
TCGA-ET-A2MZ,0,0.47115879677304623,0.0036024463,feature_dependent,0.5,mc_confidence_only
TCGA-J8-A3NZ,1,0.4858082528242513,6.5906876e-05,feature_dependent,0.5,mc_confidence_only
TCGA-BJ-A2N8,0,0.4540416654870206,0.00073791156,feature_dependent,0.5,mc_confidence_only
TCGA-DE-A0Y3,1,0.49133205143534203,0.0010140687,feature_dependent,0.5,nars_gated
TCGA-DJ-A2PX,0,0.5129446095535303,0.00048416713,feature_dependent,0.5,nars_gated
TCGA-IM-A3U2,1,0.44601026079922307,0.008465621,feature_dependent,0.5,nars_gated
TCGA-DJ-A1QL,0,0.46164602286568296,0.00096440176,feature_dependent,0.5,nars_gated
TCGA-EM-A2CT,0,0.4972990681670582,0.0002761607,feature_dependent,0.5,nars_gated
TCGA-ET-A2N4,0,0.4544445793524278,0.0008784267,feature_dependent,0.5,nars_gated
TCGA-EL-A3T6,0,0.45012600722869434,0.0027916871,feature_dependent,0.5,nars_gated
TCGA-DJ-A3UW,0,0.48501748518974375,0.00040372586,feature_dependent,0.5,nars_gated
TCGA-DO-A1K0,1,0.521898654650423,0.00015460255,feature_dependent,0.5,nars_gated
TCGA-EL-A3CS,0,0.5001594549349258,0.00094374106,feature_dependent,0.5,nars_gated
TCGA-E8-A419,1,0.4701128309322427,0.0028159146,feature_dependent,0.5,nars_gated
TCGA-ET-A25J,1,0.5058506229101246,0.0007026081,feature_dependent,0.5,nars_gated
TCGA-DJ-A2Q8,0,0.4565009915356959,0.0010971943,feature_dependent,0.5,nars_gated
TCGA-DE-A69K,0,0.4485359688355937,0.0036629802,feature_dependent,0.5,nars_gated
TCGA-BJ-A0ZB,1,0.46525545306824023,0.0019295616,feature_dependent,0.5,nars_gated
TCGA-DJ-A3UZ,0,0.5081732456019035,0.000978961,feature_dependent,0.5,nars_gated
TCGA-BJ-A28X,1,0.47591428883717707,0.0050814156,feature_dependent,0.5,nars_gated
TCGA-DJ-A1QO,0,0.47031602987326293,0.0057467166,feature_dependent,0.5,nars_gated
TCGA-EL-A3GV,0,0.4869951686370509,2.1437569e-05,feature_dependent,0.5,nars_gated
TCGA-DJ-A2PP,0,0.48107254398599114,0.00059599505,feature_dependent,0.5,nars_gated
TCGA-H2-A2K9,1,0.4098099999404143,0.0026286507,feature_dependent,0.5,nars_gated
TCGA-EM-A4FQ,1,0.5130754583942555,0.0006531477,feature_dependent,0.5,nars_gated
TCGA-FY-A3NN,1,0.43191784964233504,0.00027472724,feature_dependent,0.5,nars_gated
TCGA-EM-A2P1,1,0.49469699438284853,0.00060925673,feature_dependent,0.5,nars_gated
TCGA-MK-A4N7,0,0.45759491622222664,0.00023708282,feature_dependent,0.5,nars_gated
TCGA-L6-A4EP,0,0.43197152851792825,0.0034353465,feature_dependent,0.5,nars_gated
TCGA-BJ-A45F,0,0.4617408922911241,0.0072802803,feature_dependent,0.5,nars_gated
TCGA-FK-A3S3,1,0.5286249466478757,0.0007855661,feature_dependent,0.5,nars_gated
TCGA-E8-A242,0,0.5071588430815116,0.0012380197,feature_dependent,0.5,nars_gated
TCGA-BJ-A291,0,0.5233687574547968,0.00027948702,feature_dependent,0.5,nars_gated
TCGA-EL-A4K4,1,0.5301571221129969,0.00585911,feature_dependent,0.5,nars_gated
TCGA-EM-A3AR,1,0.4814223943351809,0.00016147424,feature_dependent,0.5,nars_gated
TCGA-EL-A3T0,1,0.45706212590681733,0.0017979518,feature_dependent,0.5,nars_gated
TCGA-EM-A22M,0,0.5053023419342454,0.0072345543,feature_dependent,0.5,nars_gated
TCGA-GE-A2C6,1,0.42714713847611213,0.007329356,feature_dependent,0.5,nars_gated
TCGA-EM-A3O9,0,0.49051781337138295,0.00025239584,feature_dependent,0.5,nars_gated
TCGA-IM-A420,1,0.48952296580204724,0.00010605965,feature_dependent,0.5,nars_gated
TCGA-J8-A3O1,1,0.5092077864574666,0.0010999446,feature_dependent,0.5,nars_gated
TCGA-DJ-A3V8,1,0.4888805683741933,0.000512616,feature_dependent,0.5,nars_gated
TCGA-FY-A40K,0,0.519004733840176,0.00054840784,feature_dependent,0.5,nars_gated
TCGA-EL-A3ZM,1,0.48251389197472694,0.0015560657,feature_dependent,0.5,nars_gated
TCGA-EM-A2OX,1,0.46601105080418953,0.0048867725,feature_dependent,0.5,nars_gated
TCGA-FE-A237,1,0.4253725013984137,0.0037820742,feature_dependent,0.5,nars_gated
TCGA-EL-A3MW,0,0.508689440534502,0.0014549056,feature_dependent,0.5,nars_gated
TCGA-FK-A3SE,1,0.46353793028057283,0.005199589,feature_dependent,0.5,nars_gated
TCGA-ET-A25M,1,0.5424981803872931,0.013969012,feature_dependent,0.5,nars_gated
TCGA-EM-A22L,0,0.48219533150376276,0.00020672492,feature_dependent,0.5,nars_gated
TCGA-DJ-A13W,0,0.37633637924174995,0.00086309534,feature_dependent,0.5,nars_gated
TCGA-DJ-A13M,0,0.46929956100582615,0.0040650214,feature_dependent,0.5,nars_gated
TCGA-E8-A433,0,0.4998062986796821,0.0006085216,feature_dependent,0.5,nars_gated
TCGA-E3-A3E5,1,0.46454385471484416,0.0022111489,feature_dependent,0.5,nars_gated
TCGA-BJ-A0ZH,1,0.4646679930308684,0.00089212746,feature_dependent,0.5,nars_gated
TCGA-DJ-A4UT,0,0.5004175779258992,0.00028896387,feature_dependent,0.5,nars_gated
TCGA-EL-A3ZN,1,0.4830558699194072,0.00011120237,feature_dependent,0.5,nars_gated
TCGA-E8-A436,1,0.4735796769096961,0.0063507,feature_dependent,0.5,nars_gated
TCGA-ET-A3BO,1,0.46339332288705104,0.0021551528,feature_dependent,0.5,nars_gated
TCGA-E8-A418,0,0.48715480076931456,0.0014188058,feature_dependent,0.5,nars_gated
TCGA-FY-A40M,0,0.459005551327569,4.1770054e-05,feature_dependent,0.5,nars_gated
TCGA-EL-A3TB,1,0.4460641578358718,0.00539881,feature_dependent,0.5,nars_gated
TCGA-EL-A4JW,0,0.4179694731005477,0.0013348056,feature_dependent,0.5,nars_gated
TCGA-FY-A3NP,0,0.5088857777615439,0.000487039,feature_dependent,0.5,nars_gated
TCGA-DE-A0XZ,1,0.46909878815431116,0.00013035181,feature_dependent,0.5,nars_gated
TCGA-EM-A22N,0,0.48833649763637615,0.00022519717,feature_dependent,0.5,nars_gated
TCGA-DJ-A13O,0,0.46086817376943395,0.0009706916,feature_dependent,0.5,nars_gated
TCGA-DJ-A4UR,1,0.5255042206850035,0.00023047785,feature_dependent,0.5,nars_gated
TCGA-DJ-A4V5,1,0.4704954440831825,0.004462935,feature_dependent,0.5,nars_gated
TCGA-ET-A2MZ,0,0.47115879677304623,0.0036024463,feature_dependent,0.5,nars_gated
TCGA-J8-A3NZ,1,0.48580825550897994,6.5906876e-05,feature_dependent,0.5,nars_gated
TCGA-BJ-A2N8,0,0.4540416654870206,0.00073791156,feature_dependent,0.5,nars_gated
TCGA-DE-A0Y3,1,0.4912516354601335,0.0010089001,feature_dependent,0.7,baseline
TCGA-DJ-A2PX,0,0.5129353262216253,0.00048416713,feature_dependent,0.7,baseline
TCGA-IM-A3U2,1,0.4506442546340672,0.008359284,feature_dependent,0.7,baseline
TCGA-DJ-A1QL,0,0.4609615095538569,0.00096668507,feature_dependent,0.7,baseline
TCGA-EM-A2CT,0,0.4994390761501439,0.00027050023,feature_dependent,0.7,baseline
TCGA-ET-A2N4,0,0.45367458651293574,0.0008709463,feature_dependent,0.7,baseline
TCGA-EL-A3T6,0,0.4488193908513715,0.0027042853,feature_dependent,0.7,baseline
TCGA-DJ-A3UW,0,0.48427274040880697,0.0003982338,feature_dependent,0.7,baseline
TCGA-DO-A1K0,1,0.521660301814296,0.00015457276,feature_dependent,0.7,baseline
TCGA-EL-A3CS,0,0.49969838958919865,0.0009403268,feature_dependent,0.7,baseline
TCGA-E8-A419,1,0.4697063294413378,0.0027578685,feature_dependent,0.7,baseline
TCGA-ET-A25J,1,0.5058382331741421,0.0007026081,feature_dependent,0.7,baseline
TCGA-DJ-A2Q8,0,0.45641452702055046,0.0010966851,feature_dependent,0.7,baseline
TCGA-DE-A69K,0,0.44835091551014905,0.0036804483,feature_dependent,0.7,baseline
TCGA-BJ-A0ZB,1,0.465245542391816,0.0019295616,feature_dependent,0.7,baseline
TCGA-DJ-A3UZ,0,0.5116119306357716,0.0010168528,feature_dependent,0.7,baseline
TCGA-BJ-A28X,1,0.47614924360988836,0.0050557884,feature_dependent,0.7,baseline
TCGA-DJ-A1QO,0,0.47028280512334114,0.005782418,feature_dependent,0.7,baseline
TCGA-EL-A3GV,0,0.48734199534209033,1.9275381e-05,feature_dependent,0.7,baseline
TCGA-DJ-A2PP,0,0.48506486343449445,0.00063451944,feature_dependent,0.7,baseline
TCGA-H2-A2K9,1,0.4089152110693027,0.0026434122,feature_dependent,0.7,baseline
TCGA-EM-A4FQ,1,0.5130844944999521,0.0006531477,feature_dependent,0.7,baseline
TCGA-FY-A3NN,1,0.43192139140546,0.00027472724,feature_dependent,0.7,baseline
TCGA-EM-A2P1,1,0.4943997087955298,0.0006097381,feature_dependent,0.7,baseline
TCGA-MK-A4N7,0,0.4576060875933829,0.00023708282,feature_dependent,0.7,baseline
TCGA-L6-A4EP,0,0.4332886633496489,0.0033978948,feature_dependent,0.7,baseline
TCGA-BJ-A45F,0,0.46348837217413075,0.0072470754,feature_dependent,0.7,baseline
TCGA-FK-A3S3,1,0.5306882627315977,0.0008452125,feature_dependent,0.7,baseline
TCGA-E8-A242,0,0.5071651532308283,0.0012380197,feature_dependent,0.7,baseline
TCGA-BJ-A291,0,0.5225504423828962,0.0002870056,feature_dependent,0.7,baseline
TCGA-EL-A4K4,1,0.5283967453282107,0.005887737,feature_dependent,0.7,baseline
TCGA-EM-A3AR,1,0.481304619579534,0.00016359285,feature_dependent,0.7,baseline
TCGA-EL-A3T0,1,0.4570645879232868,0.0017979518,feature_dependent,0.7,baseline
TCGA-EM-A22M,0,0.5050090189609456,0.007174811,feature_dependent,0.7,baseline
TCGA-GE-A2C6,1,0.42713050054512963,0.007329356,feature_dependent,0.7,baseline
TCGA-EM-A3O9,0,0.48867991471612715,0.00024361741,feature_dependent,0.7,baseline
TCGA-IM-A420,1,0.4891603720947302,0.00010869376,feature_dependent,0.7,baseline
TCGA-J8-A3O1,1,0.5096330160534471,0.0010975943,feature_dependent,0.7,baseline
TCGA-DJ-A3V8,1,0.4891644967854534,0.00048417097,feature_dependent,0.7,baseline
TCGA-FY-A40K,0,0.5193864799411521,0.0005483914,feature_dependent,0.7,baseline
TCGA-EL-A3ZM,1,0.48236494494408116,0.0015582605,feature_dependent,0.7,baseline
TCGA-EM-A2OX,1,0.46609979786127687,0.004924277,feature_dependent,0.7,baseline
TCGA-FE-A237,1,0.4250557229749088,0.0038101592,feature_dependent,0.7,baseline
TCGA-EL-A3MW,0,0.5086925516859059,0.0014549056,feature_dependent,0.7,baseline
TCGA-FK-A3SE,1,0.4635483108489871,0.005249514,feature_dependent,0.7,baseline
TCGA-ET-A25M,1,0.5416842469428932,0.013868236,feature_dependent,0.7,baseline
TCGA-EM-A22L,0,0.48217790924570164,0.00020672492,feature_dependent,0.7,baseline
TCGA-DJ-A13W,0,0.37597959734899034,0.00082617596,feature_dependent,0.7,baseline
TCGA-DJ-A13M,0,0.4693013092810785,0.0040650214,feature_dependent,0.7,baseline
TCGA-E8-A433,0,0.49979986403465587,0.0006085216,feature_dependent,0.7,baseline
TCGA-E3-A3E5,1,0.4636903908021987,0.0022902915,feature_dependent,0.7,baseline
TCGA-BJ-A0ZH,1,0.46410590226145243,0.0008917065,feature_dependent,0.7,baseline
TCGA-DJ-A4UT,0,0.5005954239845513,0.0002969776,feature_dependent,0.7,baseline
TCGA-EL-A3ZN,1,0.48285694369945187,0.00010763328,feature_dependent,0.7,baseline
TCGA-E8-A436,1,0.47357123137525364,0.0063507,feature_dependent,0.7,baseline
TCGA-ET-A3BO,1,0.46408835083299255,0.0021463004,feature_dependent,0.7,baseline
TCGA-E8-A418,0,0.48716548714822744,0.0014188058,feature_dependent,0.7,baseline
TCGA-FY-A40M,0,0.45940374529601496,3.3200795e-05,feature_dependent,0.7,baseline
TCGA-EL-A3TB,1,0.44540063231946175,0.005410521,feature_dependent,0.7,baseline
TCGA-EL-A4JW,0,0.42003648843556607,0.0013417491,feature_dependent,0.7,baseline
TCGA-FY-A3NP,0,0.5144313289994327,0.00048066583,feature_dependent,0.7,baseline
TCGA-DE-A0XZ,1,0.46793374096133583,0.0001364561,feature_dependent,0.7,baseline
TCGA-EM-A22N,0,0.48837102652780057,0.00022537204,feature_dependent,0.7,baseline
TCGA-DJ-A13O,0,0.4598686484753612,0.0009919421,feature_dependent,0.7,baseline
TCGA-DJ-A4UR,1,0.5249595974469927,0.00023049889,feature_dependent,0.7,baseline
TCGA-DJ-A4V5,1,0.4704894702493408,0.004462935,feature_dependent,0.7,baseline
TCGA-ET-A2MZ,0,0.47114545880834086,0.0036199198,feature_dependent,0.7,baseline
TCGA-J8-A3NZ,1,0.48617096911996444,8.133452e-05,feature_dependent,0.7,baseline
TCGA-BJ-A2N8,0,0.4540334018733631,0.00073791156,feature_dependent,0.7,baseline
TCGA-DE-A0Y3,1,0.49124772390209853,0.0010089001,feature_dependent,0.7,mc_confidence_only
TCGA-DJ-A2PX,0,0.5129446095535303,0.00048416713,feature_dependent,0.7,mc_confidence_only
TCGA-IM-A3U2,1,0.45064432328402226,0.008359284,feature_dependent,0.7,mc_confidence_only
TCGA-DJ-A1QL,0,0.46097088183802165,0.00096668507,feature_dependent,0.7,mc_confidence_only
TCGA-EM-A2CT,0,0.49941859981228975,0.00027050023,feature_dependent,0.7,mc_confidence_only
TCGA-ET-A2N4,0,0.45366083006971314,0.0008709463,feature_dependent,0.7,mc_confidence_only
TCGA-EL-A3T6,0,0.44881908086782873,0.0027042853,feature_dependent,0.7,mc_confidence_only
TCGA-DJ-A3UW,0,0.48427059383506355,0.0003982338,feature_dependent,0.7,mc_confidence_only
TCGA-DO-A1K0,1,0.521664439979744,0.00015457276,feature_dependent,0.7,mc_confidence_only
TCGA-EL-A3CS,0,0.49969388343671056,0.0009403268,feature_dependent,0.7,mc_confidence_only
TCGA-E8-A419,1,0.4697064948021315,0.0027578685,feature_dependent,0.7,mc_confidence_only
TCGA-ET-A25J,1,0.5058506229101246,0.0007026081,feature_dependent,0.7,mc_confidence_only
TCGA-DJ-A2Q8,0,0.4564110071712128,0.0010966851,feature_dependent,0.7,mc_confidence_only
TCGA-DE-A69K,0,0.4483386452865104,0.0036804483,feature_dependent,0.7,mc_confidence_only
TCGA-BJ-A0ZB,1,0.46525545476061314,0.0019295616,feature_dependent,0.7,mc_confidence_only
TCGA-DJ-A3UZ,0,0.5116070660610028,0.0010168528,feature_dependent,0.7,mc_confidence_only
TCGA-BJ-A28X,1,0.4761646788700004,0.0050557884,feature_dependent,0.7,mc_confidence_only
TCGA-DJ-A1QO,0,0.4702979151717262,0.005782418,feature_dependent,0.7,mc_confidence_only
TCGA-EL-A3GV,0,0.48733979027244584,1.9275381e-05,feature_dependent,0.7,mc_confidence_only
TCGA-DJ-A2PP,0,0.48505009761155965,0.00063451944,feature_dependent,0.7,mc_confidence_only
TCGA-H2-A2K9,1,0.40891829082272785,0.0026434122,feature_dependent,0.7,mc_confidence_only
TCGA-EM-A4FQ,1,0.5130754583942555,0.0006531477,feature_dependent,0.7,mc_confidence_only
TCGA-FY-A3NN,1,0.43191784964233504,0.00027472724,feature_dependent,0.7,mc_confidence_only
TCGA-EM-A2P1,1,0.49438362784831824,0.0006097381,feature_dependent,0.7,mc_confidence_only
TCGA-MK-A4N7,0,0.45759491622222664,0.00023708282,feature_dependent,0.7,mc_confidence_only
TCGA-L6-A4EP,0,0.43328849912979267,0.0033978948,feature_dependent,0.7,mc_confidence_only
TCGA-BJ-A45F,0,0.4635085708586186,0.0072470754,feature_dependent,0.7,mc_confidence_only
TCGA-FK-A3S3,1,0.5306776364801526,0.0008452125,feature_dependent,0.7,mc_confidence_only
TCGA-E8-A242,0,0.5071588435325133,0.0012380197,feature_dependent,0.7,mc_confidence_only
TCGA-BJ-A291,0,0.5225527984778816,0.0002870056,feature_dependent,0.7,mc_confidence_only
TCGA-EL-A4K4,1,0.5283965086344291,0.005887737,feature_dependent,0.7,mc_confidence_only
TCGA-EM-A3AR,1,0.481291590109089,0.00016359285,feature_dependent,0.7,mc_confidence_only
TCGA-EL-A3T0,1,0.45706212590678913,0.0017979518,feature_dependent,0.7,mc_confidence_only
TCGA-EM-A22M,0,0.5050031973056689,0.007174811,feature_dependent,0.7,mc_confidence_only
TCGA-GE-A2C6,1,0.42714713847611213,0.007329356,feature_dependent,0.7,mc_confidence_only
TCGA-EM-A3O9,0,0.48868596463733566,0.00024361741,feature_dependent,0.7,mc_confidence_only
TCGA-IM-A420,1,0.48913335674524244,0.00010869376,feature_dependent,0.7,mc_confidence_only
TCGA-J8-A3O1,1,0.5096471657260869,0.0010975943,feature_dependent,0.7,mc_confidence_only
TCGA-DJ-A3V8,1,0.489142627502273,0.00048417097,feature_dependent,0.7,mc_confidence_only
TCGA-FY-A40K,0,0.5193885597790245,0.0005483914,feature_dependent,0.7,mc_confidence_only
TCGA-EL-A3ZM,1,0.48236390633118126,0.0015582605,feature_dependent,0.7,mc_confidence_only
TCGA-EM-A2OX,1,0.46612372024887444,0.004924277,feature_dependent,0.7,mc_confidence_only
TCGA-FE-A237,1,0.4250668908836577,0.0038101592,feature_dependent,0.7,mc_confidence_only
TCGA-EL-A3MW,0,0.508689440534502,0.0014549056,feature_dependent,0.7,mc_confidence_only
TCGA-FK-A3SE,1,0.46355928079517333,0.005249514,feature_dependent,0.7,mc_confidence_only
TCGA-ET-A25M,1,0.5416604276999105,0.013868236,feature_dependent,0.7,mc_confidence_only
TCGA-EM-A22L,0,0.48219533150376276,0.00020672492,feature_dependent,0.7,mc_confidence_only
TCGA-DJ-A13W,0,0.3759672411477673,0.00082617596,feature_dependent,0.7,mc_confidence_only
TCGA-DJ-A13M,0,0.46929956100582615,0.0040650214,feature_dependent,0.7,mc_confidence_only
TCGA-E8-A433,0,0.4998062986796821,0.0006085216,feature_dependent,0.7,mc_confidence_only
TCGA-E3-A3E5,1,0.4636696804891125,0.0022902915,feature_dependent,0.7,mc_confidence_only
TCGA-BJ-A0ZH,1,0.464123744288468,0.0008917065,feature_dependent,0.7,mc_confidence_only
TCGA-DJ-A4UT,0,0.5006080665725291,0.0002969776,feature_dependent,0.7,mc_confidence_only
TCGA-EL-A3ZN,1,0.48286745300224326,0.00010763328,feature_dependent,0.7,mc_confidence_only
TCGA-E8-A436,1,0.4735796769096961,0.0063507,feature_dependent,0.7,mc_confidence_only
TCGA-ET-A3BO,1,0.4640774842417979,0.0021463004,feature_dependent,0.7,mc_confidence_only
TCGA-E8-A418,0,0.4871548007693884,0.0014188058,feature_dependent,0.7,mc_confidence_only
TCGA-FY-A40M,0,0.4594076367643736,3.3200795e-05,feature_dependent,0.7,mc_confidence_only
TCGA-EL-A3TB,1,0.445398189442516,0.005410521,feature_dependent,0.7,mc_confidence_only
TCGA-EL-A4JW,0,0.4200307922447453,0.0013417491,feature_dependent,0.7,mc_confidence_only
TCGA-FY-A3NP,0,0.5144361855282741,0.00048066583,feature_dependent,0.7,mc_confidence_only
TCGA-DE-A0XZ,1,0.4679462514831556,0.0001364561,feature_dependent,0.7,mc_confidence_only
TCGA-EM-A22N,0,0.4883571008016032,0.00022537204,feature_dependent,0.7,mc_confidence_only
TCGA-DJ-A13O,0,0.4598856439422974,0.0009919421,feature_dependent,0.7,mc_confidence_only
TCGA-DJ-A4UR,1,0.5249497575463764,0.00023049889,feature_dependent,0.7,mc_confidence_only
TCGA-DJ-A4V5,1,0.47049544500328694,0.004462935,feature_dependent,0.7,mc_confidence_only
TCGA-ET-A2MZ,0,0.4711533923962225,0.0036199198,feature_dependent,0.7,mc_confidence_only
TCGA-J8-A3NZ,1,0.48618853627475517,8.133452e-05,feature_dependent,0.7,mc_confidence_only
TCGA-BJ-A2N8,0,0.4540416654870206,0.00073791156,feature_dependent,0.7,mc_confidence_only
TCGA-DE-A0Y3,1,0.491247722905278,0.0010089001,feature_dependent,0.7,nars_gated
TCGA-DJ-A2PX,0,0.5129446095535303,0.00048416713,feature_dependent,0.7,nars_gated
TCGA-IM-A3U2,1,0.45064432328402226,0.008359284,feature_dependent,0.7,nars_gated
TCGA-DJ-A1QL,0,0.46097088183802165,0.00096668507,feature_dependent,0.7,nars_gated
TCGA-EM-A2CT,0,0.49941859981228975,0.00027050023,feature_dependent,0.7,nars_gated
TCGA-ET-A2N4,0,0.45366083006971314,0.0008709463,feature_dependent,0.7,nars_gated
TCGA-EL-A3T6,0,0.44881908086782873,0.0027042853,feature_dependent,0.7,nars_gated
TCGA-DJ-A3UW,0,0.48427059383506355,0.0003982338,feature_dependent,0.7,nars_gated
TCGA-DO-A1K0,1,0.521664439979744,0.00015457276,feature_dependent,0.7,nars_gated
TCGA-EL-A3CS,0,0.4996938819969711,0.0009403268,feature_dependent,0.7,nars_gated
TCGA-E8-A419,1,0.4697064948021315,0.0027578685,feature_dependent,0.7,nars_gated
TCGA-ET-A25J,1,0.5058506229101246,0.0007026081,feature_dependent,0.7,nars_gated
TCGA-DJ-A2Q8,0,0.4564110071712128,0.0010966851,feature_dependent,0.7,nars_gated
TCGA-DE-A69K,0,0.44833862288906134,0.0036804483,feature_dependent,0.7,nars_gated
TCGA-BJ-A0ZB,1,0.46525545306824023,0.0019295616,feature_dependent,0.7,nars_gated
TCGA-DJ-A3UZ,0,0.5116070660608362,0.0010168528,feature_dependent,0.7,nars_gated
TCGA-BJ-A28X,1,0.4761646788700004,0.0050557884,feature_dependent,0.7,nars_gated
TCGA-DJ-A1QO,0,0.47029791371819685,0.005782418,feature_dependent,0.7,nars_gated
TCGA-EL-A3GV,0,0.4873397722783866,1.9275381e-05,feature_dependent,0.7,nars_gated
TCGA-DJ-A2PP,0,0.48505009761155965,0.00063451944,feature_dependent,0.7,nars_gated
TCGA-H2-A2K9,1,0.40891829082272785,0.0026434122,feature_dependent,0.7,nars_gated
TCGA-EM-A4FQ,1,0.5130754583942555,0.0006531477,feature_dependent,0.7,nars_gated
TCGA-FY-A3NN,1,0.43191784964233504,0.00027472724,feature_dependent,0.7,nars_gated
TCGA-EM-A2P1,1,0.49438362784831824,0.0006097381,feature_dependent,0.7,nars_gated
TCGA-MK-A4N7,0,0.45759491622222664,0.00023708282,feature_dependent,0.7,nars_gated
TCGA-L6-A4EP,0,0.43328849912979267,0.0033978948,feature_dependent,0.7,nars_gated
TCGA-BJ-A45F,0,0.4635085708586186,0.0072470754,feature_dependent,0.7,nars_gated
TCGA-FK-A3S3,1,0.5306776364801526,0.0008452125,feature_dependent,0.7,nars_gated
TCGA-E8-A242,0,0.5071588430815116,0.0012380197,feature_dependent,0.7,nars_gated
TCGA-BJ-A291,0,0.5225527984778064,0.0002870056,feature_dependent,0.7,nars_gated
TCGA-EL-A4K4,1,0.5283965086344291,0.005887737,feature_dependent,0.7,nars_gated
TCGA-EM-A3AR,1,0.481291590109089,0.00016359285,feature_dependent,0.7,nars_gated
TCGA-EL-A3T0,1,0.45706212590681733,0.0017979518,feature_dependent,0.7,nars_gated
TCGA-EM-A22M,0,0.5050031973056689,0.007174811,feature_dependent,0.7,nars_gated
TCGA-GE-A2C6,1,0.42714713847611213,0.007329356,feature_dependent,0.7,nars_gated
TCGA-EM-A3O9,0,0.48868596463733566,0.00024361741,feature_dependent,0.7,nars_gated
TCGA-IM-A420,1,0.48913335674524244,0.00010869376,feature_dependent,0.7,nars_gated
TCGA-J8-A3O1,1,0.5096471657260869,0.0010975943,feature_dependent,0.7,nars_gated
TCGA-DJ-A3V8,1,0.489142627502273,0.00048417097,feature_dependent,0.7,nars_gated
TCGA-FY-A40K,0,0.5193885597790245,0.0005483914,feature_dependent,0.7,nars_gated
TCGA-EL-A3ZM,1,0.4823639051827571,0.0015582605,feature_dependent,0.7,nars_gated
TCGA-EM-A2OX,1,0.46612372024887444,0.004924277,feature_dependent,0.7,nars_gated
TCGA-FE-A237,1,0.4250668908836577,0.0038101592,feature_dependent,0.7,nars_gated
TCGA-EL-A3MW,0,0.508689440534502,0.0014549056,feature_dependent,0.7,nars_gated
TCGA-FK-A3SE,1,0.46355928079517333,0.005249514,feature_dependent,0.7,nars_gated
TCGA-ET-A25M,1,0.5416604276999105,0.013868236,feature_dependent,0.7,nars_gated
TCGA-EM-A22L,0,0.48219533150376276,0.00020672492,feature_dependent,0.7,nars_gated
TCGA-DJ-A13W,0,0.3759672411477673,0.00082617596,feature_dependent,0.7,nars_gated
TCGA-DJ-A13M,0,0.46929956100582615,0.0040650214,feature_dependent,0.7,nars_gated
TCGA-E8-A433,0,0.4998062986796821,0.0006085216,feature_dependent,0.7,nars_gated
TCGA-E3-A3E5,1,0.4636696804891125,0.0022902915,feature_dependent,0.7,nars_gated
TCGA-BJ-A0ZH,1,0.464123744288468,0.0008917065,feature_dependent,0.7,nars_gated
TCGA-DJ-A4UT,0,0.5006080665725291,0.0002969776,feature_dependent,0.7,nars_gated
TCGA-EL-A3ZN,1,0.48286745300224326,0.00010763328,feature_dependent,0.7,nars_gated
TCGA-E8-A436,1,0.4735796769096961,0.0063507,feature_dependent,0.7,nars_gated
TCGA-ET-A3BO,1,0.4640774842417979,0.0021463004,feature_dependent,0.7,nars_gated
TCGA-E8-A418,0,0.48715480076931456,0.0014188058,feature_dependent,0.7,nars_gated
TCGA-FY-A40M,0,0.4594076367643736,3.3200795e-05,feature_dependent,0.7,nars_gated
TCGA-EL-A3TB,1,0.445398189442516,0.005410521,feature_dependent,0.7,nars_gated
TCGA-EL-A4JW,0,0.4200307922447453,0.0013417491,feature_dependent,0.7,nars_gated
TCGA-FY-A3NP,0,0.5144361855282741,0.00048066583,feature_dependent,0.7,nars_gated
TCGA-DE-A0XZ,1,0.4679462514831212,0.0001364561,feature_dependent,0.7,nars_gated
TCGA-EM-A22N,0,0.4883571029462643,0.00022537204,feature_dependent,0.7,nars_gated
TCGA-DJ-A13O,0,0.45988563262454524,0.0009919421,feature_dependent,0.7,nars_gated
TCGA-DJ-A4UR,1,0.5249497575463764,0.00023049889,feature_dependent,0.7,nars_gated
TCGA-DJ-A4V5,1,0.4704954440831825,0.004462935,feature_dependent,0.7,nars_gated
TCGA-ET-A2MZ,0,0.4711533923962225,0.0036199198,feature_dependent,0.7,nars_gated
TCGA-J8-A3NZ,1,0.48618853627475517,8.133452e-05,feature_dependent,0.7,nars_gated
TCGA-BJ-A2N8,0,0.4540416654870206,0.00073791156,feature_dependent,0.7,nars_gated
