coverage,error_risk,scenario,mask_rate,variant
0.014492753623188406,0.0,random,0.0,baseline
0.028985507246376812,0.0,random,0.0,baseline
0.043478260869565216,0.3333333333333333,random,0.0,baseline
0.057971014492753624,0.5,random,0.0,baseline
0.07246376811594203,0.6,random,0.0,baseline
0.08695652173913043,0.5,random,0.0,baseline
0.10144927536231885,0.5714285714285714,random,0.0,baseline
0.11594202898550725,0.625,random,0.0,baseline
0.13043478260869565,0.5555555555555556,random,0.0,baseline
0.14492753623188406,0.5,random,0.0,baseline
0.15942028985507245,0.45454545454545453,random,0.0,baseline
0.17391304347826086,0.4166666666666667,random,0.0,baseline
0.18840579710144928,0.38461538461538464,random,0.0,baseline
0.2028985507246377,0.42857142857142855,random,0.0,baseline
0.21739130434782608,0.4666666666666667,random,0.0,baseline
0.2318840579710145,0.4375,random,0.0,baseline
0.2463768115942029,0.47058823529411764,random,0.0,baseline
0.2608695652173913,0.4444444444444444,random,0.0,baseline
0.2753623188405797,0.47368421052631576,random,0.0,baseline
0.2898550724637681,0.5,random,0.0,baseline
0.30434782608695654,0.5238095238095238,random,0.0,baseline
0.3188405797101449,0.5454545454545454,random,0.0,baseline
0.3333333333333333,0.5652173913043478,random,0.0,baseline
0.34782608695652173,0.5416666666666666,random,0.0,baseline
0.36231884057971014,0.52,random,0.0,baseline
0.37681159420289856,0.5384615384615384,random,0.0,baseline
0.391304347826087,0.5185185185185185,random,0.0,baseline
0.4057971014492754,0.5,random,0.0,baseline
0.42028985507246375,0.4827586206896552,random,0.0,baseline
0.43478260869565216,0.4666666666666667,random,0.0,baseline
0.4492753623188406,0.45161290322580644,random,0.0,baseline
0.463768115942029,0.46875,random,0.0,baseline
0.4782608695652174,0.48484848484848486,random,0.0,baseline
0.4927536231884058,0.5,random,0.0,baseline
0.5072463768115942,0.4857142857142857,random,0.0,baseline
0.5217391304347826,0.4722222222222222,random,0.0,baseline
0.5362318840579711,0.4864864864864865,random,0.0,baseline
0.5507246376811594,0.47368421052631576,random,0.0,baseline
0.5652173913043478,0.46153846153846156,random,0.0,baseline
0.5797101449275363,0.475,random,0.0,baseline
0.5942028985507246,0.4634146341463415,random,0.0,baseline
0.6086956521739131,0.4523809523809524,random,0.0,baseline
0.6231884057971014,0.46511627906976744,random,0.0,baseline
0.6376811594202898,0.4772727272727273,random,0.0,baseline
0.6521739130434783,0.4888888888888889,random,0.0,baseline
0.6666666666666666,0.5,random,0.0,baseline
0.6811594202898551,0.5106382978723404,random,0.0,baseline
0.6956521739130435,0.5208333333333334,random,0.0,baseline
0.7101449275362319,0.5306122448979592,random,0.0,baseline
0.7246376811594203,0.52,random,0.0,baseline
0.7391304347826086,0.5294117647058824,random,0.0,baseline
0.7536231884057971,0.5192307692307693,random,0.0,baseline
0.7681159420289855,0.5094339622641509,random,0.0,baseline
0.782608695652174,0.5,random,0.0,baseline
0.7971014492753623,0.509090909090909,random,0.0,baseline
0.8115942028985508,0.5,random,0.0,baseline
0.8260869565217391,0.5087719298245614,random,0.0,baseline
0.8405797101449275,0.5172413793103449,random,0.0,baseline
0.855072463768116,0.5254237288135594,random,0.0,baseline
0.8695652173913043,0.5333333333333333,random,0.0,baseline
0.8840579710144928,0.5409836065573771,random,0.0,baseline
0.8985507246376812,0.532258064516129,random,0.0,baseline
0.9130434782608695,0.5238095238095238,random,0.0,baseline
0.927536231884058,0.53125,random,0.0,baseline
0.9420289855072463,0.5230769230769231,random,0.0,baseline
0.9565217391304348,0.5303030303030303,random,0.0,baseline
0.9710144927536232,0.5373134328358209,random,0.0,baseline
0.9855072463768116,0.5441176470588235,random,0.0,baseline
1.0,0.5362318840579711,random,0.0,baseline
0.014492753623188406,0.0,random,0.0,mc_confidence_only
0.028985507246376812,0.0,random,0.0,mc_confidence_only
0.043478260869565216,0.3333333333333333,random,0.0,mc_confidence_only
0.057971014492753624,0.5,random,0.0,mc_confidence_only
0.07246376811594203,0.6,random,0.0,mc_confidence_only
0.08695652173913043,0.5,random,0.0,mc_confidence_only
0.10144927536231885,0.5714285714285714,random,0.0,mc_confidence_only
0.11594202898550725,0.625,random,0.0,mc_confidence_only
0.13043478260869565,0.5555555555555556,random,0.0,mc_confidence_only
0.14492753623188406,0.5,random,0.0,mc_confidence_only
0.15942028985507245,0.45454545454545453,random,0.0,mc_confidence_only
0.17391304347826086,0.4166666666666667,random,0.0,mc_confidence_only
0.18840579710144928,0.38461538461538464,random,0.0,mc_confidence_only
0.2028985507246377,0.42857142857142855,random,0.0,mc_confidence_only
0.21739130434782608,0.4666666666666667,random,0.0,mc_confidence_only
0.2318840579710145,0.4375,random,0.0,mc_confidence_only
0.2463768115942029,0.47058823529411764,random,0.0,mc_confidence_only
0.2608695652173913,0.4444444444444444,random,0.0,mc_confidence_only
0.2753623188405797,0.47368421052631576,random,0.0,mc_confidence_only
0.2898550724637681,0.5,random,0.0,mc_confidence_only
0.30434782608695654,0.5238095238095238,random,0.0,mc_confidence_only
0.3188405797101449,0.5454545454545454,random,0.0,mc_confidence_only
0.3333333333333333,0.5652173913043478,random,0.0,mc_confidence_only
0.34782608695652173,0.5416666666666666,random,0.0,mc_confidence_only
0.36231884057971014,0.52,random,0.0,mc_confidence_only
0.37681159420289856,0.5384615384615384,random,0.0,mc_confidence_only
0.391304347826087,0.5185185185185185,random,0.0,mc_confidence_only
0.4057971014492754,0.5,random,0.0,mc_confidence_only
0.42028985507246375,0.4827586206896552,random,0.0,mc_confidence_only
0.43478260869565216,0.4666666666666667,random,0.0,mc_confidence_only
0.4492753623188406,0.45161290322580644,random,0.0,mc_confidence_only
0.463768115942029,0.46875,random,0.0,mc_confidence_only
0.4782608695652174,0.48484848484848486,random,0.0,mc_confidence_only
0.4927536231884058,0.5,random,0.0,mc_confidence_only
0.5072463768115942,0.4857142857142857,random,0.0,mc_confidence_only
0.5217391304347826,0.4722222222222222,random,0.0,mc_confidence_only
0.5362318840579711,0.4864864864864865,random,0.0,mc_confidence_only
0.5507246376811594,0.47368421052631576,random,0.0,mc_confidence_only
0.5652173913043478,0.46153846153846156,random,0.0,mc_confidence_only
0.5797101449275363,0.475,random,0.0,mc_confidence_only
0.5942028985507246,0.4634146341463415,random,0.0,mc_confidence_only
0.6086956521739131,0.4523809523809524,random,0.0,mc_confidence_only
0.6231884057971014,0.46511627906976744,random,0.0,mc_confidence_only
0.6376811594202898,0.4772727272727273,random,0.0,mc_confidence_only
0.6521739130434783,0.4888888888888889,random,0.0,mc_confidence_only
0.6666666666666666,0.5,random,0.0,mc_confidence_only
0.6811594202898551,0.5106382978723404,random,0.0,mc_confidence_only
0.6956521739130435,0.5208333333333334,random,0.0,mc_confidence_only
0.7101449275362319,0.5306122448979592,random,0.0,mc_confidence_only
0.7246376811594203,0.52,random,0.0,mc_confidence_only
0.7391304347826086,0.5294117647058824,random,0.0,mc_confidence_only
0.7536231884057971,0.5192307692307693,random,0.0,mc_confidence_only
0.7681159420289855,0.5094339622641509,random,0.0,mc_confidence_only
0.782608695652174,0.5,random,0.0,mc_confidence_only
0.7971014492753623,0.509090909090909,random,0.0,mc_confidence_only
0.8115942028985508,0.5,random,0.0,mc_confidence_only
0.8260869565217391,0.5087719298245614,random,0.0,mc_confidence_only
0.8405797101449275,0.5172413793103449,random,0.0,mc_confidence_only
0.855072463768116,0.5254237288135594,random,0.0,mc_confidence_only
0.8695652173913043,0.5333333333333333,random,0.0,mc_confidence_only
0.8840579710144928,0.5409836065573771,random,0.0,mc_confidence_only
0.8985507246376812,0.532258064516129,random,0.0,mc_confidence_only
0.9130434782608695,0.5238095238095238,random,0.0,mc_confidence_only
0.927536231884058,0.53125,random,0.0,mc_confidence_only
0.9420289855072463,0.5230769230769231,random,0.0,mc_confidence_only
0.9565217391304348,0.5303030303030303,random,0.0,mc_confidence_only
0.9710144927536232,0.5373134328358209,random,0.0,mc_confidence_only
0.9855072463768116,0.5441176470588235,random,0.0,mc_confidence_only
1.0,0.5362318840579711,random,0.0,mc_confidence_only
0.014492753623188406,0.0,random,0.0,nars_gated
0.028985507246376812,0.0,random,0.0,nars_gated
0.043478260869565216,0.3333333333333333,random,0.0,nars_gated
0.057971014492753624,0.5,random,0.0,nars_gated
0.07246376811594203,0.6,random,0.0,nars_gated
0.08695652173913043,0.5,random,0.0,nars_gated
0.10144927536231885,0.5714285714285714,random,0.0,nars_gated
0.11594202898550725,0.625,random,0.0,nars_gated
0.13043478260869565,0.5555555555555556,random,0.0,nars_gated
0.14492753623188406,0.5,random,0.0,nars_gated
0.15942028985507245,0.45454545454545453,random,0.0,nars_gated
0.17391304347826086,0.4166666666666667,random,0.0,nars_gated
0.18840579710144928,0.38461538461538464,random,0.0,nars_gated
0.2028985507246377,0.42857142857142855,random,0.0,nars_gated
0.21739130434782608,0.4666666666666667,random,0.0,nars_gated
0.2318840579710145,0.4375,random,0.0,nars_gated
0.2463768115942029,0.47058823529411764,random,0.0,nars_gated
0.2608695652173913,0.4444444444444444,random,0.0,nars_gated
0.2753623188405797,0.47368421052631576,random,0.0,nars_gated
0.2898550724637681,0.5,random,0.0,nars_gated
0.30434782608695654,0.5238095238095238,random,0.0,nars_gated
0.3188405797101449,0.5454545454545454,random,0.0,nars_gated
0.3333333333333333,0.5652173913043478,random,0.0,nars_gated
0.34782608695652173,0.5416666666666666,random,0.0,nars_gated
0.36231884057971014,0.52,random,0.0,nars_gated
0.37681159420289856,0.5384615384615384,random,0.0,nars_gated
0.391304347826087,0.5185185185185185,random,0.0,nars_gated
0.4057971014492754,0.5,random,0.0,nars_gated
0.42028985507246375,0.4827586206896552,random,0.0,nars_gated
0.43478260869565216,0.4666666666666667,random,0.0,nars_gated
0.4492753623188406,0.45161290322580644,random,0.0,nars_gated
0.463768115942029,0.46875,random,0.0,nars_gated
0.4782608695652174,0.48484848484848486,random,0.0,nars_gated
0.4927536231884058,0.5,random,0.0,nars_gated
0.5072463768115942,0.4857142857142857,random,0.0,nars_gated
0.5217391304347826,0.4722222222222222,random,0.0,nars_gated
0.5362318840579711,0.4864864864864865,random,0.0,nars_gated
0.5507246376811594,0.47368421052631576,random,0.0,nars_gated
0.5652173913043478,0.46153846153846156,random,0.0,nars_gated
0.5797101449275363,0.475,random,0.0,nars_gated
0.5942028985507246,0.4634146341463415,random,0.0,nars_gated
0.6086956521739131,0.4523809523809524,random,0.0,nars_gated
0.6231884057971014,0.46511627906976744,random,0.0,nars_gated
0.6376811594202898,0.4772727272727273,random,0.0,nars_gated
0.6521739130434783,0.4888888888888889,random,0.0,nars_gated
0.6666666666666666,0.5,random,0.0,nars_gated
0.6811594202898551,0.5106382978723404,random,0.0,nars_gated
0.6956521739130435,0.5208333333333334,random,0.0,nars_gated
0.7101449275362319,0.5306122448979592,random,0.0,nars_gated
0.7246376811594203,0.52,random,0.0,nars_gated
0.7391304347826086,0.5294117647058824,random,0.0,nars_gated
0.7536231884057971,0.5192307692307693,random,0.0,nars_gated
0.7681159420289855,0.5094339622641509,random,0.0,nars_gated
0.782608695652174,0.5,random,0.0,nars_gated
0.7971014492753623,0.509090909090909,random,0.0,nars_gated
0.8115942028985508,0.5,random,0.0,nars_gated
0.8260869565217391,0.5087719298245614,random,0.0,nars_gated
0.8405797101449275,0.5172413793103449,random,0.0,nars_gated
0.855072463768116,0.5254237288135594,random,0.0,nars_gated
0.8695652173913043,0.5333333333333333,random,0.0,nars_gated
0.8840579710144928,0.5409836065573771,random,0.0,nars_gated
0.8985507246376812,0.532258064516129,random,0.0,nars_gated
0.9130434782608695,0.5238095238095238,random,0.0,nars_gated
0.927536231884058,0.53125,random,0.0,nars_gated
0.9420289855072463,0.5230769230769231,random,0.0,nars_gated
0.9565217391304348,0.5303030303030303,random,0.0,nars_gated
0.9710144927536232,0.5373134328358209,random,0.0,nars_gated
0.9855072463768116,0.5441176470588235,random,0.0,nars_gated
1.0,0.5362318840579711,random,0.0,nars_gated
0.014492753623188406,0.0,random,0.1,baseline
0.028985507246376812,0.0,random,0.1,baseline
0.043478260869565216,0.3333333333333333,random,0.1,baseline
0.057971014492753624,0.5,random,0.1,baseline
0.07246376811594203,0.6,random,0.1,baseline
0.08695652173913043,0.6666666666666666,random,0.1,baseline
0.10144927536231885,0.5714285714285714,random,0.1,baseline
0.11594202898550725,0.625,random,0.1,baseline
0.13043478260869565,0.5555555555555556,random,0.1,baseline
0.14492753623188406,0.5,random,0.1,baseline
0.15942028985507245,0.45454545454545453,random,0.1,baseline
0.17391304347826086,0.4166666666666667,random,0.1,baseline
0.18840579710144928,0.38461538461538464,random,0.1,baseline
0.2028985507246377,0.42857142857142855,random,0.1,baseline
0.21739130434782608,0.4666666666666667,random,0.1,baseline
0.2318840579710145,0.4375,random,0.1,baseline
0.2463768115942029,0.47058823529411764,random,0.1,baseline
0.2608695652173913,0.4444444444444444,random,0.1,baseline
0.2753623188405797,0.47368421052631576,random,0.1,baseline
0.2898550724637681,0.5,random,0.1,baseline
0.30434782608695654,0.5238095238095238,random,0.1,baseline
0.3188405797101449,0.5454545454545454,random,0.1,baseline
0.3333333333333333,0.5652173913043478,random,0.1,baseline
0.34782608695652173,0.5416666666666666,random,0.1,baseline
0.36231884057971014,0.56,random,0.1,baseline
0.37681159420289856,0.5384615384615384,random,0.1,baseline
0.391304347826087,0.5185185185185185,random,0.1,baseline
0.4057971014492754,0.5,random,0.1,baseline
0.42028985507246375,0.4827586206896552,random,0.1,baseline
0.43478260869565216,0.4666666666666667,random,0.1,baseline
0.4492753623188406,0.45161290322580644,random,0.1,baseline
0.463768115942029,0.46875,random,0.1,baseline
0.4782608695652174,0.48484848484848486,random,0.1,baseline
0.4927536231884058,0.5,random,0.1,baseline
0.5072463768115942,0.4857142857142857,random,0.1,baseline
0.5217391304347826,0.4722222222222222,random,0.1,baseline
0.5362318840579711,0.4864864864864865,random,0.1,baseline
0.5507246376811594,0.47368421052631576,random,0.1,baseline
0.5652173913043478,0.46153846153846156,random,0.1,baseline
0.5797101449275363,0.475,random,0.1,baseline
0.5942028985507246,0.4634146341463415,random,0.1,baseline
0.6086956521739131,0.4523809523809524,random,0.1,baseline
0.6231884057971014,0.46511627906976744,random,0.1,baseline
0.6376811594202898,0.4772727272727273,random,0.1,baseline
0.6521739130434783,0.4888888888888889,random,0.1,baseline
0.6666666666666666,0.5,random,0.1,baseline
0.6811594202898551,0.5106382978723404,random,0.1,baseline
0.6956521739130435,0.5208333333333334,random,0.1,baseline
0.7101449275362319,0.5306122448979592,random,0.1,baseline
0.7246376811594203,0.52,random,0.1,baseline
0.7391304347826086,0.5294117647058824,random,0.1,baseline
0.7536231884057971,0.5192307692307693,random,0.1,baseline
0.7681159420289855,0.5094339622641509,random,0.1,baseline
0.782608695652174,0.5,random,0.1,baseline
0.7971014492753623,0.509090909090909,random,0.1,baseline
0.8115942028985508,0.5,random,0.1,baseline
0.8260869565217391,0.5087719298245614,random,0.1,baseline
0.8405797101449275,0.5172413793103449,random,0.1,baseline
0.855072463768116,0.5254237288135594,random,0.1,baseline
0.8695652173913043,0.5333333333333333,random,0.1,baseline
0.8840579710144928,0.5409836065573771,random,0.1,baseline
0.8985507246376812,0.532258064516129,random,0.1,baseline
0.9130434782608695,0.5238095238095238,random,0.1,baseline
0.927536231884058,0.53125,random,0.1,baseline
0.9420289855072463,0.5384615384615384,random,0.1,baseline
0.9565217391304348,0.5303030303030303,random,0.1,baseline
0.9710144927536232,0.5373134328358209,random,0.1,baseline
0.9855072463768116,0.5441176470588235,random,0.1,baseline
1.0,0.5362318840579711,random,0.1,baseline
0.014492753623188406,0.0,random,0.1,mc_confidence_only
0.028985507246376812,0.0,random,0.1,mc_confidence_only
0.043478260869565216,0.3333333333333333,random,0.1,mc_confidence_only
0.057971014492753624,0.5,random,0.1,mc_confidence_only
0.07246376811594203,0.6,random,0.1,mc_confidence_only
0.08695652173913043,0.6666666666666666,random,0.1,mc_confidence_only
0.10144927536231885,0.5714285714285714,random,0.1,mc_confidence_only
0.11594202898550725,0.625,random,0.1,mc_confidence_only
0.13043478260869565,0.5555555555555556,random,0.1,mc_confidence_only
0.14492753623188406,0.5,random,0.1,mc_confidence_only
0.15942028985507245,0.45454545454545453,random,0.1,mc_confidence_only
0.17391304347826086,0.4166666666666667,random,0.1,mc_confidence_only
0.18840579710144928,0.38461538461538464,random,0.1,mc_confidence_only
0.2028985507246377,0.42857142857142855,random,0.1,mc_confidence_only
0.21739130434782608,0.4666666666666667,random,0.1,mc_confidence_only
0.2318840579710145,0.4375,random,0.1,mc_confidence_only
0.2463768115942029,0.47058823529411764,random,0.1,mc_confidence_only
0.2608695652173913,0.4444444444444444,random,0.1,mc_confidence_only
0.2753623188405797,0.47368421052631576,random,0.1,mc_confidence_only
0.2898550724637681,0.5,random,0.1,mc_confidence_only
0.30434782608695654,0.5238095238095238,random,0.1,mc_confidence_only
0.3188405797101449,0.5454545454545454,random,0.1,mc_confidence_only
0.3333333333333333,0.5652173913043478,random,0.1,mc_confidence_only
0.34782608695652173,0.5416666666666666,random,0.1,mc_confidence_only
0.36231884057971014,0.56,random,0.1,mc_confidence_only
0.37681159420289856,0.5384615384615384,random,0.1,mc_confidence_only
0.391304347826087,0.5185185185185185,random,0.1,mc_confidence_only
0.4057971014492754,0.5,random,0.1,mc_confidence_only
0.42028985507246375,0.4827586206896552,random,0.1,mc_confidence_only
0.43478260869565216,0.4666666666666667,random,0.1,mc_confidence_only
0.4492753623188406,0.45161290322580644,random,0.1,mc_confidence_only
0.463768115942029,0.46875,random,0.1,mc_confidence_only
0.4782608695652174,0.48484848484848486,random,0.1,mc_confidence_only
0.4927536231884058,0.5,random,0.1,mc_confidence_only
0.5072463768115942,0.4857142857142857,random,0.1,mc_confidence_only
0.5217391304347826,0.4722222222222222,random,0.1,mc_confidence_only
0.5362318840579711,0.4864864864864865,random,0.1,mc_confidence_only
0.5507246376811594,0.47368421052631576,random,0.1,mc_confidence_only
0.5652173913043478,0.46153846153846156,random,0.1,mc_confidence_only
0.5797101449275363,0.475,random,0.1,mc_confidence_only
0.5942028985507246,0.4634146341463415,random,0.1,mc_confidence_only
0.6086956521739131,0.4523809523809524,random,0.1,mc_confidence_only
0.6231884057971014,0.46511627906976744,random,0.1,mc_confidence_only
0.6376811594202898,0.4772727272727273,random,0.1,mc_confidence_only
0.6521739130434783,0.4888888888888889,random,0.1,mc_confidence_only
0.6666666666666666,0.5,random,0.1,mc_confidence_only
0.6811594202898551,0.5106382978723404,random,0.1,mc_confidence_only
0.6956521739130435,0.5208333333333334,random,0.1,mc_confidence_only
0.7101449275362319,0.5306122448979592,random,0.1,mc_confidence_only
0.7246376811594203,0.52,random,0.1,mc_confidence_only
0.7391304347826086,0.5294117647058824,random,0.1,mc_confidence_only
0.7536231884057971,0.5192307692307693,random,0.1,mc_confidence_only
0.7681159420289855,0.5094339622641509,random,0.1,mc_confidence_only
0.782608695652174,0.5,random,0.1,mc_confidence_only
0.7971014492753623,0.509090909090909,random,0.1,mc_confidence_only
0.8115942028985508,0.5,random,0.1,mc_confidence_only
0.8260869565217391,0.5087719298245614,random,0.1,mc_confidence_only
0.8405797101449275,0.5172413793103449,random,0.1,mc_confidence_only
0.855072463768116,0.5254237288135594,random,0.1,mc_confidence_only
0.8695652173913043,0.5333333333333333,random,0.1,mc_confidence_only
0.8840579710144928,0.5409836065573771,random,0.1,mc_confidence_only
0.8985507246376812,0.532258064516129,random,0.1,mc_confidence_only
0.9130434782608695,0.5238095238095238,random,0.1,mc_confidence_only
0.927536231884058,0.53125,random,0.1,mc_confidence_only
0.9420289855072463,0.5384615384615384,random,0.1,mc_confidence_only
0.9565217391304348,0.5303030303030303,random,0.1,mc_confidence_only
0.9710144927536232,0.5373134328358209,random,0.1,mc_confidence_only
0.9855072463768116,0.5441176470588235,random,0.1,mc_confidence_only
1.0,0.5362318840579711,random,0.1,mc_confidence_only
0.014492753623188406,0.0,random,0.1,nars_gated
0.028985507246376812,0.0,random,0.1,nars_gated
0.043478260869565216,0.3333333333333333,random,0.1,nars_gated
0.057971014492753624,0.5,random,0.1,nars_gated
0.07246376811594203,0.6,random,0.1,nars_gated
0.08695652173913043,0.6666666666666666,random,0.1,nars_gated
0.10144927536231885,0.5714285714285714,random,0.1,nars_gated
0.11594202898550725,0.625,random,0.1,nars_gated
0.13043478260869565,0.5555555555555556,random,0.1,nars_gated
0.14492753623188406,0.5,random,0.1,nars_gated
0.15942028985507245,0.45454545454545453,random,0.1,nars_gated
0.17391304347826086,0.4166666666666667,random,0.1,nars_gated
0.18840579710144928,0.38461538461538464,random,0.1,nars_gated
0.2028985507246377,0.42857142857142855,random,0.1,nars_gated
0.21739130434782608,0.4666666666666667,random,0.1,nars_gated
0.2318840579710145,0.4375,random,0.1,nars_gated
0.2463768115942029,0.47058823529411764,random,0.1,nars_gated
0.2608695652173913,0.4444444444444444,random,0.1,nars_gated
0.2753623188405797,0.47368421052631576,random,0.1,nars_gated
0.2898550724637681,0.5,random,0.1,nars_gated
0.30434782608695654,0.5238095238095238,random,0.1,nars_gated
0.3188405797101449,0.5454545454545454,random,0.1,nars_gated
0.3333333333333333,0.5652173913043478,random,0.1,nars_gated
0.34782608695652173,0.5416666666666666,random,0.1,nars_gated
0.36231884057971014,0.56,random,0.1,nars_gated
0.37681159420289856,0.5384615384615384,random,0.1,nars_gated
0.391304347826087,0.5185185185185185,random,0.1,nars_gated
0.4057971014492754,0.5,random,0.1,nars_gated
0.42028985507246375,0.4827586206896552,random,0.1,nars_gated
0.43478260869565216,0.4666666666666667,random,0.1,nars_gated
0.4492753623188406,0.45161290322580644,random,0.1,nars_gated
0.463768115942029,0.46875,random,0.1,nars_gated
0.4782608695652174,0.48484848484848486,random,0.1,nars_gated
0.4927536231884058,0.5,random,0.1,nars_gated
0.5072463768115942,0.4857142857142857,random,0.1,nars_gated
0.5217391304347826,0.4722222222222222,random,0.1,nars_gated
0.5362318840579711,0.4864864864864865,random,0.1,nars_gated
0.5507246376811594,0.47368421052631576,random,0.1,nars_gated
0.5652173913043478,0.46153846153846156,random,0.1,nars_gated
0.5797101449275363,0.475,random,0.1,nars_gated
0.5942028985507246,0.4634146341463415,random,0.1,nars_gated
0.6086956521739131,0.4523809523809524,random,0.1,nars_gated
0.6231884057971014,0.46511627906976744,random,0.1,nars_gated
0.6376811594202898,0.4772727272727273,random,0.1,nars_gated
0.6521739130434783,0.4888888888888889,random,0.1,nars_gated
0.6666666666666666,0.5,random,0.1,nars_gated
0.6811594202898551,0.5106382978723404,random,0.1,nars_gated
0.6956521739130435,0.5208333333333334,random,0.1,nars_gated
0.7101449275362319,0.5306122448979592,random,0.1,nars_gated
0.7246376811594203,0.52,random,0.1,nars_gated
0.7391304347826086,0.5294117647058824,random,0.1,nars_gated
0.7536231884057971,0.5192307692307693,random,0.1,nars_gated
0.7681159420289855,0.5094339622641509,random,0.1,nars_gated
0.782608695652174,0.5,random,0.1,nars_gated
0.7971014492753623,0.509090909090909,random,0.1,nars_gated
0.8115942028985508,0.5,random,0.1,nars_gated
0.8260869565217391,0.5087719298245614,random,0.1,nars_gated
0.8405797101449275,0.5172413793103449,random,0.1,nars_gated
0.855072463768116,0.5254237288135594,random,0.1,nars_gated
0.8695652173913043,0.5333333333333333,random,0.1,nars_gated
0.8840579710144928,0.5409836065573771,random,0.1,nars_gated
0.8985507246376812,0.532258064516129,random,0.1,nars_gated
0.9130434782608695,0.5238095238095238,random,0.1,nars_gated
0.927536231884058,0.53125,random,0.1,nars_gated
0.9420289855072463,0.5384615384615384,random,0.1,nars_gated
0.9565217391304348,0.5303030303030303,random,0.1,nars_gated
0.9710144927536232,0.5373134328358209,random,0.1,nars_gated
0.9855072463768116,0.5441176470588235,random,0.1,nars_gated
1.0,0.5362318840579711,random,0.1,nars_gated
0.014492753623188406,0.0,random,0.3,baseline
0.028985507246376812,0.0,random,0.3,baseline
0.043478260869565216,0.3333333333333333,random,0.3,baseline
0.057971014492753624,0.5,random,0.3,baseline
0.07246376811594203,0.6,random,0.3,baseline
0.08695652173913043,0.6666666666666666,random,0.3,baseline
0.10144927536231885,0.5714285714285714,random,0.3,baseline
0.11594202898550725,0.625,random,0.3,baseline
0.13043478260869565,0.5555555555555556,random,0.3,baseline
0.14492753623188406,0.5,random,0.3,baseline
0.15942028985507245,0.45454545454545453,random,0.3,baseline
0.17391304347826086,0.4166666666666667,random,0.3,baseline
0.18840579710144928,0.38461538461538464,random,0.3,baseline
0.2028985507246377,0.35714285714285715,random,0.3,baseline
0.21739130434782608,0.4,random,0.3,baseline
0.2318840579710145,0.4375,random,0.3,baseline
0.2463768115942029,0.47058823529411764,random,0.3,baseline
0.2608695652173913,0.4444444444444444,random,0.3,baseline
0.2753623188405797,0.47368421052631576,random,0.3,baseline
0.2898550724637681,0.5,random,0.3,baseline
0.30434782608695654,0.5238095238095238,random,0.3,baseline
0.3188405797101449,0.5454545454545454,random,0.3,baseline
0.3333333333333333,0.5652173913043478,random,0.3,baseline
0.34782608695652173,0.5416666666666666,random,0.3,baseline
0.36231884057971014,0.56,random,0.3,baseline
0.37681159420289856,0.5384615384615384,random,0.3,baseline
0.391304347826087,0.5185185185185185,random,0.3,baseline
0.4057971014492754,0.5,random,0.3,baseline
0.42028985507246375,0.4827586206896552,random,0.3,baseline
0.43478260869565216,0.4666666666666667,random,0.3,baseline
0.4492753623188406,0.45161290322580644,random,0.3,baseline
0.463768115942029,0.46875,random,0.3,baseline
0.4782608695652174,0.45454545454545453,random,0.3,baseline
0.4927536231884058,0.47058823529411764,random,0.3,baseline
0.5072463768115942,0.45714285714285713,random,0.3,baseline
0.5217391304347826,0.4722222222222222,random,0.3,baseline
0.5362318840579711,0.4864864864864865,random,0.3,baseline
0.5507246376811594,0.47368421052631576,random,0.3,baseline
0.5652173913043478,0.46153846153846156,random,0.3,baseline
0.5797101449275363,0.475,random,0.3,baseline
0.5942028985507246,0.4634146341463415,random,0.3,baseline
0.6086956521739131,0.47619047619047616,random,0.3,baseline
0.6231884057971014,0.46511627906976744,random,0.3,baseline
0.6376811594202898,0.4772727272727273,random,0.3,baseline
0.6521739130434783,0.4888888888888889,random,0.3,baseline
0.6666666666666666,0.5,random,0.3,baseline
0.6811594202898551,0.5106382978723404,random,0.3,baseline
0.6956521739130435,0.5208333333333334,random,0.3,baseline
0.7101449275362319,0.5306122448979592,random,0.3,baseline
0.7246376811594203,0.52,random,0.3,baseline
0.7391304347826086,0.5294117647058824,random,0.3,baseline
0.7536231884057971,0.5192307692307693,random,0.3,baseline
0.7681159420289855,0.5094339622641509,random,0.3,baseline
0.782608695652174,0.5,random,0.3,baseline
0.7971014492753623,0.509090909090909,random,0.3,baseline
0.8115942028985508,0.5,random,0.3,baseline
0.8260869565217391,0.5087719298245614,random,0.3,baseline
0.8405797101449275,0.5172413793103449,random,0.3,baseline
0.855072463768116,0.5254237288135594,random,0.3,baseline
0.8695652173913043,0.5333333333333333,random,0.3,baseline
0.8840579710144928,0.5409836065573771,random,0.3,baseline
0.8985507246376812,0.532258064516129,random,0.3,baseline
0.9130434782608695,0.5238095238095238,random,0.3,baseline
0.927536231884058,0.53125,random,0.3,baseline
0.9420289855072463,0.5230769230769231,random,0.3,baseline
0.9565217391304348,0.5303030303030303,random,0.3,baseline
0.9710144927536232,0.5373134328358209,random,0.3,baseline
0.9855072463768116,0.5441176470588235,random,0.3,baseline
1.0,0.5362318840579711,random,0.3,baseline
0.014492753623188406,0.0,random,0.3,mc_confidence_only
0.028985507246376812,0.0,random,0.3,mc_confidence_only
0.043478260869565216,0.3333333333333333,random,0.3,mc_confidence_only
0.057971014492753624,0.5,random,0.3,mc_confidence_only
0.07246376811594203,0.6,random,0.3,mc_confidence_only
0.08695652173913043,0.6666666666666666,random,0.3,mc_confidence_only
0.10144927536231885,0.5714285714285714,random,0.3,mc_confidence_only
0.11594202898550725,0.625,random,0.3,mc_confidence_only
0.13043478260869565,0.5555555555555556,random,0.3,mc_confidence_only
0.14492753623188406,0.5,random,0.3,mc_confidence_only
0.15942028985507245,0.45454545454545453,random,0.3,mc_confidence_only
0.17391304347826086,0.4166666666666667,random,0.3,mc_confidence_only
0.18840579710144928,0.38461538461538464,random,0.3,mc_confidence_only
0.2028985507246377,0.35714285714285715,random,0.3,mc_confidence_only
0.21739130434782608,0.4,random,0.3,mc_confidence_only
0.2318840579710145,0.4375,random,0.3,mc_confidence_only
0.2463768115942029,0.47058823529411764,random,0.3,mc_confidence_only
0.2608695652173913,0.4444444444444444,random,0.3,mc_confidence_only
0.2753623188405797,0.47368421052631576,random,0.3,mc_confidence_only
0.2898550724637681,0.5,random,0.3,mc_confidence_only
0.30434782608695654,0.5238095238095238,random,0.3,mc_confidence_only
0.3188405797101449,0.5454545454545454,random,0.3,mc_confidence_only
0.3333333333333333,0.5652173913043478,random,0.3,mc_confidence_only
0.34782608695652173,0.5416666666666666,random,0.3,mc_confidence_only
0.36231884057971014,0.56,random,0.3,mc_confidence_only
0.37681159420289856,0.5384615384615384,random,0.3,mc_confidence_only
0.391304347826087,0.5185185185185185,random,0.3,mc_confidence_only
0.4057971014492754,0.5,random,0.3,mc_confidence_only
0.42028985507246375,0.4827586206896552,random,0.3,mc_confidence_only
0.43478260869565216,0.4666666666666667,random,0.3,mc_confidence_only
0.4492753623188406,0.45161290322580644,random,0.3,mc_confidence_only
0.463768115942029,0.46875,random,0.3,mc_confidence_only
0.4782608695652174,0.45454545454545453,random,0.3,mc_confidence_only
0.4927536231884058,0.47058823529411764,random,0.3,mc_confidence_only
0.5072463768115942,0.45714285714285713,random,0.3,mc_confidence_only
0.5217391304347826,0.4722222222222222,random,0.3,mc_confidence_only
0.5362318840579711,0.4864864864864865,random,0.3,mc_confidence_only
0.5507246376811594,0.47368421052631576,random,0.3,mc_confidence_only
0.5652173913043478,0.46153846153846156,random,0.3,mc_confidence_only
0.5797101449275363,0.475,random,0.3,mc_confidence_only
0.5942028985507246,0.4634146341463415,random,0.3,mc_confidence_only
0.6086956521739131,0.47619047619047616,random,0.3,mc_confidence_only
0.6231884057971014,0.46511627906976744,random,0.3,mc_confidence_only
0.6376811594202898,0.4772727272727273,random,0.3,mc_confidence_only
0.6521739130434783,0.4888888888888889,random,0.3,mc_confidence_only
0.6666666666666666,0.5,random,0.3,mc_confidence_only
0.6811594202898551,0.5106382978723404,random,0.3,mc_confidence_only
0.6956521739130435,0.5208333333333334,random,0.3,mc_confidence_only
0.7101449275362319,0.5306122448979592,random,0.3,mc_confidence_only
0.7246376811594203,0.52,random,0.3,mc_confidence_only
0.7391304347826086,0.5294117647058824,random,0.3,mc_confidence_only
0.7536231884057971,0.5192307692307693,random,0.3,mc_confidence_only
0.7681159420289855,0.5094339622641509,random,0.3,mc_confidence_only
0.782608695652174,0.5,random,0.3,mc_confidence_only
0.7971014492753623,0.509090909090909,random,0.3,mc_confidence_only
0.8115942028985508,0.5,random,0.3,mc_confidence_only
0.8260869565217391,0.5087719298245614,random,0.3,mc_confidence_only
0.8405797101449275,0.5172413793103449,random,0.3,mc_confidence_only
0.855072463768116,0.5254237288135594,random,0.3,mc_confidence_only
0.8695652173913043,0.5333333333333333,random,0.3,mc_confidence_only
0.8840579710144928,0.5409836065573771,random,0.3,mc_confidence_only
0.8985507246376812,0.532258064516129,random,0.3,mc_confidence_only
0.9130434782608695,0.5238095238095238,random,0.3,mc_confidence_only
0.927536231884058,0.53125,random,0.3,mc_confidence_only
0.9420289855072463,0.5230769230769231,random,0.3,mc_confidence_only
0.9565217391304348,0.5303030303030303,random,0.3,mc_confidence_only
0.9710144927536232,0.5373134328358209,random,0.3,mc_confidence_only
0.9855072463768116,0.5441176470588235,random,0.3,mc_confidence_only
1.0,0.5362318840579711,random,0.3,mc_confidence_only
0.014492753623188406,0.0,random,0.3,nars_gated
0.028985507246376812,0.0,random,0.3,nars_gated
0.043478260869565216,0.3333333333333333,random,0.3,nars_gated
0.057971014492753624,0.5,random,0.3,nars_gated
0.07246376811594203,0.6,random,0.3,nars_gated
0.08695652173913043,0.6666666666666666,random,0.3,nars_gated
0.10144927536231885,0.5714285714285714,random,0.3,nars_gated
0.11594202898550725,0.625,random,0.3,nars_gated
0.13043478260869565,0.5555555555555556,random,0.3,nars_gated
0.14492753623188406,0.5,random,0.3,nars_gated
0.15942028985507245,0.45454545454545453,random,0.3,nars_gated
0.17391304347826086,0.4166666666666667,random,0.3,nars_gated
0.18840579710144928,0.38461538461538464,random,0.3,nars_gated
0.2028985507246377,0.35714285714285715,random,0.3,nars_gated
0.21739130434782608,0.4,random,0.3,nars_gated
0.2318840579710145,0.4375,random,0.3,nars_gated
0.2463768115942029,0.47058823529411764,random,0.3,nars_gated
0.2608695652173913,0.4444444444444444,random,0.3,nars_gated
0.2753623188405797,0.47368421052631576,random,0.3,nars_gated
0.2898550724637681,0.5,random,0.3,nars_gated
0.30434782608695654,0.5238095238095238,random,0.3,nars_gated
0.3188405797101449,0.5454545454545454,random,0.3,nars_gated
0.3333333333333333,0.5652173913043478,random,0.3,nars_gated
0.34782608695652173,0.5416666666666666,random,0.3,nars_gated
0.36231884057971014,0.56,random,0.3,nars_gated
0.37681159420289856,0.5384615384615384,random,0.3,nars_gated
0.391304347826087,0.5185185185185185,random,0.3,nars_gated
0.4057971014492754,0.5,random,0.3,nars_gated
0.42028985507246375,0.4827586206896552,random,0.3,nars_gated
0.43478260869565216,0.4666666666666667,random,0.3,nars_gated
0.4492753623188406,0.45161290322580644,random,0.3,nars_gated
0.463768115942029,0.46875,random,0.3,nars_gated
0.4782608695652174,0.45454545454545453,random,0.3,nars_gated
0.4927536231884058,0.47058823529411764,random,0.3,nars_gated
0.5072463768115942,0.45714285714285713,random,0.3,nars_gated
0.5217391304347826,0.4722222222222222,random,0.3,nars_gated
0.5362318840579711,0.4864864864864865,random,0.3,nars_gated
0.5507246376811594,0.47368421052631576,random,0.3,nars_gated
0.5652173913043478,0.46153846153846156,random,0.3,nars_gated
0.5797101449275363,0.475,random,0.3,nars_gated
0.5942028985507246,0.4634146341463415,random,0.3,nars_gated
0.6086956521739131,0.47619047619047616,random,0.3,nars_gated
0.6231884057971014,0.46511627906976744,random,0.3,nars_gated
0.6376811594202898,0.4772727272727273,random,0.3,nars_gated
0.6521739130434783,0.4888888888888889,random,0.3,nars_gated
0.6666666666666666,0.5,random,0.3,nars_gated
0.6811594202898551,0.5106382978723404,random,0.3,nars_gated
0.6956521739130435,0.5208333333333334,random,0.3,nars_gated
0.7101449275362319,0.5306122448979592,random,0.3,nars_gated
0.7246376811594203,0.52,random,0.3,nars_gated
0.7391304347826086,0.5294117647058824,random,0.3,nars_gated
0.7536231884057971,0.5192307692307693,random,0.3,nars_gated
0.7681159420289855,0.5094339622641509,random,0.3,nars_gated
0.782608695652174,0.5,random,0.3,nars_gated
0.7971014492753623,0.509090909090909,random,0.3,nars_gated
0.8115942028985508,0.5,random,0.3,nars_gated
0.8260869565217391,0.5087719298245614,random,0.3,nars_gated
0.8405797101449275,0.5172413793103449,random,0.3,nars_gated
0.855072463768116,0.5254237288135594,random,0.3,nars_gated
0.8695652173913043,0.5333333333333333,random,0.3,nars_gated
0.8840579710144928,0.5409836065573771,random,0.3,nars_gated
0.8985507246376812,0.532258064516129,random,0.3,nars_gated
0.9130434782608695,0.5238095238095238,random,0.3,nars_gated
0.927536231884058,0.53125,random,0.3,nars_gated
0.9420289855072463,0.5230769230769231,random,0.3,nars_gated
0.9565217391304348,0.5303030303030303,random,0.3,nars_gated
0.9710144927536232,0.5373134328358209,random,0.3,nars_gated
0.9855072463768116,0.5441176470588235,random,0.3,nars_gated
1.0,0.5362318840579711,random,0.3,nars_gated
0.014492753623188406,0.0,random,0.5,baseline
0.028985507246376812,0.0,random,0.5,baseline
0.043478260869565216,0.3333333333333333,random,0.5,baseline
0.057971014492753624,0.5,random,0.5,baseline
0.07246376811594203,0.6,random,0.5,baseline
0.08695652173913043,0.6666666666666666,random,0.5,baseline
0.10144927536231885,0.5714285714285714,random,0.5,baseline
0.11594202898550725,0.625,random,0.5,baseline
0.13043478260869565,0.5555555555555556,random,0.5,baseline
0.14492753623188406,0.5,random,0.5,baseline
0.15942028985507245,0.45454545454545453,random,0.5,baseline
0.17391304347826086,0.4166666666666667,random,0.5,baseline
0.18840579710144928,0.38461538461538464,random,0.5,baseline
0.2028985507246377,0.42857142857142855,random,0.5,baseline
0.21739130434782608,0.4,random,0.5,baseline
0.2318840579710145,0.4375,random,0.5,baseline
0.2463768115942029,0.47058823529411764,random,0.5,baseline
0.2608695652173913,0.4444444444444444,random,0.5,baseline
0.2753623188405797,0.47368421052631576,random,0.5,baseline
0.2898550724637681,0.5,random,0.5,baseline
0.30434782608695654,0.5238095238095238,random,0.5,baseline
0.3188405797101449,0.5454545454545454,random,0.5,baseline
0.3333333333333333,0.5652173913043478,random,0.5,baseline
0.34782608695652173,0.5416666666666666,random,0.5,baseline
0.36231884057971014,0.52,random,0.5,baseline
0.37681159420289856,0.5,random,0.5,baseline
0.391304347826087,0.48148148148148145,random,0.5,baseline
0.4057971014492754,0.4642857142857143,random,0.5,baseline
0.42028985507246375,0.4482758620689655,random,0.5,baseline
0.43478260869565216,0.43333333333333335,random,0.5,baseline
0.4492753623188406,0.41935483870967744,random,0.5,baseline
0.463768115942029,0.4375,random,0.5,baseline
0.4782608695652174,0.45454545454545453,random,0.5,baseline
0.4927536231884058,0.4411764705882353,random,0.5,baseline
0.5072463768115942,0.42857142857142855,random,0.5,baseline
0.5217391304347826,0.4444444444444444,random,0.5,baseline
0.5362318840579711,0.4594594594594595,random,0.5,baseline
0.5507246376811594,0.4473684210526316,random,0.5,baseline
0.5652173913043478,0.4358974358974359,random,0.5,baseline
0.5797101449275363,0.45,random,0.5,baseline
0.5942028985507246,0.43902439024390244,random,0.5,baseline
0.6086956521739131,0.42857142857142855,random,0.5,baseline
0.6231884057971014,0.4418604651162791,random,0.5,baseline
0.6376811594202898,0.45454545454545453,random,0.5,baseline
0.6521739130434783,0.4666666666666667,random,0.5,baseline
0.6666666666666666,0.4782608695652174,random,0.5,baseline
0.6811594202898551,0.48936170212765956,random,0.5,baseline
0.6956521739130435,0.5,random,0.5,baseline
0.7101449275362319,0.5102040816326531,random,0.5,baseline
0.7246376811594203,0.5,random,0.5,baseline
0.7391304347826086,0.5098039215686274,random,0.5,baseline
0.7536231884057971,0.5,random,0.5,baseline
0.7681159420289855,0.49056603773584906,random,0.5,baseline
0.782608695652174,0.48148148148148145,random,0.5,baseline
0.7971014492753623,0.4909090909090909,random,0.5,baseline
0.8115942028985508,0.48214285714285715,random,0.5,baseline
0.8260869565217391,0.49122807017543857,random,0.5,baseline
0.8405797101449275,0.5,random,0.5,baseline
0.855072463768116,0.5084745762711864,random,0.5,baseline
0.8695652173913043,0.5166666666666667,random,0.5,baseline
0.8840579710144928,0.5245901639344263,random,0.5,baseline
0.8985507246376812,0.5161290322580645,random,0.5,baseline
0.9130434782608695,0.5079365079365079,random,0.5,baseline
0.927536231884058,0.515625,random,0.5,baseline
0.9420289855072463,0.5230769230769231,random,0.5,baseline
0.9565217391304348,0.5151515151515151,random,0.5,baseline
0.9710144927536232,0.5223880597014925,random,0.5,baseline
0.9855072463768116,0.5294117647058824,random,0.5,baseline
1.0,0.5217391304347826,random,0.5,baseline
0.014492753623188406,0.0,random,0.5,mc_confidence_only
0.028985507246376812,0.0,random,0.5,mc_confidence_only
0.043478260869565216,0.3333333333333333,random,0.5,mc_confidence_only
0.057971014492753624,0.5,random,0.5,mc_confidence_only
0.07246376811594203,0.6,random,0.5,mc_confidence_only
0.08695652173913043,0.6666666666666666,random,0.5,mc_confidence_only
0.10144927536231885,0.5714285714285714,random,0.5,mc_confidence_only
0.11594202898550725,0.625,random,0.5,mc_confidence_only
0.13043478260869565,0.5555555555555556,random,0.5,mc_confidence_only
0.14492753623188406,0.5,random,0.5,mc_confidence_only
0.15942028985507245,0.45454545454545453,random,0.5,mc_confidence_only
0.17391304347826086,0.4166666666666667,random,0.5,mc_confidence_only
0.18840579710144928,0.38461538461538464,random,0.5,mc_confidence_only
0.2028985507246377,0.42857142857142855,random,0.5,mc_confidence_only
0.21739130434782608,0.4,random,0.5,mc_confidence_only
0.2318840579710145,0.4375,random,0.5,mc_confidence_only
0.2463768115942029,0.47058823529411764,random,0.5,mc_confidence_only
0.2608695652173913,0.4444444444444444,random,0.5,mc_confidence_only
0.2753623188405797,0.47368421052631576,random,0.5,mc_confidence_only
0.2898550724637681,0.5,random,0.5,mc_confidence_only
0.30434782608695654,0.5238095238095238,random,0.5,mc_confidence_only
0.3188405797101449,0.5454545454545454,random,0.5,mc_confidence_only
0.3333333333333333,0.5652173913043478,random,0.5,mc_confidence_only
0.34782608695652173,0.5416666666666666,random,0.5,mc_confidence_only
0.36231884057971014,0.52,random,0.5,mc_confidence_only
0.37681159420289856,0.5,random,0.5,mc_confidence_only
0.391304347826087,0.48148148148148145,random,0.5,mc_confidence_only
0.4057971014492754,0.4642857142857143,random,0.5,mc_confidence_only
0.42028985507246375,0.4482758620689655,random,0.5,mc_confidence_only
0.43478260869565216,0.43333333333333335,random,0.5,mc_confidence_only
0.4492753623188406,0.41935483870967744,random,0.5,mc_confidence_only
0.463768115942029,0.4375,random,0.5,mc_confidence_only
0.4782608695652174,0.45454545454545453,random,0.5,mc_confidence_only
0.4927536231884058,0.4411764705882353,random,0.5,mc_confidence_only
0.5072463768115942,0.42857142857142855,random,0.5,mc_confidence_only
0.5217391304347826,0.4444444444444444,random,0.5,mc_confidence_only
0.5362318840579711,0.4594594594594595,random,0.5,mc_confidence_only
0.5507246376811594,0.4473684210526316,random,0.5,mc_confidence_only
0.5652173913043478,0.4358974358974359,random,0.5,mc_confidence_only
0.5797101449275363,0.45,random,0.5,mc_confidence_only
0.5942028985507246,0.43902439024390244,random,0.5,mc_confidence_only
0.6086956521739131,0.42857142857142855,random,0.5,mc_confidence_only
0.6231884057971014,0.4418604651162791,random,0.5,mc_confidence_only
0.6376811594202898,0.45454545454545453,random,0.5,mc_confidence_only
0.6521739130434783,0.4666666666666667,random,0.5,mc_confidence_only
0.6666666666666666,0.4782608695652174,random,0.5,mc_confidence_only
0.6811594202898551,0.48936170212765956,random,0.5,mc_confidence_only
0.6956521739130435,0.5,random,0.5,mc_confidence_only
0.7101449275362319,0.5102040816326531,random,0.5,mc_confidence_only
0.7246376811594203,0.5,random,0.5,mc_confidence_only
0.7391304347826086,0.5098039215686274,random,0.5,mc_confidence_only
0.7536231884057971,0.5,random,0.5,mc_confidence_only
0.7681159420289855,0.49056603773584906,random,0.5,mc_confidence_only
0.782608695652174,0.48148148148148145,random,0.5,mc_confidence_only
0.7971014492753623,0.4909090909090909,random,0.5,mc_confidence_only
0.8115942028985508,0.48214285714285715,random,0.5,mc_confidence_only
0.8260869565217391,0.49122807017543857,random,0.5,mc_confidence_only
0.8405797101449275,0.5,random,0.5,mc_confidence_only
0.855072463768116,0.5084745762711864,random,0.5,mc_confidence_only
0.8695652173913043,0.5166666666666667,random,0.5,mc_confidence_only
0.8840579710144928,0.5245901639344263,random,0.5,mc_confidence_only
0.8985507246376812,0.5161290322580645,random,0.5,mc_confidence_only
0.9130434782608695,0.5079365079365079,random,0.5,mc_confidence_only
0.927536231884058,0.515625,random,0.5,mc_confidence_only
0.9420289855072463,0.5230769230769231,random,0.5,mc_confidence_only
0.9565217391304348,0.5151515151515151,random,0.5,mc_confidence_only
0.9710144927536232,0.5223880597014925,random,0.5,mc_confidence_only
0.9855072463768116,0.5294117647058824,random,0.5,mc_confidence_only
1.0,0.5217391304347826,random,0.5,mc_confidence_only
0.014492753623188406,0.0,random,0.5,nars_gated
0.028985507246376812,0.0,random,0.5,nars_gated
0.043478260869565216,0.3333333333333333,random,0.5,nars_gated
0.057971014492753624,0.5,random,0.5,nars_gated
0.07246376811594203,0.6,random,0.5,nars_gated
0.08695652173913043,0.6666666666666666,random,0.5,nars_gated
0.10144927536231885,0.5714285714285714,random,0.5,nars_gated
0.11594202898550725,0.625,random,0.5,nars_gated
0.13043478260869565,0.5555555555555556,random,0.5,nars_gated
0.14492753623188406,0.5,random,0.5,nars_gated
0.15942028985507245,0.45454545454545453,random,0.5,nars_gated
0.17391304347826086,0.4166666666666667,random,0.5,nars_gated
0.18840579710144928,0.38461538461538464,random,0.5,nars_gated
0.2028985507246377,0.42857142857142855,random,0.5,nars_gated
0.21739130434782608,0.4,random,0.5,nars_gated
0.2318840579710145,0.4375,random,0.5,nars_gated
0.2463768115942029,0.47058823529411764,random,0.5,nars_gated
0.2608695652173913,0.4444444444444444,random,0.5,nars_gated
0.2753623188405797,0.47368421052631576,random,0.5,nars_gated
0.2898550724637681,0.5,random,0.5,nars_gated
0.30434782608695654,0.5238095238095238,random,0.5,nars_gated
0.3188405797101449,0.5454545454545454,random,0.5,nars_gated
0.3333333333333333,0.5652173913043478,random,0.5,nars_gated
0.34782608695652173,0.5416666666666666,random,0.5,nars_gated
0.36231884057971014,0.52,random,0.5,nars_gated
0.37681159420289856,0.5,random,0.5,nars_gated
0.391304347826087,0.48148148148148145,random,0.5,nars_gated
0.4057971014492754,0.4642857142857143,random,0.5,nars_gated
0.42028985507246375,0.4482758620689655,random,0.5,nars_gated
0.43478260869565216,0.43333333333333335,random,0.5,nars_gated
0.4492753623188406,0.41935483870967744,random,0.5,nars_gated
0.463768115942029,0.4375,random,0.5,nars_gated
0.4782608695652174,0.45454545454545453,random,0.5,nars_gated
0.4927536231884058,0.4411764705882353,random,0.5,nars_gated
0.5072463768115942,0.42857142857142855,random,0.5,nars_gated
0.5217391304347826,0.4444444444444444,random,0.5,nars_gated
0.5362318840579711,0.4594594594594595,random,0.5,nars_gated
0.5507246376811594,0.4473684210526316,random,0.5,nars_gated
0.5652173913043478,0.4358974358974359,random,0.5,nars_gated
0.5797101449275363,0.45,random,0.5,nars_gated
0.5942028985507246,0.43902439024390244,random,0.5,nars_gated
0.6086956521739131,0.42857142857142855,random,0.5,nars_gated
0.6231884057971014,0.4418604651162791,random,0.5,nars_gated
0.6376811594202898,0.45454545454545453,random,0.5,nars_gated
0.6521739130434783,0.4666666666666667,random,0.5,nars_gated
0.6666666666666666,0.4782608695652174,random,0.5,nars_gated
0.6811594202898551,0.48936170212765956,random,0.5,nars_gated
0.6956521739130435,0.5,random,0.5,nars_gated
0.7101449275362319,0.5102040816326531,random,0.5,nars_gated
0.7246376811594203,0.5,random,0.5,nars_gated
0.7391304347826086,0.5098039215686274,random,0.5,nars_gated
0.7536231884057971,0.5,random,0.5,nars_gated
0.7681159420289855,0.49056603773584906,random,0.5,nars_gated
0.782608695652174,0.48148148148148145,random,0.5,nars_gated
0.7971014492753623,0.4909090909090909,random,0.5,nars_gated
0.8115942028985508,0.48214285714285715,random,0.5,nars_gated
0.8260869565217391,0.49122807017543857,random,0.5,nars_gated
0.8405797101449275,0.5,random,0.5,nars_gated
0.855072463768116,0.5084745762711864,random,0.5,nars_gated
0.8695652173913043,0.5166666666666667,random,0.5,nars_gated
0.8840579710144928,0.5245901639344263,random,0.5,nars_gated
0.8985507246376812,0.5161290322580645,random,0.5,nars_gated
0.9130434782608695,0.5079365079365079,random,0.5,nars_gated
0.927536231884058,0.515625,random,0.5,nars_gated
0.9420289855072463,0.5230769230769231,random,0.5,nars_gated
0.9565217391304348,0.5151515151515151,random,0.5,nars_gated
0.9710144927536232,0.5223880597014925,random,0.5,nars_gated
0.9855072463768116,0.5294117647058824,random,0.5,nars_gated
1.0,0.5217391304347826,random,0.5,nars_gated
0.014492753623188406,0.0,random,0.7,baseline
0.028985507246376812,0.0,random,0.7,baseline
0.043478260869565216,0.3333333333333333,random,0.7,baseline
0.057971014492753624,0.5,random,0.7,baseline
0.07246376811594203,0.6,random,0.7,baseline
0.08695652173913043,0.6666666666666666,random,0.7,baseline
0.10144927536231885,0.5714285714285714,random,0.7,baseline
0.11594202898550725,0.625,random,0.7,baseline
0.13043478260869565,0.5555555555555556,random,0.7,baseline
0.14492753623188406,0.5,random,0.7,baseline
0.15942028985507245,0.45454545454545453,random,0.7,baseline
0.17391304347826086,0.4166666666666667,random,0.7,baseline
0.18840579710144928,0.38461538461538464,random,0.7,baseline
0.2028985507246377,0.42857142857142855,random,0.7,baseline
0.21739130434782608,0.4666666666666667,random,0.7,baseline
0.2318840579710145,0.4375,random,0.7,baseline
0.2463768115942029,0.47058823529411764,random,0.7,baseline
0.2608695652173913,0.4444444444444444,random,0.7,baseline
0.2753623188405797,0.47368421052631576,random,0.7,baseline
0.2898550724637681,0.5,random,0.7,baseline
0.30434782608695654,0.5238095238095238,random,0.7,baseline
0.3188405797101449,0.5454545454545454,random,0.7,baseline
0.3333333333333333,0.5217391304347826,random,0.7,baseline
0.34782608695652173,0.5416666666666666,random,0.7,baseline
0.36231884057971014,0.52,random,0.7,baseline
0.37681159420289856,0.5,random,0.7,baseline
0.391304347826087,0.48148148148148145,random,0.7,baseline
0.4057971014492754,0.4642857142857143,random,0.7,baseline
0.42028985507246375,0.4482758620689655,random,0.7,baseline
0.43478260869565216,0.43333333333333335,random,0.7,baseline
0.4492753623188406,0.41935483870967744,random,0.7,baseline
0.463768115942029,0.4375,random,0.7,baseline
0.4782608695652174,0.45454545454545453,random,0.7,baseline
0.4927536231884058,0.4411764705882353,random,0.7,baseline
0.5072463768115942,0.45714285714285713,random,0.7,baseline
0.5217391304347826,0.4444444444444444,random,0.7,baseline
0.5362318840579711,0.4594594594594595,random,0.7,baseline
0.5507246376811594,0.4473684210526316,random,0.7,baseline
0.5652173913043478,0.4358974358974359,random,0.7,baseline
0.5797101449275363,0.45,random,0.7,baseline
0.5942028985507246,0.43902439024390244,random,0.7,baseline
0.6086956521739131,0.4523809523809524,random,0.7,baseline
0.6231884057971014,0.46511627906976744,random,0.7,baseline
0.6376811594202898,0.45454545454545453,random,0.7,baseline
0.6521739130434783,0.4666666666666667,random,0.7,baseline
0.6666666666666666,0.4782608695652174,random,0.7,baseline
0.6811594202898551,0.48936170212765956,random,0.7,baseline
0.6956521739130435,0.5,random,0.7,baseline
0.7101449275362319,0.5102040816326531,random,0.7,baseline
0.7246376811594203,0.5,random,0.7,baseline
0.7391304347826086,0.5098039215686274,random,0.7,baseline
0.7536231884057971,0.5,random,0.7,baseline
0.7681159420289855,0.49056603773584906,random,0.7,baseline
0.782608695652174,0.48148148148148145,random,0.7,baseline
0.7971014492753623,0.4909090909090909,random,0.7,baseline
0.8115942028985508,0.48214285714285715,random,0.7,baseline
0.8260869565217391,0.49122807017543857,random,0.7,baseline
0.8405797101449275,0.5,random,0.7,baseline
0.855072463768116,0.5084745762711864,random,0.7,baseline
0.8695652173913043,0.5166666666666667,random,0.7,baseline
0.8840579710144928,0.5245901639344263,random,0.7,baseline
0.8985507246376812,0.5161290322580645,random,0.7,baseline
0.9130434782608695,0.5079365079365079,random,0.7,baseline
0.927536231884058,0.515625,random,0.7,baseline
0.9420289855072463,0.5230769230769231,random,0.7,baseline
0.9565217391304348,0.5151515151515151,random,0.7,baseline
0.9710144927536232,0.5223880597014925,random,0.7,baseline
0.9855072463768116,0.5294117647058824,random,0.7,baseline
1.0,0.5217391304347826,random,0.7,baseline
0.014492753623188406,0.0,random,0.7,mc_confidence_only
0.028985507246376812,0.0,random,0.7,mc_confidence_only
0.043478260869565216,0.3333333333333333,random,0.7,mc_confidence_only
0.057971014492753624,0.5,random,0.7,mc_confidence_only
0.07246376811594203,0.6,random,0.7,mc_confidence_only
0.08695652173913043,0.6666666666666666,random,0.7,mc_confidence_only
0.10144927536231885,0.5714285714285714,random,0.7,mc_confidence_only
0.11594202898550725,0.625,random,0.7,mc_confidence_only
0.13043478260869565,0.5555555555555556,random,0.7,mc_confidence_only
0.14492753623188406,0.5,random,0.7,mc_confidence_only
0.15942028985507245,0.45454545454545453,random,0.7,mc_confidence_only
0.17391304347826086,0.4166666666666667,random,0.7,mc_confidence_only
0.18840579710144928,0.38461538461538464,random,0.7,mc_confidence_only
0.2028985507246377,0.42857142857142855,random,0.7,mc_confidence_only
0.21739130434782608,0.4666666666666667,random,0.7,mc_confidence_only
0.2318840579710145,0.4375,random,0.7,mc_confidence_only
0.2463768115942029,0.47058823529411764,random,0.7,mc_confidence_only
0.2608695652173913,0.4444444444444444,random,0.7,mc_confidence_only
0.2753623188405797,0.47368421052631576,random,0.7,mc_confidence_only
0.2898550724637681,0.5,random,0.7,mc_confidence_only
0.30434782608695654,0.5238095238095238,random,0.7,mc_confidence_only
0.3188405797101449,0.5454545454545454,random,0.7,mc_confidence_only
0.3333333333333333,0.5217391304347826,random,0.7,mc_confidence_only
0.34782608695652173,0.5416666666666666,random,0.7,mc_confidence_only
0.36231884057971014,0.52,random,0.7,mc_confidence_only
0.37681159420289856,0.5,random,0.7,mc_confidence_only
0.391304347826087,0.48148148148148145,random,0.7,mc_confidence_only
0.4057971014492754,0.4642857142857143,random,0.7,mc_confidence_only
0.42028985507246375,0.4482758620689655,random,0.7,mc_confidence_only
0.43478260869565216,0.43333333333333335,random,0.7,mc_confidence_only
0.4492753623188406,0.41935483870967744,random,0.7,mc_confidence_only
0.463768115942029,0.4375,random,0.7,mc_confidence_only
0.4782608695652174,0.45454545454545453,random,0.7,mc_confidence_only
0.4927536231884058,0.4411764705882353,random,0.7,mc_confidence_only
0.5072463768115942,0.45714285714285713,random,0.7,mc_confidence_only
0.5217391304347826,0.4444444444444444,random,0.7,mc_confidence_only
0.5362318840579711,0.4594594594594595,random,0.7,mc_confidence_only
0.5507246376811594,0.4473684210526316,random,0.7,mc_confidence_only
0.5652173913043478,0.4358974358974359,random,0.7,mc_confidence_only
0.5797101449275363,0.45,random,0.7,mc_confidence_only
0.5942028985507246,0.43902439024390244,random,0.7,mc_confidence_only
0.6086956521739131,0.4523809523809524,random,0.7,mc_confidence_only
0.6231884057971014,0.46511627906976744,random,0.7,mc_confidence_only
0.6376811594202898,0.45454545454545453,random,0.7,mc_confidence_only
0.6521739130434783,0.4666666666666667,random,0.7,mc_confidence_only
0.6666666666666666,0.4782608695652174,random,0.7,mc_confidence_only
0.6811594202898551,0.48936170212765956,random,0.7,mc_confidence_only
0.6956521739130435,0.5,random,0.7,mc_confidence_only
0.7101449275362319,0.5102040816326531,random,0.7,mc_confidence_only
0.7246376811594203,0.5,random,0.7,mc_confidence_only
0.7391304347826086,0.5098039215686274,random,0.7,mc_confidence_only
0.7536231884057971,0.5,random,0.7,mc_confidence_only
0.7681159420289855,0.49056603773584906,random,0.7,mc_confidence_only
0.782608695652174,0.48148148148148145,random,0.7,mc_confidence_only
0.7971014492753623,0.4909090909090909,random,0.7,mc_confidence_only
0.8115942028985508,0.48214285714285715,random,0.7,mc_confidence_only
0.8260869565217391,0.49122807017543857,random,0.7,mc_confidence_only
0.8405797101449275,0.5,random,0.7,mc_confidence_only
0.855072463768116,0.5084745762711864,random,0.7,mc_confidence_only
0.8695652173913043,0.5166666666666667,random,0.7,mc_confidence_only
0.8840579710144928,0.5245901639344263,random,0.7,mc_confidence_only
0.8985507246376812,0.5161290322580645,random,0.7,mc_confidence_only
0.9130434782608695,0.5079365079365079,random,0.7,mc_confidence_only
0.927536231884058,0.515625,random,0.7,mc_confidence_only
0.9420289855072463,0.5230769230769231,random,0.7,mc_confidence_only
0.9565217391304348,0.5151515151515151,random,0.7,mc_confidence_only
0.9710144927536232,0.5223880597014925,random,0.7,mc_confidence_only
0.9855072463768116,0.5294117647058824,random,0.7,mc_confidence_only
1.0,0.5217391304347826,random,0.7,mc_confidence_only
0.014492753623188406,0.0,random,0.7,nars_gated
0.028985507246376812,0.0,random,0.7,nars_gated
0.043478260869565216,0.3333333333333333,random,0.7,nars_gated
0.057971014492753624,0.5,random,0.7,nars_gated
0.07246376811594203,0.6,random,0.7,nars_gated
0.08695652173913043,0.6666666666666666,random,0.7,nars_gated
0.10144927536231885,0.5714285714285714,random,0.7,nars_gated
0.11594202898550725,0.625,random,0.7,nars_gated
0.13043478260869565,0.5555555555555556,random,0.7,nars_gated
0.14492753623188406,0.5,random,0.7,nars_gated
0.15942028985507245,0.45454545454545453,random,0.7,nars_gated
0.17391304347826086,0.4166666666666667,random,0.7,nars_gated
0.18840579710144928,0.38461538461538464,random,0.7,nars_gated
0.2028985507246377,0.42857142857142855,random,0.7,nars_gated
0.21739130434782608,0.4666666666666667,random,0.7,nars_gated
0.2318840579710145,0.4375,random,0.7,nars_gated
0.2463768115942029,0.47058823529411764,random,0.7,nars_gated
0.2608695652173913,0.4444444444444444,random,0.7,nars_gated
0.2753623188405797,0.47368421052631576,random,0.7,nars_gated
0.2898550724637681,0.5,random,0.7,nars_gated
0.30434782608695654,0.5238095238095238,random,0.7,nars_gated
0.3188405797101449,0.5454545454545454,random,0.7,nars_gated
0.3333333333333333,0.5217391304347826,random,0.7,nars_gated
0.34782608695652173,0.5416666666666666,random,0.7,nars_gated
0.36231884057971014,0.52,random,0.7,nars_gated
0.37681159420289856,0.5,random,0.7,nars_gated
0.391304347826087,0.48148148148148145,random,0.7,nars_gated
0.4057971014492754,0.4642857142857143,random,0.7,nars_gated
0.42028985507246375,0.4482758620689655,random,0.7,nars_gated
0.43478260869565216,0.43333333333333335,random,0.7,nars_gated
0.4492753623188406,0.41935483870967744,random,0.7,nars_gated
0.463768115942029,0.4375,random,0.7,nars_gated
0.4782608695652174,0.45454545454545453,random,0.7,nars_gated
0.4927536231884058,0.4411764705882353,random,0.7,nars_gated
0.5072463768115942,0.45714285714285713,random,0.7,nars_gated
0.5217391304347826,0.4444444444444444,random,0.7,nars_gated
0.5362318840579711,0.4594594594594595,random,0.7,nars_gated
0.5507246376811594,0.4473684210526316,random,0.7,nars_gated
0.5652173913043478,0.4358974358974359,random,0.7,nars_gated
0.5797101449275363,0.45,random,0.7,nars_gated
0.5942028985507246,0.43902439024390244,random,0.7,nars_gated
0.6086956521739131,0.4523809523809524,random,0.7,nars_gated
0.6231884057971014,0.46511627906976744,random,0.7,nars_gated
0.6376811594202898,0.45454545454545453,random,0.7,nars_gated
0.6521739130434783,0.4666666666666667,random,0.7,nars_gated
0.6666666666666666,0.4782608695652174,random,0.7,nars_gated
0.6811594202898551,0.48936170212765956,random,0.7,nars_gated
0.6956521739130435,0.5,random,0.7,nars_gated
0.7101449275362319,0.5102040816326531,random,0.7,nars_gated
0.7246376811594203,0.5,random,0.7,nars_gated
0.7391304347826086,0.5098039215686274,random,0.7,nars_gated
0.7536231884057971,0.5,random,0.7,nars_gated
0.7681159420289855,0.49056603773584906,random,0.7,nars_gated
0.782608695652174,0.48148148148148145,random,0.7,nars_gated
0.7971014492753623,0.4909090909090909,random,0.7,nars_gated
0.8115942028985508,0.48214285714285715,random,0.7,nars_gated
0.8260869565217391,0.49122807017543857,random,0.7,nars_gated
0.8405797101449275,0.5,random,0.7,nars_gated
0.855072463768116,0.5084745762711864,random,0.7,nars_gated
0.8695652173913043,0.5166666666666667,random,0.7,nars_gated
0.8840579710144928,0.5245901639344263,random,0.7,nars_gated
0.8985507246376812,0.5161290322580645,random,0.7,nars_gated
0.9130434782608695,0.5079365079365079,random,0.7,nars_gated
0.927536231884058,0.515625,random,0.7,nars_gated
0.9420289855072463,0.5230769230769231,random,0.7,nars_gated
0.9565217391304348,0.5151515151515151,random,0.7,nars_gated
0.9710144927536232,0.5223880597014925,random,0.7,nars_gated
0.9855072463768116,0.5294117647058824,random,0.7,nars_gated
1.0,0.5217391304347826,random,0.7,nars_gated
0.014492753623188406,0.0,feature_dependent,0.0,baseline
0.028985507246376812,0.0,feature_dependent,0.0,baseline
0.043478260869565216,0.3333333333333333,feature_dependent,0.0,baseline
0.057971014492753624,0.5,feature_dependent,0.0,baseline
0.07246376811594203,0.6,feature_dependent,0.0,baseline
0.08695652173913043,0.5,feature_dependent,0.0,baseline
0.10144927536231885,0.5714285714285714,feature_dependent,0.0,baseline
0.11594202898550725,0.625,feature_dependent,0.0,baseline
0.13043478260869565,0.5555555555555556,feature_dependent,0.0,baseline
0.14492753623188406,0.5,feature_dependent,0.0,baseline
0.15942028985507245,0.45454545454545453,feature_dependent,0.0,baseline
0.17391304347826086,0.4166666666666667,feature_dependent,0.0,baseline
0.18840579710144928,0.38461538461538464,feature_dependent,0.0,baseline
0.2028985507246377,0.42857142857142855,feature_dependent,0.0,baseline
0.21739130434782608,0.4666666666666667,feature_dependent,0.0,baseline
0.2318840579710145,0.4375,feature_dependent,0.0,baseline
0.2463768115942029,0.47058823529411764,feature_dependent,0.0,baseline
0.2608695652173913,0.4444444444444444,feature_dependent,0.0,baseline
0.2753623188405797,0.47368421052631576,feature_dependent,0.0,baseline
0.2898550724637681,0.5,feature_dependent,0.0,baseline
0.30434782608695654,0.5238095238095238,feature_dependent,0.0,baseline
0.3188405797101449,0.5454545454545454,feature_dependent,0.0,baseline
0.3333333333333333,0.5652173913043478,feature_dependent,0.0,baseline
0.34782608695652173,0.5416666666666666,feature_dependent,0.0,baseline
0.36231884057971014,0.52,feature_dependent,0.0,baseline
0.37681159420289856,0.5384615384615384,feature_dependent,0.0,baseline
0.391304347826087,0.5185185185185185,feature_dependent,0.0,baseline
0.4057971014492754,0.5,feature_dependent,0.0,baseline
0.42028985507246375,0.4827586206896552,feature_dependent,0.0,baseline
0.43478260869565216,0.4666666666666667,feature_dependent,0.0,baseline
0.4492753623188406,0.45161290322580644,feature_dependent,0.0,baseline
0.463768115942029,0.46875,feature_dependent,0.0,baseline
0.4782608695652174,0.48484848484848486,feature_dependent,0.0,baseline
0.4927536231884058,0.5,feature_dependent,0.0,baseline
0.5072463768115942,0.4857142857142857,feature_dependent,0.0,baseline
0.5217391304347826,0.4722222222222222,feature_dependent,0.0,baseline
0.5362318840579711,0.4864864864864865,feature_dependent,0.0,baseline
0.5507246376811594,0.47368421052631576,feature_dependent,0.0,baseline
0.5652173913043478,0.46153846153846156,feature_dependent,0.0,baseline
0.5797101449275363,0.475,feature_dependent,0.0,baseline
0.5942028985507246,0.4634146341463415,feature_dependent,0.0,baseline
0.6086956521739131,0.4523809523809524,feature_dependent,0.0,baseline
0.6231884057971014,0.46511627906976744,feature_dependent,0.0,baseline
0.6376811594202898,0.4772727272727273,feature_dependent,0.0,baseline
0.6521739130434783,0.4888888888888889,feature_dependent,0.0,baseline
0.6666666666666666,0.5,feature_dependent,0.0,baseline
0.6811594202898551,0.5106382978723404,feature_dependent,0.0,baseline
0.6956521739130435,0.5208333333333334,feature_dependent,0.0,baseline
0.7101449275362319,0.5306122448979592,feature_dependent,0.0,baseline
0.7246376811594203,0.52,feature_dependent,0.0,baseline
0.7391304347826086,0.5294117647058824,feature_dependent,0.0,baseline
0.7536231884057971,0.5192307692307693,feature_dependent,0.0,baseline
0.7681159420289855,0.5094339622641509,feature_dependent,0.0,baseline
0.782608695652174,0.5,feature_dependent,0.0,baseline
0.7971014492753623,0.509090909090909,feature_dependent,0.0,baseline
0.8115942028985508,0.5,feature_dependent,0.0,baseline
0.8260869565217391,0.5087719298245614,feature_dependent,0.0,baseline
0.8405797101449275,0.5172413793103449,feature_dependent,0.0,baseline
0.855072463768116,0.5254237288135594,feature_dependent,0.0,baseline
0.8695652173913043,0.5333333333333333,feature_dependent,0.0,baseline
0.8840579710144928,0.5409836065573771,feature_dependent,0.0,baseline
0.8985507246376812,0.532258064516129,feature_dependent,0.0,baseline
0.9130434782608695,0.5238095238095238,feature_dependent,0.0,baseline
0.927536231884058,0.53125,feature_dependent,0.0,baseline
0.9420289855072463,0.5230769230769231,feature_dependent,0.0,baseline
0.9565217391304348,0.5303030303030303,feature_dependent,0.0,baseline
0.9710144927536232,0.5373134328358209,feature_dependent,0.0,baseline
0.9855072463768116,0.5441176470588235,feature_dependent,0.0,baseline
1.0,0.5362318840579711,feature_dependent,0.0,baseline
0.014492753623188406,0.0,feature_dependent,0.0,mc_confidence_only
0.028985507246376812,0.0,feature_dependent,0.0,mc_confidence_only
0.043478260869565216,0.3333333333333333,feature_dependent,0.0,mc_confidence_only
0.057971014492753624,0.5,feature_dependent,0.0,mc_confidence_only
0.07246376811594203,0.6,feature_dependent,0.0,mc_confidence_only
0.08695652173913043,0.5,feature_dependent,0.0,mc_confidence_only
0.10144927536231885,0.5714285714285714,feature_dependent,0.0,mc_confidence_only
0.11594202898550725,0.625,feature_dependent,0.0,mc_confidence_only
0.13043478260869565,0.5555555555555556,feature_dependent,0.0,mc_confidence_only
0.14492753623188406,0.5,feature_dependent,0.0,mc_confidence_only
0.15942028985507245,0.45454545454545453,feature_dependent,0.0,mc_confidence_only
0.17391304347826086,0.4166666666666667,feature_dependent,0.0,mc_confidence_only
0.18840579710144928,0.38461538461538464,feature_dependent,0.0,mc_confidence_only
0.2028985507246377,0.42857142857142855,feature_dependent,0.0,mc_confidence_only
0.21739130434782608,0.4666666666666667,feature_dependent,0.0,mc_confidence_only
0.2318840579710145,0.4375,feature_dependent,0.0,mc_confidence_only
0.2463768115942029,0.47058823529411764,feature_dependent,0.0,mc_confidence_only
0.2608695652173913,0.4444444444444444,feature_dependent,0.0,mc_confidence_only
0.2753623188405797,0.47368421052631576,feature_dependent,0.0,mc_confidence_only
0.2898550724637681,0.5,feature_dependent,0.0,mc_confidence_only
0.30434782608695654,0.5238095238095238,feature_dependent,0.0,mc_confidence_only
0.3188405797101449,0.5454545454545454,feature_dependent,0.0,mc_confidence_only
0.3333333333333333,0.5652173913043478,feature_dependent,0.0,mc_confidence_only
0.34782608695652173,0.5416666666666666,feature_dependent,0.0,mc_confidence_only
0.36231884057971014,0.52,feature_dependent,0.0,mc_confidence_only
0.37681159420289856,0.5384615384615384,feature_dependent,0.0,mc_confidence_only
0.391304347826087,0.5185185185185185,feature_dependent,0.0,mc_confidence_only
0.4057971014492754,0.5,feature_dependent,0.0,mc_confidence_only
0.42028985507246375,0.4827586206896552,feature_dependent,0.0,mc_confidence_only
0.43478260869565216,0.4666666666666667,feature_dependent,0.0,mc_confidence_only
0.4492753623188406,0.45161290322580644,feature_dependent,0.0,mc_confidence_only
0.463768115942029,0.46875,feature_dependent,0.0,mc_confidence_only
0.4782608695652174,0.48484848484848486,feature_dependent,0.0,mc_confidence_only
0.4927536231884058,0.5,feature_dependent,0.0,mc_confidence_only
0.5072463768115942,0.4857142857142857,feature_dependent,0.0,mc_confidence_only
0.5217391304347826,0.4722222222222222,feature_dependent,0.0,mc_confidence_only
0.5362318840579711,0.4864864864864865,feature_dependent,0.0,mc_confidence_only
0.5507246376811594,0.47368421052631576,feature_dependent,0.0,mc_confidence_only
0.5652173913043478,0.46153846153846156,feature_dependent,0.0,mc_confidence_only
0.5797101449275363,0.475,feature_dependent,0.0,mc_confidence_only
0.5942028985507246,0.4634146341463415,feature_dependent,0.0,mc_confidence_only
0.6086956521739131,0.4523809523809524,feature_dependent,0.0,mc_confidence_only
0.6231884057971014,0.46511627906976744,feature_dependent,0.0,mc_confidence_only
0.6376811594202898,0.4772727272727273,feature_dependent,0.0,mc_confidence_only
0.6521739130434783,0.4888888888888889,feature_dependent,0.0,mc_confidence_only
0.6666666666666666,0.5,feature_dependent,0.0,mc_confidence_only
0.6811594202898551,0.5106382978723404,feature_dependent,0.0,mc_confidence_only
0.6956521739130435,0.5208333333333334,feature_dependent,0.0,mc_confidence_only
0.7101449275362319,0.5306122448979592,feature_dependent,0.0,mc_confidence_only
0.7246376811594203,0.52,feature_dependent,0.0,mc_confidence_only
0.7391304347826086,0.5294117647058824,feature_dependent,0.0,mc_confidence_only
0.7536231884057971,0.5192307692307693,feature_dependent,0.0,mc_confidence_only
0.7681159420289855,0.5094339622641509,feature_dependent,0.0,mc_confidence_only
0.782608695652174,0.5,feature_dependent,0.0,mc_confidence_only
0.7971014492753623,0.509090909090909,feature_dependent,0.0,mc_confidence_only
0.8115942028985508,0.5,feature_dependent,0.0,mc_confidence_only
0.8260869565217391,0.5087719298245614,feature_dependent,0.0,mc_confidence_only
0.8405797101449275,0.5172413793103449,feature_dependent,0.0,mc_confidence_only
0.855072463768116,0.5254237288135594,feature_dependent,0.0,mc_confidence_only
0.8695652173913043,0.5333333333333333,feature_dependent,0.0,mc_confidence_only
0.8840579710144928,0.5409836065573771,feature_dependent,0.0,mc_confidence_only
0.8985507246376812,0.532258064516129,feature_dependent,0.0,mc_confidence_only
0.9130434782608695,0.5238095238095238,feature_dependent,0.0,mc_confidence_only
0.927536231884058,0.53125,feature_dependent,0.0,mc_confidence_only
0.9420289855072463,0.5230769230769231,feature_dependent,0.0,mc_confidence_only
0.9565217391304348,0.5303030303030303,feature_dependent,0.0,mc_confidence_only
0.9710144927536232,0.5373134328358209,feature_dependent,0.0,mc_confidence_only
0.9855072463768116,0.5441176470588235,feature_dependent,0.0,mc_confidence_only
1.0,0.5362318840579711,feature_dependent,0.0,mc_confidence_only
0.014492753623188406,0.0,feature_dependent,0.0,nars_gated
0.028985507246376812,0.0,feature_dependent,0.0,nars_gated
0.043478260869565216,0.3333333333333333,feature_dependent,0.0,nars_gated
0.057971014492753624,0.5,feature_dependent,0.0,nars_gated
0.07246376811594203,0.6,feature_dependent,0.0,nars_gated
0.08695652173913043,0.5,feature_dependent,0.0,nars_gated
0.10144927536231885,0.5714285714285714,feature_dependent,0.0,nars_gated
0.11594202898550725,0.625,feature_dependent,0.0,nars_gated
0.13043478260869565,0.5555555555555556,feature_dependent,0.0,nars_gated
0.14492753623188406,0.5,feature_dependent,0.0,nars_gated
0.15942028985507245,0.45454545454545453,feature_dependent,0.0,nars_gated
0.17391304347826086,0.4166666666666667,feature_dependent,0.0,nars_gated
0.18840579710144928,0.38461538461538464,feature_dependent,0.0,nars_gated
0.2028985507246377,0.42857142857142855,feature_dependent,0.0,nars_gated
0.21739130434782608,0.4666666666666667,feature_dependent,0.0,nars_gated
0.2318840579710145,0.4375,feature_dependent,0.0,nars_gated
0.2463768115942029,0.47058823529411764,feature_dependent,0.0,nars_gated
0.2608695652173913,0.4444444444444444,feature_dependent,0.0,nars_gated
0.2753623188405797,0.47368421052631576,feature_dependent,0.0,nars_gated
0.2898550724637681,0.5,feature_dependent,0.0,nars_gated
0.30434782608695654,0.5238095238095238,feature_dependent,0.0,nars_gated
0.3188405797101449,0.5454545454545454,feature_dependent,0.0,nars_gated
0.3333333333333333,0.5652173913043478,feature_dependent,0.0,nars_gated
0.34782608695652173,0.5416666666666666,feature_dependent,0.0,nars_gated
0.36231884057971014,0.52,feature_dependent,0.0,nars_gated
0.37681159420289856,0.5384615384615384,feature_dependent,0.0,nars_gated
0.391304347826087,0.5185185185185185,feature_dependent,0.0,nars_gated
0.4057971014492754,0.5,feature_dependent,0.0,nars_gated
0.42028985507246375,0.4827586206896552,feature_dependent,0.0,nars_gated
0.43478260869565216,0.4666666666666667,feature_dependent,0.0,nars_gated
0.4492753623188406,0.45161290322580644,feature_dependent,0.0,nars_gated
0.463768115942029,0.46875,feature_dependent,0.0,nars_gated
0.4782608695652174,0.48484848484848486,feature_dependent,0.0,nars_gated
0.4927536231884058,0.5,feature_dependent,0.0,nars_gated
0.5072463768115942,0.4857142857142857,feature_dependent,0.0,nars_gated
0.5217391304347826,0.4722222222222222,feature_dependent,0.0,nars_gated
0.5362318840579711,0.4864864864864865,feature_dependent,0.0,nars_gated
0.5507246376811594,0.47368421052631576,feature_dependent,0.0,nars_gated
0.5652173913043478,0.46153846153846156,feature_dependent,0.0,nars_gated
0.5797101449275363,0.475,feature_dependent,0.0,nars_gated
0.5942028985507246,0.4634146341463415,feature_dependent,0.0,nars_gated
0.6086956521739131,0.4523809523809524,feature_dependent,0.0,nars_gated
0.6231884057971014,0.46511627906976744,feature_dependent,0.0,nars_gated
0.6376811594202898,0.4772727272727273,feature_dependent,0.0,nars_gated
0.6521739130434783,0.4888888888888889,feature_dependent,0.0,nars_gated
0.6666666666666666,0.5,feature_dependent,0.0,nars_gated
0.6811594202898551,0.5106382978723404,feature_dependent,0.0,nars_gated
0.6956521739130435,0.5208333333333334,feature_dependent,0.0,nars_gated
0.7101449275362319,0.5306122448979592,feature_dependent,0.0,nars_gated
0.7246376811594203,0.52,feature_dependent,0.0,nars_gated
0.7391304347826086,0.5294117647058824,feature_dependent,0.0,nars_gated
0.7536231884057971,0.5192307692307693,feature_dependent,0.0,nars_gated
0.7681159420289855,0.5094339622641509,feature_dependent,0.0,nars_gated
0.782608695652174,0.5,feature_dependent,0.0,nars_gated
0.7971014492753623,0.509090909090909,feature_dependent,0.0,nars_gated
0.8115942028985508,0.5,feature_dependent,0.0,nars_gated
0.8260869565217391,0.5087719298245614,feature_dependent,0.0,nars_gated
0.8405797101449275,0.5172413793103449,feature_dependent,0.0,nars_gated
0.855072463768116,0.5254237288135594,feature_dependent,0.0,nars_gated
0.8695652173913043,0.5333333333333333,feature_dependent,0.0,nars_gated
0.8840579710144928,0.5409836065573771,feature_dependent,0.0,nars_gated
0.8985507246376812,0.532258064516129,feature_dependent,0.0,nars_gated
0.9130434782608695,0.5238095238095238,feature_dependent,0.0,nars_gated
0.927536231884058,0.53125,feature_dependent,0.0,nars_gated
0.9420289855072463,0.5230769230769231,feature_dependent,0.0,nars_gated
0.9565217391304348,0.5303030303030303,feature_dependent,0.0,nars_gated
0.9710144927536232,0.5373134328358209,feature_dependent,0.0,nars_gated
0.9855072463768116,0.5441176470588235,feature_dependent,0.0,nars_gated
1.0,0.5362318840579711,feature_dependent,0.0,nars_gated
0.014492753623188406,0.0,feature_dependent,0.1,baseline
0.028985507246376812,0.0,feature_dependent,0.1,baseline
0.043478260869565216,0.3333333333333333,feature_dependent,0.1,baseline
0.057971014492753624,0.5,feature_dependent,0.1,baseline
0.07246376811594203,0.6,feature_dependent,0.1,baseline
0.08695652173913043,0.6666666666666666,feature_dependent,0.1,baseline
0.10144927536231885,0.5714285714285714,feature_dependent,0.1,baseline
0.11594202898550725,0.625,feature_dependent,0.1,baseline
0.13043478260869565,0.5555555555555556,feature_dependent,0.1,baseline
0.14492753623188406,0.5,feature_dependent,0.1,baseline
0.15942028985507245,0.45454545454545453,feature_dependent,0.1,baseline
0.17391304347826086,0.4166666666666667,feature_dependent,0.1,baseline
0.18840579710144928,0.38461538461538464,feature_dependent,0.1,baseline
0.2028985507246377,0.42857142857142855,feature_dependent,0.1,baseline
0.21739130434782608,0.4666666666666667,feature_dependent,0.1,baseline
0.2318840579710145,0.4375,feature_dependent,0.1,baseline
0.2463768115942029,0.47058823529411764,feature_dependent,0.1,baseline
0.2608695652173913,0.4444444444444444,feature_dependent,0.1,baseline
0.2753623188405797,0.47368421052631576,feature_dependent,0.1,baseline
0.2898550724637681,0.5,feature_dependent,0.1,baseline
0.30434782608695654,0.5238095238095238,feature_dependent,0.1,baseline
0.3188405797101449,0.5454545454545454,feature_dependent,0.1,baseline
0.3333333333333333,0.5652173913043478,feature_dependent,0.1,baseline
0.34782608695652173,0.5416666666666666,feature_dependent,0.1,baseline
0.36231884057971014,0.56,feature_dependent,0.1,baseline
0.37681159420289856,0.5384615384615384,feature_dependent,0.1,baseline
0.391304347826087,0.5185185185185185,feature_dependent,0.1,baseline
0.4057971014492754,0.5,feature_dependent,0.1,baseline
0.42028985507246375,0.4827586206896552,feature_dependent,0.1,baseline
0.43478260869565216,0.4666666666666667,feature_dependent,0.1,baseline
0.4492753623188406,0.45161290322580644,feature_dependent,0.1,baseline
0.463768115942029,0.46875,feature_dependent,0.1,baseline
0.4782608695652174,0.48484848484848486,feature_dependent,0.1,baseline
0.4927536231884058,0.47058823529411764,feature_dependent,0.1,baseline
0.5072463768115942,0.4857142857142857,feature_dependent,0.1,baseline
0.5217391304347826,0.4722222222222222,feature_dependent,0.1,baseline
0.5362318840579711,0.4864864864864865,feature_dependent,0.1,baseline
0.5507246376811594,0.47368421052631576,feature_dependent,0.1,baseline
0.5652173913043478,0.46153846153846156,feature_dependent,0.1,baseline
0.5797101449275363,0.475,feature_dependent,0.1,baseline
0.5942028985507246,0.4634146341463415,feature_dependent,0.1,baseline
0.6086956521739131,0.4523809523809524,feature_dependent,0.1,baseline
0.6231884057971014,0.46511627906976744,feature_dependent,0.1,baseline
0.6376811594202898,0.4772727272727273,feature_dependent,0.1,baseline
0.6521739130434783,0.4888888888888889,feature_dependent,0.1,baseline
0.6666666666666666,0.5,feature_dependent,0.1,baseline
0.6811594202898551,0.5106382978723404,feature_dependent,0.1,baseline
0.6956521739130435,0.5208333333333334,feature_dependent,0.1,baseline
0.7101449275362319,0.5306122448979592,feature_dependent,0.1,baseline
0.7246376811594203,0.52,feature_dependent,0.1,baseline
0.7391304347826086,0.5294117647058824,feature_dependent,0.1,baseline
0.7536231884057971,0.5192307692307693,feature_dependent,0.1,baseline
0.7681159420289855,0.5094339622641509,feature_dependent,0.1,baseline
0.782608695652174,0.5,feature_dependent,0.1,baseline
0.7971014492753623,0.509090909090909,feature_dependent,0.1,baseline
0.8115942028985508,0.5,feature_dependent,0.1,baseline
0.8260869565217391,0.5087719298245614,feature_dependent,0.1,baseline
0.8405797101449275,0.5172413793103449,feature_dependent,0.1,baseline
0.855072463768116,0.5254237288135594,feature_dependent,0.1,baseline
0.8695652173913043,0.5333333333333333,feature_dependent,0.1,baseline
0.8840579710144928,0.5409836065573771,feature_dependent,0.1,baseline
0.8985507246376812,0.532258064516129,feature_dependent,0.1,baseline
0.9130434782608695,0.5238095238095238,feature_dependent,0.1,baseline
0.927536231884058,0.53125,feature_dependent,0.1,baseline
0.9420289855072463,0.5230769230769231,feature_dependent,0.1,baseline
0.9565217391304348,0.5303030303030303,feature_dependent,0.1,baseline
0.9710144927536232,0.5373134328358209,feature_dependent,0.1,baseline
0.9855072463768116,0.5441176470588235,feature_dependent,0.1,baseline
1.0,0.5362318840579711,feature_dependent,0.1,baseline
0.014492753623188406,0.0,feature_dependent,0.1,mc_confidence_only
0.028985507246376812,0.0,feature_dependent,0.1,mc_confidence_only
0.043478260869565216,0.3333333333333333,feature_dependent,0.1,mc_confidence_only
0.057971014492753624,0.5,feature_dependent,0.1,mc_confidence_only
0.07246376811594203,0.6,feature_dependent,0.1,mc_confidence_only
0.08695652173913043,0.6666666666666666,feature_dependent,0.1,mc_confidence_only
0.10144927536231885,0.5714285714285714,feature_dependent,0.1,mc_confidence_only
0.11594202898550725,0.625,feature_dependent,0.1,mc_confidence_only
0.13043478260869565,0.5555555555555556,feature_dependent,0.1,mc_confidence_only
0.14492753623188406,0.5,feature_dependent,0.1,mc_confidence_only
0.15942028985507245,0.45454545454545453,feature_dependent,0.1,mc_confidence_only
0.17391304347826086,0.4166666666666667,feature_dependent,0.1,mc_confidence_only
0.18840579710144928,0.38461538461538464,feature_dependent,0.1,mc_confidence_only
0.2028985507246377,0.42857142857142855,feature_dependent,0.1,mc_confidence_only
0.21739130434782608,0.4666666666666667,feature_dependent,0.1,mc_confidence_only
0.2318840579710145,0.4375,feature_dependent,0.1,mc_confidence_only
0.2463768115942029,0.47058823529411764,feature_dependent,0.1,mc_confidence_only
0.2608695652173913,0.4444444444444444,feature_dependent,0.1,mc_confidence_only
0.2753623188405797,0.47368421052631576,feature_dependent,0.1,mc_confidence_only
0.2898550724637681,0.5,feature_dependent,0.1,mc_confidence_only
0.30434782608695654,0.5238095238095238,feature_dependent,0.1,mc_confidence_only
0.3188405797101449,0.5454545454545454,feature_dependent,0.1,mc_confidence_only
0.3333333333333333,0.5652173913043478,feature_dependent,0.1,mc_confidence_only
0.34782608695652173,0.5416666666666666,feature_dependent,0.1,mc_confidence_only
0.36231884057971014,0.56,feature_dependent,0.1,mc_confidence_only
0.37681159420289856,0.5384615384615384,feature_dependent,0.1,mc_confidence_only
0.391304347826087,0.5185185185185185,feature_dependent,0.1,mc_confidence_only
0.4057971014492754,0.5,feature_dependent,0.1,mc_confidence_only
0.42028985507246375,0.4827586206896552,feature_dependent,0.1,mc_confidence_only
0.43478260869565216,0.4666666666666667,feature_dependent,0.1,mc_confidence_only
0.4492753623188406,0.45161290322580644,feature_dependent,0.1,mc_confidence_only
0.463768115942029,0.46875,feature_dependent,0.1,mc_confidence_only
0.4782608695652174,0.48484848484848486,feature_dependent,0.1,mc_confidence_only
0.4927536231884058,0.47058823529411764,feature_dependent,0.1,mc_confidence_only
0.5072463768115942,0.4857142857142857,feature_dependent,0.1,mc_confidence_only
0.5217391304347826,0.4722222222222222,feature_dependent,0.1,mc_confidence_only
0.5362318840579711,0.4864864864864865,feature_dependent,0.1,mc_confidence_only
0.5507246376811594,0.47368421052631576,feature_dependent,0.1,mc_confidence_only
0.5652173913043478,0.46153846153846156,feature_dependent,0.1,mc_confidence_only
0.5797101449275363,0.475,feature_dependent,0.1,mc_confidence_only
0.5942028985507246,0.4634146341463415,feature_dependent,0.1,mc_confidence_only
0.6086956521739131,0.4523809523809524,feature_dependent,0.1,mc_confidence_only
0.6231884057971014,0.46511627906976744,feature_dependent,0.1,mc_confidence_only
0.6376811594202898,0.4772727272727273,feature_dependent,0.1,mc_confidence_only
0.6521739130434783,0.4888888888888889,feature_dependent,0.1,mc_confidence_only
0.6666666666666666,0.5,feature_dependent,0.1,mc_confidence_only
0.6811594202898551,0.5106382978723404,feature_dependent,0.1,mc_confidence_only
0.6956521739130435,0.5208333333333334,feature_dependent,0.1,mc_confidence_only
0.7101449275362319,0.5306122448979592,feature_dependent,0.1,mc_confidence_only
0.7246376811594203,0.52,feature_dependent,0.1,mc_confidence_only
0.7391304347826086,0.5294117647058824,feature_dependent,0.1,mc_confidence_only
0.7536231884057971,0.5192307692307693,feature_dependent,0.1,mc_confidence_only
0.7681159420289855,0.5094339622641509,feature_dependent,0.1,mc_confidence_only
0.782608695652174,0.5,feature_dependent,0.1,mc_confidence_only
0.7971014492753623,0.509090909090909,feature_dependent,0.1,mc_confidence_only
0.8115942028985508,0.5,feature_dependent,0.1,mc_confidence_only
0.8260869565217391,0.5087719298245614,feature_dependent,0.1,mc_confidence_only
0.8405797101449275,0.5172413793103449,feature_dependent,0.1,mc_confidence_only
0.855072463768116,0.5254237288135594,feature_dependent,0.1,mc_confidence_only
0.8695652173913043,0.5333333333333333,feature_dependent,0.1,mc_confidence_only
0.8840579710144928,0.5409836065573771,feature_dependent,0.1,mc_confidence_only
0.8985507246376812,0.532258064516129,feature_dependent,0.1,mc_confidence_only
0.9130434782608695,0.5238095238095238,feature_dependent,0.1,mc_confidence_only
0.927536231884058,0.53125,feature_dependent,0.1,mc_confidence_only
0.9420289855072463,0.5230769230769231,feature_dependent,0.1,mc_confidence_only
0.9565217391304348,0.5303030303030303,feature_dependent,0.1,mc_confidence_only
0.9710144927536232,0.5373134328358209,feature_dependent,0.1,mc_confidence_only
0.9855072463768116,0.5441176470588235,feature_dependent,0.1,mc_confidence_only
1.0,0.5362318840579711,feature_dependent,0.1,mc_confidence_only
0.014492753623188406,0.0,feature_dependent,0.1,nars_gated
0.028985507246376812,0.0,feature_dependent,0.1,nars_gated
0.043478260869565216,0.3333333333333333,feature_dependent,0.1,nars_gated
0.057971014492753624,0.5,feature_dependent,0.1,nars_gated
0.07246376811594203,0.6,feature_dependent,0.1,nars_gated
0.08695652173913043,0.6666666666666666,feature_dependent,0.1,nars_gated
0.10144927536231885,0.5714285714285714,feature_dependent,0.1,nars_gated
0.11594202898550725,0.625,feature_dependent,0.1,nars_gated
0.13043478260869565,0.5555555555555556,feature_dependent,0.1,nars_gated
0.14492753623188406,0.5,feature_dependent,0.1,nars_gated
0.15942028985507245,0.45454545454545453,feature_dependent,0.1,nars_gated
0.17391304347826086,0.4166666666666667,feature_dependent,0.1,nars_gated
0.18840579710144928,0.38461538461538464,feature_dependent,0.1,nars_gated
0.2028985507246377,0.42857142857142855,feature_dependent,0.1,nars_gated
0.21739130434782608,0.4666666666666667,feature_dependent,0.1,nars_gated
0.2318840579710145,0.4375,feature_dependent,0.1,nars_gated
0.2463768115942029,0.47058823529411764,feature_dependent,0.1,nars_gated
0.2608695652173913,0.4444444444444444,feature_dependent,0.1,nars_gated
0.2753623188405797,0.47368421052631576,feature_dependent,0.1,nars_gated
0.2898550724637681,0.5,feature_dependent,0.1,nars_gated
0.30434782608695654,0.5238095238095238,feature_dependent,0.1,nars_gated
0.3188405797101449,0.5454545454545454,feature_dependent,0.1,nars_gated
0.3333333333333333,0.5652173913043478,feature_dependent,0.1,nars_gated
0.34782608695652173,0.5416666666666666,feature_dependent,0.1,nars_gated
0.36231884057971014,0.56,feature_dependent,0.1,nars_gated
0.37681159420289856,0.5384615384615384,feature_dependent,0.1,nars_gated
0.391304347826087,0.5185185185185185,feature_dependent,0.1,nars_gated
0.4057971014492754,0.5,feature_dependent,0.1,nars_gated
0.42028985507246375,0.4827586206896552,feature_dependent,0.1,nars_gated
0.43478260869565216,0.4666666666666667,feature_dependent,0.1,nars_gated
0.4492753623188406,0.45161290322580644,feature_dependent,0.1,nars_gated
0.463768115942029,0.46875,feature_dependent,0.1,nars_gated
0.4782608695652174,0.48484848484848486,feature_dependent,0.1,nars_gated
0.4927536231884058,0.47058823529411764,feature_dependent,0.1,nars_gated
0.5072463768115942,0.4857142857142857,feature_dependent,0.1,nars_gated
0.5217391304347826,0.4722222222222222,feature_dependent,0.1,nars_gated
0.5362318840579711,0.4864864864864865,feature_dependent,0.1,nars_gated
0.5507246376811594,0.47368421052631576,feature_dependent,0.1,nars_gated
0.5652173913043478,0.46153846153846156,feature_dependent,0.1,nars_gated
0.5797101449275363,0.475,feature_dependent,0.1,nars_gated
0.5942028985507246,0.4634146341463415,feature_dependent,0.1,nars_gated
0.6086956521739131,0.4523809523809524,feature_dependent,0.1,nars_gated
0.6231884057971014,0.46511627906976744,feature_dependent,0.1,nars_gated
0.6376811594202898,0.4772727272727273,feature_dependent,0.1,nars_gated
0.6521739130434783,0.4888888888888889,feature_dependent,0.1,nars_gated
0.6666666666666666,0.5,feature_dependent,0.1,nars_gated
0.6811594202898551,0.5106382978723404,feature_dependent,0.1,nars_gated
0.6956521739130435,0.5208333333333334,feature_dependent,0.1,nars_gated
0.7101449275362319,0.5306122448979592,feature_dependent,0.1,nars_gated
0.7246376811594203,0.52,feature_dependent,0.1,nars_gated
0.7391304347826086,0.5294117647058824,feature_dependent,0.1,nars_gated
0.7536231884057971,0.5192307692307693,feature_dependent,0.1,nars_gated
0.7681159420289855,0.5094339622641509,feature_dependent,0.1,nars_gated
0.782608695652174,0.5,feature_dependent,0.1,nars_gated
0.7971014492753623,0.509090909090909,feature_dependent,0.1,nars_gated
0.8115942028985508,0.5,feature_dependent,0.1,nars_gated
0.8260869565217391,0.5087719298245614,feature_dependent,0.1,nars_gated
0.8405797101449275,0.5172413793103449,feature_dependent,0.1,nars_gated
0.855072463768116,0.5254237288135594,feature_dependent,0.1,nars_gated
0.8695652173913043,0.5333333333333333,feature_dependent,0.1,nars_gated
0.8840579710144928,0.5409836065573771,feature_dependent,0.1,nars_gated
0.8985507246376812,0.532258064516129,feature_dependent,0.1,nars_gated
0.9130434782608695,0.5238095238095238,feature_dependent,0.1,nars_gated
0.927536231884058,0.53125,feature_dependent,0.1,nars_gated
0.9420289855072463,0.5230769230769231,feature_dependent,0.1,nars_gated
0.9565217391304348,0.5303030303030303,feature_dependent,0.1,nars_gated
0.9710144927536232,0.5373134328358209,feature_dependent,0.1,nars_gated
0.9855072463768116,0.5441176470588235,feature_dependent,0.1,nars_gated
1.0,0.5362318840579711,feature_dependent,0.1,nars_gated
0.014492753623188406,0.0,feature_dependent,0.3,baseline
0.028985507246376812,0.0,feature_dependent,0.3,baseline
0.043478260869565216,0.3333333333333333,feature_dependent,0.3,baseline
0.057971014492753624,0.5,feature_dependent,0.3,baseline
0.07246376811594203,0.6,feature_dependent,0.3,baseline
0.08695652173913043,0.6666666666666666,feature_dependent,0.3,baseline
0.10144927536231885,0.5714285714285714,feature_dependent,0.3,baseline
0.11594202898550725,0.625,feature_dependent,0.3,baseline
0.13043478260869565,0.5555555555555556,feature_dependent,0.3,baseline
0.14492753623188406,0.5,feature_dependent,0.3,baseline
0.15942028985507245,0.45454545454545453,feature_dependent,0.3,baseline
0.17391304347826086,0.4166666666666667,feature_dependent,0.3,baseline
0.18840579710144928,0.38461538461538464,feature_dependent,0.3,baseline
0.2028985507246377,0.42857142857142855,feature_dependent,0.3,baseline
0.21739130434782608,0.4,feature_dependent,0.3,baseline
0.2318840579710145,0.4375,feature_dependent,0.3,baseline
0.2463768115942029,0.47058823529411764,feature_dependent,0.3,baseline
0.2608695652173913,0.4444444444444444,feature_dependent,0.3,baseline
0.2753623188405797,0.47368421052631576,feature_dependent,0.3,baseline
0.2898550724637681,0.5,feature_dependent,0.3,baseline
0.30434782608695654,0.5238095238095238,feature_dependent,0.3,baseline
0.3188405797101449,0.5454545454545454,feature_dependent,0.3,baseline
0.3333333333333333,0.5652173913043478,feature_dependent,0.3,baseline
0.34782608695652173,0.5416666666666666,feature_dependent,0.3,baseline
0.36231884057971014,0.52,feature_dependent,0.3,baseline
0.37681159420289856,0.5,feature_dependent,0.3,baseline
0.391304347826087,0.48148148148148145,feature_dependent,0.3,baseline
0.4057971014492754,0.4642857142857143,feature_dependent,0.3,baseline
0.42028985507246375,0.4482758620689655,feature_dependent,0.3,baseline
0.43478260869565216,0.43333333333333335,feature_dependent,0.3,baseline
0.4492753623188406,0.41935483870967744,feature_dependent,0.3,baseline
0.463768115942029,0.4375,feature_dependent,0.3,baseline
0.4782608695652174,0.45454545454545453,feature_dependent,0.3,baseline
0.4927536231884058,0.4411764705882353,feature_dependent,0.3,baseline
0.5072463768115942,0.45714285714285713,feature_dependent,0.3,baseline
0.5217391304347826,0.4722222222222222,feature_dependent,0.3,baseline
0.5362318840579711,0.4594594594594595,feature_dependent,0.3,baseline
0.5507246376811594,0.4473684210526316,feature_dependent,0.3,baseline
0.5652173913043478,0.4358974358974359,feature_dependent,0.3,baseline
0.5797101449275363,0.45,feature_dependent,0.3,baseline
0.5942028985507246,0.43902439024390244,feature_dependent,0.3,baseline
0.6086956521739131,0.42857142857142855,feature_dependent,0.3,baseline
0.6231884057971014,0.4418604651162791,feature_dependent,0.3,baseline
0.6376811594202898,0.45454545454545453,feature_dependent,0.3,baseline
0.6521739130434783,0.4666666666666667,feature_dependent,0.3,baseline
0.6666666666666666,0.4782608695652174,feature_dependent,0.3,baseline
0.6811594202898551,0.48936170212765956,feature_dependent,0.3,baseline
0.6956521739130435,0.5,feature_dependent,0.3,baseline
0.7101449275362319,0.5102040816326531,feature_dependent,0.3,baseline
0.7246376811594203,0.5,feature_dependent,0.3,baseline
0.7391304347826086,0.5098039215686274,feature_dependent,0.3,baseline
0.7536231884057971,0.5,feature_dependent,0.3,baseline
0.7681159420289855,0.49056603773584906,feature_dependent,0.3,baseline
0.782608695652174,0.48148148148148145,feature_dependent,0.3,baseline
0.7971014492753623,0.4909090909090909,feature_dependent,0.3,baseline
0.8115942028985508,0.48214285714285715,feature_dependent,0.3,baseline
0.8260869565217391,0.49122807017543857,feature_dependent,0.3,baseline
0.8405797101449275,0.5,feature_dependent,0.3,baseline
0.855072463768116,0.5084745762711864,feature_dependent,0.3,baseline
0.8695652173913043,0.5166666666666667,feature_dependent,0.3,baseline
0.8840579710144928,0.5245901639344263,feature_dependent,0.3,baseline
0.8985507246376812,0.5161290322580645,feature_dependent,0.3,baseline
0.9130434782608695,0.5079365079365079,feature_dependent,0.3,baseline
0.927536231884058,0.515625,feature_dependent,0.3,baseline
0.9420289855072463,0.5230769230769231,feature_dependent,0.3,baseline
0.9565217391304348,0.5151515151515151,feature_dependent,0.3,baseline
0.9710144927536232,0.5223880597014925,feature_dependent,0.3,baseline
0.9855072463768116,0.5294117647058824,feature_dependent,0.3,baseline
1.0,0.5217391304347826,feature_dependent,0.3,baseline
0.014492753623188406,0.0,feature_dependent,0.3,mc_confidence_only
0.028985507246376812,0.0,feature_dependent,0.3,mc_confidence_only
0.043478260869565216,0.3333333333333333,feature_dependent,0.3,mc_confidence_only
0.057971014492753624,0.5,feature_dependent,0.3,mc_confidence_only
0.07246376811594203,0.6,feature_dependent,0.3,mc_confidence_only
0.08695652173913043,0.6666666666666666,feature_dependent,0.3,mc_confidence_only
0.10144927536231885,0.5714285714285714,feature_dependent,0.3,mc_confidence_only
0.11594202898550725,0.625,feature_dependent,0.3,mc_confidence_only
0.13043478260869565,0.5555555555555556,feature_dependent,0.3,mc_confidence_only
0.14492753623188406,0.5,feature_dependent,0.3,mc_confidence_only
0.15942028985507245,0.45454545454545453,feature_dependent,0.3,mc_confidence_only
0.17391304347826086,0.4166666666666667,feature_dependent,0.3,mc_confidence_only
0.18840579710144928,0.38461538461538464,feature_dependent,0.3,mc_confidence_only
0.2028985507246377,0.42857142857142855,feature_dependent,0.3,mc_confidence_only
0.21739130434782608,0.4,feature_dependent,0.3,mc_confidence_only
0.2318840579710145,0.4375,feature_dependent,0.3,mc_confidence_only
0.2463768115942029,0.47058823529411764,feature_dependent,0.3,mc_confidence_only
0.2608695652173913,0.4444444444444444,feature_dependent,0.3,mc_confidence_only
0.2753623188405797,0.47368421052631576,feature_dependent,0.3,mc_confidence_only
0.2898550724637681,0.5,feature_dependent,0.3,mc_confidence_only
0.30434782608695654,0.5238095238095238,feature_dependent,0.3,mc_confidence_only
0.3188405797101449,0.5454545454545454,feature_dependent,0.3,mc_confidence_only
0.3333333333333333,0.5652173913043478,feature_dependent,0.3,mc_confidence_only
0.34782608695652173,0.5416666666666666,feature_dependent,0.3,mc_confidence_only
0.36231884057971014,0.52,feature_dependent,0.3,mc_confidence_only
0.37681159420289856,0.5,feature_dependent,0.3,mc_confidence_only
0.391304347826087,0.48148148148148145,feature_dependent,0.3,mc_confidence_only
0.4057971014492754,0.4642857142857143,feature_dependent,0.3,mc_confidence_only
0.42028985507246375,0.4482758620689655,feature_dependent,0.3,mc_confidence_only
0.43478260869565216,0.43333333333333335,feature_dependent,0.3,mc_confidence_only
0.4492753623188406,0.41935483870967744,feature_dependent,0.3,mc_confidence_only
0.463768115942029,0.4375,feature_dependent,0.3,mc_confidence_only
0.4782608695652174,0.45454545454545453,feature_dependent,0.3,mc_confidence_only
0.4927536231884058,0.4411764705882353,feature_dependent,0.3,mc_confidence_only
0.5072463768115942,0.45714285714285713,feature_dependent,0.3,mc_confidence_only
0.5217391304347826,0.4722222222222222,feature_dependent,0.3,mc_confidence_only
0.5362318840579711,0.4594594594594595,feature_dependent,0.3,mc_confidence_only
0.5507246376811594,0.4473684210526316,feature_dependent,0.3,mc_confidence_only
0.5652173913043478,0.4358974358974359,feature_dependent,0.3,mc_confidence_only
0.5797101449275363,0.45,feature_dependent,0.3,mc_confidence_only
0.5942028985507246,0.43902439024390244,feature_dependent,0.3,mc_confidence_only
0.6086956521739131,0.42857142857142855,feature_dependent,0.3,mc_confidence_only
0.6231884057971014,0.4418604651162791,feature_dependent,0.3,mc_confidence_only
0.6376811594202898,0.45454545454545453,feature_dependent,0.3,mc_confidence_only
0.6521739130434783,0.4666666666666667,feature_dependent,0.3,mc_confidence_only
0.6666666666666666,0.4782608695652174,feature_dependent,0.3,mc_confidence_only
0.6811594202898551,0.48936170212765956,feature_dependent,0.3,mc_confidence_only
0.6956521739130435,0.5,feature_dependent,0.3,mc_confidence_only
0.7101449275362319,0.5102040816326531,feature_dependent,0.3,mc_confidence_only
0.7246376811594203,0.5,feature_dependent,0.3,mc_confidence_only
0.7391304347826086,0.5098039215686274,feature_dependent,0.3,mc_confidence_only
0.7536231884057971,0.5,feature_dependent,0.3,mc_confidence_only
0.7681159420289855,0.49056603773584906,feature_dependent,0.3,mc_confidence_only
0.782608695652174,0.48148148148148145,feature_dependent,0.3,mc_confidence_only
0.7971014492753623,0.4909090909090909,feature_dependent,0.3,mc_confidence_only
0.8115942028985508,0.48214285714285715,feature_dependent,0.3,mc_confidence_only
0.8260869565217391,0.49122807017543857,feature_dependent,0.3,mc_confidence_only
0.8405797101449275,0.5,feature_dependent,0.3,mc_confidence_only
0.855072463768116,0.5084745762711864,feature_dependent,0.3,mc_confidence_only
0.8695652173913043,0.5166666666666667,feature_dependent,0.3,mc_confidence_only
0.8840579710144928,0.5245901639344263,feature_dependent,0.3,mc_confidence_only
0.8985507246376812,0.5161290322580645,feature_dependent,0.3,mc_confidence_only
0.9130434782608695,0.5079365079365079,feature_dependent,0.3,mc_confidence_only
0.927536231884058,0.515625,feature_dependent,0.3,mc_confidence_only
0.9420289855072463,0.5230769230769231,feature_dependent,0.3,mc_confidence_only
0.9565217391304348,0.5151515151515151,feature_dependent,0.3,mc_confidence_only
0.9710144927536232,0.5223880597014925,feature_dependent,0.3,mc_confidence_only
0.9855072463768116,0.5294117647058824,feature_dependent,0.3,mc_confidence_only
1.0,0.5217391304347826,feature_dependent,0.3,mc_confidence_only
0.014492753623188406,0.0,feature_dependent,0.3,nars_gated
0.028985507246376812,0.0,feature_dependent,0.3,nars_gated
0.043478260869565216,0.3333333333333333,feature_dependent,0.3,nars_gated
0.057971014492753624,0.5,feature_dependent,0.3,nars_gated
0.07246376811594203,0.6,feature_dependent,0.3,nars_gated
0.08695652173913043,0.6666666666666666,feature_dependent,0.3,nars_gated
0.10144927536231885,0.5714285714285714,feature_dependent,0.3,nars_gated
0.11594202898550725,0.625,feature_dependent,0.3,nars_gated
0.13043478260869565,0.5555555555555556,feature_dependent,0.3,nars_gated
0.14492753623188406,0.5,feature_dependent,0.3,nars_gated
0.15942028985507245,0.45454545454545453,feature_dependent,0.3,nars_gated
0.17391304347826086,0.4166666666666667,feature_dependent,0.3,nars_gated
0.18840579710144928,0.38461538461538464,feature_dependent,0.3,nars_gated
0.2028985507246377,0.42857142857142855,feature_dependent,0.3,nars_gated
0.21739130434782608,0.4,feature_dependent,0.3,nars_gated
0.2318840579710145,0.4375,feature_dependent,0.3,nars_gated
0.2463768115942029,0.47058823529411764,feature_dependent,0.3,nars_gated
0.2608695652173913,0.4444444444444444,feature_dependent,0.3,nars_gated
0.2753623188405797,0.47368421052631576,feature_dependent,0.3,nars_gated
0.2898550724637681,0.5,feature_dependent,0.3,nars_gated
0.30434782608695654,0.5238095238095238,feature_dependent,0.3,nars_gated
0.3188405797101449,0.5454545454545454,feature_dependent,0.3,nars_gated
0.3333333333333333,0.5652173913043478,feature_dependent,0.3,nars_gated
0.34782608695652173,0.5416666666666666,feature_dependent,0.3,nars_gated
0.36231884057971014,0.52,feature_dependent,0.3,nars_gated
0.37681159420289856,0.5,feature_dependent,0.3,nars_gated
0.391304347826087,0.48148148148148145,feature_dependent,0.3,nars_gated
0.4057971014492754,0.4642857142857143,feature_dependent,0.3,nars_gated
0.42028985507246375,0.4482758620689655,feature_dependent,0.3,nars_gated
0.43478260869565216,0.43333333333333335,feature_dependent,0.3,nars_gated
0.4492753623188406,0.41935483870967744,feature_dependent,0.3,nars_gated
0.463768115942029,0.4375,feature_dependent,0.3,nars_gated
0.4782608695652174,0.45454545454545453,feature_dependent,0.3,nars_gated
0.4927536231884058,0.4411764705882353,feature_dependent,0.3,nars_gated
0.5072463768115942,0.45714285714285713,feature_dependent,0.3,nars_gated
0.5217391304347826,0.4722222222222222,feature_dependent,0.3,nars_gated
0.5362318840579711,0.4594594594594595,feature_dependent,0.3,nars_gated
0.5507246376811594,0.4473684210526316,feature_dependent,0.3,nars_gated
0.5652173913043478,0.4358974358974359,feature_dependent,0.3,nars_gated
0.5797101449275363,0.45,feature_dependent,0.3,nars_gated
0.5942028985507246,0.43902439024390244,feature_dependent,0.3,nars_gated
0.6086956521739131,0.42857142857142855,feature_dependent,0.3,nars_gated
0.6231884057971014,0.4418604651162791,feature_dependent,0.3,nars_gated
0.6376811594202898,0.45454545454545453,feature_dependent,0.3,nars_gated
0.6521739130434783,0.4666666666666667,feature_dependent,0.3,nars_gated
0.6666666666666666,0.4782608695652174,feature_dependent,0.3,nars_gated
0.6811594202898551,0.48936170212765956,feature_dependent,0.3,nars_gated
0.6956521739130435,0.5,feature_dependent,0.3,nars_gated
0.7101449275362319,0.5102040816326531,feature_dependent,0.3,nars_gated
0.7246376811594203,0.5,feature_dependent,0.3,nars_gated
0.7391304347826086,0.5098039215686274,feature_dependent,0.3,nars_gated
0.7536231884057971,0.5,feature_dependent,0.3,nars_gated
0.7681159420289855,0.49056603773584906,feature_dependent,0.3,nars_gated
0.782608695652174,0.48148148148148145,feature_dependent,0.3,nars_gated
0.7971014492753623,0.4909090909090909,feature_dependent,0.3,nars_gated
0.8115942028985508,0.48214285714285715,feature_dependent,0.3,nars_gated
0.8260869565217391,0.49122807017543857,feature_dependent,0.3,nars_gated
0.8405797101449275,0.5,feature_dependent,0.3,nars_gated
0.855072463768116,0.5084745762711864,feature_dependent,0.3,nars_gated
0.8695652173913043,0.5166666666666667,feature_dependent,0.3,nars_gated
0.8840579710144928,0.5245901639344263,feature_dependent,0.3,nars_gated
0.8985507246376812,0.5161290322580645,feature_dependent,0.3,nars_gated
0.9130434782608695,0.5079365079365079,feature_dependent,0.3,nars_gated
0.927536231884058,0.515625,feature_dependent,0.3,nars_gated
0.9420289855072463,0.5230769230769231,feature_dependent,0.3,nars_gated
0.9565217391304348,0.5151515151515151,feature_dependent,0.3,nars_gated
0.9710144927536232,0.5223880597014925,feature_dependent,0.3,nars_gated
0.9855072463768116,0.5294117647058824,feature_dependent,0.3,nars_gated
1.0,0.5217391304347826,feature_dependent,0.3,nars_gated
0.014492753623188406,0.0,feature_dependent,0.5,baseline
0.028985507246376812,0.0,feature_dependent,0.5,baseline
0.043478260869565216,0.3333333333333333,feature_dependent,0.5,baseline
0.057971014492753624,0.5,feature_dependent,0.5,baseline
0.07246376811594203,0.6,feature_dependent,0.5,baseline
0.08695652173913043,0.6666666666666666,feature_dependent,0.5,baseline
0.10144927536231885,0.5714285714285714,feature_dependent,0.5,baseline
0.11594202898550725,0.625,feature_dependent,0.5,baseline
0.13043478260869565,0.5555555555555556,feature_dependent,0.5,baseline
0.14492753623188406,0.5,feature_dependent,0.5,baseline
0.15942028985507245,0.45454545454545453,feature_dependent,0.5,baseline
0.17391304347826086,0.4166666666666667,feature_dependent,0.5,baseline
0.18840579710144928,0.38461538461538464,feature_dependent,0.5,baseline
0.2028985507246377,0.42857142857142855,feature_dependent,0.5,baseline
0.21739130434782608,0.4,feature_dependent,0.5,baseline
0.2318840579710145,0.4375,feature_dependent,0.5,baseline
0.2463768115942029,0.47058823529411764,feature_dependent,0.5,baseline
0.2608695652173913,0.4444444444444444,feature_dependent,0.5,baseline
0.2753623188405797,0.47368421052631576,feature_dependent,0.5,baseline
0.2898550724637681,0.5,feature_dependent,0.5,baseline
0.30434782608695654,0.5238095238095238,feature_dependent,0.5,baseline
0.3188405797101449,0.5454545454545454,feature_dependent,0.5,baseline
0.3333333333333333,0.5217391304347826,feature_dependent,0.5,baseline
0.34782608695652173,0.5,feature_dependent,0.5,baseline
0.36231884057971014,0.52,feature_dependent,0.5,baseline
0.37681159420289856,0.5,feature_dependent,0.5,baseline
0.391304347826087,0.48148148148148145,feature_dependent,0.5,baseline
0.4057971014492754,0.4642857142857143,feature_dependent,0.5,baseline
0.42028985507246375,0.4482758620689655,feature_dependent,0.5,baseline
0.43478260869565216,0.43333333333333335,feature_dependent,0.5,baseline
0.4492753623188406,0.41935483870967744,feature_dependent,0.5,baseline
0.463768115942029,0.4375,feature_dependent,0.5,baseline
0.4782608695652174,0.45454545454545453,feature_dependent,0.5,baseline
0.4927536231884058,0.4411764705882353,feature_dependent,0.5,baseline
0.5072463768115942,0.42857142857142855,feature_dependent,0.5,baseline
0.5217391304347826,0.4444444444444444,feature_dependent,0.5,baseline
0.5362318840579711,0.4594594594594595,feature_dependent,0.5,baseline
0.5507246376811594,0.4473684210526316,feature_dependent,0.5,baseline
0.5652173913043478,0.4358974358974359,feature_dependent,0.5,baseline
0.5797101449275363,0.45,feature_dependent,0.5,baseline
0.5942028985507246,0.43902439024390244,feature_dependent,0.5,baseline
0.6086956521739131,0.42857142857142855,feature_dependent,0.5,baseline
0.6231884057971014,0.4418604651162791,feature_dependent,0.5,baseline
0.6376811594202898,0.45454545454545453,feature_dependent,0.5,baseline
0.6521739130434783,0.4666666666666667,feature_dependent,0.5,baseline
0.6666666666666666,0.4782608695652174,feature_dependent,0.5,baseline
0.6811594202898551,0.48936170212765956,feature_dependent,0.5,baseline
0.6956521739130435,0.5,feature_dependent,0.5,baseline
0.7101449275362319,0.5102040816326531,feature_dependent,0.5,baseline
0.7246376811594203,0.5,feature_dependent,0.5,baseline
0.7391304347826086,0.5098039215686274,feature_dependent,0.5,baseline
0.7536231884057971,0.5,feature_dependent,0.5,baseline
0.7681159420289855,0.49056603773584906,feature_dependent,0.5,baseline
0.782608695652174,0.48148148148148145,feature_dependent,0.5,baseline
0.7971014492753623,0.4909090909090909,feature_dependent,0.5,baseline
0.8115942028985508,0.48214285714285715,feature_dependent,0.5,baseline
0.8260869565217391,0.49122807017543857,feature_dependent,0.5,baseline
0.8405797101449275,0.5,feature_dependent,0.5,baseline
0.855072463768116,0.5084745762711864,feature_dependent,0.5,baseline
0.8695652173913043,0.5166666666666667,feature_dependent,0.5,baseline
0.8840579710144928,0.5245901639344263,feature_dependent,0.5,baseline
0.8985507246376812,0.5161290322580645,feature_dependent,0.5,baseline
0.9130434782608695,0.5079365079365079,feature_dependent,0.5,baseline
0.927536231884058,0.515625,feature_dependent,0.5,baseline
0.9420289855072463,0.5230769230769231,feature_dependent,0.5,baseline
0.9565217391304348,0.5151515151515151,feature_dependent,0.5,baseline
0.9710144927536232,0.5223880597014925,feature_dependent,0.5,baseline
0.9855072463768116,0.5294117647058824,feature_dependent,0.5,baseline
1.0,0.5217391304347826,feature_dependent,0.5,baseline
0.014492753623188406,0.0,feature_dependent,0.5,mc_confidence_only
0.028985507246376812,0.0,feature_dependent,0.5,mc_confidence_only
0.043478260869565216,0.3333333333333333,feature_dependent,0.5,mc_confidence_only
0.057971014492753624,0.5,feature_dependent,0.5,mc_confidence_only
0.07246376811594203,0.6,feature_dependent,0.5,mc_confidence_only
0.08695652173913043,0.6666666666666666,feature_dependent,0.5,mc_confidence_only
0.10144927536231885,0.5714285714285714,feature_dependent,0.5,mc_confidence_only
0.11594202898550725,0.625,feature_dependent,0.5,mc_confidence_only
0.13043478260869565,0.5555555555555556,feature_dependent,0.5,mc_confidence_only
0.14492753623188406,0.5,feature_dependent,0.5,mc_confidence_only
0.15942028985507245,0.45454545454545453,feature_dependent,0.5,mc_confidence_only
0.17391304347826086,0.4166666666666667,feature_dependent,0.5,mc_confidence_only
0.18840579710144928,0.38461538461538464,feature_dependent,0.5,mc_confidence_only
0.2028985507246377,0.42857142857142855,feature_dependent,0.5,mc_confidence_only
0.21739130434782608,0.4,feature_dependent,0.5,mc_confidence_only
0.2318840579710145,0.4375,feature_dependent,0.5,mc_confidence_only
0.2463768115942029,0.47058823529411764,feature_dependent,0.5,mc_confidence_only
0.2608695652173913,0.4444444444444444,feature_dependent,0.5,mc_confidence_only
0.2753623188405797,0.47368421052631576,feature_dependent,0.5,mc_confidence_only
0.2898550724637681,0.5,feature_dependent,0.5,mc_confidence_only
0.30434782608695654,0.5238095238095238,feature_dependent,0.5,mc_confidence_only
0.3188405797101449,0.5454545454545454,feature_dependent,0.5,mc_confidence_only
0.3333333333333333,0.5217391304347826,feature_dependent,0.5,mc_confidence_only
0.34782608695652173,0.5,feature_dependent,0.5,mc_confidence_only
0.36231884057971014,0.52,feature_dependent,0.5,mc_confidence_only
0.37681159420289856,0.5,feature_dependent,0.5,mc_confidence_only
0.391304347826087,0.48148148148148145,feature_dependent,0.5,mc_confidence_only
0.4057971014492754,0.4642857142857143,feature_dependent,0.5,mc_confidence_only
0.42028985507246375,0.4482758620689655,feature_dependent,0.5,mc_confidence_only
0.43478260869565216,0.43333333333333335,feature_dependent,0.5,mc_confidence_only
0.4492753623188406,0.41935483870967744,feature_dependent,0.5,mc_confidence_only
0.463768115942029,0.4375,feature_dependent,0.5,mc_confidence_only
0.4782608695652174,0.45454545454545453,feature_dependent,0.5,mc_confidence_only
0.4927536231884058,0.4411764705882353,feature_dependent,0.5,mc_confidence_only
0.5072463768115942,0.42857142857142855,feature_dependent,0.5,mc_confidence_only
0.5217391304347826,0.4444444444444444,feature_dependent,0.5,mc_confidence_only
0.5362318840579711,0.4594594594594595,feature_dependent,0.5,mc_confidence_only
0.5507246376811594,0.4473684210526316,feature_dependent,0.5,mc_confidence_only
0.5652173913043478,0.4358974358974359,feature_dependent,0.5,mc_confidence_only
0.5797101449275363,0.45,feature_dependent,0.5,mc_confidence_only
0.5942028985507246,0.43902439024390244,feature_dependent,0.5,mc_confidence_only
0.6086956521739131,0.42857142857142855,feature_dependent,0.5,mc_confidence_only
0.6231884057971014,0.4418604651162791,feature_dependent,0.5,mc_confidence_only
0.6376811594202898,0.45454545454545453,feature_dependent,0.5,mc_confidence_only
0.6521739130434783,0.4666666666666667,feature_dependent,0.5,mc_confidence_only
0.6666666666666666,0.4782608695652174,feature_dependent,0.5,mc_confidence_only
0.6811594202898551,0.48936170212765956,feature_dependent,0.5,mc_confidence_only
0.6956521739130435,0.5,feature_dependent,0.5,mc_confidence_only
0.7101449275362319,0.5102040816326531,feature_dependent,0.5,mc_confidence_only
0.7246376811594203,0.5,feature_dependent,0.5,mc_confidence_only
0.7391304347826086,0.5098039215686274,feature_dependent,0.5,mc_confidence_only
0.7536231884057971,0.5,feature_dependent,0.5,mc_confidence_only
0.7681159420289855,0.49056603773584906,feature_dependent,0.5,mc_confidence_only
0.782608695652174,0.48148148148148145,feature_dependent,0.5,mc_confidence_only
0.7971014492753623,0.4909090909090909,feature_dependent,0.5,mc_confidence_only
0.8115942028985508,0.48214285714285715,feature_dependent,0.5,mc_confidence_only
0.8260869565217391,0.49122807017543857,feature_dependent,0.5,mc_confidence_only
0.8405797101449275,0.5,feature_dependent,0.5,mc_confidence_only
0.855072463768116,0.5084745762711864,feature_dependent,0.5,mc_confidence_only
0.8695652173913043,0.5166666666666667,feature_dependent,0.5,mc_confidence_only
0.8840579710144928,0.5245901639344263,feature_dependent,0.5,mc_confidence_only
0.8985507246376812,0.5161290322580645,feature_dependent,0.5,mc_confidence_only
0.9130434782608695,0.5079365079365079,feature_dependent,0.5,mc_confidence_only
0.927536231884058,0.515625,feature_dependent,0.5,mc_confidence_only
0.9420289855072463,0.5230769230769231,feature_dependent,0.5,mc_confidence_only
0.9565217391304348,0.5151515151515151,feature_dependent,0.5,mc_confidence_only
0.9710144927536232,0.5223880597014925,feature_dependent,0.5,mc_confidence_only
0.9855072463768116,0.5294117647058824,feature_dependent,0.5,mc_confidence_only
1.0,0.5217391304347826,feature_dependent,0.5,mc_confidence_only
0.014492753623188406,0.0,feature_dependent,0.5,nars_gated
0.028985507246376812,0.0,feature_dependent,0.5,nars_gated
0.043478260869565216,0.3333333333333333,feature_dependent,0.5,nars_gated
0.057971014492753624,0.5,feature_dependent,0.5,nars_gated
0.07246376811594203,0.6,feature_dependent,0.5,nars_gated
0.08695652173913043,0.6666666666666666,feature_dependent,0.5,nars_gated
0.10144927536231885,0.5714285714285714,feature_dependent,0.5,nars_gated
0.11594202898550725,0.625,feature_dependent,0.5,nars_gated
0.13043478260869565,0.5555555555555556,feature_dependent,0.5,nars_gated
0.14492753623188406,0.5,feature_dependent,0.5,nars_gated
0.15942028985507245,0.45454545454545453,feature_dependent,0.5,nars_gated
0.17391304347826086,0.4166666666666667,feature_dependent,0.5,nars_gated
0.18840579710144928,0.38461538461538464,feature_dependent,0.5,nars_gated
0.2028985507246377,0.42857142857142855,feature_dependent,0.5,nars_gated
0.21739130434782608,0.4,feature_dependent,0.5,nars_gated
0.2318840579710145,0.4375,feature_dependent,0.5,nars_gated
0.2463768115942029,0.47058823529411764,feature_dependent,0.5,nars_gated
0.2608695652173913,0.4444444444444444,feature_dependent,0.5,nars_gated
0.2753623188405797,0.47368421052631576,feature_dependent,0.5,nars_gated
0.2898550724637681,0.5,feature_dependent,0.5,nars_gated
0.30434782608695654,0.5238095238095238,feature_dependent,0.5,nars_gated
0.3188405797101449,0.5454545454545454,feature_dependent,0.5,nars_gated
0.3333333333333333,0.5217391304347826,feature_dependent,0.5,nars_gated
0.34782608695652173,0.5,feature_dependent,0.5,nars_gated
0.36231884057971014,0.52,feature_dependent,0.5,nars_gated
0.37681159420289856,0.5,feature_dependent,0.5,nars_gated
0.391304347826087,0.48148148148148145,feature_dependent,0.5,nars_gated
0.4057971014492754,0.4642857142857143,feature_dependent,0.5,nars_gated
0.42028985507246375,0.4482758620689655,feature_dependent,0.5,nars_gated
0.43478260869565216,0.43333333333333335,feature_dependent,0.5,nars_gated
0.4492753623188406,0.41935483870967744,feature_dependent,0.5,nars_gated
0.463768115942029,0.4375,feature_dependent,0.5,nars_gated
0.4782608695652174,0.45454545454545453,feature_dependent,0.5,nars_gated
0.4927536231884058,0.4411764705882353,feature_dependent,0.5,nars_gated
0.5072463768115942,0.42857142857142855,feature_dependent,0.5,nars_gated
0.5217391304347826,0.4444444444444444,feature_dependent,0.5,nars_gated
0.5362318840579711,0.4594594594594595,feature_dependent,0.5,nars_gated
0.5507246376811594,0.4473684210526316,feature_dependent,0.5,nars_gated
0.5652173913043478,0.4358974358974359,feature_dependent,0.5,nars_gated
0.5797101449275363,0.45,feature_dependent,0.5,nars_gated
0.5942028985507246,0.43902439024390244,feature_dependent,0.5,nars_gated
0.6086956521739131,0.42857142857142855,feature_dependent,0.5,nars_gated
0.6231884057971014,0.4418604651162791,feature_dependent,0.5,nars_gated
0.6376811594202898,0.45454545454545453,feature_dependent,0.5,nars_gated
0.6521739130434783,0.4666666666666667,feature_dependent,0.5,nars_gated
0.6666666666666666,0.4782608695652174,feature_dependent,0.5,nars_gated
0.6811594202898551,0.48936170212765956,feature_dependent,0.5,nars_gated
0.6956521739130435,0.5,feature_dependent,0.5,nars_gated
0.7101449275362319,0.5102040816326531,feature_dependent,0.5,nars_gated
0.7246376811594203,0.5,feature_dependent,0.5,nars_gated
0.7391304347826086,0.5098039215686274,feature_dependent,0.5,nars_gated
0.7536231884057971,0.5,feature_dependent,0.5,nars_gated
0.7681159420289855,0.49056603773584906,feature_dependent,0.5,nars_gated
0.782608695652174,0.48148148148148145,feature_dependent,0.5,nars_gated
0.7971014492753623,0.4909090909090909,feature_dependent,0.5,nars_gated
0.8115942028985508,0.48214285714285715,feature_dependent,0.5,nars_gated
0.8260869565217391,0.49122807017543857,feature_dependent,0.5,nars_gated
0.8405797101449275,0.5,feature_dependent,0.5,nars_gated
0.855072463768116,0.5084745762711864,feature_dependent,0.5,nars_gated
0.8695652173913043,0.5166666666666667,feature_dependent,0.5,nars_gated
0.8840579710144928,0.5245901639344263,feature_dependent,0.5,nars_gated
0.8985507246376812,0.5161290322580645,feature_dependent,0.5,nars_gated
0.9130434782608695,0.5079365079365079,feature_dependent,0.5,nars_gated
0.927536231884058,0.515625,feature_dependent,0.5,nars_gated
0.9420289855072463,0.5230769230769231,feature_dependent,0.5,nars_gated
0.9565217391304348,0.5151515151515151,feature_dependent,0.5,nars_gated
0.9710144927536232,0.5223880597014925,feature_dependent,0.5,nars_gated
0.9855072463768116,0.5294117647058824,feature_dependent,0.5,nars_gated
1.0,0.5217391304347826,feature_dependent,0.5,nars_gated
0.014492753623188406,0.0,feature_dependent,0.7,baseline
0.028985507246376812,0.0,feature_dependent,0.7,baseline
0.043478260869565216,0.3333333333333333,feature_dependent,0.7,baseline
0.057971014492753624,0.5,feature_dependent,0.7,baseline
0.07246376811594203,0.6,feature_dependent,0.7,baseline
0.08695652173913043,0.6666666666666666,feature_dependent,0.7,baseline
0.10144927536231885,0.5714285714285714,feature_dependent,0.7,baseline
0.11594202898550725,0.625,feature_dependent,0.7,baseline
0.13043478260869565,0.5555555555555556,feature_dependent,0.7,baseline
0.14492753623188406,0.5,feature_dependent,0.7,baseline
0.15942028985507245,0.45454545454545453,feature_dependent,0.7,baseline
0.17391304347826086,0.4166666666666667,feature_dependent,0.7,baseline
0.18840579710144928,0.38461538461538464,feature_dependent,0.7,baseline
0.2028985507246377,0.35714285714285715,feature_dependent,0.7,baseline
0.21739130434782608,0.4,feature_dependent,0.7,baseline
0.2318840579710145,0.4375,feature_dependent,0.7,baseline
0.2463768115942029,0.47058823529411764,feature_dependent,0.7,baseline
0.2608695652173913,0.4444444444444444,feature_dependent,0.7,baseline
0.2753623188405797,0.47368421052631576,feature_dependent,0.7,baseline
0.2898550724637681,0.5,feature_dependent,0.7,baseline
0.30434782608695654,0.5238095238095238,feature_dependent,0.7,baseline
0.3188405797101449,0.5454545454545454,feature_dependent,0.7,baseline
0.3333333333333333,0.5217391304347826,feature_dependent,0.7,baseline
0.34782608695652173,0.5416666666666666,feature_dependent,0.7,baseline
0.36231884057971014,0.52,feature_dependent,0.7,baseline
0.37681159420289856,0.5,feature_dependent,0.7,baseline
0.391304347826087,0.48148148148148145,feature_dependent,0.7,baseline
0.4057971014492754,0.4642857142857143,feature_dependent,0.7,baseline
0.42028985507246375,0.4482758620689655,feature_dependent,0.7,baseline
0.43478260869565216,0.43333333333333335,feature_dependent,0.7,baseline
0.4492753623188406,0.41935483870967744,feature_dependent,0.7,baseline
0.463768115942029,0.4375,feature_dependent,0.7,baseline
0.4782608695652174,0.42424242424242425,feature_dependent,0.7,baseline
0.4927536231884058,0.4117647058823529,feature_dependent,0.7,baseline
0.5072463768115942,0.4,feature_dependent,0.7,baseline
0.5217391304347826,0.4166666666666667,feature_dependent,0.7,baseline
0.5362318840579711,0.43243243243243246,feature_dependent,0.7,baseline
0.5507246376811594,0.42105263157894735,feature_dependent,0.7,baseline
0.5652173913043478,0.41025641025641024,feature_dependent,0.7,baseline
0.5797101449275363,0.425,feature_dependent,0.7,baseline
0.5942028985507246,0.4146341463414634,feature_dependent,0.7,baseline
0.6086956521739131,0.40476190476190477,feature_dependent,0.7,baseline
0.6231884057971014,0.4186046511627907,feature_dependent,0.7,baseline
0.6376811594202898,0.4318181818181818,feature_dependent,0.7,baseline
0.6521739130434783,0.4444444444444444,feature_dependent,0.7,baseline
0.6666666666666666,0.45652173913043476,feature_dependent,0.7,baseline
0.6811594202898551,0.46808510638297873,feature_dependent,0.7,baseline
0.6956521739130435,0.4791666666666667,feature_dependent,0.7,baseline
0.7101449275362319,0.4897959183673469,feature_dependent,0.7,baseline
0.7246376811594203,0.48,feature_dependent,0.7,baseline
0.7391304347826086,0.49019607843137253,feature_dependent,0.7,baseline
0.7536231884057971,0.4807692307692308,feature_dependent,0.7,baseline
0.7681159420289855,0.4716981132075472,feature_dependent,0.7,baseline
0.782608695652174,0.46296296296296297,feature_dependent,0.7,baseline
0.7971014492753623,0.4727272727272727,feature_dependent,0.7,baseline
0.8115942028985508,0.4642857142857143,feature_dependent,0.7,baseline
0.8260869565217391,0.47368421052631576,feature_dependent,0.7,baseline
0.8405797101449275,0.4827586206896552,feature_dependent,0.7,baseline
0.855072463768116,0.4915254237288136,feature_dependent,0.7,baseline
0.8695652173913043,0.5,feature_dependent,0.7,baseline
0.8840579710144928,0.5081967213114754,feature_dependent,0.7,baseline
0.8985507246376812,0.5,feature_dependent,0.7,baseline
0.9130434782608695,0.49206349206349204,feature_dependent,0.7,baseline
0.927536231884058,0.5,feature_dependent,0.7,baseline
0.9420289855072463,0.5076923076923077,feature_dependent,0.7,baseline
0.9565217391304348,0.5,feature_dependent,0.7,baseline
0.9710144927536232,0.5074626865671642,feature_dependent,0.7,baseline
0.9855072463768116,0.5147058823529411,feature_dependent,0.7,baseline
1.0,0.5072463768115942,feature_dependent,0.7,baseline
0.014492753623188406,0.0,feature_dependent,0.7,mc_confidence_only
0.028985507246376812,0.0,feature_dependent,0.7,mc_confidence_only
0.043478260869565216,0.3333333333333333,feature_dependent,0.7,mc_confidence_only
0.057971014492753624,0.5,feature_dependent,0.7,mc_confidence_only
0.07246376811594203,0.6,feature_dependent,0.7,mc_confidence_only
0.08695652173913043,0.6666666666666666,feature_dependent,0.7,mc_confidence_only
0.10144927536231885,0.5714285714285714,feature_dependent,0.7,mc_confidence_only
0.11594202898550725,0.625,feature_dependent,0.7,mc_confidence_only
0.13043478260869565,0.5555555555555556,feature_dependent,0.7,mc_confidence_only
0.14492753623188406,0.5,feature_dependent,0.7,mc_confidence_only
0.15942028985507245,0.45454545454545453,feature_dependent,0.7,mc_confidence_only
0.17391304347826086,0.4166666666666667,feature_dependent,0.7,mc_confidence_only
0.18840579710144928,0.38461538461538464,feature_dependent,0.7,mc_confidence_only
0.2028985507246377,0.35714285714285715,feature_dependent,0.7,mc_confidence_only
0.21739130434782608,0.4,feature_dependent,0.7,mc_confidence_only
0.2318840579710145,0.4375,feature_dependent,0.7,mc_confidence_only
0.2463768115942029,0.47058823529411764,feature_dependent,0.7,mc_confidence_only
0.2608695652173913,0.4444444444444444,feature_dependent,0.7,mc_confidence_only
0.2753623188405797,0.47368421052631576,feature_dependent,0.7,mc_confidence_only
0.2898550724637681,0.5,feature_dependent,0.7,mc_confidence_only
0.30434782608695654,0.5238095238095238,feature_dependent,0.7,mc_confidence_only
0.3188405797101449,0.5454545454545454,feature_dependent,0.7,mc_confidence_only
0.3333333333333333,0.5217391304347826,feature_dependent,0.7,mc_confidence_only
0.34782608695652173,0.5416666666666666,feature_dependent,0.7,mc_confidence_only
0.36231884057971014,0.52,feature_dependent,0.7,mc_confidence_only
0.37681159420289856,0.5,feature_dependent,0.7,mc_confidence_only
0.391304347826087,0.48148148148148145,feature_dependent,0.7,mc_confidence_only
0.4057971014492754,0.4642857142857143,feature_dependent,0.7,mc_confidence_only
0.42028985507246375,0.4482758620689655,feature_dependent,0.7,mc_confidence_only
0.43478260869565216,0.43333333333333335,feature_dependent,0.7,mc_confidence_only
0.4492753623188406,0.41935483870967744,feature_dependent,0.7,mc_confidence_only
0.463768115942029,0.4375,feature_dependent,0.7,mc_confidence_only
0.4782608695652174,0.42424242424242425,feature_dependent,0.7,mc_confidence_only
0.4927536231884058,0.4117647058823529,feature_dependent,0.7,mc_confidence_only
0.5072463768115942,0.4,feature_dependent,0.7,mc_confidence_only
0.5217391304347826,0.4166666666666667,feature_dependent,0.7,mc_confidence_only
0.5362318840579711,0.43243243243243246,feature_dependent,0.7,mc_confidence_only
0.5507246376811594,0.42105263157894735,feature_dependent,0.7,mc_confidence_only
0.5652173913043478,0.41025641025641024,feature_dependent,0.7,mc_confidence_only
0.5797101449275363,0.425,feature_dependent,0.7,mc_confidence_only
0.5942028985507246,0.4146341463414634,feature_dependent,0.7,mc_confidence_only
0.6086956521739131,0.40476190476190477,feature_dependent,0.7,mc_confidence_only
0.6231884057971014,0.4186046511627907,feature_dependent,0.7,mc_confidence_only
0.6376811594202898,0.4318181818181818,feature_dependent,0.7,mc_confidence_only
0.6521739130434783,0.4444444444444444,feature_dependent,0.7,mc_confidence_only
0.6666666666666666,0.45652173913043476,feature_dependent,0.7,mc_confidence_only
0.6811594202898551,0.46808510638297873,feature_dependent,0.7,mc_confidence_only
0.6956521739130435,0.4791666666666667,feature_dependent,0.7,mc_confidence_only
0.7101449275362319,0.4897959183673469,feature_dependent,0.7,mc_confidence_only
0.7246376811594203,0.48,feature_dependent,0.7,mc_confidence_only
0.7391304347826086,0.49019607843137253,feature_dependent,0.7,mc_confidence_only
0.7536231884057971,0.4807692307692308,feature_dependent,0.7,mc_confidence_only
0.7681159420289855,0.4716981132075472,feature_dependent,0.7,mc_confidence_only
0.782608695652174,0.46296296296296297,feature_dependent,0.7,mc_confidence_only
0.7971014492753623,0.4727272727272727,feature_dependent,0.7,mc_confidence_only
0.8115942028985508,0.4642857142857143,feature_dependent,0.7,mc_confidence_only
0.8260869565217391,0.47368421052631576,feature_dependent,0.7,mc_confidence_only
0.8405797101449275,0.4827586206896552,feature_dependent,0.7,mc_confidence_only
0.855072463768116,0.4915254237288136,feature_dependent,0.7,mc_confidence_only
0.8695652173913043,0.5,feature_dependent,0.7,mc_confidence_only
0.8840579710144928,0.5081967213114754,feature_dependent,0.7,mc_confidence_only
0.8985507246376812,0.5,feature_dependent,0.7,mc_confidence_only
0.9130434782608695,0.49206349206349204,feature_dependent,0.7,mc_confidence_only
0.927536231884058,0.5,feature_dependent,0.7,mc_confidence_only
0.9420289855072463,0.5076923076923077,feature_dependent,0.7,mc_confidence_only
0.9565217391304348,0.5,feature_dependent,0.7,mc_confidence_only
0.9710144927536232,0.5074626865671642,feature_dependent,0.7,mc_confidence_only
0.9855072463768116,0.5147058823529411,feature_dependent,0.7,mc_confidence_only
1.0,0.5072463768115942,feature_dependent,0.7,mc_confidence_only
0.014492753623188406,0.0,feature_dependent,0.7,nars_gated
0.028985507246376812,0.0,feature_dependent,0.7,nars_gated
0.043478260869565216,0.3333333333333333,feature_dependent,0.7,nars_gated
0.057971014492753624,0.5,feature_dependent,0.7,nars_gated
0.07246376811594203,0.6,feature_dependent,0.7,nars_gated
0.08695652173913043,0.6666666666666666,feature_dependent,0.7,nars_gated
0.10144927536231885,0.5714285714285714,feature_dependent,0.7,nars_gated
0.11594202898550725,0.625,feature_dependent,0.7,nars_gated
0.13043478260869565,0.5555555555555556,feature_dependent,0.7,nars_gated
0.14492753623188406,0.5,feature_dependent,0.7,nars_gated
0.15942028985507245,0.45454545454545453,feature_dependent,0.7,nars_gated
0.17391304347826086,0.4166666666666667,feature_dependent,0.7,nars_gated
0.18840579710144928,0.38461538461538464,feature_dependent,0.7,nars_gated
0.2028985507246377,0.35714285714285715,feature_dependent,0.7,nars_gated
0.21739130434782608,0.4,feature_dependent,0.7,nars_gated
0.2318840579710145,0.4375,feature_dependent,0.7,nars_gated
0.2463768115942029,0.47058823529411764,feature_dependent,0.7,nars_gated
0.2608695652173913,0.4444444444444444,feature_dependent,0.7,nars_gated
0.2753623188405797,0.47368421052631576,feature_dependent,0.7,nars_gated
0.2898550724637681,0.5,feature_dependent,0.7,nars_gated
0.30434782608695654,0.5238095238095238,feature_dependent,0.7,nars_gated
0.3188405797101449,0.5454545454545454,feature_dependent,0.7,nars_gated
0.3333333333333333,0.5217391304347826,feature_dependent,0.7,nars_gated
0.34782608695652173,0.5416666666666666,feature_dependent,0.7,nars_gated
0.36231884057971014,0.52,feature_dependent,0.7,nars_gated
0.37681159420289856,0.5,feature_dependent,0.7,nars_gated
0.391304347826087,0.48148148148148145,feature_dependent,0.7,nars_gated
0.4057971014492754,0.4642857142857143,feature_dependent,0.7,nars_gated
0.42028985507246375,0.4482758620689655,feature_dependent,0.7,nars_gated
0.43478260869565216,0.43333333333333335,feature_dependent,0.7,nars_gated
0.4492753623188406,0.41935483870967744,feature_dependent,0.7,nars_gated
0.463768115942029,0.4375,feature_dependent,0.7,nars_gated
0.4782608695652174,0.42424242424242425,feature_dependent,0.7,nars_gated
0.4927536231884058,0.4117647058823529,feature_dependent,0.7,nars_gated
0.5072463768115942,0.4,feature_dependent,0.7,nars_gated
0.5217391304347826,0.4166666666666667,feature_dependent,0.7,nars_gated
0.5362318840579711,0.43243243243243246,feature_dependent,0.7,nars_gated
0.5507246376811594,0.42105263157894735,feature_dependent,0.7,nars_gated
0.5652173913043478,0.41025641025641024,feature_dependent,0.7,nars_gated
0.5797101449275363,0.425,feature_dependent,0.7,nars_gated
0.5942028985507246,0.4146341463414634,feature_dependent,0.7,nars_gated
0.6086956521739131,0.40476190476190477,feature_dependent,0.7,nars_gated
0.6231884057971014,0.4186046511627907,feature_dependent,0.7,nars_gated
0.6376811594202898,0.4318181818181818,feature_dependent,0.7,nars_gated
0.6521739130434783,0.4444444444444444,feature_dependent,0.7,nars_gated
0.6666666666666666,0.45652173913043476,feature_dependent,0.7,nars_gated
0.6811594202898551,0.46808510638297873,feature_dependent,0.7,nars_gated
0.6956521739130435,0.4791666666666667,feature_dependent,0.7,nars_gated
0.7101449275362319,0.4897959183673469,feature_dependent,0.7,nars_gated
0.7246376811594203,0.48,feature_dependent,0.7,nars_gated
0.7391304347826086,0.49019607843137253,feature_dependent,0.7,nars_gated
0.7536231884057971,0.4807692307692308,feature_dependent,0.7,nars_gated
0.7681159420289855,0.4716981132075472,feature_dependent,0.7,nars_gated
0.782608695652174,0.46296296296296297,feature_dependent,0.7,nars_gated
0.7971014492753623,0.4727272727272727,feature_dependent,0.7,nars_gated
0.8115942028985508,0.4642857142857143,feature_dependent,0.7,nars_gated
0.8260869565217391,0.47368421052631576,feature_dependent,0.7,nars_gated
0.8405797101449275,0.4827586206896552,feature_dependent,0.7,nars_gated
0.855072463768116,0.4915254237288136,feature_dependent,0.7,nars_gated
0.8695652173913043,0.5,feature_dependent,0.7,nars_gated
0.8840579710144928,0.5081967213114754,feature_dependent,0.7,nars_gated
0.8985507246376812,0.5,feature_dependent,0.7,nars_gated
0.9130434782608695,0.49206349206349204,feature_dependent,0.7,nars_gated
0.927536231884058,0.5,feature_dependent,0.7,nars_gated
0.9420289855072463,0.5076923076923077,feature_dependent,0.7,nars_gated
0.9565217391304348,0.5,feature_dependent,0.7,nars_gated
0.9710144927536232,0.5074626865671642,feature_dependent,0.7,nars_gated
0.9855072463768116,0.5147058823529411,feature_dependent,0.7,nars_gated
1.0,0.5072463768115942,feature_dependent,0.7,nars_gated
